state,county,program_type,plan_name,parent_org,geographic_region,medicaid_enrollment,dual_enrollment,total_enrollment,source_url,source_year,notes
AZ,Apache,Medicare FFS (Original Medicare),Medicare FFS,Medicare (Federal),FIPS 04001,,,10920,https://data.cms.gov/summary-statistics-on-beneficiary-enrollment/medicare-and-medicaid-reports/medicare-monthly-enrollment,2026-06,[source: CMS Medicare Monthly Enrollment 2026-06; ORGNL_MDCR_BENES]
AZ,Cochise,Medicare FFS (Original Medicare),Medicare FFS,Medicare (Federal),FIPS 04003,,,19665,https://data.cms.gov/summary-statistics-on-beneficiary-enrollment/medicare-and-medicaid-reports/medicare-monthly-enrollment,2026-06,[source: CMS Medicare Monthly Enrollment 2026-06; ORGNL_MDCR_BENES]
AZ,Coconino,Medicare FFS (Original Medicare),Medicare FFS,Medicare (Federal),FIPS 04005,,,16497,https://data.cms.gov/summary-statistics-on-beneficiary-enrollment/medicare-and-medicaid-reports/medicare-monthly-enrollment,2026-06,[source: CMS Medicare Monthly Enrollment 2026-06; ORGNL_MDCR_BENES]
AZ,Gila,Medicare FFS (Original Medicare),Medicare FFS,Medicare (Federal),FIPS 04007,,,10552,https://data.cms.gov/summary-statistics-on-beneficiary-enrollment/medicare-and-medicaid-reports/medicare-monthly-enrollment,2026-06,[source: CMS Medicare Monthly Enrollment 2026-06; ORGNL_MDCR_BENES]
AZ,Graham,Medicare FFS (Original Medicare),Medicare FFS,Medicare (Federal),FIPS 04009,,,2816,https://data.cms.gov/summary-statistics-on-beneficiary-enrollment/medicare-and-medicaid-reports/medicare-monthly-enrollment,2026-06,[source: CMS Medicare Monthly Enrollment 2026-06; ORGNL_MDCR_BENES]
AZ,Greenlee,Medicare FFS (Original Medicare),Medicare FFS,Medicare (Federal),FIPS 04011,,,601,https://data.cms.gov/summary-statistics-on-beneficiary-enrollment/medicare-and-medicaid-reports/medicare-monthly-enrollment,2026-06,[source: CMS Medicare Monthly Enrollment 2026-06; ORGNL_MDCR_BENES]
AZ,La Paz,Medicare FFS (Original Medicare),Medicare FFS,Medicare (Federal),FIPS 04012,,,3560,https://data.cms.gov/summary-statistics-on-beneficiary-enrollment/medicare-and-medicaid-reports/medicare-monthly-enrollment,2026-06,[source: CMS Medicare Monthly Enrollment 2026-06; ORGNL_MDCR_BENES]
AZ,Maricopa,Medicare FFS (Original Medicare),Medicare FFS,Medicare (Federal),FIPS 04013,,,398985,https://data.cms.gov/summary-statistics-on-beneficiary-enrollment/medicare-and-medicaid-reports/medicare-monthly-enrollment,2026-06,[source: CMS Medicare Monthly Enrollment 2026-06; ORGNL_MDCR_BENES]
AZ,Mohave,Medicare FFS (Original Medicare),Medicare FFS,Medicare (Federal),FIPS 04015,,,36734,https://data.cms.gov/summary-statistics-on-beneficiary-enrollment/medicare-and-medicaid-reports/medicare-monthly-enrollment,2026-06,[source: CMS Medicare Monthly Enrollment 2026-06; ORGNL_MDCR_BENES]
AZ,Navajo,Medicare FFS (Original Medicare),Medicare FFS,Medicare (Federal),FIPS 04017,,,17374,https://data.cms.gov/summary-statistics-on-beneficiary-enrollment/medicare-and-medicaid-reports/medicare-monthly-enrollment,2026-06,[source: CMS Medicare Monthly Enrollment 2026-06; ORGNL_MDCR_BENES]
AZ,Pima,Medicare FFS (Original Medicare),Medicare FFS,Medicare (Federal),FIPS 04019,,,112039,https://data.cms.gov/summary-statistics-on-beneficiary-enrollment/medicare-and-medicaid-reports/medicare-monthly-enrollment,2026-06,[source: CMS Medicare Monthly Enrollment 2026-06; ORGNL_MDCR_BENES]
AZ,Pinal,Medicare FFS (Original Medicare),Medicare FFS,Medicare (Federal),FIPS 04021,,,46437,https://data.cms.gov/summary-statistics-on-beneficiary-enrollment/medicare-and-medicaid-reports/medicare-monthly-enrollment,2026-06,[source: CMS Medicare Monthly Enrollment 2026-06; ORGNL_MDCR_BENES]
AZ,Santa Cruz,Medicare FFS (Original Medicare),Medicare FFS,Medicare (Federal),FIPS 04023,,,4081,https://data.cms.gov/summary-statistics-on-beneficiary-enrollment/medicare-and-medicaid-reports/medicare-monthly-enrollment,2026-06,[source: CMS Medicare Monthly Enrollment 2026-06; ORGNL_MDCR_BENES]
AZ,Yavapai,Medicare FFS (Original Medicare),Medicare FFS,Medicare (Federal),FIPS 04025,,,55949,https://data.cms.gov/summary-statistics-on-beneficiary-enrollment/medicare-and-medicaid-reports/medicare-monthly-enrollment,2026-06,[source: CMS Medicare Monthly Enrollment 2026-06; ORGNL_MDCR_BENES]
AZ,Yuma,Medicare FFS (Original Medicare),Medicare FFS,Medicare (Federal),FIPS 04027,,,22066,https://data.cms.gov/summary-statistics-on-beneficiary-enrollment/medicare-and-medicaid-reports/medicare-monthly-enrollment,2026-06,[source: CMS Medicare Monthly Enrollment 2026-06; ORGNL_MDCR_BENES]
CA,Alameda,Medicare FFS (Original Medicare),Medicare FFS,Medicare (Federal),FIPS 06001,,,132389,https://data.cms.gov/summary-statistics-on-beneficiary-enrollment/medicare-and-medicaid-reports/medicare-monthly-enrollment,2026-06,[source: CMS Medicare Monthly Enrollment 2026-06; ORGNL_MDCR_BENES]
CA,Alpine,Medicare FFS (Original Medicare),Medicare FFS,Medicare (Federal),FIPS 06003,,,237,https://data.cms.gov/summary-statistics-on-beneficiary-enrollment/medicare-and-medicaid-reports/medicare-monthly-enrollment,2026-06,[source: CMS Medicare Monthly Enrollment 2026-06; ORGNL_MDCR_BENES]
CA,Amador,Medicare FFS (Original Medicare),Medicare FFS,Medicare (Federal),FIPS 06005,,,8566,https://data.cms.gov/summary-statistics-on-beneficiary-enrollment/medicare-and-medicaid-reports/medicare-monthly-enrollment,2026-06,[source: CMS Medicare Monthly Enrollment 2026-06; ORGNL_MDCR_BENES]
CA,Butte,Medicare FFS (Original Medicare),Medicare FFS,Medicare (Federal),FIPS 06007,,,42848,https://data.cms.gov/summary-statistics-on-beneficiary-enrollment/medicare-and-medicaid-reports/medicare-monthly-enrollment,2026-06,[source: CMS Medicare Monthly Enrollment 2026-06; ORGNL_MDCR_BENES]
CA,Calaveras,Medicare FFS (Original Medicare),Medicare FFS,Medicare (Federal),FIPS 06009,,,11765,https://data.cms.gov/summary-statistics-on-beneficiary-enrollment/medicare-and-medicaid-reports/medicare-monthly-enrollment,2026-06,[source: CMS Medicare Monthly Enrollment 2026-06; ORGNL_MDCR_BENES]
CA,Colusa,Medicare FFS (Original Medicare),Medicare FFS,Medicare (Federal),FIPS 06011,,,3965,https://data.cms.gov/summary-statistics-on-beneficiary-enrollment/medicare-and-medicaid-reports/medicare-monthly-enrollment,2026-06,[source: CMS Medicare Monthly Enrollment 2026-06; ORGNL_MDCR_BENES]
CA,Contra Costa,Medicare FFS (Original Medicare),Medicare FFS,Medicare (Federal),FIPS 06013,,,110193,https://data.cms.gov/summary-statistics-on-beneficiary-enrollment/medicare-and-medicaid-reports/medicare-monthly-enrollment,2026-06,[source: CMS Medicare Monthly Enrollment 2026-06; ORGNL_MDCR_BENES]
CA,Del Norte,Medicare FFS (Original Medicare),Medicare FFS,Medicare (Federal),FIPS 06015,,,6353,https://data.cms.gov/summary-statistics-on-beneficiary-enrollment/medicare-and-medicaid-reports/medicare-monthly-enrollment,2026-06,[source: CMS Medicare Monthly Enrollment 2026-06; ORGNL_MDCR_BENES]
CA,El Dorado,Medicare FFS (Original Medicare),Medicare FFS,Medicare (Federal),FIPS 06017,,,30326,https://data.cms.gov/summary-statistics-on-beneficiary-enrollment/medicare-and-medicaid-reports/medicare-monthly-enrollment,2026-06,[source: CMS Medicare Monthly Enrollment 2026-06; ORGNL_MDCR_BENES]
CA,Fresno,Medicare FFS (Original Medicare),Medicare FFS,Medicare (Federal),FIPS 06019,,,83212,https://data.cms.gov/summary-statistics-on-beneficiary-enrollment/medicare-and-medicaid-reports/medicare-monthly-enrollment,2026-06,[source: CMS Medicare Monthly Enrollment 2026-06; ORGNL_MDCR_BENES]
CA,Glenn,Medicare FFS (Original Medicare),Medicare FFS,Medicare (Federal),FIPS 06021,,,5543,https://data.cms.gov/summary-statistics-on-beneficiary-enrollment/medicare-and-medicaid-reports/medicare-monthly-enrollment,2026-06,[source: CMS Medicare Monthly Enrollment 2026-06; ORGNL_MDCR_BENES]
CA,Humboldt,Medicare FFS (Original Medicare),Medicare FFS,Medicare (Federal),FIPS 06023,,,28470,https://data.cms.gov/summary-statistics-on-beneficiary-enrollment/medicare-and-medicaid-reports/medicare-monthly-enrollment,2026-06,[source: CMS Medicare Monthly Enrollment 2026-06; ORGNL_MDCR_BENES]
CA,Imperial,Medicare FFS (Original Medicare),Medicare FFS,Medicare (Federal),FIPS 06025,,,23253,https://data.cms.gov/summary-statistics-on-beneficiary-enrollment/medicare-and-medicaid-reports/medicare-monthly-enrollment,2026-06,[source: CMS Medicare Monthly Enrollment 2026-06; ORGNL_MDCR_BENES]
CA,Inyo,Medicare FFS (Original Medicare),Medicare FFS,Medicare (Federal),FIPS 06027,,,4154,https://data.cms.gov/summary-statistics-on-beneficiary-enrollment/medicare-and-medicaid-reports/medicare-monthly-enrollment,2026-06,[source: CMS Medicare Monthly Enrollment 2026-06; ORGNL_MDCR_BENES]
CA,Kern,Medicare FFS (Original Medicare),Medicare FFS,Medicare (Federal),FIPS 06029,,,71201,https://data.cms.gov/summary-statistics-on-beneficiary-enrollment/medicare-and-medicaid-reports/medicare-monthly-enrollment,2026-06,[source: CMS Medicare Monthly Enrollment 2026-06; ORGNL_MDCR_BENES]
CA,Kings,Medicare FFS (Original Medicare),Medicare FFS,Medicare (Federal),FIPS 06031,,,12269,https://data.cms.gov/summary-statistics-on-beneficiary-enrollment/medicare-and-medicaid-reports/medicare-monthly-enrollment,2026-06,[source: CMS Medicare Monthly Enrollment 2026-06; ORGNL_MDCR_BENES]
CA,Lake,Medicare FFS (Original Medicare),Medicare FFS,Medicare (Federal),FIPS 06033,,,15503,https://data.cms.gov/summary-statistics-on-beneficiary-enrollment/medicare-and-medicaid-reports/medicare-monthly-enrollment,2026-06,[source: CMS Medicare Monthly Enrollment 2026-06; ORGNL_MDCR_BENES]
CA,Lassen,Medicare FFS (Original Medicare),Medicare FFS,Medicare (Federal),FIPS 06035,,,4984,https://data.cms.gov/summary-statistics-on-beneficiary-enrollment/medicare-and-medicaid-reports/medicare-monthly-enrollment,2026-06,[source: CMS Medicare Monthly Enrollment 2026-06; ORGNL_MDCR_BENES]
CA,Los Angeles,Medicare FFS (Original Medicare),Medicare FFS,Medicare (Federal),FIPS 06037,,,734009,https://data.cms.gov/summary-statistics-on-beneficiary-enrollment/medicare-and-medicaid-reports/medicare-monthly-enrollment,2026-06,[source: CMS Medicare Monthly Enrollment 2026-06; ORGNL_MDCR_BENES]
CA,Madera,Medicare FFS (Original Medicare),Medicare FFS,Medicare (Federal),FIPS 06039,,,13837,https://data.cms.gov/summary-statistics-on-beneficiary-enrollment/medicare-and-medicaid-reports/medicare-monthly-enrollment,2026-06,[source: CMS Medicare Monthly Enrollment 2026-06; ORGNL_MDCR_BENES]
CA,Marin,Medicare FFS (Original Medicare),Medicare FFS,Medicare (Federal),FIPS 06041,,,35706,https://data.cms.gov/summary-statistics-on-beneficiary-enrollment/medicare-and-medicaid-reports/medicare-monthly-enrollment,2026-06,[source: CMS Medicare Monthly Enrollment 2026-06; ORGNL_MDCR_BENES]
CA,Mariposa,Medicare FFS (Original Medicare),Medicare FFS,Medicare (Federal),FIPS 06043,,,4285,https://data.cms.gov/summary-statistics-on-beneficiary-enrollment/medicare-and-medicaid-reports/medicare-monthly-enrollment,2026-06,[source: CMS Medicare Monthly Enrollment 2026-06; ORGNL_MDCR_BENES]
CA,Mendocino,Medicare FFS (Original Medicare),Medicare FFS,Medicare (Federal),FIPS 06045,,,21144,https://data.cms.gov/summary-statistics-on-beneficiary-enrollment/medicare-and-medicaid-reports/medicare-monthly-enrollment,2026-06,[source: CMS Medicare Monthly Enrollment 2026-06; ORGNL_MDCR_BENES]
CA,Merced,Medicare FFS (Original Medicare),Medicare FFS,Medicare (Federal),FIPS 06047,,,30650,https://data.cms.gov/summary-statistics-on-beneficiary-enrollment/medicare-and-medicaid-reports/medicare-monthly-enrollment,2026-06,[source: CMS Medicare Monthly Enrollment 2026-06; ORGNL_MDCR_BENES]
CA,Modoc,Medicare FFS (Original Medicare),Medicare FFS,Medicare (Federal),FIPS 06049,,,2470,https://data.cms.gov/summary-statistics-on-beneficiary-enrollment/medicare-and-medicaid-reports/medicare-monthly-enrollment,2026-06,[source: CMS Medicare Monthly Enrollment 2026-06; ORGNL_MDCR_BENES]
CA,Mono,Medicare FFS (Original Medicare),Medicare FFS,Medicare (Federal),FIPS 06051,,,1970,https://data.cms.gov/summary-statistics-on-beneficiary-enrollment/medicare-and-medicaid-reports/medicare-monthly-enrollment,2026-06,[source: CMS Medicare Monthly Enrollment 2026-06; ORGNL_MDCR_BENES]
CA,Monterey,Medicare FFS (Original Medicare),Medicare FFS,Medicare (Federal),FIPS 06053,,,62219,https://data.cms.gov/summary-statistics-on-beneficiary-enrollment/medicare-and-medicaid-reports/medicare-monthly-enrollment,2026-06,[source: CMS Medicare Monthly Enrollment 2026-06; ORGNL_MDCR_BENES]
CA,Napa,Medicare FFS (Original Medicare),Medicare FFS,Medicare (Federal),FIPS 06055,,,17402,https://data.cms.gov/summary-statistics-on-beneficiary-enrollment/medicare-and-medicaid-reports/medicare-monthly-enrollment,2026-06,[source: CMS Medicare Monthly Enrollment 2026-06; ORGNL_MDCR_BENES]
CA,Nevada,Medicare FFS (Original Medicare),Medicare FFS,Medicare (Federal),FIPS 06057,,,24851,https://data.cms.gov/summary-statistics-on-beneficiary-enrollment/medicare-and-medicaid-reports/medicare-monthly-enrollment,2026-06,[source: CMS Medicare Monthly Enrollment 2026-06; ORGNL_MDCR_BENES]
CA,Orange,Medicare FFS (Original Medicare),Medicare FFS,Medicare (Federal),FIPS 06059,,,268512,https://data.cms.gov/summary-statistics-on-beneficiary-enrollment/medicare-and-medicaid-reports/medicare-monthly-enrollment,2026-06,[source: CMS Medicare Monthly Enrollment 2026-06; ORGNL_MDCR_BENES]
CA,Placer,Medicare FFS (Original Medicare),Medicare FFS,Medicare (Federal),FIPS 06061,,,44942,https://data.cms.gov/summary-statistics-on-beneficiary-enrollment/medicare-and-medicaid-reports/medicare-monthly-enrollment,2026-06,[source: CMS Medicare Monthly Enrollment 2026-06; ORGNL_MDCR_BENES]
CA,Plumas,Medicare FFS (Original Medicare),Medicare FFS,Medicare (Federal),FIPS 06063,,,5749,https://data.cms.gov/summary-statistics-on-beneficiary-enrollment/medicare-and-medicaid-reports/medicare-monthly-enrollment,2026-06,[source: CMS Medicare Monthly Enrollment 2026-06; ORGNL_MDCR_BENES]
CA,Riverside,Medicare FFS (Original Medicare),Medicare FFS,Medicare (Federal),FIPS 06065,,,168346,https://data.cms.gov/summary-statistics-on-beneficiary-enrollment/medicare-and-medicaid-reports/medicare-monthly-enrollment,2026-06,[source: CMS Medicare Monthly Enrollment 2026-06; ORGNL_MDCR_BENES]
CA,Sacramento,Medicare FFS (Original Medicare),Medicare FFS,Medicare (Federal),FIPS 06067,,,112023,https://data.cms.gov/summary-statistics-on-beneficiary-enrollment/medicare-and-medicaid-reports/medicare-monthly-enrollment,2026-06,[source: CMS Medicare Monthly Enrollment 2026-06; ORGNL_MDCR_BENES]
CA,San Benito,Medicare FFS (Original Medicare),Medicare FFS,Medicare (Federal),FIPS 06069,,,9065,https://data.cms.gov/summary-statistics-on-beneficiary-enrollment/medicare-and-medicaid-reports/medicare-monthly-enrollment,2026-06,[source: CMS Medicare Monthly Enrollment 2026-06; ORGNL_MDCR_BENES]
CA,San Bernardino,Medicare FFS (Original Medicare),Medicare FFS,Medicare (Federal),FIPS 06071,,,114887,https://data.cms.gov/summary-statistics-on-beneficiary-enrollment/medicare-and-medicaid-reports/medicare-monthly-enrollment,2026-06,[source: CMS Medicare Monthly Enrollment 2026-06; ORGNL_MDCR_BENES]
CA,San Diego,Medicare FFS (Original Medicare),Medicare FFS,Medicare (Federal),FIPS 06073,,,291021,https://data.cms.gov/summary-statistics-on-beneficiary-enrollment/medicare-and-medicaid-reports/medicare-monthly-enrollment,2026-06,[source: CMS Medicare Monthly Enrollment 2026-06; ORGNL_MDCR_BENES]
CA,San Francisco,Medicare FFS (Original Medicare),Medicare FFS,Medicare (Federal),FIPS 06075,,,77519,https://data.cms.gov/summary-statistics-on-beneficiary-enrollment/medicare-and-medicaid-reports/medicare-monthly-enrollment,2026-06,[source: CMS Medicare Monthly Enrollment 2026-06; ORGNL_MDCR_BENES]
CA,San Joaquin,Medicare FFS (Original Medicare),Medicare FFS,Medicare (Federal),FIPS 06077,,,58681,https://data.cms.gov/summary-statistics-on-beneficiary-enrollment/medicare-and-medicaid-reports/medicare-monthly-enrollment,2026-06,[source: CMS Medicare Monthly Enrollment 2026-06; ORGNL_MDCR_BENES]
CA,San Luis Obispo,Medicare FFS (Original Medicare),Medicare FFS,Medicare (Federal),FIPS 06079,,,56110,https://data.cms.gov/summary-statistics-on-beneficiary-enrollment/medicare-and-medicaid-reports/medicare-monthly-enrollment,2026-06,[source: CMS Medicare Monthly Enrollment 2026-06; ORGNL_MDCR_BENES]
CA,San Mateo,Medicare FFS (Original Medicare),Medicare FFS,Medicare (Federal),FIPS 06081,,,70657,https://data.cms.gov/summary-statistics-on-beneficiary-enrollment/medicare-and-medicaid-reports/medicare-monthly-enrollment,2026-06,[source: CMS Medicare Monthly Enrollment 2026-06; ORGNL_MDCR_BENES]
CA,Santa Barbara,Medicare FFS (Original Medicare),Medicare FFS,Medicare (Federal),FIPS 06083,,,69001,https://data.cms.gov/summary-statistics-on-beneficiary-enrollment/medicare-and-medicaid-reports/medicare-monthly-enrollment,2026-06,[source: CMS Medicare Monthly Enrollment 2026-06; ORGNL_MDCR_BENES]
CA,Santa Clara,Medicare FFS (Original Medicare),Medicare FFS,Medicare (Federal),FIPS 06085,,,155883,https://data.cms.gov/summary-statistics-on-beneficiary-enrollment/medicare-and-medicaid-reports/medicare-monthly-enrollment,2026-06,[source: CMS Medicare Monthly Enrollment 2026-06; ORGNL_MDCR_BENES]
CA,Santa Cruz,Medicare FFS (Original Medicare),Medicare FFS,Medicare (Federal),FIPS 06087,,,45068,https://data.cms.gov/summary-statistics-on-beneficiary-enrollment/medicare-and-medicaid-reports/medicare-monthly-enrollment,2026-06,[source: CMS Medicare Monthly Enrollment 2026-06; ORGNL_MDCR_BENES]
CA,Shasta,Medicare FFS (Original Medicare),Medicare FFS,Medicare (Federal),FIPS 06089,,,45225,https://data.cms.gov/summary-statistics-on-beneficiary-enrollment/medicare-and-medicaid-reports/medicare-monthly-enrollment,2026-06,[source: CMS Medicare Monthly Enrollment 2026-06; ORGNL_MDCR_BENES]
CA,Sierra,Medicare FFS (Original Medicare),Medicare FFS,Medicare (Federal),FIPS 06091,,,782,https://data.cms.gov/summary-statistics-on-beneficiary-enrollment/medicare-and-medicaid-reports/medicare-monthly-enrollment,2026-06,[source: CMS Medicare Monthly Enrollment 2026-06; ORGNL_MDCR_BENES]
CA,Siskiyou,Medicare FFS (Original Medicare),Medicare FFS,Medicare (Federal),FIPS 06093,,,13306,https://data.cms.gov/summary-statistics-on-beneficiary-enrollment/medicare-and-medicaid-reports/medicare-monthly-enrollment,2026-06,[source: CMS Medicare Monthly Enrollment 2026-06; ORGNL_MDCR_BENES]
CA,Solano,Medicare FFS (Original Medicare),Medicare FFS,Medicare (Federal),FIPS 06095,,,41311,https://data.cms.gov/summary-statistics-on-beneficiary-enrollment/medicare-and-medicaid-reports/medicare-monthly-enrollment,2026-06,[source: CMS Medicare Monthly Enrollment 2026-06; ORGNL_MDCR_BENES]
CA,Sonoma,Medicare FFS (Original Medicare),Medicare FFS,Medicare (Federal),FIPS 06097,,,57512,https://data.cms.gov/summary-statistics-on-beneficiary-enrollment/medicare-and-medicaid-reports/medicare-monthly-enrollment,2026-06,[source: CMS Medicare Monthly Enrollment 2026-06; ORGNL_MDCR_BENES]
CA,Stanislaus,Medicare FFS (Original Medicare),Medicare FFS,Medicare (Federal),FIPS 06099,,,40637,https://data.cms.gov/summary-statistics-on-beneficiary-enrollment/medicare-and-medicaid-reports/medicare-monthly-enrollment,2026-06,[source: CMS Medicare Monthly Enrollment 2026-06; ORGNL_MDCR_BENES]
CA,Sutter,Medicare FFS (Original Medicare),Medicare FFS,Medicare (Federal),FIPS 06101,,,16964,https://data.cms.gov/summary-statistics-on-beneficiary-enrollment/medicare-and-medicaid-reports/medicare-monthly-enrollment,2026-06,[source: CMS Medicare Monthly Enrollment 2026-06; ORGNL_MDCR_BENES]
CA,Tehama,Medicare FFS (Original Medicare),Medicare FFS,Medicare (Federal),FIPS 06103,,,13331,https://data.cms.gov/summary-statistics-on-beneficiary-enrollment/medicare-and-medicaid-reports/medicare-monthly-enrollment,2026-06,[source: CMS Medicare Monthly Enrollment 2026-06; ORGNL_MDCR_BENES]
CA,Trinity,Medicare FFS (Original Medicare),Medicare FFS,Medicare (Federal),FIPS 06105,,,3497,https://data.cms.gov/summary-statistics-on-beneficiary-enrollment/medicare-and-medicaid-reports/medicare-monthly-enrollment,2026-06,[source: CMS Medicare Monthly Enrollment 2026-06; ORGNL_MDCR_BENES]
CA,Tulare,Medicare FFS (Original Medicare),Medicare FFS,Medicare (Federal),FIPS 06107,,,44634,https://data.cms.gov/summary-statistics-on-beneficiary-enrollment/medicare-and-medicaid-reports/medicare-monthly-enrollment,2026-06,[source: CMS Medicare Monthly Enrollment 2026-06; ORGNL_MDCR_BENES]
CA,Tuolumne,Medicare FFS (Original Medicare),Medicare FFS,Medicare (Federal),FIPS 06109,,,14391,https://data.cms.gov/summary-statistics-on-beneficiary-enrollment/medicare-and-medicaid-reports/medicare-monthly-enrollment,2026-06,[source: CMS Medicare Monthly Enrollment 2026-06; ORGNL_MDCR_BENES]
CA,Ventura,Medicare FFS (Original Medicare),Medicare FFS,Medicare (Federal),FIPS 06111,,,104792,https://data.cms.gov/summary-statistics-on-beneficiary-enrollment/medicare-and-medicaid-reports/medicare-monthly-enrollment,2026-06,[source: CMS Medicare Monthly Enrollment 2026-06; ORGNL_MDCR_BENES]
CA,Yolo,Medicare FFS (Original Medicare),Medicare FFS,Medicare (Federal),FIPS 06113,,,18215,https://data.cms.gov/summary-statistics-on-beneficiary-enrollment/medicare-and-medicaid-reports/medicare-monthly-enrollment,2026-06,[source: CMS Medicare Monthly Enrollment 2026-06; ORGNL_MDCR_BENES]
CA,Yuba,Medicare FFS (Original Medicare),Medicare FFS,Medicare (Federal),FIPS 06115,,,11329,https://data.cms.gov/summary-statistics-on-beneficiary-enrollment/medicare-and-medicaid-reports/medicare-monthly-enrollment,2026-06,[source: CMS Medicare Monthly Enrollment 2026-06; ORGNL_MDCR_BENES]
CO,Adams,Medicare FFS (Original Medicare),Medicare FFS,Medicare (Federal),FIPS 08001,,,25721,https://data.cms.gov/summary-statistics-on-beneficiary-enrollment/medicare-and-medicaid-reports/medicare-monthly-enrollment,2026-06,[source: CMS Medicare Monthly Enrollment 2026-06; ORGNL_MDCR_BENES]
CO,Alamosa,Medicare FFS (Original Medicare),Medicare FFS,Medicare (Federal),FIPS 08003,,,1856,https://data.cms.gov/summary-statistics-on-beneficiary-enrollment/medicare-and-medicaid-reports/medicare-monthly-enrollment,2026-06,[source: CMS Medicare Monthly Enrollment 2026-06; ORGNL_MDCR_BENES]
CO,Arapahoe,Medicare FFS (Original Medicare),Medicare FFS,Medicare (Federal),FIPS 08005,,,46272,https://data.cms.gov/summary-statistics-on-beneficiary-enrollment/medicare-and-medicaid-reports/medicare-monthly-enrollment,2026-06,[source: CMS Medicare Monthly Enrollment 2026-06; ORGNL_MDCR_BENES]
CO,Archuleta,Medicare FFS (Original Medicare),Medicare FFS,Medicare (Federal),FIPS 08007,,,3372,https://data.cms.gov/summary-statistics-on-beneficiary-enrollment/medicare-and-medicaid-reports/medicare-monthly-enrollment,2026-06,[source: CMS Medicare Monthly Enrollment 2026-06; ORGNL_MDCR_BENES]
CO,Baca,Medicare FFS (Original Medicare),Medicare FFS,Medicare (Federal),FIPS 08009,,,858,https://data.cms.gov/summary-statistics-on-beneficiary-enrollment/medicare-and-medicaid-reports/medicare-monthly-enrollment,2026-06,[source: CMS Medicare Monthly Enrollment 2026-06; ORGNL_MDCR_BENES]
CO,Bent,Medicare FFS (Original Medicare),Medicare FFS,Medicare (Federal),FIPS 08011,,,613,https://data.cms.gov/summary-statistics-on-beneficiary-enrollment/medicare-and-medicaid-reports/medicare-monthly-enrollment,2026-06,[source: CMS Medicare Monthly Enrollment 2026-06; ORGNL_MDCR_BENES]
CO,Boulder,Medicare FFS (Original Medicare),Medicare FFS,Medicare (Federal),FIPS 08013,,,32532,https://data.cms.gov/summary-statistics-on-beneficiary-enrollment/medicare-and-medicaid-reports/medicare-monthly-enrollment,2026-06,[source: CMS Medicare Monthly Enrollment 2026-06; ORGNL_MDCR_BENES]
CO,Broomfield,Medicare FFS (Original Medicare),Medicare FFS,Medicare (Federal),FIPS 08014,,,5912,https://data.cms.gov/summary-statistics-on-beneficiary-enrollment/medicare-and-medicaid-reports/medicare-monthly-enrollment,2026-06,[source: CMS Medicare Monthly Enrollment 2026-06; ORGNL_MDCR_BENES]
CO,Chaffee,Medicare FFS (Original Medicare),Medicare FFS,Medicare (Federal),FIPS 08015,,,3973,https://data.cms.gov/summary-statistics-on-beneficiary-enrollment/medicare-and-medicaid-reports/medicare-monthly-enrollment,2026-06,[source: CMS Medicare Monthly Enrollment 2026-06; ORGNL_MDCR_BENES]
CO,Cheyenne,Medicare FFS (Original Medicare),Medicare FFS,Medicare (Federal),FIPS 08017,,,356,https://data.cms.gov/summary-statistics-on-beneficiary-enrollment/medicare-and-medicaid-reports/medicare-monthly-enrollment,2026-06,[source: CMS Medicare Monthly Enrollment 2026-06; ORGNL_MDCR_BENES]
CO,Clear Creek,Medicare FFS (Original Medicare),Medicare FFS,Medicare (Federal),FIPS 08019,,,845,https://data.cms.gov/summary-statistics-on-beneficiary-enrollment/medicare-and-medicaid-reports/medicare-monthly-enrollment,2026-06,[source: CMS Medicare Monthly Enrollment 2026-06; ORGNL_MDCR_BENES]
CO,Conejos,Medicare FFS (Original Medicare),Medicare FFS,Medicare (Federal),FIPS 08021,,,986,https://data.cms.gov/summary-statistics-on-beneficiary-enrollment/medicare-and-medicaid-reports/medicare-monthly-enrollment,2026-06,[source: CMS Medicare Monthly Enrollment 2026-06; ORGNL_MDCR_BENES]
CO,Costilla,Medicare FFS (Original Medicare),Medicare FFS,Medicare (Federal),FIPS 08023,,,623,https://data.cms.gov/summary-statistics-on-beneficiary-enrollment/medicare-and-medicaid-reports/medicare-monthly-enrollment,2026-06,[source: CMS Medicare Monthly Enrollment 2026-06; ORGNL_MDCR_BENES]
CO,Crowley,Medicare FFS (Original Medicare),Medicare FFS,Medicare (Federal),FIPS 08025,,,420,https://data.cms.gov/summary-statistics-on-beneficiary-enrollment/medicare-and-medicaid-reports/medicare-monthly-enrollment,2026-06,[source: CMS Medicare Monthly Enrollment 2026-06; ORGNL_MDCR_BENES]
CO,Custer,Medicare FFS (Original Medicare),Medicare FFS,Medicare (Federal),FIPS 08027,,,1202,https://data.cms.gov/summary-statistics-on-beneficiary-enrollment/medicare-and-medicaid-reports/medicare-monthly-enrollment,2026-06,[source: CMS Medicare Monthly Enrollment 2026-06; ORGNL_MDCR_BENES]
CO,Delta,Medicare FFS (Original Medicare),Medicare FFS,Medicare (Federal),FIPS 08029,,,5687,https://data.cms.gov/summary-statistics-on-beneficiary-enrollment/medicare-and-medicaid-reports/medicare-monthly-enrollment,2026-06,[source: CMS Medicare Monthly Enrollment 2026-06; ORGNL_MDCR_BENES]
CO,Denver,Medicare FFS (Original Medicare),Medicare FFS,Medicare (Federal),FIPS 08031,,,39307,https://data.cms.gov/summary-statistics-on-beneficiary-enrollment/medicare-and-medicaid-reports/medicare-monthly-enrollment,2026-06,[source: CMS Medicare Monthly Enrollment 2026-06; ORGNL_MDCR_BENES]
CO,Dolores,Medicare FFS (Original Medicare),Medicare FFS,Medicare (Federal),FIPS 08033,,,429,https://data.cms.gov/summary-statistics-on-beneficiary-enrollment/medicare-and-medicaid-reports/medicare-monthly-enrollment,2026-06,[source: CMS Medicare Monthly Enrollment 2026-06; ORGNL_MDCR_BENES]
CO,Douglas,Medicare FFS (Original Medicare),Medicare FFS,Medicare (Federal),FIPS 08035,,,32614,https://data.cms.gov/summary-statistics-on-beneficiary-enrollment/medicare-and-medicaid-reports/medicare-monthly-enrollment,2026-06,[source: CMS Medicare Monthly Enrollment 2026-06; ORGNL_MDCR_BENES]
CO,Eagle,Medicare FFS (Original Medicare),Medicare FFS,Medicare (Federal),FIPS 08037,,,6692,https://data.cms.gov/summary-statistics-on-beneficiary-enrollment/medicare-and-medicaid-reports/medicare-monthly-enrollment,2026-06,[source: CMS Medicare Monthly Enrollment 2026-06; ORGNL_MDCR_BENES]
CO,El Paso,Medicare FFS (Original Medicare),Medicare FFS,Medicare (Federal),FIPS 08041,,,64418,https://data.cms.gov/summary-statistics-on-beneficiary-enrollment/medicare-and-medicaid-reports/medicare-monthly-enrollment,2026-06,[source: CMS Medicare Monthly Enrollment 2026-06; ORGNL_MDCR_BENES]
CO,Elbert,Medicare FFS (Original Medicare),Medicare FFS,Medicare (Federal),FIPS 08039,,,3088,https://data.cms.gov/summary-statistics-on-beneficiary-enrollment/medicare-and-medicaid-reports/medicare-monthly-enrollment,2026-06,[source: CMS Medicare Monthly Enrollment 2026-06; ORGNL_MDCR_BENES]
CO,Fremont,Medicare FFS (Original Medicare),Medicare FFS,Medicare (Federal),FIPS 08043,,,5544,https://data.cms.gov/summary-statistics-on-beneficiary-enrollment/medicare-and-medicaid-reports/medicare-monthly-enrollment,2026-06,[source: CMS Medicare Monthly Enrollment 2026-06; ORGNL_MDCR_BENES]
CO,Garfield,Medicare FFS (Original Medicare),Medicare FFS,Medicare (Federal),FIPS 08045,,,9480,https://data.cms.gov/summary-statistics-on-beneficiary-enrollment/medicare-and-medicaid-reports/medicare-monthly-enrollment,2026-06,[source: CMS Medicare Monthly Enrollment 2026-06; ORGNL_MDCR_BENES]
CO,Gilpin,Medicare FFS (Original Medicare),Medicare FFS,Medicare (Federal),FIPS 08047,,,605,https://data.cms.gov/summary-statistics-on-beneficiary-enrollment/medicare-and-medicaid-reports/medicare-monthly-enrollment,2026-06,[source: CMS Medicare Monthly Enrollment 2026-06; ORGNL_MDCR_BENES]
CO,Grand,Medicare FFS (Original Medicare),Medicare FFS,Medicare (Federal),FIPS 08049,,,2106,https://data.cms.gov/summary-statistics-on-beneficiary-enrollment/medicare-and-medicaid-reports/medicare-monthly-enrollment,2026-06,[source: CMS Medicare Monthly Enrollment 2026-06; ORGNL_MDCR_BENES]
CO,Gunnison,Medicare FFS (Original Medicare),Medicare FFS,Medicare (Federal),FIPS 08051,,,2324,https://data.cms.gov/summary-statistics-on-beneficiary-enrollment/medicare-and-medicaid-reports/medicare-monthly-enrollment,2026-06,[source: CMS Medicare Monthly Enrollment 2026-06; ORGNL_MDCR_BENES]
CO,Hinsdale,Medicare FFS (Original Medicare),Medicare FFS,Medicare (Federal),FIPS 08053,,,180,https://data.cms.gov/summary-statistics-on-beneficiary-enrollment/medicare-and-medicaid-reports/medicare-monthly-enrollment,2026-06,[source: CMS Medicare Monthly Enrollment 2026-06; ORGNL_MDCR_BENES]
CO,Huerfano,Medicare FFS (Original Medicare),Medicare FFS,Medicare (Federal),FIPS 08055,,,1284,https://data.cms.gov/summary-statistics-on-beneficiary-enrollment/medicare-and-medicaid-reports/medicare-monthly-enrollment,2026-06,[source: CMS Medicare Monthly Enrollment 2026-06; ORGNL_MDCR_BENES]
CO,Jackson,Medicare FFS (Original Medicare),Medicare FFS,Medicare (Federal),FIPS 08057,,,252,https://data.cms.gov/summary-statistics-on-beneficiary-enrollment/medicare-and-medicaid-reports/medicare-monthly-enrollment,2026-06,[source: CMS Medicare Monthly Enrollment 2026-06; ORGNL_MDCR_BENES]
CO,Jefferson,Medicare FFS (Original Medicare),Medicare FFS,Medicare (Federal),FIPS 08059,,,47672,https://data.cms.gov/summary-statistics-on-beneficiary-enrollment/medicare-and-medicaid-reports/medicare-monthly-enrollment,2026-06,[source: CMS Medicare Monthly Enrollment 2026-06; ORGNL_MDCR_BENES]
CO,Kiowa,Medicare FFS (Original Medicare),Medicare FFS,Medicare (Federal),FIPS 08061,,,303,https://data.cms.gov/summary-statistics-on-beneficiary-enrollment/medicare-and-medicaid-reports/medicare-monthly-enrollment,2026-06,[source: CMS Medicare Monthly Enrollment 2026-06; ORGNL_MDCR_BENES]
CO,Kit Carson,Medicare FFS (Original Medicare),Medicare FFS,Medicare (Federal),FIPS 08063,,,1419,https://data.cms.gov/summary-statistics-on-beneficiary-enrollment/medicare-and-medicaid-reports/medicare-monthly-enrollment,2026-06,[source: CMS Medicare Monthly Enrollment 2026-06; ORGNL_MDCR_BENES]
CO,La Plata,Medicare FFS (Original Medicare),Medicare FFS,Medicare (Federal),FIPS 08067,,,9482,https://data.cms.gov/summary-statistics-on-beneficiary-enrollment/medicare-and-medicaid-reports/medicare-monthly-enrollment,2026-06,[source: CMS Medicare Monthly Enrollment 2026-06; ORGNL_MDCR_BENES]
CO,Lake,Medicare FFS (Original Medicare),Medicare FFS,Medicare (Federal),FIPS 08065,,,747,https://data.cms.gov/summary-statistics-on-beneficiary-enrollment/medicare-and-medicaid-reports/medicare-monthly-enrollment,2026-06,[source: CMS Medicare Monthly Enrollment 2026-06; ORGNL_MDCR_BENES]
CO,Larimer,Medicare FFS (Original Medicare),Medicare FFS,Medicare (Federal),FIPS 08069,,,40845,https://data.cms.gov/summary-statistics-on-beneficiary-enrollment/medicare-and-medicaid-reports/medicare-monthly-enrollment,2026-06,[source: CMS Medicare Monthly Enrollment 2026-06; ORGNL_MDCR_BENES]
CO,Las Animas,Medicare FFS (Original Medicare),Medicare FFS,Medicare (Federal),FIPS 08071,,,2342,https://data.cms.gov/summary-statistics-on-beneficiary-enrollment/medicare-and-medicaid-reports/medicare-monthly-enrollment,2026-06,[source: CMS Medicare Monthly Enrollment 2026-06; ORGNL_MDCR_BENES]
CO,Lincoln,Medicare FFS (Original Medicare),Medicare FFS,Medicare (Federal),FIPS 08073,,,718,https://data.cms.gov/summary-statistics-on-beneficiary-enrollment/medicare-and-medicaid-reports/medicare-monthly-enrollment,2026-06,[source: CMS Medicare Monthly Enrollment 2026-06; ORGNL_MDCR_BENES]
CO,Logan,Medicare FFS (Original Medicare),Medicare FFS,Medicare (Federal),FIPS 08075,,,2846,https://data.cms.gov/summary-statistics-on-beneficiary-enrollment/medicare-and-medicaid-reports/medicare-monthly-enrollment,2026-06,[source: CMS Medicare Monthly Enrollment 2026-06; ORGNL_MDCR_BENES]
CO,Mesa,Medicare FFS (Original Medicare),Medicare FFS,Medicare (Federal),FIPS 08077,,,22554,https://data.cms.gov/summary-statistics-on-beneficiary-enrollment/medicare-and-medicaid-reports/medicare-monthly-enrollment,2026-06,[source: CMS Medicare Monthly Enrollment 2026-06; ORGNL_MDCR_BENES]
CO,Mineral,Medicare FFS (Original Medicare),Medicare FFS,Medicare (Federal),FIPS 08079,,,210,https://data.cms.gov/summary-statistics-on-beneficiary-enrollment/medicare-and-medicaid-reports/medicare-monthly-enrollment,2026-06,[source: CMS Medicare Monthly Enrollment 2026-06; ORGNL_MDCR_BENES]
CO,Moffat,Medicare FFS (Original Medicare),Medicare FFS,Medicare (Federal),FIPS 08081,,,2361,https://data.cms.gov/summary-statistics-on-beneficiary-enrollment/medicare-and-medicaid-reports/medicare-monthly-enrollment,2026-06,[source: CMS Medicare Monthly Enrollment 2026-06; ORGNL_MDCR_BENES]
CO,Montezuma,Medicare FFS (Original Medicare),Medicare FFS,Medicare (Federal),FIPS 08083,,,5311,https://data.cms.gov/summary-statistics-on-beneficiary-enrollment/medicare-and-medicaid-reports/medicare-monthly-enrollment,2026-06,[source: CMS Medicare Monthly Enrollment 2026-06; ORGNL_MDCR_BENES]
CO,Montrose,Medicare FFS (Original Medicare),Medicare FFS,Medicare (Federal),FIPS 08085,,,7727,https://data.cms.gov/summary-statistics-on-beneficiary-enrollment/medicare-and-medicaid-reports/medicare-monthly-enrollment,2026-06,[source: CMS Medicare Monthly Enrollment 2026-06; ORGNL_MDCR_BENES]
CO,Morgan,Medicare FFS (Original Medicare),Medicare FFS,Medicare (Federal),FIPS 08087,,,3515,https://data.cms.gov/summary-statistics-on-beneficiary-enrollment/medicare-and-medicaid-reports/medicare-monthly-enrollment,2026-06,[source: CMS Medicare Monthly Enrollment 2026-06; ORGNL_MDCR_BENES]
CO,Otero,Medicare FFS (Original Medicare),Medicare FFS,Medicare (Federal),FIPS 08089,,,1874,https://data.cms.gov/summary-statistics-on-beneficiary-enrollment/medicare-and-medicaid-reports/medicare-monthly-enrollment,2026-06,[source: CMS Medicare Monthly Enrollment 2026-06; ORGNL_MDCR_BENES]
CO,Ouray,Medicare FFS (Original Medicare),Medicare FFS,Medicare (Federal),FIPS 08091,,,1305,https://data.cms.gov/summary-statistics-on-beneficiary-enrollment/medicare-and-medicaid-reports/medicare-monthly-enrollment,2026-06,[source: CMS Medicare Monthly Enrollment 2026-06; ORGNL_MDCR_BENES]
CO,Park,Medicare FFS (Original Medicare),Medicare FFS,Medicare (Federal),FIPS 08093,,,2499,https://data.cms.gov/summary-statistics-on-beneficiary-enrollment/medicare-and-medicaid-reports/medicare-monthly-enrollment,2026-06,[source: CMS Medicare Monthly Enrollment 2026-06; ORGNL_MDCR_BENES]
CO,Phillips,Medicare FFS (Original Medicare),Medicare FFS,Medicare (Federal),FIPS 08095,,,899,https://data.cms.gov/summary-statistics-on-beneficiary-enrollment/medicare-and-medicaid-reports/medicare-monthly-enrollment,2026-06,[source: CMS Medicare Monthly Enrollment 2026-06; ORGNL_MDCR_BENES]
CO,Pitkin,Medicare FFS (Original Medicare),Medicare FFS,Medicare (Federal),FIPS 08097,,,3120,https://data.cms.gov/summary-statistics-on-beneficiary-enrollment/medicare-and-medicaid-reports/medicare-monthly-enrollment,2026-06,[source: CMS Medicare Monthly Enrollment 2026-06; ORGNL_MDCR_BENES]
CO,Prowers,Medicare FFS (Original Medicare),Medicare FFS,Medicare (Federal),FIPS 08099,,,2145,https://data.cms.gov/summary-statistics-on-beneficiary-enrollment/medicare-and-medicaid-reports/medicare-monthly-enrollment,2026-06,[source: CMS Medicare Monthly Enrollment 2026-06; ORGNL_MDCR_BENES]
CO,Pueblo,Medicare FFS (Original Medicare),Medicare FFS,Medicare (Federal),FIPS 08101,,,15607,https://data.cms.gov/summary-statistics-on-beneficiary-enrollment/medicare-and-medicaid-reports/medicare-monthly-enrollment,2026-06,[source: CMS Medicare Monthly Enrollment 2026-06; ORGNL_MDCR_BENES]
CO,Rio Blanco,Medicare FFS (Original Medicare),Medicare FFS,Medicare (Federal),FIPS 08103,,,1063,https://data.cms.gov/summary-statistics-on-beneficiary-enrollment/medicare-and-medicaid-reports/medicare-monthly-enrollment,2026-06,[source: CMS Medicare Monthly Enrollment 2026-06; ORGNL_MDCR_BENES]
CO,Rio Grande,Medicare FFS (Original Medicare),Medicare FFS,Medicare (Federal),FIPS 08105,,,2006,https://data.cms.gov/summary-statistics-on-beneficiary-enrollment/medicare-and-medicaid-reports/medicare-monthly-enrollment,2026-06,[source: CMS Medicare Monthly Enrollment 2026-06; ORGNL_MDCR_BENES]
CO,Routt,Medicare FFS (Original Medicare),Medicare FFS,Medicare (Federal),FIPS 08107,,,4382,https://data.cms.gov/summary-statistics-on-beneficiary-enrollment/medicare-and-medicaid-reports/medicare-monthly-enrollment,2026-06,[source: CMS Medicare Monthly Enrollment 2026-06; ORGNL_MDCR_BENES]
CO,Saguache,Medicare FFS (Original Medicare),Medicare FFS,Medicare (Federal),FIPS 08109,,,958,https://data.cms.gov/summary-statistics-on-beneficiary-enrollment/medicare-and-medicaid-reports/medicare-monthly-enrollment,2026-06,[source: CMS Medicare Monthly Enrollment 2026-06; ORGNL_MDCR_BENES]
CO,San Juan,Medicare FFS (Original Medicare),Medicare FFS,Medicare (Federal),FIPS 08111,,,143,https://data.cms.gov/summary-statistics-on-beneficiary-enrollment/medicare-and-medicaid-reports/medicare-monthly-enrollment,2026-06,[source: CMS Medicare Monthly Enrollment 2026-06; ORGNL_MDCR_BENES]
CO,San Miguel,Medicare FFS (Original Medicare),Medicare FFS,Medicare (Federal),FIPS 08113,,,1045,https://data.cms.gov/summary-statistics-on-beneficiary-enrollment/medicare-and-medicaid-reports/medicare-monthly-enrollment,2026-06,[source: CMS Medicare Monthly Enrollment 2026-06; ORGNL_MDCR_BENES]
CO,Sedgwick,Medicare FFS (Original Medicare),Medicare FFS,Medicare (Federal),FIPS 08115,,,679,https://data.cms.gov/summary-statistics-on-beneficiary-enrollment/medicare-and-medicaid-reports/medicare-monthly-enrollment,2026-06,[source: CMS Medicare Monthly Enrollment 2026-06; ORGNL_MDCR_BENES]
CO,Summit,Medicare FFS (Original Medicare),Medicare FFS,Medicare (Federal),FIPS 08117,,,3409,https://data.cms.gov/summary-statistics-on-beneficiary-enrollment/medicare-and-medicaid-reports/medicare-monthly-enrollment,2026-06,[source: CMS Medicare Monthly Enrollment 2026-06; ORGNL_MDCR_BENES]
CO,Teller,Medicare FFS (Original Medicare),Medicare FFS,Medicare (Federal),FIPS 08119,,,3556,https://data.cms.gov/summary-statistics-on-beneficiary-enrollment/medicare-and-medicaid-reports/medicare-monthly-enrollment,2026-06,[source: CMS Medicare Monthly Enrollment 2026-06; ORGNL_MDCR_BENES]
CO,Washington,Medicare FFS (Original Medicare),Medicare FFS,Medicare (Federal),FIPS 08121,,,825,https://data.cms.gov/summary-statistics-on-beneficiary-enrollment/medicare-and-medicaid-reports/medicare-monthly-enrollment,2026-06,[source: CMS Medicare Monthly Enrollment 2026-06; ORGNL_MDCR_BENES]
CO,Weld,Medicare FFS (Original Medicare),Medicare FFS,Medicare (Federal),FIPS 08123,,,26152,https://data.cms.gov/summary-statistics-on-beneficiary-enrollment/medicare-and-medicaid-reports/medicare-monthly-enrollment,2026-06,[source: CMS Medicare Monthly Enrollment 2026-06; ORGNL_MDCR_BENES]
CO,Yuma,Medicare FFS (Original Medicare),Medicare FFS,Medicare (Federal),FIPS 08125,,,1740,https://data.cms.gov/summary-statistics-on-beneficiary-enrollment/medicare-and-medicaid-reports/medicare-monthly-enrollment,2026-06,[source: CMS Medicare Monthly Enrollment 2026-06; ORGNL_MDCR_BENES]
DC,District of Columbia,Medicare FFS (Original Medicare),Medicare FFS,Medicare (Federal),FIPS 11001,,,64076,https://data.cms.gov/summary-statistics-on-beneficiary-enrollment/medicare-and-medicaid-reports/medicare-monthly-enrollment,2026-06,[source: CMS Medicare Monthly Enrollment 2026-06; ORGNL_MDCR_BENES]
FL,Alachua,Medicare FFS (Original Medicare),Medicare FFS,Medicare (Federal),FIPS 12001,,,31733,https://data.cms.gov/summary-statistics-on-beneficiary-enrollment/medicare-and-medicaid-reports/medicare-monthly-enrollment,2026-06,[source: CMS Medicare Monthly Enrollment 2026-06; ORGNL_MDCR_BENES]
FL,Baker,Medicare FFS (Original Medicare),Medicare FFS,Medicare (Federal),FIPS 12003,,,3133,https://data.cms.gov/summary-statistics-on-beneficiary-enrollment/medicare-and-medicaid-reports/medicare-monthly-enrollment,2026-06,[source: CMS Medicare Monthly Enrollment 2026-06; ORGNL_MDCR_BENES]
FL,Bay,Medicare FFS (Original Medicare),Medicare FFS,Medicare (Federal),FIPS 12005,,,25366,https://data.cms.gov/summary-statistics-on-beneficiary-enrollment/medicare-and-medicaid-reports/medicare-monthly-enrollment,2026-06,[source: CMS Medicare Monthly Enrollment 2026-06; ORGNL_MDCR_BENES]
FL,Bradford,Medicare FFS (Original Medicare),Medicare FFS,Medicare (Federal),FIPS 12007,,,3110,https://data.cms.gov/summary-statistics-on-beneficiary-enrollment/medicare-and-medicaid-reports/medicare-monthly-enrollment,2026-06,[source: CMS Medicare Monthly Enrollment 2026-06; ORGNL_MDCR_BENES]
FL,Brevard,Medicare FFS (Original Medicare),Medicare FFS,Medicare (Federal),FIPS 12009,,,90060,https://data.cms.gov/summary-statistics-on-beneficiary-enrollment/medicare-and-medicaid-reports/medicare-monthly-enrollment,2026-06,[source: CMS Medicare Monthly Enrollment 2026-06; ORGNL_MDCR_BENES]
FL,Broward,Medicare FFS (Original Medicare),Medicare FFS,Medicare (Federal),FIPS 12011,,,133954,https://data.cms.gov/summary-statistics-on-beneficiary-enrollment/medicare-and-medicaid-reports/medicare-monthly-enrollment,2026-06,[source: CMS Medicare Monthly Enrollment 2026-06; ORGNL_MDCR_BENES]
FL,Calhoun,Medicare FFS (Original Medicare),Medicare FFS,Medicare (Federal),FIPS 12013,,,1176,https://data.cms.gov/summary-statistics-on-beneficiary-enrollment/medicare-and-medicaid-reports/medicare-monthly-enrollment,2026-06,[source: CMS Medicare Monthly Enrollment 2026-06; ORGNL_MDCR_BENES]
FL,Charlotte,Medicare FFS (Original Medicare),Medicare FFS,Medicare (Federal),FIPS 12015,,,38857,https://data.cms.gov/summary-statistics-on-beneficiary-enrollment/medicare-and-medicaid-reports/medicare-monthly-enrollment,2026-06,[source: CMS Medicare Monthly Enrollment 2026-06; ORGNL_MDCR_BENES]
FL,Citrus,Medicare FFS (Original Medicare),Medicare FFS,Medicare (Federal),FIPS 12017,,,28060,https://data.cms.gov/summary-statistics-on-beneficiary-enrollment/medicare-and-medicaid-reports/medicare-monthly-enrollment,2026-06,[source: CMS Medicare Monthly Enrollment 2026-06; ORGNL_MDCR_BENES]
FL,Clay,Medicare FFS (Original Medicare),Medicare FFS,Medicare (Federal),FIPS 12019,,,29770,https://data.cms.gov/summary-statistics-on-beneficiary-enrollment/medicare-and-medicaid-reports/medicare-monthly-enrollment,2026-06,[source: CMS Medicare Monthly Enrollment 2026-06; ORGNL_MDCR_BENES]
FL,Collier,Medicare FFS (Original Medicare),Medicare FFS,Medicare (Federal),FIPS 12021,,,77092,https://data.cms.gov/summary-statistics-on-beneficiary-enrollment/medicare-and-medicaid-reports/medicare-monthly-enrollment,2026-06,[source: CMS Medicare Monthly Enrollment 2026-06; ORGNL_MDCR_BENES]
FL,Columbia,Medicare FFS (Original Medicare),Medicare FFS,Medicare (Federal),FIPS 12023,,,8920,https://data.cms.gov/summary-statistics-on-beneficiary-enrollment/medicare-and-medicaid-reports/medicare-monthly-enrollment,2026-06,[source: CMS Medicare Monthly Enrollment 2026-06; ORGNL_MDCR_BENES]
FL,DeSoto,Medicare FFS (Original Medicare),Medicare FFS,Medicare (Federal),FIPS 12027,,,3299,https://data.cms.gov/summary-statistics-on-beneficiary-enrollment/medicare-and-medicaid-reports/medicare-monthly-enrollment,2026-06,[source: CMS Medicare Monthly Enrollment 2026-06; ORGNL_MDCR_BENES]
FL,Dixie,Medicare FFS (Original Medicare),Medicare FFS,Medicare (Federal),FIPS 12029,,,1800,https://data.cms.gov/summary-statistics-on-beneficiary-enrollment/medicare-and-medicaid-reports/medicare-monthly-enrollment,2026-06,[source: CMS Medicare Monthly Enrollment 2026-06; ORGNL_MDCR_BENES]
FL,Duval,Medicare FFS (Original Medicare),Medicare FFS,Medicare (Federal),FIPS 12031,,,91795,https://data.cms.gov/summary-statistics-on-beneficiary-enrollment/medicare-and-medicaid-reports/medicare-monthly-enrollment,2026-06,[source: CMS Medicare Monthly Enrollment 2026-06; ORGNL_MDCR_BENES]
FL,Escambia,Medicare FFS (Original Medicare),Medicare FFS,Medicare (Federal),FIPS 12033,,,38769,https://data.cms.gov/summary-statistics-on-beneficiary-enrollment/medicare-and-medicaid-reports/medicare-monthly-enrollment,2026-06,[source: CMS Medicare Monthly Enrollment 2026-06; ORGNL_MDCR_BENES]
FL,Flagler,Medicare FFS (Original Medicare),Medicare FFS,Medicare (Federal),FIPS 12035,,,22290,https://data.cms.gov/summary-statistics-on-beneficiary-enrollment/medicare-and-medicaid-reports/medicare-monthly-enrollment,2026-06,[source: CMS Medicare Monthly Enrollment 2026-06; ORGNL_MDCR_BENES]
FL,Franklin,Medicare FFS (Original Medicare),Medicare FFS,Medicare (Federal),FIPS 12037,,,1683,https://data.cms.gov/summary-statistics-on-beneficiary-enrollment/medicare-and-medicaid-reports/medicare-monthly-enrollment,2026-06,[source: CMS Medicare Monthly Enrollment 2026-06; ORGNL_MDCR_BENES]
FL,Gadsden,Medicare FFS (Original Medicare),Medicare FFS,Medicare (Federal),FIPS 12039,,,3207,https://data.cms.gov/summary-statistics-on-beneficiary-enrollment/medicare-and-medicaid-reports/medicare-monthly-enrollment,2026-06,[source: CMS Medicare Monthly Enrollment 2026-06; ORGNL_MDCR_BENES]
FL,Gilchrist,Medicare FFS (Original Medicare),Medicare FFS,Medicare (Federal),FIPS 12041,,,2324,https://data.cms.gov/summary-statistics-on-beneficiary-enrollment/medicare-and-medicaid-reports/medicare-monthly-enrollment,2026-06,[source: CMS Medicare Monthly Enrollment 2026-06; ORGNL_MDCR_BENES]
FL,Glades,Medicare FFS (Original Medicare),Medicare FFS,Medicare (Federal),FIPS 12043,,,1059,https://data.cms.gov/summary-statistics-on-beneficiary-enrollment/medicare-and-medicaid-reports/medicare-monthly-enrollment,2026-06,[source: CMS Medicare Monthly Enrollment 2026-06; ORGNL_MDCR_BENES]
FL,Gulf,Medicare FFS (Original Medicare),Medicare FFS,Medicare (Federal),FIPS 12045,,,2484,https://data.cms.gov/summary-statistics-on-beneficiary-enrollment/medicare-and-medicaid-reports/medicare-monthly-enrollment,2026-06,[source: CMS Medicare Monthly Enrollment 2026-06; ORGNL_MDCR_BENES]
FL,Hamilton,Medicare FFS (Original Medicare),Medicare FFS,Medicare (Federal),FIPS 12047,,,1429,https://data.cms.gov/summary-statistics-on-beneficiary-enrollment/medicare-and-medicaid-reports/medicare-monthly-enrollment,2026-06,[source: CMS Medicare Monthly Enrollment 2026-06; ORGNL_MDCR_BENES]
FL,Hardee,Medicare FFS (Original Medicare),Medicare FFS,Medicare (Federal),FIPS 12049,,,1794,https://data.cms.gov/summary-statistics-on-beneficiary-enrollment/medicare-and-medicaid-reports/medicare-monthly-enrollment,2026-06,[source: CMS Medicare Monthly Enrollment 2026-06; ORGNL_MDCR_BENES]
FL,Hendry,Medicare FFS (Original Medicare),Medicare FFS,Medicare (Federal),FIPS 12051,,,2938,https://data.cms.gov/summary-statistics-on-beneficiary-enrollment/medicare-and-medicaid-reports/medicare-monthly-enrollment,2026-06,[source: CMS Medicare Monthly Enrollment 2026-06; ORGNL_MDCR_BENES]
FL,Hernando,Medicare FFS (Original Medicare),Medicare FFS,Medicare (Federal),FIPS 12053,,,20382,https://data.cms.gov/summary-statistics-on-beneficiary-enrollment/medicare-and-medicaid-reports/medicare-monthly-enrollment,2026-06,[source: CMS Medicare Monthly Enrollment 2026-06; ORGNL_MDCR_BENES]
FL,Highlands,Medicare FFS (Original Medicare),Medicare FFS,Medicare (Federal),FIPS 12055,,,15152,https://data.cms.gov/summary-statistics-on-beneficiary-enrollment/medicare-and-medicaid-reports/medicare-monthly-enrollment,2026-06,[source: CMS Medicare Monthly Enrollment 2026-06; ORGNL_MDCR_BENES]
FL,Hillsborough,Medicare FFS (Original Medicare),Medicare FFS,Medicare (Federal),FIPS 12057,,,104111,https://data.cms.gov/summary-statistics-on-beneficiary-enrollment/medicare-and-medicaid-reports/medicare-monthly-enrollment,2026-06,[source: CMS Medicare Monthly Enrollment 2026-06; ORGNL_MDCR_BENES]
FL,Holmes,Medicare FFS (Original Medicare),Medicare FFS,Medicare (Federal),FIPS 12059,,,2273,https://data.cms.gov/summary-statistics-on-beneficiary-enrollment/medicare-and-medicaid-reports/medicare-monthly-enrollment,2026-06,[source: CMS Medicare Monthly Enrollment 2026-06; ORGNL_MDCR_BENES]
FL,Indian River,Medicare FFS (Original Medicare),Medicare FFS,Medicare (Federal),FIPS 12061,,,36036,https://data.cms.gov/summary-statistics-on-beneficiary-enrollment/medicare-and-medicaid-reports/medicare-monthly-enrollment,2026-06,[source: CMS Medicare Monthly Enrollment 2026-06; ORGNL_MDCR_BENES]
FL,Jackson,Medicare FFS (Original Medicare),Medicare FFS,Medicare (Federal),FIPS 12063,,,5838,https://data.cms.gov/summary-statistics-on-beneficiary-enrollment/medicare-and-medicaid-reports/medicare-monthly-enrollment,2026-06,[source: CMS Medicare Monthly Enrollment 2026-06; ORGNL_MDCR_BENES]
FL,Jefferson,Medicare FFS (Original Medicare),Medicare FFS,Medicare (Federal),FIPS 12065,,,1541,https://data.cms.gov/summary-statistics-on-beneficiary-enrollment/medicare-and-medicaid-reports/medicare-monthly-enrollment,2026-06,[source: CMS Medicare Monthly Enrollment 2026-06; ORGNL_MDCR_BENES]
FL,Lafayette,Medicare FFS (Original Medicare),Medicare FFS,Medicare (Federal),FIPS 12067,,,824,https://data.cms.gov/summary-statistics-on-beneficiary-enrollment/medicare-and-medicaid-reports/medicare-monthly-enrollment,2026-06,[source: CMS Medicare Monthly Enrollment 2026-06; ORGNL_MDCR_BENES]
FL,Lake,Medicare FFS (Original Medicare),Medicare FFS,Medicare (Federal),FIPS 12069,,,54578,https://data.cms.gov/summary-statistics-on-beneficiary-enrollment/medicare-and-medicaid-reports/medicare-monthly-enrollment,2026-06,[source: CMS Medicare Monthly Enrollment 2026-06; ORGNL_MDCR_BENES]
FL,Lee,Medicare FFS (Original Medicare),Medicare FFS,Medicare (Federal),FIPS 12071,,,112788,https://data.cms.gov/summary-statistics-on-beneficiary-enrollment/medicare-and-medicaid-reports/medicare-monthly-enrollment,2026-06,[source: CMS Medicare Monthly Enrollment 2026-06; ORGNL_MDCR_BENES]
FL,Leon,Medicare FFS (Original Medicare),Medicare FFS,Medicare (Federal),FIPS 12073,,,21177,https://data.cms.gov/summary-statistics-on-beneficiary-enrollment/medicare-and-medicaid-reports/medicare-monthly-enrollment,2026-06,[source: CMS Medicare Monthly Enrollment 2026-06; ORGNL_MDCR_BENES]
FL,Levy,Medicare FFS (Original Medicare),Medicare FFS,Medicare (Federal),FIPS 12075,,,5984,https://data.cms.gov/summary-statistics-on-beneficiary-enrollment/medicare-and-medicaid-reports/medicare-monthly-enrollment,2026-06,[source: CMS Medicare Monthly Enrollment 2026-06; ORGNL_MDCR_BENES]
FL,Liberty,Medicare FFS (Original Medicare),Medicare FFS,Medicare (Federal),FIPS 12077,,,481,https://data.cms.gov/summary-statistics-on-beneficiary-enrollment/medicare-and-medicaid-reports/medicare-monthly-enrollment,2026-06,[source: CMS Medicare Monthly Enrollment 2026-06; ORGNL_MDCR_BENES]
FL,Madison,Medicare FFS (Original Medicare),Medicare FFS,Medicare (Federal),FIPS 12079,,,2218,https://data.cms.gov/summary-statistics-on-beneficiary-enrollment/medicare-and-medicaid-reports/medicare-monthly-enrollment,2026-06,[source: CMS Medicare Monthly Enrollment 2026-06; ORGNL_MDCR_BENES]
FL,Manatee,Medicare FFS (Original Medicare),Medicare FFS,Medicare (Federal),FIPS 12081,,,63849,https://data.cms.gov/summary-statistics-on-beneficiary-enrollment/medicare-and-medicaid-reports/medicare-monthly-enrollment,2026-06,[source: CMS Medicare Monthly Enrollment 2026-06; ORGNL_MDCR_BENES]
FL,Marion,Medicare FFS (Original Medicare),Medicare FFS,Medicare (Federal),FIPS 12083,,,52892,https://data.cms.gov/summary-statistics-on-beneficiary-enrollment/medicare-and-medicaid-reports/medicare-monthly-enrollment,2026-06,[source: CMS Medicare Monthly Enrollment 2026-06; ORGNL_MDCR_BENES]
FL,Martin,Medicare FFS (Original Medicare),Medicare FFS,Medicare (Federal),FIPS 12085,,,31361,https://data.cms.gov/summary-statistics-on-beneficiary-enrollment/medicare-and-medicaid-reports/medicare-monthly-enrollment,2026-06,[source: CMS Medicare Monthly Enrollment 2026-06; ORGNL_MDCR_BENES]
FL,Miami-Dade,Medicare FFS (Original Medicare),Medicare FFS,Medicare (Federal),FIPS 12086,,,129837,https://data.cms.gov/summary-statistics-on-beneficiary-enrollment/medicare-and-medicaid-reports/medicare-monthly-enrollment,2026-06,[source: CMS Medicare Monthly Enrollment 2026-06; ORGNL_MDCR_BENES]
FL,Monroe,Medicare FFS (Original Medicare),Medicare FFS,Medicare (Federal),FIPS 12087,,,14644,https://data.cms.gov/summary-statistics-on-beneficiary-enrollment/medicare-and-medicaid-reports/medicare-monthly-enrollment,2026-06,[source: CMS Medicare Monthly Enrollment 2026-06; ORGNL_MDCR_BENES]
FL,Nassau,Medicare FFS (Original Medicare),Medicare FFS,Medicare (Federal),FIPS 12089,,,17234,https://data.cms.gov/summary-statistics-on-beneficiary-enrollment/medicare-and-medicaid-reports/medicare-monthly-enrollment,2026-06,[source: CMS Medicare Monthly Enrollment 2026-06; ORGNL_MDCR_BENES]
FL,Okaloosa,Medicare FFS (Original Medicare),Medicare FFS,Medicare (Federal),FIPS 12091,,,30561,https://data.cms.gov/summary-statistics-on-beneficiary-enrollment/medicare-and-medicaid-reports/medicare-monthly-enrollment,2026-06,[source: CMS Medicare Monthly Enrollment 2026-06; ORGNL_MDCR_BENES]
FL,Okeechobee,Medicare FFS (Original Medicare),Medicare FFS,Medicare (Federal),FIPS 12093,,,3886,https://data.cms.gov/summary-statistics-on-beneficiary-enrollment/medicare-and-medicaid-reports/medicare-monthly-enrollment,2026-06,[source: CMS Medicare Monthly Enrollment 2026-06; ORGNL_MDCR_BENES]
FL,Orange,Medicare FFS (Original Medicare),Medicare FFS,Medicare (Federal),FIPS 12095,,,88077,https://data.cms.gov/summary-statistics-on-beneficiary-enrollment/medicare-and-medicaid-reports/medicare-monthly-enrollment,2026-06,[source: CMS Medicare Monthly Enrollment 2026-06; ORGNL_MDCR_BENES]
FL,Osceola,Medicare FFS (Original Medicare),Medicare FFS,Medicare (Federal),FIPS 12097,,,21705,https://data.cms.gov/summary-statistics-on-beneficiary-enrollment/medicare-and-medicaid-reports/medicare-monthly-enrollment,2026-06,[source: CMS Medicare Monthly Enrollment 2026-06; ORGNL_MDCR_BENES]
FL,Palm Beach,Medicare FFS (Original Medicare),Medicare FFS,Medicare (Federal),FIPS 12099,,,192500,https://data.cms.gov/summary-statistics-on-beneficiary-enrollment/medicare-and-medicaid-reports/medicare-monthly-enrollment,2026-06,[source: CMS Medicare Monthly Enrollment 2026-06; ORGNL_MDCR_BENES]
FL,Pasco,Medicare FFS (Original Medicare),Medicare FFS,Medicare (Federal),FIPS 12101,,,50470,https://data.cms.gov/summary-statistics-on-beneficiary-enrollment/medicare-and-medicaid-reports/medicare-monthly-enrollment,2026-06,[source: CMS Medicare Monthly Enrollment 2026-06; ORGNL_MDCR_BENES]
FL,Pinellas,Medicare FFS (Original Medicare),Medicare FFS,Medicare (Federal),FIPS 12103,,,104499,https://data.cms.gov/summary-statistics-on-beneficiary-enrollment/medicare-and-medicaid-reports/medicare-monthly-enrollment,2026-06,[source: CMS Medicare Monthly Enrollment 2026-06; ORGNL_MDCR_BENES]
FL,Polk,Medicare FFS (Original Medicare),Medicare FFS,Medicare (Federal),FIPS 12105,,,57865,https://data.cms.gov/summary-statistics-on-beneficiary-enrollment/medicare-and-medicaid-reports/medicare-monthly-enrollment,2026-06,[source: CMS Medicare Monthly Enrollment 2026-06; ORGNL_MDCR_BENES]
FL,Putnam,Medicare FFS (Original Medicare),Medicare FFS,Medicare (Federal),FIPS 12107,,,9214,https://data.cms.gov/summary-statistics-on-beneficiary-enrollment/medicare-and-medicaid-reports/medicare-monthly-enrollment,2026-06,[source: CMS Medicare Monthly Enrollment 2026-06; ORGNL_MDCR_BENES]
FL,Santa Rosa,Medicare FFS (Original Medicare),Medicare FFS,Medicare (Federal),FIPS 12113,,,24346,https://data.cms.gov/summary-statistics-on-beneficiary-enrollment/medicare-and-medicaid-reports/medicare-monthly-enrollment,2026-06,[source: CMS Medicare Monthly Enrollment 2026-06; ORGNL_MDCR_BENES]
FL,Sarasota,Medicare FFS (Original Medicare),Medicare FFS,Medicare (Federal),FIPS 12115,,,95559,https://data.cms.gov/summary-statistics-on-beneficiary-enrollment/medicare-and-medicaid-reports/medicare-monthly-enrollment,2026-06,[source: CMS Medicare Monthly Enrollment 2026-06; ORGNL_MDCR_BENES]
FL,Seminole,Medicare FFS (Original Medicare),Medicare FFS,Medicare (Federal),FIPS 12117,,,41832,https://data.cms.gov/summary-statistics-on-beneficiary-enrollment/medicare-and-medicaid-reports/medicare-monthly-enrollment,2026-06,[source: CMS Medicare Monthly Enrollment 2026-06; ORGNL_MDCR_BENES]
FL,St. Johns,Medicare FFS (Original Medicare),Medicare FFS,Medicare (Federal),FIPS 12109,,,49368,https://data.cms.gov/summary-statistics-on-beneficiary-enrollment/medicare-and-medicaid-reports/medicare-monthly-enrollment,2026-06,[source: CMS Medicare Monthly Enrollment 2026-06; ORGNL_MDCR_BENES]
FL,St. Lucie,Medicare FFS (Original Medicare),Medicare FFS,Medicare (Federal),FIPS 12111,,,43687,https://data.cms.gov/summary-statistics-on-beneficiary-enrollment/medicare-and-medicaid-reports/medicare-monthly-enrollment,2026-06,[source: CMS Medicare Monthly Enrollment 2026-06; ORGNL_MDCR_BENES]
FL,Sumter,Medicare FFS (Original Medicare),Medicare FFS,Medicare (Federal),FIPS 12119,,,39423,https://data.cms.gov/summary-statistics-on-beneficiary-enrollment/medicare-and-medicaid-reports/medicare-monthly-enrollment,2026-06,[source: CMS Medicare Monthly Enrollment 2026-06; ORGNL_MDCR_BENES]
FL,Suwannee,Medicare FFS (Original Medicare),Medicare FFS,Medicare (Federal),FIPS 12121,,,5751,https://data.cms.gov/summary-statistics-on-beneficiary-enrollment/medicare-and-medicaid-reports/medicare-monthly-enrollment,2026-06,[source: CMS Medicare Monthly Enrollment 2026-06; ORGNL_MDCR_BENES]
FL,Taylor,Medicare FFS (Original Medicare),Medicare FFS,Medicare (Federal),FIPS 12123,,,2362,https://data.cms.gov/summary-statistics-on-beneficiary-enrollment/medicare-and-medicaid-reports/medicare-monthly-enrollment,2026-06,[source: CMS Medicare Monthly Enrollment 2026-06; ORGNL_MDCR_BENES]
FL,Union,Medicare FFS (Original Medicare),Medicare FFS,Medicare (Federal),FIPS 12125,,,1239,https://data.cms.gov/summary-statistics-on-beneficiary-enrollment/medicare-and-medicaid-reports/medicare-monthly-enrollment,2026-06,[source: CMS Medicare Monthly Enrollment 2026-06; ORGNL_MDCR_BENES]
FL,Volusia,Medicare FFS (Original Medicare),Medicare FFS,Medicare (Federal),FIPS 12127,,,68145,https://data.cms.gov/summary-statistics-on-beneficiary-enrollment/medicare-and-medicaid-reports/medicare-monthly-enrollment,2026-06,[source: CMS Medicare Monthly Enrollment 2026-06; ORGNL_MDCR_BENES]
FL,Wakulla,Medicare FFS (Original Medicare),Medicare FFS,Medicare (Federal),FIPS 12129,,,2822,https://data.cms.gov/summary-statistics-on-beneficiary-enrollment/medicare-and-medicaid-reports/medicare-monthly-enrollment,2026-06,[source: CMS Medicare Monthly Enrollment 2026-06; ORGNL_MDCR_BENES]
FL,Walton,Medicare FFS (Original Medicare),Medicare FFS,Medicare (Federal),FIPS 12131,,,11934,https://data.cms.gov/summary-statistics-on-beneficiary-enrollment/medicare-and-medicaid-reports/medicare-monthly-enrollment,2026-06,[source: CMS Medicare Monthly Enrollment 2026-06; ORGNL_MDCR_BENES]
FL,Washington,Medicare FFS (Original Medicare),Medicare FFS,Medicare (Federal),FIPS 12133,,,3070,https://data.cms.gov/summary-statistics-on-beneficiary-enrollment/medicare-and-medicaid-reports/medicare-monthly-enrollment,2026-06,[source: CMS Medicare Monthly Enrollment 2026-06; ORGNL_MDCR_BENES]
GA,Appling,Medicare FFS (Original Medicare),Medicare FFS,Medicare (Federal),FIPS 13001,,,1540,https://data.cms.gov/summary-statistics-on-beneficiary-enrollment/medicare-and-medicaid-reports/medicare-monthly-enrollment,2026-06,[source: CMS Medicare Monthly Enrollment 2026-06; ORGNL_MDCR_BENES]
GA,Atkinson,Medicare FFS (Original Medicare),Medicare FFS,Medicare (Federal),FIPS 13003,,,470,https://data.cms.gov/summary-statistics-on-beneficiary-enrollment/medicare-and-medicaid-reports/medicare-monthly-enrollment,2026-06,[source: CMS Medicare Monthly Enrollment 2026-06; ORGNL_MDCR_BENES]
GA,Bacon,Medicare FFS (Original Medicare),Medicare FFS,Medicare (Federal),FIPS 13005,,,992,https://data.cms.gov/summary-statistics-on-beneficiary-enrollment/medicare-and-medicaid-reports/medicare-monthly-enrollment,2026-06,[source: CMS Medicare Monthly Enrollment 2026-06; ORGNL_MDCR_BENES]
GA,Baker,Medicare FFS (Original Medicare),Medicare FFS,Medicare (Federal),FIPS 13007,,,180,https://data.cms.gov/summary-statistics-on-beneficiary-enrollment/medicare-and-medicaid-reports/medicare-monthly-enrollment,2026-06,[source: CMS Medicare Monthly Enrollment 2026-06; ORGNL_MDCR_BENES]
GA,Baldwin,Medicare FFS (Original Medicare),Medicare FFS,Medicare (Federal),FIPS 13009,,,3339,https://data.cms.gov/summary-statistics-on-beneficiary-enrollment/medicare-and-medicaid-reports/medicare-monthly-enrollment,2026-06,[source: CMS Medicare Monthly Enrollment 2026-06; ORGNL_MDCR_BENES]
GA,Banks,Medicare FFS (Original Medicare),Medicare FFS,Medicare (Federal),FIPS 13011,,,1762,https://data.cms.gov/summary-statistics-on-beneficiary-enrollment/medicare-and-medicaid-reports/medicare-monthly-enrollment,2026-06,[source: CMS Medicare Monthly Enrollment 2026-06; ORGNL_MDCR_BENES]
GA,Barrow,Medicare FFS (Original Medicare),Medicare FFS,Medicare (Federal),FIPS 13013,,,6915,https://data.cms.gov/summary-statistics-on-beneficiary-enrollment/medicare-and-medicaid-reports/medicare-monthly-enrollment,2026-06,[source: CMS Medicare Monthly Enrollment 2026-06; ORGNL_MDCR_BENES]
GA,Bartow,Medicare FFS (Original Medicare),Medicare FFS,Medicare (Federal),FIPS 13015,,,9637,https://data.cms.gov/summary-statistics-on-beneficiary-enrollment/medicare-and-medicaid-reports/medicare-monthly-enrollment,2026-06,[source: CMS Medicare Monthly Enrollment 2026-06; ORGNL_MDCR_BENES]
GA,Ben Hill,Medicare FFS (Original Medicare),Medicare FFS,Medicare (Federal),FIPS 13017,,,1321,https://data.cms.gov/summary-statistics-on-beneficiary-enrollment/medicare-and-medicaid-reports/medicare-monthly-enrollment,2026-06,[source: CMS Medicare Monthly Enrollment 2026-06; ORGNL_MDCR_BENES]
GA,Berrien,Medicare FFS (Original Medicare),Medicare FFS,Medicare (Federal),FIPS 13019,,,1713,https://data.cms.gov/summary-statistics-on-beneficiary-enrollment/medicare-and-medicaid-reports/medicare-monthly-enrollment,2026-06,[source: CMS Medicare Monthly Enrollment 2026-06; ORGNL_MDCR_BENES]
GA,Bibb,Medicare FFS (Original Medicare),Medicare FFS,Medicare (Federal),FIPS 13021,,,13627,https://data.cms.gov/summary-statistics-on-beneficiary-enrollment/medicare-and-medicaid-reports/medicare-monthly-enrollment,2026-06,[source: CMS Medicare Monthly Enrollment 2026-06; ORGNL_MDCR_BENES]
GA,Bleckley,Medicare FFS (Original Medicare),Medicare FFS,Medicare (Federal),FIPS 13023,,,1421,https://data.cms.gov/summary-statistics-on-beneficiary-enrollment/medicare-and-medicaid-reports/medicare-monthly-enrollment,2026-06,[source: CMS Medicare Monthly Enrollment 2026-06; ORGNL_MDCR_BENES]
GA,Brantley,Medicare FFS (Original Medicare),Medicare FFS,Medicare (Federal),FIPS 13025,,,1737,https://data.cms.gov/summary-statistics-on-beneficiary-enrollment/medicare-and-medicaid-reports/medicare-monthly-enrollment,2026-06,[source: CMS Medicare Monthly Enrollment 2026-06; ORGNL_MDCR_BENES]
GA,Brooks,Medicare FFS (Original Medicare),Medicare FFS,Medicare (Federal),FIPS 13027,,,1593,https://data.cms.gov/summary-statistics-on-beneficiary-enrollment/medicare-and-medicaid-reports/medicare-monthly-enrollment,2026-06,[source: CMS Medicare Monthly Enrollment 2026-06; ORGNL_MDCR_BENES]
GA,Bryan,Medicare FFS (Original Medicare),Medicare FFS,Medicare (Federal),FIPS 13029,,,3952,https://data.cms.gov/summary-statistics-on-beneficiary-enrollment/medicare-and-medicaid-reports/medicare-monthly-enrollment,2026-06,[source: CMS Medicare Monthly Enrollment 2026-06; ORGNL_MDCR_BENES]
GA,Bulloch,Medicare FFS (Original Medicare),Medicare FFS,Medicare (Federal),FIPS 13031,,,5423,https://data.cms.gov/summary-statistics-on-beneficiary-enrollment/medicare-and-medicaid-reports/medicare-monthly-enrollment,2026-06,[source: CMS Medicare Monthly Enrollment 2026-06; ORGNL_MDCR_BENES]
GA,Burke,Medicare FFS (Original Medicare),Medicare FFS,Medicare (Federal),FIPS 13033,,,1572,https://data.cms.gov/summary-statistics-on-beneficiary-enrollment/medicare-and-medicaid-reports/medicare-monthly-enrollment,2026-06,[source: CMS Medicare Monthly Enrollment 2026-06; ORGNL_MDCR_BENES]
GA,Butts,Medicare FFS (Original Medicare),Medicare FFS,Medicare (Federal),FIPS 13035,,,2025,https://data.cms.gov/summary-statistics-on-beneficiary-enrollment/medicare-and-medicaid-reports/medicare-monthly-enrollment,2026-06,[source: CMS Medicare Monthly Enrollment 2026-06; ORGNL_MDCR_BENES]
GA,Calhoun,Medicare FFS (Original Medicare),Medicare FFS,Medicare (Federal),FIPS 13037,,,426,https://data.cms.gov/summary-statistics-on-beneficiary-enrollment/medicare-and-medicaid-reports/medicare-monthly-enrollment,2026-06,[source: CMS Medicare Monthly Enrollment 2026-06; ORGNL_MDCR_BENES]
GA,Camden,Medicare FFS (Original Medicare),Medicare FFS,Medicare (Federal),FIPS 13039,,,6721,https://data.cms.gov/summary-statistics-on-beneficiary-enrollment/medicare-and-medicaid-reports/medicare-monthly-enrollment,2026-06,[source: CMS Medicare Monthly Enrollment 2026-06; ORGNL_MDCR_BENES]
GA,Candler,Medicare FFS (Original Medicare),Medicare FFS,Medicare (Federal),FIPS 13043,,,835,https://data.cms.gov/summary-statistics-on-beneficiary-enrollment/medicare-and-medicaid-reports/medicare-monthly-enrollment,2026-06,[source: CMS Medicare Monthly Enrollment 2026-06; ORGNL_MDCR_BENES]
GA,Carroll,Medicare FFS (Original Medicare),Medicare FFS,Medicare (Federal),FIPS 13045,,,10479,https://data.cms.gov/summary-statistics-on-beneficiary-enrollment/medicare-and-medicaid-reports/medicare-monthly-enrollment,2026-06,[source: CMS Medicare Monthly Enrollment 2026-06; ORGNL_MDCR_BENES]
GA,Catoosa,Medicare FFS (Original Medicare),Medicare FFS,Medicare (Federal),FIPS 13047,,,6681,https://data.cms.gov/summary-statistics-on-beneficiary-enrollment/medicare-and-medicaid-reports/medicare-monthly-enrollment,2026-06,[source: CMS Medicare Monthly Enrollment 2026-06; ORGNL_MDCR_BENES]
GA,Charlton,Medicare FFS (Original Medicare),Medicare FFS,Medicare (Federal),FIPS 13049,,,1073,https://data.cms.gov/summary-statistics-on-beneficiary-enrollment/medicare-and-medicaid-reports/medicare-monthly-enrollment,2026-06,[source: CMS Medicare Monthly Enrollment 2026-06; ORGNL_MDCR_BENES]
GA,Chatham,Medicare FFS (Original Medicare),Medicare FFS,Medicare (Federal),FIPS 13051,,,25930,https://data.cms.gov/summary-statistics-on-beneficiary-enrollment/medicare-and-medicaid-reports/medicare-monthly-enrollment,2026-06,[source: CMS Medicare Monthly Enrollment 2026-06; ORGNL_MDCR_BENES]
GA,Chattahoochee,Medicare FFS (Original Medicare),Medicare FFS,Medicare (Federal),FIPS 13053,,,234,https://data.cms.gov/summary-statistics-on-beneficiary-enrollment/medicare-and-medicaid-reports/medicare-monthly-enrollment,2026-06,[source: CMS Medicare Monthly Enrollment 2026-06; ORGNL_MDCR_BENES]
GA,Chattooga,Medicare FFS (Original Medicare),Medicare FFS,Medicare (Federal),FIPS 13055,,,2022,https://data.cms.gov/summary-statistics-on-beneficiary-enrollment/medicare-and-medicaid-reports/medicare-monthly-enrollment,2026-06,[source: CMS Medicare Monthly Enrollment 2026-06; ORGNL_MDCR_BENES]
GA,Cherokee,Medicare FFS (Original Medicare),Medicare FFS,Medicare (Federal),FIPS 13057,,,30131,https://data.cms.gov/summary-statistics-on-beneficiary-enrollment/medicare-and-medicaid-reports/medicare-monthly-enrollment,2026-06,[source: CMS Medicare Monthly Enrollment 2026-06; ORGNL_MDCR_BENES]
GA,Clarke,Medicare FFS (Original Medicare),Medicare FFS,Medicare (Federal),FIPS 13059,,,9119,https://data.cms.gov/summary-statistics-on-beneficiary-enrollment/medicare-and-medicaid-reports/medicare-monthly-enrollment,2026-06,[source: CMS Medicare Monthly Enrollment 2026-06; ORGNL_MDCR_BENES]
GA,Clay,Medicare FFS (Original Medicare),Medicare FFS,Medicare (Federal),FIPS 13061,,,257,https://data.cms.gov/summary-statistics-on-beneficiary-enrollment/medicare-and-medicaid-reports/medicare-monthly-enrollment,2026-06,[source: CMS Medicare Monthly Enrollment 2026-06; ORGNL_MDCR_BENES]
GA,Clayton,Medicare FFS (Original Medicare),Medicare FFS,Medicare (Federal),FIPS 13063,,,12324,https://data.cms.gov/summary-statistics-on-beneficiary-enrollment/medicare-and-medicaid-reports/medicare-monthly-enrollment,2026-06,[source: CMS Medicare Monthly Enrollment 2026-06; ORGNL_MDCR_BENES]
GA,Clinch,Medicare FFS (Original Medicare),Medicare FFS,Medicare (Federal),FIPS 13065,,,541,https://data.cms.gov/summary-statistics-on-beneficiary-enrollment/medicare-and-medicaid-reports/medicare-monthly-enrollment,2026-06,[source: CMS Medicare Monthly Enrollment 2026-06; ORGNL_MDCR_BENES]
GA,Cobb,Medicare FFS (Original Medicare),Medicare FFS,Medicare (Federal),FIPS 13067,,,63310,https://data.cms.gov/summary-statistics-on-beneficiary-enrollment/medicare-and-medicaid-reports/medicare-monthly-enrollment,2026-06,[source: CMS Medicare Monthly Enrollment 2026-06; ORGNL_MDCR_BENES]
GA,Coffee,Medicare FFS (Original Medicare),Medicare FFS,Medicare (Federal),FIPS 13069,,,2955,https://data.cms.gov/summary-statistics-on-beneficiary-enrollment/medicare-and-medicaid-reports/medicare-monthly-enrollment,2026-06,[source: CMS Medicare Monthly Enrollment 2026-06; ORGNL_MDCR_BENES]
GA,Colquitt,Medicare FFS (Original Medicare),Medicare FFS,Medicare (Federal),FIPS 13071,,,3167,https://data.cms.gov/summary-statistics-on-beneficiary-enrollment/medicare-and-medicaid-reports/medicare-monthly-enrollment,2026-06,[source: CMS Medicare Monthly Enrollment 2026-06; ORGNL_MDCR_BENES]
GA,Columbia,Medicare FFS (Original Medicare),Medicare FFS,Medicare (Federal),FIPS 13073,,,16451,https://data.cms.gov/summary-statistics-on-beneficiary-enrollment/medicare-and-medicaid-reports/medicare-monthly-enrollment,2026-06,[source: CMS Medicare Monthly Enrollment 2026-06; ORGNL_MDCR_BENES]
GA,Cook,Medicare FFS (Original Medicare),Medicare FFS,Medicare (Federal),FIPS 13075,,,1452,https://data.cms.gov/summary-statistics-on-beneficiary-enrollment/medicare-and-medicaid-reports/medicare-monthly-enrollment,2026-06,[source: CMS Medicare Monthly Enrollment 2026-06; ORGNL_MDCR_BENES]
GA,Coweta,Medicare FFS (Original Medicare),Medicare FFS,Medicare (Federal),FIPS 13077,,,13933,https://data.cms.gov/summary-statistics-on-beneficiary-enrollment/medicare-and-medicaid-reports/medicare-monthly-enrollment,2026-06,[source: CMS Medicare Monthly Enrollment 2026-06; ORGNL_MDCR_BENES]
GA,Crawford,Medicare FFS (Original Medicare),Medicare FFS,Medicare (Federal),FIPS 13079,,,1123,https://data.cms.gov/summary-statistics-on-beneficiary-enrollment/medicare-and-medicaid-reports/medicare-monthly-enrollment,2026-06,[source: CMS Medicare Monthly Enrollment 2026-06; ORGNL_MDCR_BENES]
GA,Crisp,Medicare FFS (Original Medicare),Medicare FFS,Medicare (Federal),FIPS 13081,,,1700,https://data.cms.gov/summary-statistics-on-beneficiary-enrollment/medicare-and-medicaid-reports/medicare-monthly-enrollment,2026-06,[source: CMS Medicare Monthly Enrollment 2026-06; ORGNL_MDCR_BENES]
GA,Dade,Medicare FFS (Original Medicare),Medicare FFS,Medicare (Federal),FIPS 13083,,,1720,https://data.cms.gov/summary-statistics-on-beneficiary-enrollment/medicare-and-medicaid-reports/medicare-monthly-enrollment,2026-06,[source: CMS Medicare Monthly Enrollment 2026-06; ORGNL_MDCR_BENES]
GA,Dawson,Medicare FFS (Original Medicare),Medicare FFS,Medicare (Federal),FIPS 13085,,,3688,https://data.cms.gov/summary-statistics-on-beneficiary-enrollment/medicare-and-medicaid-reports/medicare-monthly-enrollment,2026-06,[source: CMS Medicare Monthly Enrollment 2026-06; ORGNL_MDCR_BENES]
GA,DeKalb,Medicare FFS (Original Medicare),Medicare FFS,Medicare (Federal),FIPS 13089,,,48896,https://data.cms.gov/summary-statistics-on-beneficiary-enrollment/medicare-and-medicaid-reports/medicare-monthly-enrollment,2026-06,[source: CMS Medicare Monthly Enrollment 2026-06; ORGNL_MDCR_BENES]
GA,Decatur,Medicare FFS (Original Medicare),Medicare FFS,Medicare (Federal),FIPS 13087,,,2331,https://data.cms.gov/summary-statistics-on-beneficiary-enrollment/medicare-and-medicaid-reports/medicare-monthly-enrollment,2026-06,[source: CMS Medicare Monthly Enrollment 2026-06; ORGNL_MDCR_BENES]
GA,Dodge,Medicare FFS (Original Medicare),Medicare FFS,Medicare (Federal),FIPS 13091,,,1755,https://data.cms.gov/summary-statistics-on-beneficiary-enrollment/medicare-and-medicaid-reports/medicare-monthly-enrollment,2026-06,[source: CMS Medicare Monthly Enrollment 2026-06; ORGNL_MDCR_BENES]
GA,Dooly,Medicare FFS (Original Medicare),Medicare FFS,Medicare (Federal),FIPS 13093,,,794,https://data.cms.gov/summary-statistics-on-beneficiary-enrollment/medicare-and-medicaid-reports/medicare-monthly-enrollment,2026-06,[source: CMS Medicare Monthly Enrollment 2026-06; ORGNL_MDCR_BENES]
GA,Dougherty,Medicare FFS (Original Medicare),Medicare FFS,Medicare (Federal),FIPS 13095,,,6346,https://data.cms.gov/summary-statistics-on-beneficiary-enrollment/medicare-and-medicaid-reports/medicare-monthly-enrollment,2026-06,[source: CMS Medicare Monthly Enrollment 2026-06; ORGNL_MDCR_BENES]
GA,Douglas,Medicare FFS (Original Medicare),Medicare FFS,Medicare (Federal),FIPS 13097,,,9598,https://data.cms.gov/summary-statistics-on-beneficiary-enrollment/medicare-and-medicaid-reports/medicare-monthly-enrollment,2026-06,[source: CMS Medicare Monthly Enrollment 2026-06; ORGNL_MDCR_BENES]
GA,Early,Medicare FFS (Original Medicare),Medicare FFS,Medicare (Federal),FIPS 13099,,,921,https://data.cms.gov/summary-statistics-on-beneficiary-enrollment/medicare-and-medicaid-reports/medicare-monthly-enrollment,2026-06,[source: CMS Medicare Monthly Enrollment 2026-06; ORGNL_MDCR_BENES]
GA,Echols,Medicare FFS (Original Medicare),Medicare FFS,Medicare (Federal),FIPS 13101,,,268,https://data.cms.gov/summary-statistics-on-beneficiary-enrollment/medicare-and-medicaid-reports/medicare-monthly-enrollment,2026-06,[source: CMS Medicare Monthly Enrollment 2026-06; ORGNL_MDCR_BENES]
GA,Effingham,Medicare FFS (Original Medicare),Medicare FFS,Medicare (Federal),FIPS 13103,,,5451,https://data.cms.gov/summary-statistics-on-beneficiary-enrollment/medicare-and-medicaid-reports/medicare-monthly-enrollment,2026-06,[source: CMS Medicare Monthly Enrollment 2026-06; ORGNL_MDCR_BENES]
GA,Elbert,Medicare FFS (Original Medicare),Medicare FFS,Medicare (Federal),FIPS 13105,,,2059,https://data.cms.gov/summary-statistics-on-beneficiary-enrollment/medicare-and-medicaid-reports/medicare-monthly-enrollment,2026-06,[source: CMS Medicare Monthly Enrollment 2026-06; ORGNL_MDCR_BENES]
GA,Emanuel,Medicare FFS (Original Medicare),Medicare FFS,Medicare (Federal),FIPS 13107,,,1729,https://data.cms.gov/summary-statistics-on-beneficiary-enrollment/medicare-and-medicaid-reports/medicare-monthly-enrollment,2026-06,[source: CMS Medicare Monthly Enrollment 2026-06; ORGNL_MDCR_BENES]
GA,Evans,Medicare FFS (Original Medicare),Medicare FFS,Medicare (Federal),FIPS 13109,,,858,https://data.cms.gov/summary-statistics-on-beneficiary-enrollment/medicare-and-medicaid-reports/medicare-monthly-enrollment,2026-06,[source: CMS Medicare Monthly Enrollment 2026-06; ORGNL_MDCR_BENES]
GA,Fannin,Medicare FFS (Original Medicare),Medicare FFS,Medicare (Federal),FIPS 13111,,,4932,https://data.cms.gov/summary-statistics-on-beneficiary-enrollment/medicare-and-medicaid-reports/medicare-monthly-enrollment,2026-06,[source: CMS Medicare Monthly Enrollment 2026-06; ORGNL_MDCR_BENES]
GA,Fayette,Medicare FFS (Original Medicare),Medicare FFS,Medicare (Federal),FIPS 13113,,,14819,https://data.cms.gov/summary-statistics-on-beneficiary-enrollment/medicare-and-medicaid-reports/medicare-monthly-enrollment,2026-06,[source: CMS Medicare Monthly Enrollment 2026-06; ORGNL_MDCR_BENES]
GA,Floyd,Medicare FFS (Original Medicare),Medicare FFS,Medicare (Federal),FIPS 13115,,,9755,https://data.cms.gov/summary-statistics-on-beneficiary-enrollment/medicare-and-medicaid-reports/medicare-monthly-enrollment,2026-06,[source: CMS Medicare Monthly Enrollment 2026-06; ORGNL_MDCR_BENES]
GA,Forsyth,Medicare FFS (Original Medicare),Medicare FFS,Medicare (Federal),FIPS 13117,,,19828,https://data.cms.gov/summary-statistics-on-beneficiary-enrollment/medicare-and-medicaid-reports/medicare-monthly-enrollment,2026-06,[source: CMS Medicare Monthly Enrollment 2026-06; ORGNL_MDCR_BENES]
GA,Franklin,Medicare FFS (Original Medicare),Medicare FFS,Medicare (Federal),FIPS 13119,,,2520,https://data.cms.gov/summary-statistics-on-beneficiary-enrollment/medicare-and-medicaid-reports/medicare-monthly-enrollment,2026-06,[source: CMS Medicare Monthly Enrollment 2026-06; ORGNL_MDCR_BENES]
GA,Fulton,Medicare FFS (Original Medicare),Medicare FFS,Medicare (Federal),FIPS 13121,,,75651,https://data.cms.gov/summary-statistics-on-beneficiary-enrollment/medicare-and-medicaid-reports/medicare-monthly-enrollment,2026-06,[source: CMS Medicare Monthly Enrollment 2026-06; ORGNL_MDCR_BENES]
GA,Gilmer,Medicare FFS (Original Medicare),Medicare FFS,Medicare (Federal),FIPS 13123,,,5468,https://data.cms.gov/summary-statistics-on-beneficiary-enrollment/medicare-and-medicaid-reports/medicare-monthly-enrollment,2026-06,[source: CMS Medicare Monthly Enrollment 2026-06; ORGNL_MDCR_BENES]
GA,Glascock,Medicare FFS (Original Medicare),Medicare FFS,Medicare (Federal),FIPS 13125,,,300,https://data.cms.gov/summary-statistics-on-beneficiary-enrollment/medicare-and-medicaid-reports/medicare-monthly-enrollment,2026-06,[source: CMS Medicare Monthly Enrollment 2026-06; ORGNL_MDCR_BENES]
GA,Glynn,Medicare FFS (Original Medicare),Medicare FFS,Medicare (Federal),FIPS 13127,,,11880,https://data.cms.gov/summary-statistics-on-beneficiary-enrollment/medicare-and-medicaid-reports/medicare-monthly-enrollment,2026-06,[source: CMS Medicare Monthly Enrollment 2026-06; ORGNL_MDCR_BENES]
GA,Gordon,Medicare FFS (Original Medicare),Medicare FFS,Medicare (Federal),FIPS 13129,,,5728,https://data.cms.gov/summary-statistics-on-beneficiary-enrollment/medicare-and-medicaid-reports/medicare-monthly-enrollment,2026-06,[source: CMS Medicare Monthly Enrollment 2026-06; ORGNL_MDCR_BENES]
GA,Grady,Medicare FFS (Original Medicare),Medicare FFS,Medicare (Federal),FIPS 13131,,,2170,https://data.cms.gov/summary-statistics-on-beneficiary-enrollment/medicare-and-medicaid-reports/medicare-monthly-enrollment,2026-06,[source: CMS Medicare Monthly Enrollment 2026-06; ORGNL_MDCR_BENES]
GA,Greene,Medicare FFS (Original Medicare),Medicare FFS,Medicare (Federal),FIPS 13133,,,4203,https://data.cms.gov/summary-statistics-on-beneficiary-enrollment/medicare-and-medicaid-reports/medicare-monthly-enrollment,2026-06,[source: CMS Medicare Monthly Enrollment 2026-06; ORGNL_MDCR_BENES]
GA,Gwinnett,Medicare FFS (Original Medicare),Medicare FFS,Medicare (Federal),FIPS 13135,,,55459,https://data.cms.gov/summary-statistics-on-beneficiary-enrollment/medicare-and-medicaid-reports/medicare-monthly-enrollment,2026-06,[source: CMS Medicare Monthly Enrollment 2026-06; ORGNL_MDCR_BENES]
GA,Habersham,Medicare FFS (Original Medicare),Medicare FFS,Medicare (Federal),FIPS 13137,,,4932,https://data.cms.gov/summary-statistics-on-beneficiary-enrollment/medicare-and-medicaid-reports/medicare-monthly-enrollment,2026-06,[source: CMS Medicare Monthly Enrollment 2026-06; ORGNL_MDCR_BENES]
GA,Hall,Medicare FFS (Original Medicare),Medicare FFS,Medicare (Federal),FIPS 13139,,,20287,https://data.cms.gov/summary-statistics-on-beneficiary-enrollment/medicare-and-medicaid-reports/medicare-monthly-enrollment,2026-06,[source: CMS Medicare Monthly Enrollment 2026-06; ORGNL_MDCR_BENES]
GA,Hancock,Medicare FFS (Original Medicare),Medicare FFS,Medicare (Federal),FIPS 13141,,,741,https://data.cms.gov/summary-statistics-on-beneficiary-enrollment/medicare-and-medicaid-reports/medicare-monthly-enrollment,2026-06,[source: CMS Medicare Monthly Enrollment 2026-06; ORGNL_MDCR_BENES]
GA,Haralson,Medicare FFS (Original Medicare),Medicare FFS,Medicare (Federal),FIPS 13143,,,2520,https://data.cms.gov/summary-statistics-on-beneficiary-enrollment/medicare-and-medicaid-reports/medicare-monthly-enrollment,2026-06,[source: CMS Medicare Monthly Enrollment 2026-06; ORGNL_MDCR_BENES]
GA,Harris,Medicare FFS (Original Medicare),Medicare FFS,Medicare (Federal),FIPS 13145,,,4279,https://data.cms.gov/summary-statistics-on-beneficiary-enrollment/medicare-and-medicaid-reports/medicare-monthly-enrollment,2026-06,[source: CMS Medicare Monthly Enrollment 2026-06; ORGNL_MDCR_BENES]
GA,Hart,Medicare FFS (Original Medicare),Medicare FFS,Medicare (Federal),FIPS 13147,,,3155,https://data.cms.gov/summary-statistics-on-beneficiary-enrollment/medicare-and-medicaid-reports/medicare-monthly-enrollment,2026-06,[source: CMS Medicare Monthly Enrollment 2026-06; ORGNL_MDCR_BENES]
GA,Heard,Medicare FFS (Original Medicare),Medicare FFS,Medicare (Federal),FIPS 13149,,,844,https://data.cms.gov/summary-statistics-on-beneficiary-enrollment/medicare-and-medicaid-reports/medicare-monthly-enrollment,2026-06,[source: CMS Medicare Monthly Enrollment 2026-06; ORGNL_MDCR_BENES]
GA,Henry,Medicare FFS (Original Medicare),Medicare FFS,Medicare (Federal),FIPS 13151,,,16670,https://data.cms.gov/summary-statistics-on-beneficiary-enrollment/medicare-and-medicaid-reports/medicare-monthly-enrollment,2026-06,[source: CMS Medicare Monthly Enrollment 2026-06; ORGNL_MDCR_BENES]
GA,Houston,Medicare FFS (Original Medicare),Medicare FFS,Medicare (Federal),FIPS 13153,,,16765,https://data.cms.gov/summary-statistics-on-beneficiary-enrollment/medicare-and-medicaid-reports/medicare-monthly-enrollment,2026-06,[source: CMS Medicare Monthly Enrollment 2026-06; ORGNL_MDCR_BENES]
GA,Irwin,Medicare FFS (Original Medicare),Medicare FFS,Medicare (Federal),FIPS 13155,,,718,https://data.cms.gov/summary-statistics-on-beneficiary-enrollment/medicare-and-medicaid-reports/medicare-monthly-enrollment,2026-06,[source: CMS Medicare Monthly Enrollment 2026-06; ORGNL_MDCR_BENES]
GA,Jackson,Medicare FFS (Original Medicare),Medicare FFS,Medicare (Federal),FIPS 13157,,,8942,https://data.cms.gov/summary-statistics-on-beneficiary-enrollment/medicare-and-medicaid-reports/medicare-monthly-enrollment,2026-06,[source: CMS Medicare Monthly Enrollment 2026-06; ORGNL_MDCR_BENES]
GA,Jasper,Medicare FFS (Original Medicare),Medicare FFS,Medicare (Federal),FIPS 13159,,,1354,https://data.cms.gov/summary-statistics-on-beneficiary-enrollment/medicare-and-medicaid-reports/medicare-monthly-enrollment,2026-06,[source: CMS Medicare Monthly Enrollment 2026-06; ORGNL_MDCR_BENES]
GA,Jeff Davis,Medicare FFS (Original Medicare),Medicare FFS,Medicare (Federal),FIPS 13161,,,1203,https://data.cms.gov/summary-statistics-on-beneficiary-enrollment/medicare-and-medicaid-reports/medicare-monthly-enrollment,2026-06,[source: CMS Medicare Monthly Enrollment 2026-06; ORGNL_MDCR_BENES]
GA,Jefferson,Medicare FFS (Original Medicare),Medicare FFS,Medicare (Federal),FIPS 13163,,,1311,https://data.cms.gov/summary-statistics-on-beneficiary-enrollment/medicare-and-medicaid-reports/medicare-monthly-enrollment,2026-06,[source: CMS Medicare Monthly Enrollment 2026-06; ORGNL_MDCR_BENES]
GA,Jenkins,Medicare FFS (Original Medicare),Medicare FFS,Medicare (Federal),FIPS 13165,,,566,https://data.cms.gov/summary-statistics-on-beneficiary-enrollment/medicare-and-medicaid-reports/medicare-monthly-enrollment,2026-06,[source: CMS Medicare Monthly Enrollment 2026-06; ORGNL_MDCR_BENES]
GA,Johnson,Medicare FFS (Original Medicare),Medicare FFS,Medicare (Federal),FIPS 13167,,,689,https://data.cms.gov/summary-statistics-on-beneficiary-enrollment/medicare-and-medicaid-reports/medicare-monthly-enrollment,2026-06,[source: CMS Medicare Monthly Enrollment 2026-06; ORGNL_MDCR_BENES]
GA,Jones,Medicare FFS (Original Medicare),Medicare FFS,Medicare (Federal),FIPS 13169,,,2395,https://data.cms.gov/summary-statistics-on-beneficiary-enrollment/medicare-and-medicaid-reports/medicare-monthly-enrollment,2026-06,[source: CMS Medicare Monthly Enrollment 2026-06; ORGNL_MDCR_BENES]
GA,Lamar,Medicare FFS (Original Medicare),Medicare FFS,Medicare (Federal),FIPS 13171,,,1636,https://data.cms.gov/summary-statistics-on-beneficiary-enrollment/medicare-and-medicaid-reports/medicare-monthly-enrollment,2026-06,[source: CMS Medicare Monthly Enrollment 2026-06; ORGNL_MDCR_BENES]
GA,Lanier,Medicare FFS (Original Medicare),Medicare FFS,Medicare (Federal),FIPS 13173,,,712,https://data.cms.gov/summary-statistics-on-beneficiary-enrollment/medicare-and-medicaid-reports/medicare-monthly-enrollment,2026-06,[source: CMS Medicare Monthly Enrollment 2026-06; ORGNL_MDCR_BENES]
GA,Laurens,Medicare FFS (Original Medicare),Medicare FFS,Medicare (Federal),FIPS 13175,,,4722,https://data.cms.gov/summary-statistics-on-beneficiary-enrollment/medicare-and-medicaid-reports/medicare-monthly-enrollment,2026-06,[source: CMS Medicare Monthly Enrollment 2026-06; ORGNL_MDCR_BENES]
GA,Lee,Medicare FFS (Original Medicare),Medicare FFS,Medicare (Federal),FIPS 13177,,,2697,https://data.cms.gov/summary-statistics-on-beneficiary-enrollment/medicare-and-medicaid-reports/medicare-monthly-enrollment,2026-06,[source: CMS Medicare Monthly Enrollment 2026-06; ORGNL_MDCR_BENES]
GA,Liberty,Medicare FFS (Original Medicare),Medicare FFS,Medicare (Federal),FIPS 13179,,,4183,https://data.cms.gov/summary-statistics-on-beneficiary-enrollment/medicare-and-medicaid-reports/medicare-monthly-enrollment,2026-06,[source: CMS Medicare Monthly Enrollment 2026-06; ORGNL_MDCR_BENES]
GA,Lincoln,Medicare FFS (Original Medicare),Medicare FFS,Medicare (Federal),FIPS 13181,,,1067,https://data.cms.gov/summary-statistics-on-beneficiary-enrollment/medicare-and-medicaid-reports/medicare-monthly-enrollment,2026-06,[source: CMS Medicare Monthly Enrollment 2026-06; ORGNL_MDCR_BENES]
GA,Long,Medicare FFS (Original Medicare),Medicare FFS,Medicare (Federal),FIPS 13183,,,978,https://data.cms.gov/summary-statistics-on-beneficiary-enrollment/medicare-and-medicaid-reports/medicare-monthly-enrollment,2026-06,[source: CMS Medicare Monthly Enrollment 2026-06; ORGNL_MDCR_BENES]
GA,Lowndes,Medicare FFS (Original Medicare),Medicare FFS,Medicare (Federal),FIPS 13185,,,10450,https://data.cms.gov/summary-statistics-on-beneficiary-enrollment/medicare-and-medicaid-reports/medicare-monthly-enrollment,2026-06,[source: CMS Medicare Monthly Enrollment 2026-06; ORGNL_MDCR_BENES]
GA,Lumpkin,Medicare FFS (Original Medicare),Medicare FFS,Medicare (Federal),FIPS 13187,,,3879,https://data.cms.gov/summary-statistics-on-beneficiary-enrollment/medicare-and-medicaid-reports/medicare-monthly-enrollment,2026-06,[source: CMS Medicare Monthly Enrollment 2026-06; ORGNL_MDCR_BENES]
GA,Macon,Medicare FFS (Original Medicare),Medicare FFS,Medicare (Federal),FIPS 13193,,,817,https://data.cms.gov/summary-statistics-on-beneficiary-enrollment/medicare-and-medicaid-reports/medicare-monthly-enrollment,2026-06,[source: CMS Medicare Monthly Enrollment 2026-06; ORGNL_MDCR_BENES]
GA,Madison,Medicare FFS (Original Medicare),Medicare FFS,Medicare (Federal),FIPS 13195,,,3039,https://data.cms.gov/summary-statistics-on-beneficiary-enrollment/medicare-and-medicaid-reports/medicare-monthly-enrollment,2026-06,[source: CMS Medicare Monthly Enrollment 2026-06; ORGNL_MDCR_BENES]
GA,Marion,Medicare FFS (Original Medicare),Medicare FFS,Medicare (Federal),FIPS 13197,,,613,https://data.cms.gov/summary-statistics-on-beneficiary-enrollment/medicare-and-medicaid-reports/medicare-monthly-enrollment,2026-06,[source: CMS Medicare Monthly Enrollment 2026-06; ORGNL_MDCR_BENES]
GA,McDuffie,Medicare FFS (Original Medicare),Medicare FFS,Medicare (Federal),FIPS 13189,,,1886,https://data.cms.gov/summary-statistics-on-beneficiary-enrollment/medicare-and-medicaid-reports/medicare-monthly-enrollment,2026-06,[source: CMS Medicare Monthly Enrollment 2026-06; ORGNL_MDCR_BENES]
GA,McIntosh,Medicare FFS (Original Medicare),Medicare FFS,Medicare (Federal),FIPS 13191,,,1499,https://data.cms.gov/summary-statistics-on-beneficiary-enrollment/medicare-and-medicaid-reports/medicare-monthly-enrollment,2026-06,[source: CMS Medicare Monthly Enrollment 2026-06; ORGNL_MDCR_BENES]
GA,Meriwether,Medicare FFS (Original Medicare),Medicare FFS,Medicare (Federal),FIPS 13199,,,1861,https://data.cms.gov/summary-statistics-on-beneficiary-enrollment/medicare-and-medicaid-reports/medicare-monthly-enrollment,2026-06,[source: CMS Medicare Monthly Enrollment 2026-06; ORGNL_MDCR_BENES]
GA,Miller,Medicare FFS (Original Medicare),Medicare FFS,Medicare (Federal),FIPS 13201,,,683,https://data.cms.gov/summary-statistics-on-beneficiary-enrollment/medicare-and-medicaid-reports/medicare-monthly-enrollment,2026-06,[source: CMS Medicare Monthly Enrollment 2026-06; ORGNL_MDCR_BENES]
GA,Mitchell,Medicare FFS (Original Medicare),Medicare FFS,Medicare (Federal),FIPS 13205,,,1518,https://data.cms.gov/summary-statistics-on-beneficiary-enrollment/medicare-and-medicaid-reports/medicare-monthly-enrollment,2026-06,[source: CMS Medicare Monthly Enrollment 2026-06; ORGNL_MDCR_BENES]
GA,Monroe,Medicare FFS (Original Medicare),Medicare FFS,Medicare (Federal),FIPS 13207,,,2900,https://data.cms.gov/summary-statistics-on-beneficiary-enrollment/medicare-and-medicaid-reports/medicare-monthly-enrollment,2026-06,[source: CMS Medicare Monthly Enrollment 2026-06; ORGNL_MDCR_BENES]
GA,Montgomery,Medicare FFS (Original Medicare),Medicare FFS,Medicare (Federal),FIPS 13209,,,693,https://data.cms.gov/summary-statistics-on-beneficiary-enrollment/medicare-and-medicaid-reports/medicare-monthly-enrollment,2026-06,[source: CMS Medicare Monthly Enrollment 2026-06; ORGNL_MDCR_BENES]
GA,Morgan,Medicare FFS (Original Medicare),Medicare FFS,Medicare (Federal),FIPS 13211,,,2355,https://data.cms.gov/summary-statistics-on-beneficiary-enrollment/medicare-and-medicaid-reports/medicare-monthly-enrollment,2026-06,[source: CMS Medicare Monthly Enrollment 2026-06; ORGNL_MDCR_BENES]
GA,Murray,Medicare FFS (Original Medicare),Medicare FFS,Medicare (Federal),FIPS 13213,,,4186,https://data.cms.gov/summary-statistics-on-beneficiary-enrollment/medicare-and-medicaid-reports/medicare-monthly-enrollment,2026-06,[source: CMS Medicare Monthly Enrollment 2026-06; ORGNL_MDCR_BENES]
GA,Muscogee,Medicare FFS (Original Medicare),Medicare FFS,Medicare (Federal),FIPS 13215,,,17093,https://data.cms.gov/summary-statistics-on-beneficiary-enrollment/medicare-and-medicaid-reports/medicare-monthly-enrollment,2026-06,[source: CMS Medicare Monthly Enrollment 2026-06; ORGNL_MDCR_BENES]
GA,Newton,Medicare FFS (Original Medicare),Medicare FFS,Medicare (Federal),FIPS 13217,,,7696,https://data.cms.gov/summary-statistics-on-beneficiary-enrollment/medicare-and-medicaid-reports/medicare-monthly-enrollment,2026-06,[source: CMS Medicare Monthly Enrollment 2026-06; ORGNL_MDCR_BENES]
GA,Oconee,Medicare FFS (Original Medicare),Medicare FFS,Medicare (Federal),FIPS 13219,,,4707,https://data.cms.gov/summary-statistics-on-beneficiary-enrollment/medicare-and-medicaid-reports/medicare-monthly-enrollment,2026-06,[source: CMS Medicare Monthly Enrollment 2026-06; ORGNL_MDCR_BENES]
GA,Oglethorpe,Medicare FFS (Original Medicare),Medicare FFS,Medicare (Federal),FIPS 13221,,,1458,https://data.cms.gov/summary-statistics-on-beneficiary-enrollment/medicare-and-medicaid-reports/medicare-monthly-enrollment,2026-06,[source: CMS Medicare Monthly Enrollment 2026-06; ORGNL_MDCR_BENES]
GA,Paulding,Medicare FFS (Original Medicare),Medicare FFS,Medicare (Federal),FIPS 13223,,,11905,https://data.cms.gov/summary-statistics-on-beneficiary-enrollment/medicare-and-medicaid-reports/medicare-monthly-enrollment,2026-06,[source: CMS Medicare Monthly Enrollment 2026-06; ORGNL_MDCR_BENES]
GA,Peach,Medicare FFS (Original Medicare),Medicare FFS,Medicare (Federal),FIPS 13225,,,3218,https://data.cms.gov/summary-statistics-on-beneficiary-enrollment/medicare-and-medicaid-reports/medicare-monthly-enrollment,2026-06,[source: CMS Medicare Monthly Enrollment 2026-06; ORGNL_MDCR_BENES]
GA,Pickens,Medicare FFS (Original Medicare),Medicare FFS,Medicare (Federal),FIPS 13227,,,5992,https://data.cms.gov/summary-statistics-on-beneficiary-enrollment/medicare-and-medicaid-reports/medicare-monthly-enrollment,2026-06,[source: CMS Medicare Monthly Enrollment 2026-06; ORGNL_MDCR_BENES]
GA,Pierce,Medicare FFS (Original Medicare),Medicare FFS,Medicare (Federal),FIPS 13229,,,2170,https://data.cms.gov/summary-statistics-on-beneficiary-enrollment/medicare-and-medicaid-reports/medicare-monthly-enrollment,2026-06,[source: CMS Medicare Monthly Enrollment 2026-06; ORGNL_MDCR_BENES]
GA,Pike,Medicare FFS (Original Medicare),Medicare FFS,Medicare (Federal),FIPS 13231,,,1796,https://data.cms.gov/summary-statistics-on-beneficiary-enrollment/medicare-and-medicaid-reports/medicare-monthly-enrollment,2026-06,[source: CMS Medicare Monthly Enrollment 2026-06; ORGNL_MDCR_BENES]
GA,Polk,Medicare FFS (Original Medicare),Medicare FFS,Medicare (Federal),FIPS 13233,,,3777,https://data.cms.gov/summary-statistics-on-beneficiary-enrollment/medicare-and-medicaid-reports/medicare-monthly-enrollment,2026-06,[source: CMS Medicare Monthly Enrollment 2026-06; ORGNL_MDCR_BENES]
GA,Pulaski,Medicare FFS (Original Medicare),Medicare FFS,Medicare (Federal),FIPS 13235,,,1110,https://data.cms.gov/summary-statistics-on-beneficiary-enrollment/medicare-and-medicaid-reports/medicare-monthly-enrollment,2026-06,[source: CMS Medicare Monthly Enrollment 2026-06; ORGNL_MDCR_BENES]
GA,Putnam,Medicare FFS (Original Medicare),Medicare FFS,Medicare (Federal),FIPS 13237,,,2977,https://data.cms.gov/summary-statistics-on-beneficiary-enrollment/medicare-and-medicaid-reports/medicare-monthly-enrollment,2026-06,[source: CMS Medicare Monthly Enrollment 2026-06; ORGNL_MDCR_BENES]
GA,Quitman,Medicare FFS (Original Medicare),Medicare FFS,Medicare (Federal),FIPS 13239,,,302,https://data.cms.gov/summary-statistics-on-beneficiary-enrollment/medicare-and-medicaid-reports/medicare-monthly-enrollment,2026-06,[source: CMS Medicare Monthly Enrollment 2026-06; ORGNL_MDCR_BENES]
GA,Rabun,Medicare FFS (Original Medicare),Medicare FFS,Medicare (Federal),FIPS 13241,,,3097,https://data.cms.gov/summary-statistics-on-beneficiary-enrollment/medicare-and-medicaid-reports/medicare-monthly-enrollment,2026-06,[source: CMS Medicare Monthly Enrollment 2026-06; ORGNL_MDCR_BENES]
GA,Randolph,Medicare FFS (Original Medicare),Medicare FFS,Medicare (Federal),FIPS 13243,,,525,https://data.cms.gov/summary-statistics-on-beneficiary-enrollment/medicare-and-medicaid-reports/medicare-monthly-enrollment,2026-06,[source: CMS Medicare Monthly Enrollment 2026-06; ORGNL_MDCR_BENES]
GA,Richmond,Medicare FFS (Original Medicare),Medicare FFS,Medicare (Federal),FIPS 13245,,,15645,https://data.cms.gov/summary-statistics-on-beneficiary-enrollment/medicare-and-medicaid-reports/medicare-monthly-enrollment,2026-06,[source: CMS Medicare Monthly Enrollment 2026-06; ORGNL_MDCR_BENES]
GA,Rockdale,Medicare FFS (Original Medicare),Medicare FFS,Medicare (Federal),FIPS 13247,,,6354,https://data.cms.gov/summary-statistics-on-beneficiary-enrollment/medicare-and-medicaid-reports/medicare-monthly-enrollment,2026-06,[source: CMS Medicare Monthly Enrollment 2026-06; ORGNL_MDCR_BENES]
GA,Schley,Medicare FFS (Original Medicare),Medicare FFS,Medicare (Federal),FIPS 13249,,,291,https://data.cms.gov/summary-statistics-on-beneficiary-enrollment/medicare-and-medicaid-reports/medicare-monthly-enrollment,2026-06,[source: CMS Medicare Monthly Enrollment 2026-06; ORGNL_MDCR_BENES]
GA,Screven,Medicare FFS (Original Medicare),Medicare FFS,Medicare (Federal),FIPS 13251,,,1231,https://data.cms.gov/summary-statistics-on-beneficiary-enrollment/medicare-and-medicaid-reports/medicare-monthly-enrollment,2026-06,[source: CMS Medicare Monthly Enrollment 2026-06; ORGNL_MDCR_BENES]
GA,Seminole,Medicare FFS (Original Medicare),Medicare FFS,Medicare (Federal),FIPS 13253,,,957,https://data.cms.gov/summary-statistics-on-beneficiary-enrollment/medicare-and-medicaid-reports/medicare-monthly-enrollment,2026-06,[source: CMS Medicare Monthly Enrollment 2026-06; ORGNL_MDCR_BENES]
GA,Spalding,Medicare FFS (Original Medicare),Medicare FFS,Medicare (Federal),FIPS 13255,,,6099,https://data.cms.gov/summary-statistics-on-beneficiary-enrollment/medicare-and-medicaid-reports/medicare-monthly-enrollment,2026-06,[source: CMS Medicare Monthly Enrollment 2026-06; ORGNL_MDCR_BENES]
GA,Stephens,Medicare FFS (Original Medicare),Medicare FFS,Medicare (Federal),FIPS 13257,,,3311,https://data.cms.gov/summary-statistics-on-beneficiary-enrollment/medicare-and-medicaid-reports/medicare-monthly-enrollment,2026-06,[source: CMS Medicare Monthly Enrollment 2026-06; ORGNL_MDCR_BENES]
GA,Stewart,Medicare FFS (Original Medicare),Medicare FFS,Medicare (Federal),FIPS 13259,,,318,https://data.cms.gov/summary-statistics-on-beneficiary-enrollment/medicare-and-medicaid-reports/medicare-monthly-enrollment,2026-06,[source: CMS Medicare Monthly Enrollment 2026-06; ORGNL_MDCR_BENES]
GA,Sumter,Medicare FFS (Original Medicare),Medicare FFS,Medicare (Federal),FIPS 13261,,,2213,https://data.cms.gov/summary-statistics-on-beneficiary-enrollment/medicare-and-medicaid-reports/medicare-monthly-enrollment,2026-06,[source: CMS Medicare Monthly Enrollment 2026-06; ORGNL_MDCR_BENES]
GA,Talbot,Medicare FFS (Original Medicare),Medicare FFS,Medicare (Federal),FIPS 13263,,,604,https://data.cms.gov/summary-statistics-on-beneficiary-enrollment/medicare-and-medicaid-reports/medicare-monthly-enrollment,2026-06,[source: CMS Medicare Monthly Enrollment 2026-06; ORGNL_MDCR_BENES]
GA,Taliaferro,Medicare FFS (Original Medicare),Medicare FFS,Medicare (Federal),FIPS 13265,,,178,https://data.cms.gov/summary-statistics-on-beneficiary-enrollment/medicare-and-medicaid-reports/medicare-monthly-enrollment,2026-06,[source: CMS Medicare Monthly Enrollment 2026-06; ORGNL_MDCR_BENES]
GA,Tattnall,Medicare FFS (Original Medicare),Medicare FFS,Medicare (Federal),FIPS 13267,,,1607,https://data.cms.gov/summary-statistics-on-beneficiary-enrollment/medicare-and-medicaid-reports/medicare-monthly-enrollment,2026-06,[source: CMS Medicare Monthly Enrollment 2026-06; ORGNL_MDCR_BENES]
GA,Taylor,Medicare FFS (Original Medicare),Medicare FFS,Medicare (Federal),FIPS 13269,,,647,https://data.cms.gov/summary-statistics-on-beneficiary-enrollment/medicare-and-medicaid-reports/medicare-monthly-enrollment,2026-06,[source: CMS Medicare Monthly Enrollment 2026-06; ORGNL_MDCR_BENES]
GA,Telfair,Medicare FFS (Original Medicare),Medicare FFS,Medicare (Federal),FIPS 13271,,,846,https://data.cms.gov/summary-statistics-on-beneficiary-enrollment/medicare-and-medicaid-reports/medicare-monthly-enrollment,2026-06,[source: CMS Medicare Monthly Enrollment 2026-06; ORGNL_MDCR_BENES]
GA,Terrell,Medicare FFS (Original Medicare),Medicare FFS,Medicare (Federal),FIPS 13273,,,738,https://data.cms.gov/summary-statistics-on-beneficiary-enrollment/medicare-and-medicaid-reports/medicare-monthly-enrollment,2026-06,[source: CMS Medicare Monthly Enrollment 2026-06; ORGNL_MDCR_BENES]
GA,Thomas,Medicare FFS (Original Medicare),Medicare FFS,Medicare (Federal),FIPS 13275,,,4679,https://data.cms.gov/summary-statistics-on-beneficiary-enrollment/medicare-and-medicaid-reports/medicare-monthly-enrollment,2026-06,[source: CMS Medicare Monthly Enrollment 2026-06; ORGNL_MDCR_BENES]
GA,Tift,Medicare FFS (Original Medicare),Medicare FFS,Medicare (Federal),FIPS 13277,,,3233,https://data.cms.gov/summary-statistics-on-beneficiary-enrollment/medicare-and-medicaid-reports/medicare-monthly-enrollment,2026-06,[source: CMS Medicare Monthly Enrollment 2026-06; ORGNL_MDCR_BENES]
GA,Toombs,Medicare FFS (Original Medicare),Medicare FFS,Medicare (Federal),FIPS 13279,,,2096,https://data.cms.gov/summary-statistics-on-beneficiary-enrollment/medicare-and-medicaid-reports/medicare-monthly-enrollment,2026-06,[source: CMS Medicare Monthly Enrollment 2026-06; ORGNL_MDCR_BENES]
GA,Towns,Medicare FFS (Original Medicare),Medicare FFS,Medicare (Federal),FIPS 13281,,,2872,https://data.cms.gov/summary-statistics-on-beneficiary-enrollment/medicare-and-medicaid-reports/medicare-monthly-enrollment,2026-06,[source: CMS Medicare Monthly Enrollment 2026-06; ORGNL_MDCR_BENES]
GA,Treutlen,Medicare FFS (Original Medicare),Medicare FFS,Medicare (Federal),FIPS 13283,,,394,https://data.cms.gov/summary-statistics-on-beneficiary-enrollment/medicare-and-medicaid-reports/medicare-monthly-enrollment,2026-06,[source: CMS Medicare Monthly Enrollment 2026-06; ORGNL_MDCR_BENES]
GA,Troup,Medicare FFS (Original Medicare),Medicare FFS,Medicare (Federal),FIPS 13285,,,5762,https://data.cms.gov/summary-statistics-on-beneficiary-enrollment/medicare-and-medicaid-reports/medicare-monthly-enrollment,2026-06,[source: CMS Medicare Monthly Enrollment 2026-06; ORGNL_MDCR_BENES]
GA,Turner,Medicare FFS (Original Medicare),Medicare FFS,Medicare (Federal),FIPS 13287,,,669,https://data.cms.gov/summary-statistics-on-beneficiary-enrollment/medicare-and-medicaid-reports/medicare-monthly-enrollment,2026-06,[source: CMS Medicare Monthly Enrollment 2026-06; ORGNL_MDCR_BENES]
GA,Twiggs,Medicare FFS (Original Medicare),Medicare FFS,Medicare (Federal),FIPS 13289,,,826,https://data.cms.gov/summary-statistics-on-beneficiary-enrollment/medicare-and-medicaid-reports/medicare-monthly-enrollment,2026-06,[source: CMS Medicare Monthly Enrollment 2026-06; ORGNL_MDCR_BENES]
GA,Union,Medicare FFS (Original Medicare),Medicare FFS,Medicare (Federal),FIPS 13291,,,5609,https://data.cms.gov/summary-statistics-on-beneficiary-enrollment/medicare-and-medicaid-reports/medicare-monthly-enrollment,2026-06,[source: CMS Medicare Monthly Enrollment 2026-06; ORGNL_MDCR_BENES]
GA,Upson,Medicare FFS (Original Medicare),Medicare FFS,Medicare (Federal),FIPS 13293,,,2366,https://data.cms.gov/summary-statistics-on-beneficiary-enrollment/medicare-and-medicaid-reports/medicare-monthly-enrollment,2026-06,[source: CMS Medicare Monthly Enrollment 2026-06; ORGNL_MDCR_BENES]
GA,Walker,Medicare FFS (Original Medicare),Medicare FFS,Medicare (Federal),FIPS 13295,,,7024,https://data.cms.gov/summary-statistics-on-beneficiary-enrollment/medicare-and-medicaid-reports/medicare-monthly-enrollment,2026-06,[source: CMS Medicare Monthly Enrollment 2026-06; ORGNL_MDCR_BENES]
GA,Walton,Medicare FFS (Original Medicare),Medicare FFS,Medicare (Federal),FIPS 13297,,,9595,https://data.cms.gov/summary-statistics-on-beneficiary-enrollment/medicare-and-medicaid-reports/medicare-monthly-enrollment,2026-06,[source: CMS Medicare Monthly Enrollment 2026-06; ORGNL_MDCR_BENES]
GA,Ware,Medicare FFS (Original Medicare),Medicare FFS,Medicare (Federal),FIPS 13299,,,3407,https://data.cms.gov/summary-statistics-on-beneficiary-enrollment/medicare-and-medicaid-reports/medicare-monthly-enrollment,2026-06,[source: CMS Medicare Monthly Enrollment 2026-06; ORGNL_MDCR_BENES]
GA,Warren,Medicare FFS (Original Medicare),Medicare FFS,Medicare (Federal),FIPS 13301,,,426,https://data.cms.gov/summary-statistics-on-beneficiary-enrollment/medicare-and-medicaid-reports/medicare-monthly-enrollment,2026-06,[source: CMS Medicare Monthly Enrollment 2026-06; ORGNL_MDCR_BENES]
GA,Washington,Medicare FFS (Original Medicare),Medicare FFS,Medicare (Federal),FIPS 13303,,,1658,https://data.cms.gov/summary-statistics-on-beneficiary-enrollment/medicare-and-medicaid-reports/medicare-monthly-enrollment,2026-06,[source: CMS Medicare Monthly Enrollment 2026-06; ORGNL_MDCR_BENES]
GA,Wayne,Medicare FFS (Original Medicare),Medicare FFS,Medicare (Federal),FIPS 13305,,,2724,https://data.cms.gov/summary-statistics-on-beneficiary-enrollment/medicare-and-medicaid-reports/medicare-monthly-enrollment,2026-06,[source: CMS Medicare Monthly Enrollment 2026-06; ORGNL_MDCR_BENES]
GA,Webster,Medicare FFS (Original Medicare),Medicare FFS,Medicare (Federal),FIPS 13307,,,174,https://data.cms.gov/summary-statistics-on-beneficiary-enrollment/medicare-and-medicaid-reports/medicare-monthly-enrollment,2026-06,[source: CMS Medicare Monthly Enrollment 2026-06; ORGNL_MDCR_BENES]
GA,Wheeler,Medicare FFS (Original Medicare),Medicare FFS,Medicare (Federal),FIPS 13309,,,359,https://data.cms.gov/summary-statistics-on-beneficiary-enrollment/medicare-and-medicaid-reports/medicare-monthly-enrollment,2026-06,[source: CMS Medicare Monthly Enrollment 2026-06; ORGNL_MDCR_BENES]
GA,White,Medicare FFS (Original Medicare),Medicare FFS,Medicare (Federal),FIPS 13311,,,3551,https://data.cms.gov/summary-statistics-on-beneficiary-enrollment/medicare-and-medicaid-reports/medicare-monthly-enrollment,2026-06,[source: CMS Medicare Monthly Enrollment 2026-06; ORGNL_MDCR_BENES]
GA,Whitfield,Medicare FFS (Original Medicare),Medicare FFS,Medicare (Federal),FIPS 13313,,,10775,https://data.cms.gov/summary-statistics-on-beneficiary-enrollment/medicare-and-medicaid-reports/medicare-monthly-enrollment,2026-06,[source: CMS Medicare Monthly Enrollment 2026-06; ORGNL_MDCR_BENES]
GA,Wilcox,Medicare FFS (Original Medicare),Medicare FFS,Medicare (Federal),FIPS 13315,,,688,https://data.cms.gov/summary-statistics-on-beneficiary-enrollment/medicare-and-medicaid-reports/medicare-monthly-enrollment,2026-06,[source: CMS Medicare Monthly Enrollment 2026-06; ORGNL_MDCR_BENES]
GA,Wilkes,Medicare FFS (Original Medicare),Medicare FFS,Medicare (Federal),FIPS 13317,,,1102,https://data.cms.gov/summary-statistics-on-beneficiary-enrollment/medicare-and-medicaid-reports/medicare-monthly-enrollment,2026-06,[source: CMS Medicare Monthly Enrollment 2026-06; ORGNL_MDCR_BENES]
GA,Wilkinson,Medicare FFS (Original Medicare),Medicare FFS,Medicare (Federal),FIPS 13319,,,969,https://data.cms.gov/summary-statistics-on-beneficiary-enrollment/medicare-and-medicaid-reports/medicare-monthly-enrollment,2026-06,[source: CMS Medicare Monthly Enrollment 2026-06; ORGNL_MDCR_BENES]
GA,Worth,Medicare FFS (Original Medicare),Medicare FFS,Medicare (Federal),FIPS 13321,,,1705,https://data.cms.gov/summary-statistics-on-beneficiary-enrollment/medicare-and-medicaid-reports/medicare-monthly-enrollment,2026-06,[source: CMS Medicare Monthly Enrollment 2026-06; ORGNL_MDCR_BENES]
IL,Adams,Medicare FFS (Original Medicare),Medicare FFS,Medicare (Federal),FIPS 17001,,,9886,https://data.cms.gov/summary-statistics-on-beneficiary-enrollment/medicare-and-medicaid-reports/medicare-monthly-enrollment,2026-06,[source: CMS Medicare Monthly Enrollment 2026-06; ORGNL_MDCR_BENES]
IL,Alexander,Medicare FFS (Original Medicare),Medicare FFS,Medicare (Federal),FIPS 17003,,,768,https://data.cms.gov/summary-statistics-on-beneficiary-enrollment/medicare-and-medicaid-reports/medicare-monthly-enrollment,2026-06,[source: CMS Medicare Monthly Enrollment 2026-06; ORGNL_MDCR_BENES]
IL,Bond,Medicare FFS (Original Medicare),Medicare FFS,Medicare (Federal),FIPS 17005,,,2030,https://data.cms.gov/summary-statistics-on-beneficiary-enrollment/medicare-and-medicaid-reports/medicare-monthly-enrollment,2026-06,[source: CMS Medicare Monthly Enrollment 2026-06; ORGNL_MDCR_BENES]
IL,Boone,Medicare FFS (Original Medicare),Medicare FFS,Medicare (Federal),FIPS 17007,,,5250,https://data.cms.gov/summary-statistics-on-beneficiary-enrollment/medicare-and-medicaid-reports/medicare-monthly-enrollment,2026-06,[source: CMS Medicare Monthly Enrollment 2026-06; ORGNL_MDCR_BENES]
IL,Brown,Medicare FFS (Original Medicare),Medicare FFS,Medicare (Federal),FIPS 17009,,,732,https://data.cms.gov/summary-statistics-on-beneficiary-enrollment/medicare-and-medicaid-reports/medicare-monthly-enrollment,2026-06,[source: CMS Medicare Monthly Enrollment 2026-06; ORGNL_MDCR_BENES]
IL,Bureau,Medicare FFS (Original Medicare),Medicare FFS,Medicare (Federal),FIPS 17011,,,5964,https://data.cms.gov/summary-statistics-on-beneficiary-enrollment/medicare-and-medicaid-reports/medicare-monthly-enrollment,2026-06,[source: CMS Medicare Monthly Enrollment 2026-06; ORGNL_MDCR_BENES]
IL,Calhoun,Medicare FFS (Original Medicare),Medicare FFS,Medicare (Federal),FIPS 17013,,,777,https://data.cms.gov/summary-statistics-on-beneficiary-enrollment/medicare-and-medicaid-reports/medicare-monthly-enrollment,2026-06,[source: CMS Medicare Monthly Enrollment 2026-06; ORGNL_MDCR_BENES]
IL,Carroll,Medicare FFS (Original Medicare),Medicare FFS,Medicare (Federal),FIPS 17015,,,2678,https://data.cms.gov/summary-statistics-on-beneficiary-enrollment/medicare-and-medicaid-reports/medicare-monthly-enrollment,2026-06,[source: CMS Medicare Monthly Enrollment 2026-06; ORGNL_MDCR_BENES]
IL,Cass,Medicare FFS (Original Medicare),Medicare FFS,Medicare (Federal),FIPS 17017,,,1603,https://data.cms.gov/summary-statistics-on-beneficiary-enrollment/medicare-and-medicaid-reports/medicare-monthly-enrollment,2026-06,[source: CMS Medicare Monthly Enrollment 2026-06; ORGNL_MDCR_BENES]
IL,Champaign,Medicare FFS (Original Medicare),Medicare FFS,Medicare (Federal),FIPS 17019,,,13740,https://data.cms.gov/summary-statistics-on-beneficiary-enrollment/medicare-and-medicaid-reports/medicare-monthly-enrollment,2026-06,[source: CMS Medicare Monthly Enrollment 2026-06; ORGNL_MDCR_BENES]
IL,Christian,Medicare FFS (Original Medicare),Medicare FFS,Medicare (Federal),FIPS 17021,,,4324,https://data.cms.gov/summary-statistics-on-beneficiary-enrollment/medicare-and-medicaid-reports/medicare-monthly-enrollment,2026-06,[source: CMS Medicare Monthly Enrollment 2026-06; ORGNL_MDCR_BENES]
IL,Clark,Medicare FFS (Original Medicare),Medicare FFS,Medicare (Federal),FIPS 17023,,,2246,https://data.cms.gov/summary-statistics-on-beneficiary-enrollment/medicare-and-medicaid-reports/medicare-monthly-enrollment,2026-06,[source: CMS Medicare Monthly Enrollment 2026-06; ORGNL_MDCR_BENES]
IL,Clay,Medicare FFS (Original Medicare),Medicare FFS,Medicare (Federal),FIPS 17025,,,2509,https://data.cms.gov/summary-statistics-on-beneficiary-enrollment/medicare-and-medicaid-reports/medicare-monthly-enrollment,2026-06,[source: CMS Medicare Monthly Enrollment 2026-06; ORGNL_MDCR_BENES]
IL,Clinton,Medicare FFS (Original Medicare),Medicare FFS,Medicare (Federal),FIPS 17027,,,5033,https://data.cms.gov/summary-statistics-on-beneficiary-enrollment/medicare-and-medicaid-reports/medicare-monthly-enrollment,2026-06,[source: CMS Medicare Monthly Enrollment 2026-06; ORGNL_MDCR_BENES]
IL,Coles,Medicare FFS (Original Medicare),Medicare FFS,Medicare (Federal),FIPS 17029,,,5594,https://data.cms.gov/summary-statistics-on-beneficiary-enrollment/medicare-and-medicaid-reports/medicare-monthly-enrollment,2026-06,[source: CMS Medicare Monthly Enrollment 2026-06; ORGNL_MDCR_BENES]
IL,Cook,Medicare FFS (Original Medicare),Medicare FFS,Medicare (Federal),FIPS 17031,,,491038,https://data.cms.gov/summary-statistics-on-beneficiary-enrollment/medicare-and-medicaid-reports/medicare-monthly-enrollment,2026-06,[source: CMS Medicare Monthly Enrollment 2026-06; ORGNL_MDCR_BENES]
IL,Crawford,Medicare FFS (Original Medicare),Medicare FFS,Medicare (Federal),FIPS 17033,,,3415,https://data.cms.gov/summary-statistics-on-beneficiary-enrollment/medicare-and-medicaid-reports/medicare-monthly-enrollment,2026-06,[source: CMS Medicare Monthly Enrollment 2026-06; ORGNL_MDCR_BENES]
IL,Cumberland,Medicare FFS (Original Medicare),Medicare FFS,Medicare (Federal),FIPS 17035,,,1498,https://data.cms.gov/summary-statistics-on-beneficiary-enrollment/medicare-and-medicaid-reports/medicare-monthly-enrollment,2026-06,[source: CMS Medicare Monthly Enrollment 2026-06; ORGNL_MDCR_BENES]
IL,De Witt,Medicare FFS (Original Medicare),Medicare FFS,Medicare (Federal),FIPS 17039,,,2269,https://data.cms.gov/summary-statistics-on-beneficiary-enrollment/medicare-and-medicaid-reports/medicare-monthly-enrollment,2026-06,[source: CMS Medicare Monthly Enrollment 2026-06; ORGNL_MDCR_BENES]
IL,DeKalb,Medicare FFS (Original Medicare),Medicare FFS,Medicare (Federal),FIPS 17037,,,11116,https://data.cms.gov/summary-statistics-on-beneficiary-enrollment/medicare-and-medicaid-reports/medicare-monthly-enrollment,2026-06,[source: CMS Medicare Monthly Enrollment 2026-06; ORGNL_MDCR_BENES]
IL,Douglas,Medicare FFS (Original Medicare),Medicare FFS,Medicare (Federal),FIPS 17041,,,2162,https://data.cms.gov/summary-statistics-on-beneficiary-enrollment/medicare-and-medicaid-reports/medicare-monthly-enrollment,2026-06,[source: CMS Medicare Monthly Enrollment 2026-06; ORGNL_MDCR_BENES]
IL,DuPage,Medicare FFS (Original Medicare),Medicare FFS,Medicare (Federal),FIPS 17043,,,116165,https://data.cms.gov/summary-statistics-on-beneficiary-enrollment/medicare-and-medicaid-reports/medicare-monthly-enrollment,2026-06,[source: CMS Medicare Monthly Enrollment 2026-06; ORGNL_MDCR_BENES]
IL,Edgar,Medicare FFS (Original Medicare),Medicare FFS,Medicare (Federal),FIPS 17045,,,2908,https://data.cms.gov/summary-statistics-on-beneficiary-enrollment/medicare-and-medicaid-reports/medicare-monthly-enrollment,2026-06,[source: CMS Medicare Monthly Enrollment 2026-06; ORGNL_MDCR_BENES]
IL,Edwards,Medicare FFS (Original Medicare),Medicare FFS,Medicare (Federal),FIPS 17047,,,1231,https://data.cms.gov/summary-statistics-on-beneficiary-enrollment/medicare-and-medicaid-reports/medicare-monthly-enrollment,2026-06,[source: CMS Medicare Monthly Enrollment 2026-06; ORGNL_MDCR_BENES]
IL,Effingham,Medicare FFS (Original Medicare),Medicare FFS,Medicare (Federal),FIPS 17049,,,6283,https://data.cms.gov/summary-statistics-on-beneficiary-enrollment/medicare-and-medicaid-reports/medicare-monthly-enrollment,2026-06,[source: CMS Medicare Monthly Enrollment 2026-06; ORGNL_MDCR_BENES]
IL,Fayette,Medicare FFS (Original Medicare),Medicare FFS,Medicare (Federal),FIPS 17051,,,2868,https://data.cms.gov/summary-statistics-on-beneficiary-enrollment/medicare-and-medicaid-reports/medicare-monthly-enrollment,2026-06,[source: CMS Medicare Monthly Enrollment 2026-06; ORGNL_MDCR_BENES]
IL,Ford,Medicare FFS (Original Medicare),Medicare FFS,Medicare (Federal),FIPS 17053,,,2157,https://data.cms.gov/summary-statistics-on-beneficiary-enrollment/medicare-and-medicaid-reports/medicare-monthly-enrollment,2026-06,[source: CMS Medicare Monthly Enrollment 2026-06; ORGNL_MDCR_BENES]
IL,Franklin,Medicare FFS (Original Medicare),Medicare FFS,Medicare (Federal),FIPS 17055,,,5720,https://data.cms.gov/summary-statistics-on-beneficiary-enrollment/medicare-and-medicaid-reports/medicare-monthly-enrollment,2026-06,[source: CMS Medicare Monthly Enrollment 2026-06; ORGNL_MDCR_BENES]
IL,Fulton,Medicare FFS (Original Medicare),Medicare FFS,Medicare (Federal),FIPS 17057,,,4476,https://data.cms.gov/summary-statistics-on-beneficiary-enrollment/medicare-and-medicaid-reports/medicare-monthly-enrollment,2026-06,[source: CMS Medicare Monthly Enrollment 2026-06; ORGNL_MDCR_BENES]
IL,Gallatin,Medicare FFS (Original Medicare),Medicare FFS,Medicare (Federal),FIPS 17059,,,895,https://data.cms.gov/summary-statistics-on-beneficiary-enrollment/medicare-and-medicaid-reports/medicare-monthly-enrollment,2026-06,[source: CMS Medicare Monthly Enrollment 2026-06; ORGNL_MDCR_BENES]
IL,Greene,Medicare FFS (Original Medicare),Medicare FFS,Medicare (Federal),FIPS 17061,,,1894,https://data.cms.gov/summary-statistics-on-beneficiary-enrollment/medicare-and-medicaid-reports/medicare-monthly-enrollment,2026-06,[source: CMS Medicare Monthly Enrollment 2026-06; ORGNL_MDCR_BENES]
IL,Grundy,Medicare FFS (Original Medicare),Medicare FFS,Medicare (Federal),FIPS 17063,,,6546,https://data.cms.gov/summary-statistics-on-beneficiary-enrollment/medicare-and-medicaid-reports/medicare-monthly-enrollment,2026-06,[source: CMS Medicare Monthly Enrollment 2026-06; ORGNL_MDCR_BENES]
IL,Hamilton,Medicare FFS (Original Medicare),Medicare FFS,Medicare (Federal),FIPS 17065,,,1372,https://data.cms.gov/summary-statistics-on-beneficiary-enrollment/medicare-and-medicaid-reports/medicare-monthly-enrollment,2026-06,[source: CMS Medicare Monthly Enrollment 2026-06; ORGNL_MDCR_BENES]
IL,Hancock,Medicare FFS (Original Medicare),Medicare FFS,Medicare (Federal),FIPS 17067,,,3592,https://data.cms.gov/summary-statistics-on-beneficiary-enrollment/medicare-and-medicaid-reports/medicare-monthly-enrollment,2026-06,[source: CMS Medicare Monthly Enrollment 2026-06; ORGNL_MDCR_BENES]
IL,Hardin,Medicare FFS (Original Medicare),Medicare FFS,Medicare (Federal),FIPS 17069,,,693,https://data.cms.gov/summary-statistics-on-beneficiary-enrollment/medicare-and-medicaid-reports/medicare-monthly-enrollment,2026-06,[source: CMS Medicare Monthly Enrollment 2026-06; ORGNL_MDCR_BENES]
IL,Henderson,Medicare FFS (Original Medicare),Medicare FFS,Medicare (Federal),FIPS 17071,,,1167,https://data.cms.gov/summary-statistics-on-beneficiary-enrollment/medicare-and-medicaid-reports/medicare-monthly-enrollment,2026-06,[source: CMS Medicare Monthly Enrollment 2026-06; ORGNL_MDCR_BENES]
IL,Henry,Medicare FFS (Original Medicare),Medicare FFS,Medicare (Federal),FIPS 17073,,,6385,https://data.cms.gov/summary-statistics-on-beneficiary-enrollment/medicare-and-medicaid-reports/medicare-monthly-enrollment,2026-06,[source: CMS Medicare Monthly Enrollment 2026-06; ORGNL_MDCR_BENES]
IL,Iroquois,Medicare FFS (Original Medicare),Medicare FFS,Medicare (Federal),FIPS 17075,,,4864,https://data.cms.gov/summary-statistics-on-beneficiary-enrollment/medicare-and-medicaid-reports/medicare-monthly-enrollment,2026-06,[source: CMS Medicare Monthly Enrollment 2026-06; ORGNL_MDCR_BENES]
IL,Jackson,Medicare FFS (Original Medicare),Medicare FFS,Medicare (Federal),FIPS 17077,,,5492,https://data.cms.gov/summary-statistics-on-beneficiary-enrollment/medicare-and-medicaid-reports/medicare-monthly-enrollment,2026-06,[source: CMS Medicare Monthly Enrollment 2026-06; ORGNL_MDCR_BENES]
IL,Jasper,Medicare FFS (Original Medicare),Medicare FFS,Medicare (Federal),FIPS 17079,,,1677,https://data.cms.gov/summary-statistics-on-beneficiary-enrollment/medicare-and-medicaid-reports/medicare-monthly-enrollment,2026-06,[source: CMS Medicare Monthly Enrollment 2026-06; ORGNL_MDCR_BENES]
IL,Jefferson,Medicare FFS (Original Medicare),Medicare FFS,Medicare (Federal),FIPS 17081,,,5955,https://data.cms.gov/summary-statistics-on-beneficiary-enrollment/medicare-and-medicaid-reports/medicare-monthly-enrollment,2026-06,[source: CMS Medicare Monthly Enrollment 2026-06; ORGNL_MDCR_BENES]
IL,Jersey,Medicare FFS (Original Medicare),Medicare FFS,Medicare (Federal),FIPS 17083,,,3203,https://data.cms.gov/summary-statistics-on-beneficiary-enrollment/medicare-and-medicaid-reports/medicare-monthly-enrollment,2026-06,[source: CMS Medicare Monthly Enrollment 2026-06; ORGNL_MDCR_BENES]
IL,Jo Daviess,Medicare FFS (Original Medicare),Medicare FFS,Medicare (Federal),FIPS 17085,,,2935,https://data.cms.gov/summary-statistics-on-beneficiary-enrollment/medicare-and-medicaid-reports/medicare-monthly-enrollment,2026-06,[source: CMS Medicare Monthly Enrollment 2026-06; ORGNL_MDCR_BENES]
IL,Johnson,Medicare FFS (Original Medicare),Medicare FFS,Medicare (Federal),FIPS 17087,,,1856,https://data.cms.gov/summary-statistics-on-beneficiary-enrollment/medicare-and-medicaid-reports/medicare-monthly-enrollment,2026-06,[source: CMS Medicare Monthly Enrollment 2026-06; ORGNL_MDCR_BENES]
IL,Kane,Medicare FFS (Original Medicare),Medicare FFS,Medicare (Federal),FIPS 17089,,,56505,https://data.cms.gov/summary-statistics-on-beneficiary-enrollment/medicare-and-medicaid-reports/medicare-monthly-enrollment,2026-06,[source: CMS Medicare Monthly Enrollment 2026-06; ORGNL_MDCR_BENES]
IL,Kankakee,Medicare FFS (Original Medicare),Medicare FFS,Medicare (Federal),FIPS 17091,,,14217,https://data.cms.gov/summary-statistics-on-beneficiary-enrollment/medicare-and-medicaid-reports/medicare-monthly-enrollment,2026-06,[source: CMS Medicare Monthly Enrollment 2026-06; ORGNL_MDCR_BENES]
IL,Kendall,Medicare FFS (Original Medicare),Medicare FFS,Medicare (Federal),FIPS 17093,,,11503,https://data.cms.gov/summary-statistics-on-beneficiary-enrollment/medicare-and-medicaid-reports/medicare-monthly-enrollment,2026-06,[source: CMS Medicare Monthly Enrollment 2026-06; ORGNL_MDCR_BENES]
IL,Knox,Medicare FFS (Original Medicare),Medicare FFS,Medicare (Federal),FIPS 17095,,,6801,https://data.cms.gov/summary-statistics-on-beneficiary-enrollment/medicare-and-medicaid-reports/medicare-monthly-enrollment,2026-06,[source: CMS Medicare Monthly Enrollment 2026-06; ORGNL_MDCR_BENES]
IL,LaSalle,Medicare FFS (Original Medicare),Medicare FFS,Medicare (Federal),FIPS 17099,,,17069,https://data.cms.gov/summary-statistics-on-beneficiary-enrollment/medicare-and-medicaid-reports/medicare-monthly-enrollment,2026-06,[source: CMS Medicare Monthly Enrollment 2026-06; ORGNL_MDCR_BENES]
IL,Lake,Medicare FFS (Original Medicare),Medicare FFS,Medicare (Federal),FIPS 17097,,,89485,https://data.cms.gov/summary-statistics-on-beneficiary-enrollment/medicare-and-medicaid-reports/medicare-monthly-enrollment,2026-06,[source: CMS Medicare Monthly Enrollment 2026-06; ORGNL_MDCR_BENES]
IL,Lawrence,Medicare FFS (Original Medicare),Medicare FFS,Medicare (Federal),FIPS 17101,,,2441,https://data.cms.gov/summary-statistics-on-beneficiary-enrollment/medicare-and-medicaid-reports/medicare-monthly-enrollment,2026-06,[source: CMS Medicare Monthly Enrollment 2026-06; ORGNL_MDCR_BENES]
IL,Lee,Medicare FFS (Original Medicare),Medicare FFS,Medicare (Federal),FIPS 17103,,,5132,https://data.cms.gov/summary-statistics-on-beneficiary-enrollment/medicare-and-medicaid-reports/medicare-monthly-enrollment,2026-06,[source: CMS Medicare Monthly Enrollment 2026-06; ORGNL_MDCR_BENES]
IL,Livingston,Medicare FFS (Original Medicare),Medicare FFS,Medicare (Federal),FIPS 17105,,,4979,https://data.cms.gov/summary-statistics-on-beneficiary-enrollment/medicare-and-medicaid-reports/medicare-monthly-enrollment,2026-06,[source: CMS Medicare Monthly Enrollment 2026-06; ORGNL_MDCR_BENES]
IL,Logan,Medicare FFS (Original Medicare),Medicare FFS,Medicare (Federal),FIPS 17107,,,3376,https://data.cms.gov/summary-statistics-on-beneficiary-enrollment/medicare-and-medicaid-reports/medicare-monthly-enrollment,2026-06,[source: CMS Medicare Monthly Enrollment 2026-06; ORGNL_MDCR_BENES]
IL,Macon,Medicare FFS (Original Medicare),Medicare FFS,Medicare (Federal),FIPS 17115,,,15276,https://data.cms.gov/summary-statistics-on-beneficiary-enrollment/medicare-and-medicaid-reports/medicare-monthly-enrollment,2026-06,[source: CMS Medicare Monthly Enrollment 2026-06; ORGNL_MDCR_BENES]
IL,Macoupin,Medicare FFS (Original Medicare),Medicare FFS,Medicare (Federal),FIPS 17117,,,6707,https://data.cms.gov/summary-statistics-on-beneficiary-enrollment/medicare-and-medicaid-reports/medicare-monthly-enrollment,2026-06,[source: CMS Medicare Monthly Enrollment 2026-06; ORGNL_MDCR_BENES]
IL,Madison,Medicare FFS (Original Medicare),Medicare FFS,Medicare (Federal),FIPS 17119,,,26688,https://data.cms.gov/summary-statistics-on-beneficiary-enrollment/medicare-and-medicaid-reports/medicare-monthly-enrollment,2026-06,[source: CMS Medicare Monthly Enrollment 2026-06; ORGNL_MDCR_BENES]
IL,Marion,Medicare FFS (Original Medicare),Medicare FFS,Medicare (Federal),FIPS 17121,,,6787,https://data.cms.gov/summary-statistics-on-beneficiary-enrollment/medicare-and-medicaid-reports/medicare-monthly-enrollment,2026-06,[source: CMS Medicare Monthly Enrollment 2026-06; ORGNL_MDCR_BENES]
IL,Marshall,Medicare FFS (Original Medicare),Medicare FFS,Medicare (Federal),FIPS 17123,,,2028,https://data.cms.gov/summary-statistics-on-beneficiary-enrollment/medicare-and-medicaid-reports/medicare-monthly-enrollment,2026-06,[source: CMS Medicare Monthly Enrollment 2026-06; ORGNL_MDCR_BENES]
IL,Mason,Medicare FFS (Original Medicare),Medicare FFS,Medicare (Federal),FIPS 17125,,,2089,https://data.cms.gov/summary-statistics-on-beneficiary-enrollment/medicare-and-medicaid-reports/medicare-monthly-enrollment,2026-06,[source: CMS Medicare Monthly Enrollment 2026-06; ORGNL_MDCR_BENES]
IL,Massac,Medicare FFS (Original Medicare),Medicare FFS,Medicare (Federal),FIPS 17127,,,2571,https://data.cms.gov/summary-statistics-on-beneficiary-enrollment/medicare-and-medicaid-reports/medicare-monthly-enrollment,2026-06,[source: CMS Medicare Monthly Enrollment 2026-06; ORGNL_MDCR_BENES]
IL,McDonough,Medicare FFS (Original Medicare),Medicare FFS,Medicare (Federal),FIPS 17109,,,3224,https://data.cms.gov/summary-statistics-on-beneficiary-enrollment/medicare-and-medicaid-reports/medicare-monthly-enrollment,2026-06,[source: CMS Medicare Monthly Enrollment 2026-06; ORGNL_MDCR_BENES]
IL,McHenry,Medicare FFS (Original Medicare),Medicare FFS,Medicare (Federal),FIPS 17111,,,42758,https://data.cms.gov/summary-statistics-on-beneficiary-enrollment/medicare-and-medicaid-reports/medicare-monthly-enrollment,2026-06,[source: CMS Medicare Monthly Enrollment 2026-06; ORGNL_MDCR_BENES]
IL,McLean,Medicare FFS (Original Medicare),Medicare FFS,Medicare (Federal),FIPS 17113,,,17203,https://data.cms.gov/summary-statistics-on-beneficiary-enrollment/medicare-and-medicaid-reports/medicare-monthly-enrollment,2026-06,[source: CMS Medicare Monthly Enrollment 2026-06; ORGNL_MDCR_BENES]
IL,Menard,Medicare FFS (Original Medicare),Medicare FFS,Medicare (Federal),FIPS 17129,,,1387,https://data.cms.gov/summary-statistics-on-beneficiary-enrollment/medicare-and-medicaid-reports/medicare-monthly-enrollment,2026-06,[source: CMS Medicare Monthly Enrollment 2026-06; ORGNL_MDCR_BENES]
IL,Mercer,Medicare FFS (Original Medicare),Medicare FFS,Medicare (Federal),FIPS 17131,,,2109,https://data.cms.gov/summary-statistics-on-beneficiary-enrollment/medicare-and-medicaid-reports/medicare-monthly-enrollment,2026-06,[source: CMS Medicare Monthly Enrollment 2026-06; ORGNL_MDCR_BENES]
IL,Monroe,Medicare FFS (Original Medicare),Medicare FFS,Medicare (Federal),FIPS 17133,,,3951,https://data.cms.gov/summary-statistics-on-beneficiary-enrollment/medicare-and-medicaid-reports/medicare-monthly-enrollment,2026-06,[source: CMS Medicare Monthly Enrollment 2026-06; ORGNL_MDCR_BENES]
IL,Montgomery,Medicare FFS (Original Medicare),Medicare FFS,Medicare (Federal),FIPS 17135,,,4261,https://data.cms.gov/summary-statistics-on-beneficiary-enrollment/medicare-and-medicaid-reports/medicare-monthly-enrollment,2026-06,[source: CMS Medicare Monthly Enrollment 2026-06; ORGNL_MDCR_BENES]
IL,Morgan,Medicare FFS (Original Medicare),Medicare FFS,Medicare (Federal),FIPS 17137,,,4574,https://data.cms.gov/summary-statistics-on-beneficiary-enrollment/medicare-and-medicaid-reports/medicare-monthly-enrollment,2026-06,[source: CMS Medicare Monthly Enrollment 2026-06; ORGNL_MDCR_BENES]
IL,Moultrie,Medicare FFS (Original Medicare),Medicare FFS,Medicare (Federal),FIPS 17139,,,2117,https://data.cms.gov/summary-statistics-on-beneficiary-enrollment/medicare-and-medicaid-reports/medicare-monthly-enrollment,2026-06,[source: CMS Medicare Monthly Enrollment 2026-06; ORGNL_MDCR_BENES]
IL,Ogle,Medicare FFS (Original Medicare),Medicare FFS,Medicare (Federal),FIPS 17141,,,6280,https://data.cms.gov/summary-statistics-on-beneficiary-enrollment/medicare-and-medicaid-reports/medicare-monthly-enrollment,2026-06,[source: CMS Medicare Monthly Enrollment 2026-06; ORGNL_MDCR_BENES]
IL,Peoria,Medicare FFS (Original Medicare),Medicare FFS,Medicare (Federal),FIPS 17143,,,18739,https://data.cms.gov/summary-statistics-on-beneficiary-enrollment/medicare-and-medicaid-reports/medicare-monthly-enrollment,2026-06,[source: CMS Medicare Monthly Enrollment 2026-06; ORGNL_MDCR_BENES]
IL,Perry,Medicare FFS (Original Medicare),Medicare FFS,Medicare (Federal),FIPS 17145,,,2638,https://data.cms.gov/summary-statistics-on-beneficiary-enrollment/medicare-and-medicaid-reports/medicare-monthly-enrollment,2026-06,[source: CMS Medicare Monthly Enrollment 2026-06; ORGNL_MDCR_BENES]
IL,Piatt,Medicare FFS (Original Medicare),Medicare FFS,Medicare (Federal),FIPS 17147,,,1870,https://data.cms.gov/summary-statistics-on-beneficiary-enrollment/medicare-and-medicaid-reports/medicare-monthly-enrollment,2026-06,[source: CMS Medicare Monthly Enrollment 2026-06; ORGNL_MDCR_BENES]
IL,Pike,Medicare FFS (Original Medicare),Medicare FFS,Medicare (Federal),FIPS 17149,,,2624,https://data.cms.gov/summary-statistics-on-beneficiary-enrollment/medicare-and-medicaid-reports/medicare-monthly-enrollment,2026-06,[source: CMS Medicare Monthly Enrollment 2026-06; ORGNL_MDCR_BENES]
IL,Pope,Medicare FFS (Original Medicare),Medicare FFS,Medicare (Federal),FIPS 17151,,,740,https://data.cms.gov/summary-statistics-on-beneficiary-enrollment/medicare-and-medicaid-reports/medicare-monthly-enrollment,2026-06,[source: CMS Medicare Monthly Enrollment 2026-06; ORGNL_MDCR_BENES]
IL,Pulaski,Medicare FFS (Original Medicare),Medicare FFS,Medicare (Federal),FIPS 17153,,,811,https://data.cms.gov/summary-statistics-on-beneficiary-enrollment/medicare-and-medicaid-reports/medicare-monthly-enrollment,2026-06,[source: CMS Medicare Monthly Enrollment 2026-06; ORGNL_MDCR_BENES]
IL,Putnam,Medicare FFS (Original Medicare),Medicare FFS,Medicare (Federal),FIPS 17155,,,1100,https://data.cms.gov/summary-statistics-on-beneficiary-enrollment/medicare-and-medicaid-reports/medicare-monthly-enrollment,2026-06,[source: CMS Medicare Monthly Enrollment 2026-06; ORGNL_MDCR_BENES]
IL,Randolph,Medicare FFS (Original Medicare),Medicare FFS,Medicare (Federal),FIPS 17157,,,3638,https://data.cms.gov/summary-statistics-on-beneficiary-enrollment/medicare-and-medicaid-reports/medicare-monthly-enrollment,2026-06,[source: CMS Medicare Monthly Enrollment 2026-06; ORGNL_MDCR_BENES]
IL,Richland,Medicare FFS (Original Medicare),Medicare FFS,Medicare (Federal),FIPS 17159,,,2765,https://data.cms.gov/summary-statistics-on-beneficiary-enrollment/medicare-and-medicaid-reports/medicare-monthly-enrollment,2026-06,[source: CMS Medicare Monthly Enrollment 2026-06; ORGNL_MDCR_BENES]
IL,Rock Island,Medicare FFS (Original Medicare),Medicare FFS,Medicare (Federal),FIPS 17161,,,13500,https://data.cms.gov/summary-statistics-on-beneficiary-enrollment/medicare-and-medicaid-reports/medicare-monthly-enrollment,2026-06,[source: CMS Medicare Monthly Enrollment 2026-06; ORGNL_MDCR_BENES]
IL,Saline,Medicare FFS (Original Medicare),Medicare FFS,Medicare (Federal),FIPS 17165,,,3901,https://data.cms.gov/summary-statistics-on-beneficiary-enrollment/medicare-and-medicaid-reports/medicare-monthly-enrollment,2026-06,[source: CMS Medicare Monthly Enrollment 2026-06; ORGNL_MDCR_BENES]
IL,Sangamon,Medicare FFS (Original Medicare),Medicare FFS,Medicare (Federal),FIPS 17167,,,18609,https://data.cms.gov/summary-statistics-on-beneficiary-enrollment/medicare-and-medicaid-reports/medicare-monthly-enrollment,2026-06,[source: CMS Medicare Monthly Enrollment 2026-06; ORGNL_MDCR_BENES]
IL,Schuyler,Medicare FFS (Original Medicare),Medicare FFS,Medicare (Federal),FIPS 17169,,,1150,https://data.cms.gov/summary-statistics-on-beneficiary-enrollment/medicare-and-medicaid-reports/medicare-monthly-enrollment,2026-06,[source: CMS Medicare Monthly Enrollment 2026-06; ORGNL_MDCR_BENES]
IL,Scott,Medicare FFS (Original Medicare),Medicare FFS,Medicare (Federal),FIPS 17171,,,745,https://data.cms.gov/summary-statistics-on-beneficiary-enrollment/medicare-and-medicaid-reports/medicare-monthly-enrollment,2026-06,[source: CMS Medicare Monthly Enrollment 2026-06; ORGNL_MDCR_BENES]
IL,Shelby,Medicare FFS (Original Medicare),Medicare FFS,Medicare (Federal),FIPS 17173,,,3672,https://data.cms.gov/summary-statistics-on-beneficiary-enrollment/medicare-and-medicaid-reports/medicare-monthly-enrollment,2026-06,[source: CMS Medicare Monthly Enrollment 2026-06; ORGNL_MDCR_BENES]
IL,St. Clair,Medicare FFS (Original Medicare),Medicare FFS,Medicare (Federal),FIPS 17163,,,23941,https://data.cms.gov/summary-statistics-on-beneficiary-enrollment/medicare-and-medicaid-reports/medicare-monthly-enrollment,2026-06,[source: CMS Medicare Monthly Enrollment 2026-06; ORGNL_MDCR_BENES]
IL,Stark,Medicare FFS (Original Medicare),Medicare FFS,Medicare (Federal),FIPS 17175,,,841,https://data.cms.gov/summary-statistics-on-beneficiary-enrollment/medicare-and-medicaid-reports/medicare-monthly-enrollment,2026-06,[source: CMS Medicare Monthly Enrollment 2026-06; ORGNL_MDCR_BENES]
IL,Stephenson,Medicare FFS (Original Medicare),Medicare FFS,Medicare (Federal),FIPS 17177,,,4738,https://data.cms.gov/summary-statistics-on-beneficiary-enrollment/medicare-and-medicaid-reports/medicare-monthly-enrollment,2026-06,[source: CMS Medicare Monthly Enrollment 2026-06; ORGNL_MDCR_BENES]
IL,Tazewell,Medicare FFS (Original Medicare),Medicare FFS,Medicare (Federal),FIPS 17179,,,17009,https://data.cms.gov/summary-statistics-on-beneficiary-enrollment/medicare-and-medicaid-reports/medicare-monthly-enrollment,2026-06,[source: CMS Medicare Monthly Enrollment 2026-06; ORGNL_MDCR_BENES]
IL,Union,Medicare FFS (Original Medicare),Medicare FFS,Medicare (Federal),FIPS 17181,,,2496,https://data.cms.gov/summary-statistics-on-beneficiary-enrollment/medicare-and-medicaid-reports/medicare-monthly-enrollment,2026-06,[source: CMS Medicare Monthly Enrollment 2026-06; ORGNL_MDCR_BENES]
IL,Vermilion,Medicare FFS (Original Medicare),Medicare FFS,Medicare (Federal),FIPS 17183,,,7769,https://data.cms.gov/summary-statistics-on-beneficiary-enrollment/medicare-and-medicaid-reports/medicare-monthly-enrollment,2026-06,[source: CMS Medicare Monthly Enrollment 2026-06; ORGNL_MDCR_BENES]
IL,Wabash,Medicare FFS (Original Medicare),Medicare FFS,Medicare (Federal),FIPS 17185,,,2220,https://data.cms.gov/summary-statistics-on-beneficiary-enrollment/medicare-and-medicaid-reports/medicare-monthly-enrollment,2026-06,[source: CMS Medicare Monthly Enrollment 2026-06; ORGNL_MDCR_BENES]
IL,Warren,Medicare FFS (Original Medicare),Medicare FFS,Medicare (Federal),FIPS 17187,,,2551,https://data.cms.gov/summary-statistics-on-beneficiary-enrollment/medicare-and-medicaid-reports/medicare-monthly-enrollment,2026-06,[source: CMS Medicare Monthly Enrollment 2026-06; ORGNL_MDCR_BENES]
IL,Washington,Medicare FFS (Original Medicare),Medicare FFS,Medicare (Federal),FIPS 17189,,,2376,https://data.cms.gov/summary-statistics-on-beneficiary-enrollment/medicare-and-medicaid-reports/medicare-monthly-enrollment,2026-06,[source: CMS Medicare Monthly Enrollment 2026-06; ORGNL_MDCR_BENES]
IL,Wayne,Medicare FFS (Original Medicare),Medicare FFS,Medicare (Federal),FIPS 17191,,,2974,https://data.cms.gov/summary-statistics-on-beneficiary-enrollment/medicare-and-medicaid-reports/medicare-monthly-enrollment,2026-06,[source: CMS Medicare Monthly Enrollment 2026-06; ORGNL_MDCR_BENES]
IL,White,Medicare FFS (Original Medicare),Medicare FFS,Medicare (Federal),FIPS 17193,,,2634,https://data.cms.gov/summary-statistics-on-beneficiary-enrollment/medicare-and-medicaid-reports/medicare-monthly-enrollment,2026-06,[source: CMS Medicare Monthly Enrollment 2026-06; ORGNL_MDCR_BENES]
IL,Whiteside,Medicare FFS (Original Medicare),Medicare FFS,Medicare (Federal),FIPS 17195,,,8751,https://data.cms.gov/summary-statistics-on-beneficiary-enrollment/medicare-and-medicaid-reports/medicare-monthly-enrollment,2026-06,[source: CMS Medicare Monthly Enrollment 2026-06; ORGNL_MDCR_BENES]
IL,Will,Medicare FFS (Original Medicare),Medicare FFS,Medicare (Federal),FIPS 17197,,,72933,https://data.cms.gov/summary-statistics-on-beneficiary-enrollment/medicare-and-medicaid-reports/medicare-monthly-enrollment,2026-06,[source: CMS Medicare Monthly Enrollment 2026-06; ORGNL_MDCR_BENES]
IL,Williamson,Medicare FFS (Original Medicare),Medicare FFS,Medicare (Federal),FIPS 17199,,,9924,https://data.cms.gov/summary-statistics-on-beneficiary-enrollment/medicare-and-medicaid-reports/medicare-monthly-enrollment,2026-06,[source: CMS Medicare Monthly Enrollment 2026-06; ORGNL_MDCR_BENES]
IL,Winnebago,Medicare FFS (Original Medicare),Medicare FFS,Medicare (Federal),FIPS 17201,,,26508,https://data.cms.gov/summary-statistics-on-beneficiary-enrollment/medicare-and-medicaid-reports/medicare-monthly-enrollment,2026-06,[source: CMS Medicare Monthly Enrollment 2026-06; ORGNL_MDCR_BENES]
IL,Woodford,Medicare FFS (Original Medicare),Medicare FFS,Medicare (Federal),FIPS 17203,,,5311,https://data.cms.gov/summary-statistics-on-beneficiary-enrollment/medicare-and-medicaid-reports/medicare-monthly-enrollment,2026-06,[source: CMS Medicare Monthly Enrollment 2026-06; ORGNL_MDCR_BENES]
IN,Adams,Medicare FFS (Original Medicare),Medicare FFS,Medicare (Federal),FIPS 18001,,,3766,https://data.cms.gov/summary-statistics-on-beneficiary-enrollment/medicare-and-medicaid-reports/medicare-monthly-enrollment,2026-06,[source: CMS Medicare Monthly Enrollment 2026-06; ORGNL_MDCR_BENES]
IN,Allen,Medicare FFS (Original Medicare),Medicare FFS,Medicare (Federal),FIPS 18003,,,27272,https://data.cms.gov/summary-statistics-on-beneficiary-enrollment/medicare-and-medicaid-reports/medicare-monthly-enrollment,2026-06,[source: CMS Medicare Monthly Enrollment 2026-06; ORGNL_MDCR_BENES]
IN,Bartholomew,Medicare FFS (Original Medicare),Medicare FFS,Medicare (Federal),FIPS 18005,,,9327,https://data.cms.gov/summary-statistics-on-beneficiary-enrollment/medicare-and-medicaid-reports/medicare-monthly-enrollment,2026-06,[source: CMS Medicare Monthly Enrollment 2026-06; ORGNL_MDCR_BENES]
IN,Benton,Medicare FFS (Original Medicare),Medicare FFS,Medicare (Federal),FIPS 18007,,,1052,https://data.cms.gov/summary-statistics-on-beneficiary-enrollment/medicare-and-medicaid-reports/medicare-monthly-enrollment,2026-06,[source: CMS Medicare Monthly Enrollment 2026-06; ORGNL_MDCR_BENES]
IN,Blackford,Medicare FFS (Original Medicare),Medicare FFS,Medicare (Federal),FIPS 18009,,,1457,https://data.cms.gov/summary-statistics-on-beneficiary-enrollment/medicare-and-medicaid-reports/medicare-monthly-enrollment,2026-06,[source: CMS Medicare Monthly Enrollment 2026-06; ORGNL_MDCR_BENES]
IN,Boone,Medicare FFS (Original Medicare),Medicare FFS,Medicare (Federal),FIPS 18011,,,7819,https://data.cms.gov/summary-statistics-on-beneficiary-enrollment/medicare-and-medicaid-reports/medicare-monthly-enrollment,2026-06,[source: CMS Medicare Monthly Enrollment 2026-06; ORGNL_MDCR_BENES]
IN,Brown,Medicare FFS (Original Medicare),Medicare FFS,Medicare (Federal),FIPS 18013,,,2059,https://data.cms.gov/summary-statistics-on-beneficiary-enrollment/medicare-and-medicaid-reports/medicare-monthly-enrollment,2026-06,[source: CMS Medicare Monthly Enrollment 2026-06; ORGNL_MDCR_BENES]
IN,Carroll,Medicare FFS (Original Medicare),Medicare FFS,Medicare (Federal),FIPS 18015,,,2499,https://data.cms.gov/summary-statistics-on-beneficiary-enrollment/medicare-and-medicaid-reports/medicare-monthly-enrollment,2026-06,[source: CMS Medicare Monthly Enrollment 2026-06; ORGNL_MDCR_BENES]
IN,Cass,Medicare FFS (Original Medicare),Medicare FFS,Medicare (Federal),FIPS 18017,,,4449,https://data.cms.gov/summary-statistics-on-beneficiary-enrollment/medicare-and-medicaid-reports/medicare-monthly-enrollment,2026-06,[source: CMS Medicare Monthly Enrollment 2026-06; ORGNL_MDCR_BENES]
IN,Clark,Medicare FFS (Original Medicare),Medicare FFS,Medicare (Federal),FIPS 18019,,,14328,https://data.cms.gov/summary-statistics-on-beneficiary-enrollment/medicare-and-medicaid-reports/medicare-monthly-enrollment,2026-06,[source: CMS Medicare Monthly Enrollment 2026-06; ORGNL_MDCR_BENES]
IN,Clay,Medicare FFS (Original Medicare),Medicare FFS,Medicare (Federal),FIPS 18021,,,3583,https://data.cms.gov/summary-statistics-on-beneficiary-enrollment/medicare-and-medicaid-reports/medicare-monthly-enrollment,2026-06,[source: CMS Medicare Monthly Enrollment 2026-06; ORGNL_MDCR_BENES]
IN,Clinton,Medicare FFS (Original Medicare),Medicare FFS,Medicare (Federal),FIPS 18023,,,3026,https://data.cms.gov/summary-statistics-on-beneficiary-enrollment/medicare-and-medicaid-reports/medicare-monthly-enrollment,2026-06,[source: CMS Medicare Monthly Enrollment 2026-06; ORGNL_MDCR_BENES]
IN,Crawford,Medicare FFS (Original Medicare),Medicare FFS,Medicare (Federal),FIPS 18025,,,1412,https://data.cms.gov/summary-statistics-on-beneficiary-enrollment/medicare-and-medicaid-reports/medicare-monthly-enrollment,2026-06,[source: CMS Medicare Monthly Enrollment 2026-06; ORGNL_MDCR_BENES]
IN,Daviess,Medicare FFS (Original Medicare),Medicare FFS,Medicare (Federal),FIPS 18027,,,4031,https://data.cms.gov/summary-statistics-on-beneficiary-enrollment/medicare-and-medicaid-reports/medicare-monthly-enrollment,2026-06,[source: CMS Medicare Monthly Enrollment 2026-06; ORGNL_MDCR_BENES]
IN,DeKalb,Medicare FFS (Original Medicare),Medicare FFS,Medicare (Federal),FIPS 18033,,,3181,https://data.cms.gov/summary-statistics-on-beneficiary-enrollment/medicare-and-medicaid-reports/medicare-monthly-enrollment,2026-06,[source: CMS Medicare Monthly Enrollment 2026-06; ORGNL_MDCR_BENES]
IN,Dearborn,Medicare FFS (Original Medicare),Medicare FFS,Medicare (Federal),FIPS 18029,,,6390,https://data.cms.gov/summary-statistics-on-beneficiary-enrollment/medicare-and-medicaid-reports/medicare-monthly-enrollment,2026-06,[source: CMS Medicare Monthly Enrollment 2026-06; ORGNL_MDCR_BENES]
IN,Decatur,Medicare FFS (Original Medicare),Medicare FFS,Medicare (Federal),FIPS 18031,,,3273,https://data.cms.gov/summary-statistics-on-beneficiary-enrollment/medicare-and-medicaid-reports/medicare-monthly-enrollment,2026-06,[source: CMS Medicare Monthly Enrollment 2026-06; ORGNL_MDCR_BENES]
IN,Delaware,Medicare FFS (Original Medicare),Medicare FFS,Medicare (Federal),FIPS 18035,,,11362,https://data.cms.gov/summary-statistics-on-beneficiary-enrollment/medicare-and-medicaid-reports/medicare-monthly-enrollment,2026-06,[source: CMS Medicare Monthly Enrollment 2026-06; ORGNL_MDCR_BENES]
IN,Dubois,Medicare FFS (Original Medicare),Medicare FFS,Medicare (Federal),FIPS 18037,,,7922,https://data.cms.gov/summary-statistics-on-beneficiary-enrollment/medicare-and-medicaid-reports/medicare-monthly-enrollment,2026-06,[source: CMS Medicare Monthly Enrollment 2026-06; ORGNL_MDCR_BENES]
IN,Elkhart,Medicare FFS (Original Medicare),Medicare FFS,Medicare (Federal),FIPS 18039,,,17629,https://data.cms.gov/summary-statistics-on-beneficiary-enrollment/medicare-and-medicaid-reports/medicare-monthly-enrollment,2026-06,[source: CMS Medicare Monthly Enrollment 2026-06; ORGNL_MDCR_BENES]
IN,Fayette,Medicare FFS (Original Medicare),Medicare FFS,Medicare (Federal),FIPS 18041,,,3299,https://data.cms.gov/summary-statistics-on-beneficiary-enrollment/medicare-and-medicaid-reports/medicare-monthly-enrollment,2026-06,[source: CMS Medicare Monthly Enrollment 2026-06; ORGNL_MDCR_BENES]
IN,Floyd,Medicare FFS (Original Medicare),Medicare FFS,Medicare (Federal),FIPS 18043,,,10453,https://data.cms.gov/summary-statistics-on-beneficiary-enrollment/medicare-and-medicaid-reports/medicare-monthly-enrollment,2026-06,[source: CMS Medicare Monthly Enrollment 2026-06; ORGNL_MDCR_BENES]
IN,Fountain,Medicare FFS (Original Medicare),Medicare FFS,Medicare (Federal),FIPS 18045,,,2414,https://data.cms.gov/summary-statistics-on-beneficiary-enrollment/medicare-and-medicaid-reports/medicare-monthly-enrollment,2026-06,[source: CMS Medicare Monthly Enrollment 2026-06; ORGNL_MDCR_BENES]
IN,Franklin,Medicare FFS (Original Medicare),Medicare FFS,Medicare (Federal),FIPS 18047,,,2856,https://data.cms.gov/summary-statistics-on-beneficiary-enrollment/medicare-and-medicaid-reports/medicare-monthly-enrollment,2026-06,[source: CMS Medicare Monthly Enrollment 2026-06; ORGNL_MDCR_BENES]
IN,Fulton,Medicare FFS (Original Medicare),Medicare FFS,Medicare (Federal),FIPS 18049,,,2282,https://data.cms.gov/summary-statistics-on-beneficiary-enrollment/medicare-and-medicaid-reports/medicare-monthly-enrollment,2026-06,[source: CMS Medicare Monthly Enrollment 2026-06; ORGNL_MDCR_BENES]
IN,Gibson,Medicare FFS (Original Medicare),Medicare FFS,Medicare (Federal),FIPS 18051,,,4511,https://data.cms.gov/summary-statistics-on-beneficiary-enrollment/medicare-and-medicaid-reports/medicare-monthly-enrollment,2026-06,[source: CMS Medicare Monthly Enrollment 2026-06; ORGNL_MDCR_BENES]
IN,Grant,Medicare FFS (Original Medicare),Medicare FFS,Medicare (Federal),FIPS 18053,,,7856,https://data.cms.gov/summary-statistics-on-beneficiary-enrollment/medicare-and-medicaid-reports/medicare-monthly-enrollment,2026-06,[source: CMS Medicare Monthly Enrollment 2026-06; ORGNL_MDCR_BENES]
IN,Greene,Medicare FFS (Original Medicare),Medicare FFS,Medicare (Federal),FIPS 18055,,,4523,https://data.cms.gov/summary-statistics-on-beneficiary-enrollment/medicare-and-medicaid-reports/medicare-monthly-enrollment,2026-06,[source: CMS Medicare Monthly Enrollment 2026-06; ORGNL_MDCR_BENES]
IN,Hamilton,Medicare FFS (Original Medicare),Medicare FFS,Medicare (Federal),FIPS 18057,,,36395,https://data.cms.gov/summary-statistics-on-beneficiary-enrollment/medicare-and-medicaid-reports/medicare-monthly-enrollment,2026-06,[source: CMS Medicare Monthly Enrollment 2026-06; ORGNL_MDCR_BENES]
IN,Hancock,Medicare FFS (Original Medicare),Medicare FFS,Medicare (Federal),FIPS 18059,,,9493,https://data.cms.gov/summary-statistics-on-beneficiary-enrollment/medicare-and-medicaid-reports/medicare-monthly-enrollment,2026-06,[source: CMS Medicare Monthly Enrollment 2026-06; ORGNL_MDCR_BENES]
IN,Harrison,Medicare FFS (Original Medicare),Medicare FFS,Medicare (Federal),FIPS 18061,,,5587,https://data.cms.gov/summary-statistics-on-beneficiary-enrollment/medicare-and-medicaid-reports/medicare-monthly-enrollment,2026-06,[source: CMS Medicare Monthly Enrollment 2026-06; ORGNL_MDCR_BENES]
IN,Hendricks,Medicare FFS (Original Medicare),Medicare FFS,Medicare (Federal),FIPS 18063,,,16253,https://data.cms.gov/summary-statistics-on-beneficiary-enrollment/medicare-and-medicaid-reports/medicare-monthly-enrollment,2026-06,[source: CMS Medicare Monthly Enrollment 2026-06; ORGNL_MDCR_BENES]
IN,Henry,Medicare FFS (Original Medicare),Medicare FFS,Medicare (Federal),FIPS 18065,,,5305,https://data.cms.gov/summary-statistics-on-beneficiary-enrollment/medicare-and-medicaid-reports/medicare-monthly-enrollment,2026-06,[source: CMS Medicare Monthly Enrollment 2026-06; ORGNL_MDCR_BENES]
IN,Howard,Medicare FFS (Original Medicare),Medicare FFS,Medicare (Federal),FIPS 18067,,,9983,https://data.cms.gov/summary-statistics-on-beneficiary-enrollment/medicare-and-medicaid-reports/medicare-monthly-enrollment,2026-06,[source: CMS Medicare Monthly Enrollment 2026-06; ORGNL_MDCR_BENES]
IN,Huntington,Medicare FFS (Original Medicare),Medicare FFS,Medicare (Federal),FIPS 18069,,,3497,https://data.cms.gov/summary-statistics-on-beneficiary-enrollment/medicare-and-medicaid-reports/medicare-monthly-enrollment,2026-06,[source: CMS Medicare Monthly Enrollment 2026-06; ORGNL_MDCR_BENES]
IN,Jackson,Medicare FFS (Original Medicare),Medicare FFS,Medicare (Federal),FIPS 18071,,,3966,https://data.cms.gov/summary-statistics-on-beneficiary-enrollment/medicare-and-medicaid-reports/medicare-monthly-enrollment,2026-06,[source: CMS Medicare Monthly Enrollment 2026-06; ORGNL_MDCR_BENES]
IN,Jasper,Medicare FFS (Original Medicare),Medicare FFS,Medicare (Federal),FIPS 18073,,,4885,https://data.cms.gov/summary-statistics-on-beneficiary-enrollment/medicare-and-medicaid-reports/medicare-monthly-enrollment,2026-06,[source: CMS Medicare Monthly Enrollment 2026-06; ORGNL_MDCR_BENES]
IN,Jay,Medicare FFS (Original Medicare),Medicare FFS,Medicare (Federal),FIPS 18075,,,2342,https://data.cms.gov/summary-statistics-on-beneficiary-enrollment/medicare-and-medicaid-reports/medicare-monthly-enrollment,2026-06,[source: CMS Medicare Monthly Enrollment 2026-06; ORGNL_MDCR_BENES]
IN,Jefferson,Medicare FFS (Original Medicare),Medicare FFS,Medicare (Federal),FIPS 18077,,,4406,https://data.cms.gov/summary-statistics-on-beneficiary-enrollment/medicare-and-medicaid-reports/medicare-monthly-enrollment,2026-06,[source: CMS Medicare Monthly Enrollment 2026-06; ORGNL_MDCR_BENES]
IN,Jennings,Medicare FFS (Original Medicare),Medicare FFS,Medicare (Federal),FIPS 18079,,,2788,https://data.cms.gov/summary-statistics-on-beneficiary-enrollment/medicare-and-medicaid-reports/medicare-monthly-enrollment,2026-06,[source: CMS Medicare Monthly Enrollment 2026-06; ORGNL_MDCR_BENES]
IN,Johnson,Medicare FFS (Original Medicare),Medicare FFS,Medicare (Federal),FIPS 18081,,,16421,https://data.cms.gov/summary-statistics-on-beneficiary-enrollment/medicare-and-medicaid-reports/medicare-monthly-enrollment,2026-06,[source: CMS Medicare Monthly Enrollment 2026-06; ORGNL_MDCR_BENES]
IN,Knox,Medicare FFS (Original Medicare),Medicare FFS,Medicare (Federal),FIPS 18083,,,5605,https://data.cms.gov/summary-statistics-on-beneficiary-enrollment/medicare-and-medicaid-reports/medicare-monthly-enrollment,2026-06,[source: CMS Medicare Monthly Enrollment 2026-06; ORGNL_MDCR_BENES]
IN,Kosciusko,Medicare FFS (Original Medicare),Medicare FFS,Medicare (Federal),FIPS 18085,,,6902,https://data.cms.gov/summary-statistics-on-beneficiary-enrollment/medicare-and-medicaid-reports/medicare-monthly-enrollment,2026-06,[source: CMS Medicare Monthly Enrollment 2026-06; ORGNL_MDCR_BENES]
IN,LaGrange,Medicare FFS (Original Medicare),Medicare FFS,Medicare (Federal),FIPS 18087,,,2747,https://data.cms.gov/summary-statistics-on-beneficiary-enrollment/medicare-and-medicaid-reports/medicare-monthly-enrollment,2026-06,[source: CMS Medicare Monthly Enrollment 2026-06; ORGNL_MDCR_BENES]
IN,LaPorte,Medicare FFS (Original Medicare),Medicare FFS,Medicare (Federal),FIPS 18091,,,14423,https://data.cms.gov/summary-statistics-on-beneficiary-enrollment/medicare-and-medicaid-reports/medicare-monthly-enrollment,2026-06,[source: CMS Medicare Monthly Enrollment 2026-06; ORGNL_MDCR_BENES]
IN,Lake,Medicare FFS (Original Medicare),Medicare FFS,Medicare (Federal),FIPS 18089,,,56832,https://data.cms.gov/summary-statistics-on-beneficiary-enrollment/medicare-and-medicaid-reports/medicare-monthly-enrollment,2026-06,[source: CMS Medicare Monthly Enrollment 2026-06; ORGNL_MDCR_BENES]
IN,Lawrence,Medicare FFS (Original Medicare),Medicare FFS,Medicare (Federal),FIPS 18093,,,5794,https://data.cms.gov/summary-statistics-on-beneficiary-enrollment/medicare-and-medicaid-reports/medicare-monthly-enrollment,2026-06,[source: CMS Medicare Monthly Enrollment 2026-06; ORGNL_MDCR_BENES]
IN,Madison,Medicare FFS (Original Medicare),Medicare FFS,Medicare (Federal),FIPS 18095,,,12266,https://data.cms.gov/summary-statistics-on-beneficiary-enrollment/medicare-and-medicaid-reports/medicare-monthly-enrollment,2026-06,[source: CMS Medicare Monthly Enrollment 2026-06; ORGNL_MDCR_BENES]
IN,Marion,Medicare FFS (Original Medicare),Medicare FFS,Medicare (Federal),FIPS 18097,,,67186,https://data.cms.gov/summary-statistics-on-beneficiary-enrollment/medicare-and-medicaid-reports/medicare-monthly-enrollment,2026-06,[source: CMS Medicare Monthly Enrollment 2026-06; ORGNL_MDCR_BENES]
IN,Marshall,Medicare FFS (Original Medicare),Medicare FFS,Medicare (Federal),FIPS 18099,,,4504,https://data.cms.gov/summary-statistics-on-beneficiary-enrollment/medicare-and-medicaid-reports/medicare-monthly-enrollment,2026-06,[source: CMS Medicare Monthly Enrollment 2026-06; ORGNL_MDCR_BENES]
IN,Martin,Medicare FFS (Original Medicare),Medicare FFS,Medicare (Federal),FIPS 18101,,,1722,https://data.cms.gov/summary-statistics-on-beneficiary-enrollment/medicare-and-medicaid-reports/medicare-monthly-enrollment,2026-06,[source: CMS Medicare Monthly Enrollment 2026-06; ORGNL_MDCR_BENES]
IN,Miami,Medicare FFS (Original Medicare),Medicare FFS,Medicare (Federal),FIPS 18103,,,3955,https://data.cms.gov/summary-statistics-on-beneficiary-enrollment/medicare-and-medicaid-reports/medicare-monthly-enrollment,2026-06,[source: CMS Medicare Monthly Enrollment 2026-06; ORGNL_MDCR_BENES]
IN,Monroe,Medicare FFS (Original Medicare),Medicare FFS,Medicare (Federal),FIPS 18105,,,13896,https://data.cms.gov/summary-statistics-on-beneficiary-enrollment/medicare-and-medicaid-reports/medicare-monthly-enrollment,2026-06,[source: CMS Medicare Monthly Enrollment 2026-06; ORGNL_MDCR_BENES]
IN,Montgomery,Medicare FFS (Original Medicare),Medicare FFS,Medicare (Federal),FIPS 18107,,,4388,https://data.cms.gov/summary-statistics-on-beneficiary-enrollment/medicare-and-medicaid-reports/medicare-monthly-enrollment,2026-06,[source: CMS Medicare Monthly Enrollment 2026-06; ORGNL_MDCR_BENES]
IN,Morgan,Medicare FFS (Original Medicare),Medicare FFS,Medicare (Federal),FIPS 18109,,,8216,https://data.cms.gov/summary-statistics-on-beneficiary-enrollment/medicare-and-medicaid-reports/medicare-monthly-enrollment,2026-06,[source: CMS Medicare Monthly Enrollment 2026-06; ORGNL_MDCR_BENES]
IN,Newton,Medicare FFS (Original Medicare),Medicare FFS,Medicare (Federal),FIPS 18111,,,1988,https://data.cms.gov/summary-statistics-on-beneficiary-enrollment/medicare-and-medicaid-reports/medicare-monthly-enrollment,2026-06,[source: CMS Medicare Monthly Enrollment 2026-06; ORGNL_MDCR_BENES]
IN,Noble,Medicare FFS (Original Medicare),Medicare FFS,Medicare (Federal),FIPS 18113,,,3619,https://data.cms.gov/summary-statistics-on-beneficiary-enrollment/medicare-and-medicaid-reports/medicare-monthly-enrollment,2026-06,[source: CMS Medicare Monthly Enrollment 2026-06; ORGNL_MDCR_BENES]
IN,Ohio,Medicare FFS (Original Medicare),Medicare FFS,Medicare (Federal),FIPS 18115,,,710,https://data.cms.gov/summary-statistics-on-beneficiary-enrollment/medicare-and-medicaid-reports/medicare-monthly-enrollment,2026-06,[source: CMS Medicare Monthly Enrollment 2026-06; ORGNL_MDCR_BENES]
IN,Orange,Medicare FFS (Original Medicare),Medicare FFS,Medicare (Federal),FIPS 18117,,,2543,https://data.cms.gov/summary-statistics-on-beneficiary-enrollment/medicare-and-medicaid-reports/medicare-monthly-enrollment,2026-06,[source: CMS Medicare Monthly Enrollment 2026-06; ORGNL_MDCR_BENES]
IN,Owen,Medicare FFS (Original Medicare),Medicare FFS,Medicare (Federal),FIPS 18119,,,2549,https://data.cms.gov/summary-statistics-on-beneficiary-enrollment/medicare-and-medicaid-reports/medicare-monthly-enrollment,2026-06,[source: CMS Medicare Monthly Enrollment 2026-06; ORGNL_MDCR_BENES]
IN,Parke,Medicare FFS (Original Medicare),Medicare FFS,Medicare (Federal),FIPS 18121,,,1944,https://data.cms.gov/summary-statistics-on-beneficiary-enrollment/medicare-and-medicaid-reports/medicare-monthly-enrollment,2026-06,[source: CMS Medicare Monthly Enrollment 2026-06; ORGNL_MDCR_BENES]
IN,Perry,Medicare FFS (Original Medicare),Medicare FFS,Medicare (Federal),FIPS 18123,,,2590,https://data.cms.gov/summary-statistics-on-beneficiary-enrollment/medicare-and-medicaid-reports/medicare-monthly-enrollment,2026-06,[source: CMS Medicare Monthly Enrollment 2026-06; ORGNL_MDCR_BENES]
IN,Pike,Medicare FFS (Original Medicare),Medicare FFS,Medicare (Federal),FIPS 18125,,,1588,https://data.cms.gov/summary-statistics-on-beneficiary-enrollment/medicare-and-medicaid-reports/medicare-monthly-enrollment,2026-06,[source: CMS Medicare Monthly Enrollment 2026-06; ORGNL_MDCR_BENES]
IN,Porter,Medicare FFS (Original Medicare),Medicare FFS,Medicare (Federal),FIPS 18127,,,23220,https://data.cms.gov/summary-statistics-on-beneficiary-enrollment/medicare-and-medicaid-reports/medicare-monthly-enrollment,2026-06,[source: CMS Medicare Monthly Enrollment 2026-06; ORGNL_MDCR_BENES]
IN,Posey,Medicare FFS (Original Medicare),Medicare FFS,Medicare (Federal),FIPS 18129,,,3639,https://data.cms.gov/summary-statistics-on-beneficiary-enrollment/medicare-and-medicaid-reports/medicare-monthly-enrollment,2026-06,[source: CMS Medicare Monthly Enrollment 2026-06; ORGNL_MDCR_BENES]
IN,Pulaski,Medicare FFS (Original Medicare),Medicare FFS,Medicare (Federal),FIPS 18131,,,1866,https://data.cms.gov/summary-statistics-on-beneficiary-enrollment/medicare-and-medicaid-reports/medicare-monthly-enrollment,2026-06,[source: CMS Medicare Monthly Enrollment 2026-06; ORGNL_MDCR_BENES]
IN,Putnam,Medicare FFS (Original Medicare),Medicare FFS,Medicare (Federal),FIPS 18133,,,3936,https://data.cms.gov/summary-statistics-on-beneficiary-enrollment/medicare-and-medicaid-reports/medicare-monthly-enrollment,2026-06,[source: CMS Medicare Monthly Enrollment 2026-06; ORGNL_MDCR_BENES]
IN,Randolph,Medicare FFS (Original Medicare),Medicare FFS,Medicare (Federal),FIPS 18135,,,3512,https://data.cms.gov/summary-statistics-on-beneficiary-enrollment/medicare-and-medicaid-reports/medicare-monthly-enrollment,2026-06,[source: CMS Medicare Monthly Enrollment 2026-06; ORGNL_MDCR_BENES]
IN,Ripley,Medicare FFS (Original Medicare),Medicare FFS,Medicare (Federal),FIPS 18137,,,3851,https://data.cms.gov/summary-statistics-on-beneficiary-enrollment/medicare-and-medicaid-reports/medicare-monthly-enrollment,2026-06,[source: CMS Medicare Monthly Enrollment 2026-06; ORGNL_MDCR_BENES]
IN,Rush,Medicare FFS (Original Medicare),Medicare FFS,Medicare (Federal),FIPS 18139,,,2102,https://data.cms.gov/summary-statistics-on-beneficiary-enrollment/medicare-and-medicaid-reports/medicare-monthly-enrollment,2026-06,[source: CMS Medicare Monthly Enrollment 2026-06; ORGNL_MDCR_BENES]
IN,Scott,Medicare FFS (Original Medicare),Medicare FFS,Medicare (Federal),FIPS 18143,,,2687,https://data.cms.gov/summary-statistics-on-beneficiary-enrollment/medicare-and-medicaid-reports/medicare-monthly-enrollment,2026-06,[source: CMS Medicare Monthly Enrollment 2026-06; ORGNL_MDCR_BENES]
IN,Shelby,Medicare FFS (Original Medicare),Medicare FFS,Medicare (Federal),FIPS 18145,,,4432,https://data.cms.gov/summary-statistics-on-beneficiary-enrollment/medicare-and-medicaid-reports/medicare-monthly-enrollment,2026-06,[source: CMS Medicare Monthly Enrollment 2026-06; ORGNL_MDCR_BENES]
IN,Spencer,Medicare FFS (Original Medicare),Medicare FFS,Medicare (Federal),FIPS 18147,,,2899,https://data.cms.gov/summary-statistics-on-beneficiary-enrollment/medicare-and-medicaid-reports/medicare-monthly-enrollment,2026-06,[source: CMS Medicare Monthly Enrollment 2026-06; ORGNL_MDCR_BENES]
IN,St. Joseph,Medicare FFS (Original Medicare),Medicare FFS,Medicare (Federal),FIPS 18141,,,24732,https://data.cms.gov/summary-statistics-on-beneficiary-enrollment/medicare-and-medicaid-reports/medicare-monthly-enrollment,2026-06,[source: CMS Medicare Monthly Enrollment 2026-06; ORGNL_MDCR_BENES]
IN,Starke,Medicare FFS (Original Medicare),Medicare FFS,Medicare (Federal),FIPS 18149,,,3025,https://data.cms.gov/summary-statistics-on-beneficiary-enrollment/medicare-and-medicaid-reports/medicare-monthly-enrollment,2026-06,[source: CMS Medicare Monthly Enrollment 2026-06; ORGNL_MDCR_BENES]
IN,Steuben,Medicare FFS (Original Medicare),Medicare FFS,Medicare (Federal),FIPS 18151,,,3246,https://data.cms.gov/summary-statistics-on-beneficiary-enrollment/medicare-and-medicaid-reports/medicare-monthly-enrollment,2026-06,[source: CMS Medicare Monthly Enrollment 2026-06; ORGNL_MDCR_BENES]
IN,Sullivan,Medicare FFS (Original Medicare),Medicare FFS,Medicare (Federal),FIPS 18153,,,2667,https://data.cms.gov/summary-statistics-on-beneficiary-enrollment/medicare-and-medicaid-reports/medicare-monthly-enrollment,2026-06,[source: CMS Medicare Monthly Enrollment 2026-06; ORGNL_MDCR_BENES]
IN,Switzerland,Medicare FFS (Original Medicare),Medicare FFS,Medicare (Federal),FIPS 18155,,,1069,https://data.cms.gov/summary-statistics-on-beneficiary-enrollment/medicare-and-medicaid-reports/medicare-monthly-enrollment,2026-06,[source: CMS Medicare Monthly Enrollment 2026-06; ORGNL_MDCR_BENES]
IN,Tippecanoe,Medicare FFS (Original Medicare),Medicare FFS,Medicare (Federal),FIPS 18157,,,15563,https://data.cms.gov/summary-statistics-on-beneficiary-enrollment/medicare-and-medicaid-reports/medicare-monthly-enrollment,2026-06,[source: CMS Medicare Monthly Enrollment 2026-06; ORGNL_MDCR_BENES]
IN,Tipton,Medicare FFS (Original Medicare),Medicare FFS,Medicare (Federal),FIPS 18159,,,2073,https://data.cms.gov/summary-statistics-on-beneficiary-enrollment/medicare-and-medicaid-reports/medicare-monthly-enrollment,2026-06,[source: CMS Medicare Monthly Enrollment 2026-06; ORGNL_MDCR_BENES]
IN,Union,Medicare FFS (Original Medicare),Medicare FFS,Medicare (Federal),FIPS 18161,,,1002,https://data.cms.gov/summary-statistics-on-beneficiary-enrollment/medicare-and-medicaid-reports/medicare-monthly-enrollment,2026-06,[source: CMS Medicare Monthly Enrollment 2026-06; ORGNL_MDCR_BENES]
IN,Vanderburgh,Medicare FFS (Original Medicare),Medicare FFS,Medicare (Federal),FIPS 18163,,,21238,https://data.cms.gov/summary-statistics-on-beneficiary-enrollment/medicare-and-medicaid-reports/medicare-monthly-enrollment,2026-06,[source: CMS Medicare Monthly Enrollment 2026-06; ORGNL_MDCR_BENES]
IN,Vermillion,Medicare FFS (Original Medicare),Medicare FFS,Medicare (Federal),FIPS 18165,,,2047,https://data.cms.gov/summary-statistics-on-beneficiary-enrollment/medicare-and-medicaid-reports/medicare-monthly-enrollment,2026-06,[source: CMS Medicare Monthly Enrollment 2026-06; ORGNL_MDCR_BENES]
IN,Vigo,Medicare FFS (Original Medicare),Medicare FFS,Medicare (Federal),FIPS 18167,,,12069,https://data.cms.gov/summary-statistics-on-beneficiary-enrollment/medicare-and-medicaid-reports/medicare-monthly-enrollment,2026-06,[source: CMS Medicare Monthly Enrollment 2026-06; ORGNL_MDCR_BENES]
IN,Wabash,Medicare FFS (Original Medicare),Medicare FFS,Medicare (Federal),FIPS 18169,,,3707,https://data.cms.gov/summary-statistics-on-beneficiary-enrollment/medicare-and-medicaid-reports/medicare-monthly-enrollment,2026-06,[source: CMS Medicare Monthly Enrollment 2026-06; ORGNL_MDCR_BENES]
IN,Warren,Medicare FFS (Original Medicare),Medicare FFS,Medicare (Federal),FIPS 18171,,,1141,https://data.cms.gov/summary-statistics-on-beneficiary-enrollment/medicare-and-medicaid-reports/medicare-monthly-enrollment,2026-06,[source: CMS Medicare Monthly Enrollment 2026-06; ORGNL_MDCR_BENES]
IN,Warrick,Medicare FFS (Original Medicare),Medicare FFS,Medicare (Federal),FIPS 18173,,,8529,https://data.cms.gov/summary-statistics-on-beneficiary-enrollment/medicare-and-medicaid-reports/medicare-monthly-enrollment,2026-06,[source: CMS Medicare Monthly Enrollment 2026-06; ORGNL_MDCR_BENES]
IN,Washington,Medicare FFS (Original Medicare),Medicare FFS,Medicare (Federal),FIPS 18175,,,3252,https://data.cms.gov/summary-statistics-on-beneficiary-enrollment/medicare-and-medicaid-reports/medicare-monthly-enrollment,2026-06,[source: CMS Medicare Monthly Enrollment 2026-06; ORGNL_MDCR_BENES]
IN,Wayne,Medicare FFS (Original Medicare),Medicare FFS,Medicare (Federal),FIPS 18177,,,9733,https://data.cms.gov/summary-statistics-on-beneficiary-enrollment/medicare-and-medicaid-reports/medicare-monthly-enrollment,2026-06,[source: CMS Medicare Monthly Enrollment 2026-06; ORGNL_MDCR_BENES]
IN,Wells,Medicare FFS (Original Medicare),Medicare FFS,Medicare (Federal),FIPS 18179,,,2975,https://data.cms.gov/summary-statistics-on-beneficiary-enrollment/medicare-and-medicaid-reports/medicare-monthly-enrollment,2026-06,[source: CMS Medicare Monthly Enrollment 2026-06; ORGNL_MDCR_BENES]
IN,White,Medicare FFS (Original Medicare),Medicare FFS,Medicare (Federal),FIPS 18181,,,3858,https://data.cms.gov/summary-statistics-on-beneficiary-enrollment/medicare-and-medicaid-reports/medicare-monthly-enrollment,2026-06,[source: CMS Medicare Monthly Enrollment 2026-06; ORGNL_MDCR_BENES]
IN,Whitley,Medicare FFS (Original Medicare),Medicare FFS,Medicare (Federal),FIPS 18183,,,2670,https://data.cms.gov/summary-statistics-on-beneficiary-enrollment/medicare-and-medicaid-reports/medicare-monthly-enrollment,2026-06,[source: CMS Medicare Monthly Enrollment 2026-06; ORGNL_MDCR_BENES]
KY,Adair,Medicare FFS (Original Medicare),Medicare FFS,Medicare (Federal),FIPS 21001,,,2254,https://data.cms.gov/summary-statistics-on-beneficiary-enrollment/medicare-and-medicaid-reports/medicare-monthly-enrollment,2026-06,[source: CMS Medicare Monthly Enrollment 2026-06; ORGNL_MDCR_BENES]
KY,Allen,Medicare FFS (Original Medicare),Medicare FFS,Medicare (Federal),FIPS 21003,,,2272,https://data.cms.gov/summary-statistics-on-beneficiary-enrollment/medicare-and-medicaid-reports/medicare-monthly-enrollment,2026-06,[source: CMS Medicare Monthly Enrollment 2026-06; ORGNL_MDCR_BENES]
KY,Anderson,Medicare FFS (Original Medicare),Medicare FFS,Medicare (Federal),FIPS 21005,,,2024,https://data.cms.gov/summary-statistics-on-beneficiary-enrollment/medicare-and-medicaid-reports/medicare-monthly-enrollment,2026-06,[source: CMS Medicare Monthly Enrollment 2026-06; ORGNL_MDCR_BENES]
KY,Ballard,Medicare FFS (Original Medicare),Medicare FFS,Medicare (Federal),FIPS 21007,,,1051,https://data.cms.gov/summary-statistics-on-beneficiary-enrollment/medicare-and-medicaid-reports/medicare-monthly-enrollment,2026-06,[source: CMS Medicare Monthly Enrollment 2026-06; ORGNL_MDCR_BENES]
KY,Barren,Medicare FFS (Original Medicare),Medicare FFS,Medicare (Federal),FIPS 21009,,,5197,https://data.cms.gov/summary-statistics-on-beneficiary-enrollment/medicare-and-medicaid-reports/medicare-monthly-enrollment,2026-06,[source: CMS Medicare Monthly Enrollment 2026-06; ORGNL_MDCR_BENES]
KY,Bath,Medicare FFS (Original Medicare),Medicare FFS,Medicare (Federal),FIPS 21011,,,1054,https://data.cms.gov/summary-statistics-on-beneficiary-enrollment/medicare-and-medicaid-reports/medicare-monthly-enrollment,2026-06,[source: CMS Medicare Monthly Enrollment 2026-06; ORGNL_MDCR_BENES]
KY,Bell,Medicare FFS (Original Medicare),Medicare FFS,Medicare (Federal),FIPS 21013,,,2557,https://data.cms.gov/summary-statistics-on-beneficiary-enrollment/medicare-and-medicaid-reports/medicare-monthly-enrollment,2026-06,[source: CMS Medicare Monthly Enrollment 2026-06; ORGNL_MDCR_BENES]
KY,Boone,Medicare FFS (Original Medicare),Medicare FFS,Medicare (Federal),FIPS 21015,,,11567,https://data.cms.gov/summary-statistics-on-beneficiary-enrollment/medicare-and-medicaid-reports/medicare-monthly-enrollment,2026-06,[source: CMS Medicare Monthly Enrollment 2026-06; ORGNL_MDCR_BENES]
KY,Bourbon,Medicare FFS (Original Medicare),Medicare FFS,Medicare (Federal),FIPS 21017,,,1976,https://data.cms.gov/summary-statistics-on-beneficiary-enrollment/medicare-and-medicaid-reports/medicare-monthly-enrollment,2026-06,[source: CMS Medicare Monthly Enrollment 2026-06; ORGNL_MDCR_BENES]
KY,Boyd,Medicare FFS (Original Medicare),Medicare FFS,Medicare (Federal),FIPS 21019,,,4960,https://data.cms.gov/summary-statistics-on-beneficiary-enrollment/medicare-and-medicaid-reports/medicare-monthly-enrollment,2026-06,[source: CMS Medicare Monthly Enrollment 2026-06; ORGNL_MDCR_BENES]
KY,Boyle,Medicare FFS (Original Medicare),Medicare FFS,Medicare (Federal),FIPS 21021,,,3397,https://data.cms.gov/summary-statistics-on-beneficiary-enrollment/medicare-and-medicaid-reports/medicare-monthly-enrollment,2026-06,[source: CMS Medicare Monthly Enrollment 2026-06; ORGNL_MDCR_BENES]
KY,Bracken,Medicare FFS (Original Medicare),Medicare FFS,Medicare (Federal),FIPS 21023,,,867,https://data.cms.gov/summary-statistics-on-beneficiary-enrollment/medicare-and-medicaid-reports/medicare-monthly-enrollment,2026-06,[source: CMS Medicare Monthly Enrollment 2026-06; ORGNL_MDCR_BENES]
KY,Breathitt,Medicare FFS (Original Medicare),Medicare FFS,Medicare (Federal),FIPS 21025,,,870,https://data.cms.gov/summary-statistics-on-beneficiary-enrollment/medicare-and-medicaid-reports/medicare-monthly-enrollment,2026-06,[source: CMS Medicare Monthly Enrollment 2026-06; ORGNL_MDCR_BENES]
KY,Breckinridge,Medicare FFS (Original Medicare),Medicare FFS,Medicare (Federal),FIPS 21027,,,2638,https://data.cms.gov/summary-statistics-on-beneficiary-enrollment/medicare-and-medicaid-reports/medicare-monthly-enrollment,2026-06,[source: CMS Medicare Monthly Enrollment 2026-06; ORGNL_MDCR_BENES]
KY,Bullitt,Medicare FFS (Original Medicare),Medicare FFS,Medicare (Federal),FIPS 21029,,,8221,https://data.cms.gov/summary-statistics-on-beneficiary-enrollment/medicare-and-medicaid-reports/medicare-monthly-enrollment,2026-06,[source: CMS Medicare Monthly Enrollment 2026-06; ORGNL_MDCR_BENES]
KY,Butler,Medicare FFS (Original Medicare),Medicare FFS,Medicare (Federal),FIPS 21031,,,1110,https://data.cms.gov/summary-statistics-on-beneficiary-enrollment/medicare-and-medicaid-reports/medicare-monthly-enrollment,2026-06,[source: CMS Medicare Monthly Enrollment 2026-06; ORGNL_MDCR_BENES]
KY,Caldwell,Medicare FFS (Original Medicare),Medicare FFS,Medicare (Federal),FIPS 21033,,,1683,https://data.cms.gov/summary-statistics-on-beneficiary-enrollment/medicare-and-medicaid-reports/medicare-monthly-enrollment,2026-06,[source: CMS Medicare Monthly Enrollment 2026-06; ORGNL_MDCR_BENES]
KY,Calloway,Medicare FFS (Original Medicare),Medicare FFS,Medicare (Federal),FIPS 21035,,,4351,https://data.cms.gov/summary-statistics-on-beneficiary-enrollment/medicare-and-medicaid-reports/medicare-monthly-enrollment,2026-06,[source: CMS Medicare Monthly Enrollment 2026-06; ORGNL_MDCR_BENES]
KY,Campbell,Medicare FFS (Original Medicare),Medicare FFS,Medicare (Federal),FIPS 21037,,,8651,https://data.cms.gov/summary-statistics-on-beneficiary-enrollment/medicare-and-medicaid-reports/medicare-monthly-enrollment,2026-06,[source: CMS Medicare Monthly Enrollment 2026-06; ORGNL_MDCR_BENES]
KY,Carlisle,Medicare FFS (Original Medicare),Medicare FFS,Medicare (Federal),FIPS 21039,,,554,https://data.cms.gov/summary-statistics-on-beneficiary-enrollment/medicare-and-medicaid-reports/medicare-monthly-enrollment,2026-06,[source: CMS Medicare Monthly Enrollment 2026-06; ORGNL_MDCR_BENES]
KY,Carroll,Medicare FFS (Original Medicare),Medicare FFS,Medicare (Federal),FIPS 21041,,,950,https://data.cms.gov/summary-statistics-on-beneficiary-enrollment/medicare-and-medicaid-reports/medicare-monthly-enrollment,2026-06,[source: CMS Medicare Monthly Enrollment 2026-06; ORGNL_MDCR_BENES]
KY,Carter,Medicare FFS (Original Medicare),Medicare FFS,Medicare (Federal),FIPS 21043,,,2543,https://data.cms.gov/summary-statistics-on-beneficiary-enrollment/medicare-and-medicaid-reports/medicare-monthly-enrollment,2026-06,[source: CMS Medicare Monthly Enrollment 2026-06; ORGNL_MDCR_BENES]
KY,Casey,Medicare FFS (Original Medicare),Medicare FFS,Medicare (Federal),FIPS 21045,,,1837,https://data.cms.gov/summary-statistics-on-beneficiary-enrollment/medicare-and-medicaid-reports/medicare-monthly-enrollment,2026-06,[source: CMS Medicare Monthly Enrollment 2026-06; ORGNL_MDCR_BENES]
KY,Christian,Medicare FFS (Original Medicare),Medicare FFS,Medicare (Federal),FIPS 21047,,,5872,https://data.cms.gov/summary-statistics-on-beneficiary-enrollment/medicare-and-medicaid-reports/medicare-monthly-enrollment,2026-06,[source: CMS Medicare Monthly Enrollment 2026-06; ORGNL_MDCR_BENES]
KY,Clark,Medicare FFS (Original Medicare),Medicare FFS,Medicare (Federal),FIPS 21049,,,3534,https://data.cms.gov/summary-statistics-on-beneficiary-enrollment/medicare-and-medicaid-reports/medicare-monthly-enrollment,2026-06,[source: CMS Medicare Monthly Enrollment 2026-06; ORGNL_MDCR_BENES]
KY,Clay,Medicare FFS (Original Medicare),Medicare FFS,Medicare (Federal),FIPS 21051,,,1344,https://data.cms.gov/summary-statistics-on-beneficiary-enrollment/medicare-and-medicaid-reports/medicare-monthly-enrollment,2026-06,[source: CMS Medicare Monthly Enrollment 2026-06; ORGNL_MDCR_BENES]
KY,Clinton,Medicare FFS (Original Medicare),Medicare FFS,Medicare (Federal),FIPS 21053,,,1237,https://data.cms.gov/summary-statistics-on-beneficiary-enrollment/medicare-and-medicaid-reports/medicare-monthly-enrollment,2026-06,[source: CMS Medicare Monthly Enrollment 2026-06; ORGNL_MDCR_BENES]
KY,Crittenden,Medicare FFS (Original Medicare),Medicare FFS,Medicare (Federal),FIPS 21055,,,1130,https://data.cms.gov/summary-statistics-on-beneficiary-enrollment/medicare-and-medicaid-reports/medicare-monthly-enrollment,2026-06,[source: CMS Medicare Monthly Enrollment 2026-06; ORGNL_MDCR_BENES]
KY,Cumberland,Medicare FFS (Original Medicare),Medicare FFS,Medicare (Federal),FIPS 21057,,,927,https://data.cms.gov/summary-statistics-on-beneficiary-enrollment/medicare-and-medicaid-reports/medicare-monthly-enrollment,2026-06,[source: CMS Medicare Monthly Enrollment 2026-06; ORGNL_MDCR_BENES]
KY,Daviess,Medicare FFS (Original Medicare),Medicare FFS,Medicare (Federal),FIPS 21059,,,11654,https://data.cms.gov/summary-statistics-on-beneficiary-enrollment/medicare-and-medicaid-reports/medicare-monthly-enrollment,2026-06,[source: CMS Medicare Monthly Enrollment 2026-06; ORGNL_MDCR_BENES]
KY,Edmonson,Medicare FFS (Original Medicare),Medicare FFS,Medicare (Federal),FIPS 21061,,,1230,https://data.cms.gov/summary-statistics-on-beneficiary-enrollment/medicare-and-medicaid-reports/medicare-monthly-enrollment,2026-06,[source: CMS Medicare Monthly Enrollment 2026-06; ORGNL_MDCR_BENES]
KY,Elliott,Medicare FFS (Original Medicare),Medicare FFS,Medicare (Federal),FIPS 21063,,,403,https://data.cms.gov/summary-statistics-on-beneficiary-enrollment/medicare-and-medicaid-reports/medicare-monthly-enrollment,2026-06,[source: CMS Medicare Monthly Enrollment 2026-06; ORGNL_MDCR_BENES]
KY,Estill,Medicare FFS (Original Medicare),Medicare FFS,Medicare (Federal),FIPS 21065,,,1350,https://data.cms.gov/summary-statistics-on-beneficiary-enrollment/medicare-and-medicaid-reports/medicare-monthly-enrollment,2026-06,[source: CMS Medicare Monthly Enrollment 2026-06; ORGNL_MDCR_BENES]
KY,Fayette,Medicare FFS (Original Medicare),Medicare FFS,Medicare (Federal),FIPS 21067,,,25670,https://data.cms.gov/summary-statistics-on-beneficiary-enrollment/medicare-and-medicaid-reports/medicare-monthly-enrollment,2026-06,[source: CMS Medicare Monthly Enrollment 2026-06; ORGNL_MDCR_BENES]
KY,Fleming,Medicare FFS (Original Medicare),Medicare FFS,Medicare (Federal),FIPS 21069,,,1313,https://data.cms.gov/summary-statistics-on-beneficiary-enrollment/medicare-and-medicaid-reports/medicare-monthly-enrollment,2026-06,[source: CMS Medicare Monthly Enrollment 2026-06; ORGNL_MDCR_BENES]
KY,Floyd,Medicare FFS (Original Medicare),Medicare FFS,Medicare (Federal),FIPS 21071,,,3090,https://data.cms.gov/summary-statistics-on-beneficiary-enrollment/medicare-and-medicaid-reports/medicare-monthly-enrollment,2026-06,[source: CMS Medicare Monthly Enrollment 2026-06; ORGNL_MDCR_BENES]
KY,Franklin,Medicare FFS (Original Medicare),Medicare FFS,Medicare (Federal),FIPS 21073,,,6000,https://data.cms.gov/summary-statistics-on-beneficiary-enrollment/medicare-and-medicaid-reports/medicare-monthly-enrollment,2026-06,[source: CMS Medicare Monthly Enrollment 2026-06; ORGNL_MDCR_BENES]
KY,Fulton,Medicare FFS (Original Medicare),Medicare FFS,Medicare (Federal),FIPS 21075,,,752,https://data.cms.gov/summary-statistics-on-beneficiary-enrollment/medicare-and-medicaid-reports/medicare-monthly-enrollment,2026-06,[source: CMS Medicare Monthly Enrollment 2026-06; ORGNL_MDCR_BENES]
KY,Gallatin,Medicare FFS (Original Medicare),Medicare FFS,Medicare (Federal),FIPS 21077,,,647,https://data.cms.gov/summary-statistics-on-beneficiary-enrollment/medicare-and-medicaid-reports/medicare-monthly-enrollment,2026-06,[source: CMS Medicare Monthly Enrollment 2026-06; ORGNL_MDCR_BENES]
KY,Garrard,Medicare FFS (Original Medicare),Medicare FFS,Medicare (Federal),FIPS 21079,,,1889,https://data.cms.gov/summary-statistics-on-beneficiary-enrollment/medicare-and-medicaid-reports/medicare-monthly-enrollment,2026-06,[source: CMS Medicare Monthly Enrollment 2026-06; ORGNL_MDCR_BENES]
KY,Grant,Medicare FFS (Original Medicare),Medicare FFS,Medicare (Federal),FIPS 21081,,,1873,https://data.cms.gov/summary-statistics-on-beneficiary-enrollment/medicare-and-medicaid-reports/medicare-monthly-enrollment,2026-06,[source: CMS Medicare Monthly Enrollment 2026-06; ORGNL_MDCR_BENES]
KY,Graves,Medicare FFS (Original Medicare),Medicare FFS,Medicare (Federal),FIPS 21083,,,4058,https://data.cms.gov/summary-statistics-on-beneficiary-enrollment/medicare-and-medicaid-reports/medicare-monthly-enrollment,2026-06,[source: CMS Medicare Monthly Enrollment 2026-06; ORGNL_MDCR_BENES]
KY,Grayson,Medicare FFS (Original Medicare),Medicare FFS,Medicare (Federal),FIPS 21085,,,3244,https://data.cms.gov/summary-statistics-on-beneficiary-enrollment/medicare-and-medicaid-reports/medicare-monthly-enrollment,2026-06,[source: CMS Medicare Monthly Enrollment 2026-06; ORGNL_MDCR_BENES]
KY,Green,Medicare FFS (Original Medicare),Medicare FFS,Medicare (Federal),FIPS 21087,,,1336,https://data.cms.gov/summary-statistics-on-beneficiary-enrollment/medicare-and-medicaid-reports/medicare-monthly-enrollment,2026-06,[source: CMS Medicare Monthly Enrollment 2026-06; ORGNL_MDCR_BENES]
KY,Greenup,Medicare FFS (Original Medicare),Medicare FFS,Medicare (Federal),FIPS 21089,,,3932,https://data.cms.gov/summary-statistics-on-beneficiary-enrollment/medicare-and-medicaid-reports/medicare-monthly-enrollment,2026-06,[source: CMS Medicare Monthly Enrollment 2026-06; ORGNL_MDCR_BENES]
KY,Hancock,Medicare FFS (Original Medicare),Medicare FFS,Medicare (Federal),FIPS 21091,,,1138,https://data.cms.gov/summary-statistics-on-beneficiary-enrollment/medicare-and-medicaid-reports/medicare-monthly-enrollment,2026-06,[source: CMS Medicare Monthly Enrollment 2026-06; ORGNL_MDCR_BENES]
KY,Hardin,Medicare FFS (Original Medicare),Medicare FFS,Medicare (Federal),FIPS 21093,,,13213,https://data.cms.gov/summary-statistics-on-beneficiary-enrollment/medicare-and-medicaid-reports/medicare-monthly-enrollment,2026-06,[source: CMS Medicare Monthly Enrollment 2026-06; ORGNL_MDCR_BENES]
KY,Harlan,Medicare FFS (Original Medicare),Medicare FFS,Medicare (Federal),FIPS 21095,,,2463,https://data.cms.gov/summary-statistics-on-beneficiary-enrollment/medicare-and-medicaid-reports/medicare-monthly-enrollment,2026-06,[source: CMS Medicare Monthly Enrollment 2026-06; ORGNL_MDCR_BENES]
KY,Harrison,Medicare FFS (Original Medicare),Medicare FFS,Medicare (Federal),FIPS 21097,,,2224,https://data.cms.gov/summary-statistics-on-beneficiary-enrollment/medicare-and-medicaid-reports/medicare-monthly-enrollment,2026-06,[source: CMS Medicare Monthly Enrollment 2026-06; ORGNL_MDCR_BENES]
KY,Hart,Medicare FFS (Original Medicare),Medicare FFS,Medicare (Federal),FIPS 21099,,,2015,https://data.cms.gov/summary-statistics-on-beneficiary-enrollment/medicare-and-medicaid-reports/medicare-monthly-enrollment,2026-06,[source: CMS Medicare Monthly Enrollment 2026-06; ORGNL_MDCR_BENES]
KY,Henderson,Medicare FFS (Original Medicare),Medicare FFS,Medicare (Federal),FIPS 21101,,,4782,https://data.cms.gov/summary-statistics-on-beneficiary-enrollment/medicare-and-medicaid-reports/medicare-monthly-enrollment,2026-06,[source: CMS Medicare Monthly Enrollment 2026-06; ORGNL_MDCR_BENES]
KY,Henry,Medicare FFS (Original Medicare),Medicare FFS,Medicare (Federal),FIPS 21103,,,1699,https://data.cms.gov/summary-statistics-on-beneficiary-enrollment/medicare-and-medicaid-reports/medicare-monthly-enrollment,2026-06,[source: CMS Medicare Monthly Enrollment 2026-06; ORGNL_MDCR_BENES]
KY,Hickman,Medicare FFS (Original Medicare),Medicare FFS,Medicare (Federal),FIPS 21105,,,546,https://data.cms.gov/summary-statistics-on-beneficiary-enrollment/medicare-and-medicaid-reports/medicare-monthly-enrollment,2026-06,[source: CMS Medicare Monthly Enrollment 2026-06; ORGNL_MDCR_BENES]
KY,Hopkins,Medicare FFS (Original Medicare),Medicare FFS,Medicare (Federal),FIPS 21107,,,5270,https://data.cms.gov/summary-statistics-on-beneficiary-enrollment/medicare-and-medicaid-reports/medicare-monthly-enrollment,2026-06,[source: CMS Medicare Monthly Enrollment 2026-06; ORGNL_MDCR_BENES]
KY,Jackson,Medicare FFS (Original Medicare),Medicare FFS,Medicare (Federal),FIPS 21109,,,1066,https://data.cms.gov/summary-statistics-on-beneficiary-enrollment/medicare-and-medicaid-reports/medicare-monthly-enrollment,2026-06,[source: CMS Medicare Monthly Enrollment 2026-06; ORGNL_MDCR_BENES]
KY,Jefferson,Medicare FFS (Original Medicare),Medicare FFS,Medicare (Federal),FIPS 21111,,,80786,https://data.cms.gov/summary-statistics-on-beneficiary-enrollment/medicare-and-medicaid-reports/medicare-monthly-enrollment,2026-06,[source: CMS Medicare Monthly Enrollment 2026-06; ORGNL_MDCR_BENES]
KY,Jessamine,Medicare FFS (Original Medicare),Medicare FFS,Medicare (Federal),FIPS 21113,,,5103,https://data.cms.gov/summary-statistics-on-beneficiary-enrollment/medicare-and-medicaid-reports/medicare-monthly-enrollment,2026-06,[source: CMS Medicare Monthly Enrollment 2026-06; ORGNL_MDCR_BENES]
KY,Johnson,Medicare FFS (Original Medicare),Medicare FFS,Medicare (Federal),FIPS 21115,,,2096,https://data.cms.gov/summary-statistics-on-beneficiary-enrollment/medicare-and-medicaid-reports/medicare-monthly-enrollment,2026-06,[source: CMS Medicare Monthly Enrollment 2026-06; ORGNL_MDCR_BENES]
KY,Kenton,Medicare FFS (Original Medicare),Medicare FFS,Medicare (Federal),FIPS 21117,,,14271,https://data.cms.gov/summary-statistics-on-beneficiary-enrollment/medicare-and-medicaid-reports/medicare-monthly-enrollment,2026-06,[source: CMS Medicare Monthly Enrollment 2026-06; ORGNL_MDCR_BENES]
KY,Knott,Medicare FFS (Original Medicare),Medicare FFS,Medicare (Federal),FIPS 21119,,,1276,https://data.cms.gov/summary-statistics-on-beneficiary-enrollment/medicare-and-medicaid-reports/medicare-monthly-enrollment,2026-06,[source: CMS Medicare Monthly Enrollment 2026-06; ORGNL_MDCR_BENES]
KY,Knox,Medicare FFS (Original Medicare),Medicare FFS,Medicare (Federal),FIPS 21121,,,2573,https://data.cms.gov/summary-statistics-on-beneficiary-enrollment/medicare-and-medicaid-reports/medicare-monthly-enrollment,2026-06,[source: CMS Medicare Monthly Enrollment 2026-06; ORGNL_MDCR_BENES]
KY,Larue,Medicare FFS (Original Medicare),Medicare FFS,Medicare (Federal),FIPS 21123,,,1732,https://data.cms.gov/summary-statistics-on-beneficiary-enrollment/medicare-and-medicaid-reports/medicare-monthly-enrollment,2026-06,[source: CMS Medicare Monthly Enrollment 2026-06; ORGNL_MDCR_BENES]
KY,Laurel,Medicare FFS (Original Medicare),Medicare FFS,Medicare (Federal),FIPS 21125,,,5670,https://data.cms.gov/summary-statistics-on-beneficiary-enrollment/medicare-and-medicaid-reports/medicare-monthly-enrollment,2026-06,[source: CMS Medicare Monthly Enrollment 2026-06; ORGNL_MDCR_BENES]
KY,Lawrence,Medicare FFS (Original Medicare),Medicare FFS,Medicare (Federal),FIPS 21127,,,1487,https://data.cms.gov/summary-statistics-on-beneficiary-enrollment/medicare-and-medicaid-reports/medicare-monthly-enrollment,2026-06,[source: CMS Medicare Monthly Enrollment 2026-06; ORGNL_MDCR_BENES]
KY,Lee,Medicare FFS (Original Medicare),Medicare FFS,Medicare (Federal),FIPS 21129,,,525,https://data.cms.gov/summary-statistics-on-beneficiary-enrollment/medicare-and-medicaid-reports/medicare-monthly-enrollment,2026-06,[source: CMS Medicare Monthly Enrollment 2026-06; ORGNL_MDCR_BENES]
KY,Leslie,Medicare FFS (Original Medicare),Medicare FFS,Medicare (Federal),FIPS 21131,,,783,https://data.cms.gov/summary-statistics-on-beneficiary-enrollment/medicare-and-medicaid-reports/medicare-monthly-enrollment,2026-06,[source: CMS Medicare Monthly Enrollment 2026-06; ORGNL_MDCR_BENES]
KY,Letcher,Medicare FFS (Original Medicare),Medicare FFS,Medicare (Federal),FIPS 21133,,,1766,https://data.cms.gov/summary-statistics-on-beneficiary-enrollment/medicare-and-medicaid-reports/medicare-monthly-enrollment,2026-06,[source: CMS Medicare Monthly Enrollment 2026-06; ORGNL_MDCR_BENES]
KY,Lewis,Medicare FFS (Original Medicare),Medicare FFS,Medicare (Federal),FIPS 21135,,,1064,https://data.cms.gov/summary-statistics-on-beneficiary-enrollment/medicare-and-medicaid-reports/medicare-monthly-enrollment,2026-06,[source: CMS Medicare Monthly Enrollment 2026-06; ORGNL_MDCR_BENES]
KY,Lincoln,Medicare FFS (Original Medicare),Medicare FFS,Medicare (Federal),FIPS 21137,,,2616,https://data.cms.gov/summary-statistics-on-beneficiary-enrollment/medicare-and-medicaid-reports/medicare-monthly-enrollment,2026-06,[source: CMS Medicare Monthly Enrollment 2026-06; ORGNL_MDCR_BENES]
KY,Livingston,Medicare FFS (Original Medicare),Medicare FFS,Medicare (Federal),FIPS 21139,,,1441,https://data.cms.gov/summary-statistics-on-beneficiary-enrollment/medicare-and-medicaid-reports/medicare-monthly-enrollment,2026-06,[source: CMS Medicare Monthly Enrollment 2026-06; ORGNL_MDCR_BENES]
KY,Logan,Medicare FFS (Original Medicare),Medicare FFS,Medicare (Federal),FIPS 21141,,,3227,https://data.cms.gov/summary-statistics-on-beneficiary-enrollment/medicare-and-medicaid-reports/medicare-monthly-enrollment,2026-06,[source: CMS Medicare Monthly Enrollment 2026-06; ORGNL_MDCR_BENES]
KY,Lyon,Medicare FFS (Original Medicare),Medicare FFS,Medicare (Federal),FIPS 21143,,,1269,https://data.cms.gov/summary-statistics-on-beneficiary-enrollment/medicare-and-medicaid-reports/medicare-monthly-enrollment,2026-06,[source: CMS Medicare Monthly Enrollment 2026-06; ORGNL_MDCR_BENES]
KY,Madison,Medicare FFS (Original Medicare),Medicare FFS,Medicare (Federal),FIPS 21151,,,7854,https://data.cms.gov/summary-statistics-on-beneficiary-enrollment/medicare-and-medicaid-reports/medicare-monthly-enrollment,2026-06,[source: CMS Medicare Monthly Enrollment 2026-06; ORGNL_MDCR_BENES]
KY,Magoffin,Medicare FFS (Original Medicare),Medicare FFS,Medicare (Federal),FIPS 21153,,,973,https://data.cms.gov/summary-statistics-on-beneficiary-enrollment/medicare-and-medicaid-reports/medicare-monthly-enrollment,2026-06,[source: CMS Medicare Monthly Enrollment 2026-06; ORGNL_MDCR_BENES]
KY,Marion,Medicare FFS (Original Medicare),Medicare FFS,Medicare (Federal),FIPS 21155,,,2399,https://data.cms.gov/summary-statistics-on-beneficiary-enrollment/medicare-and-medicaid-reports/medicare-monthly-enrollment,2026-06,[source: CMS Medicare Monthly Enrollment 2026-06; ORGNL_MDCR_BENES]
KY,Marshall,Medicare FFS (Original Medicare),Medicare FFS,Medicare (Federal),FIPS 21157,,,4869,https://data.cms.gov/summary-statistics-on-beneficiary-enrollment/medicare-and-medicaid-reports/medicare-monthly-enrollment,2026-06,[source: CMS Medicare Monthly Enrollment 2026-06; ORGNL_MDCR_BENES]
KY,Martin,Medicare FFS (Original Medicare),Medicare FFS,Medicare (Federal),FIPS 21159,,,812,https://data.cms.gov/summary-statistics-on-beneficiary-enrollment/medicare-and-medicaid-reports/medicare-monthly-enrollment,2026-06,[source: CMS Medicare Monthly Enrollment 2026-06; ORGNL_MDCR_BENES]
KY,Mason,Medicare FFS (Original Medicare),Medicare FFS,Medicare (Federal),FIPS 21161,,,1734,https://data.cms.gov/summary-statistics-on-beneficiary-enrollment/medicare-and-medicaid-reports/medicare-monthly-enrollment,2026-06,[source: CMS Medicare Monthly Enrollment 2026-06; ORGNL_MDCR_BENES]
KY,McCracken,Medicare FFS (Original Medicare),Medicare FFS,Medicare (Federal),FIPS 21145,,,8953,https://data.cms.gov/summary-statistics-on-beneficiary-enrollment/medicare-and-medicaid-reports/medicare-monthly-enrollment,2026-06,[source: CMS Medicare Monthly Enrollment 2026-06; ORGNL_MDCR_BENES]
KY,McCreary,Medicare FFS (Original Medicare),Medicare FFS,Medicare (Federal),FIPS 21147,,,1426,https://data.cms.gov/summary-statistics-on-beneficiary-enrollment/medicare-and-medicaid-reports/medicare-monthly-enrollment,2026-06,[source: CMS Medicare Monthly Enrollment 2026-06; ORGNL_MDCR_BENES]
KY,McLean,Medicare FFS (Original Medicare),Medicare FFS,Medicare (Federal),FIPS 21149,,,1073,https://data.cms.gov/summary-statistics-on-beneficiary-enrollment/medicare-and-medicaid-reports/medicare-monthly-enrollment,2026-06,[source: CMS Medicare Monthly Enrollment 2026-06; ORGNL_MDCR_BENES]
KY,Meade,Medicare FFS (Original Medicare),Medicare FFS,Medicare (Federal),FIPS 21163,,,2909,https://data.cms.gov/summary-statistics-on-beneficiary-enrollment/medicare-and-medicaid-reports/medicare-monthly-enrollment,2026-06,[source: CMS Medicare Monthly Enrollment 2026-06; ORGNL_MDCR_BENES]
KY,Menifee,Medicare FFS (Original Medicare),Medicare FFS,Medicare (Federal),FIPS 21165,,,558,https://data.cms.gov/summary-statistics-on-beneficiary-enrollment/medicare-and-medicaid-reports/medicare-monthly-enrollment,2026-06,[source: CMS Medicare Monthly Enrollment 2026-06; ORGNL_MDCR_BENES]
KY,Mercer,Medicare FFS (Original Medicare),Medicare FFS,Medicare (Federal),FIPS 21167,,,2475,https://data.cms.gov/summary-statistics-on-beneficiary-enrollment/medicare-and-medicaid-reports/medicare-monthly-enrollment,2026-06,[source: CMS Medicare Monthly Enrollment 2026-06; ORGNL_MDCR_BENES]
KY,Metcalfe,Medicare FFS (Original Medicare),Medicare FFS,Medicare (Federal),FIPS 21169,,,1111,https://data.cms.gov/summary-statistics-on-beneficiary-enrollment/medicare-and-medicaid-reports/medicare-monthly-enrollment,2026-06,[source: CMS Medicare Monthly Enrollment 2026-06; ORGNL_MDCR_BENES]
KY,Monroe,Medicare FFS (Original Medicare),Medicare FFS,Medicare (Federal),FIPS 21171,,,1359,https://data.cms.gov/summary-statistics-on-beneficiary-enrollment/medicare-and-medicaid-reports/medicare-monthly-enrollment,2026-06,[source: CMS Medicare Monthly Enrollment 2026-06; ORGNL_MDCR_BENES]
KY,Montgomery,Medicare FFS (Original Medicare),Medicare FFS,Medicare (Federal),FIPS 21173,,,2388,https://data.cms.gov/summary-statistics-on-beneficiary-enrollment/medicare-and-medicaid-reports/medicare-monthly-enrollment,2026-06,[source: CMS Medicare Monthly Enrollment 2026-06; ORGNL_MDCR_BENES]
KY,Morgan,Medicare FFS (Original Medicare),Medicare FFS,Medicare (Federal),FIPS 21175,,,939,https://data.cms.gov/summary-statistics-on-beneficiary-enrollment/medicare-and-medicaid-reports/medicare-monthly-enrollment,2026-06,[source: CMS Medicare Monthly Enrollment 2026-06; ORGNL_MDCR_BENES]
KY,Muhlenberg,Medicare FFS (Original Medicare),Medicare FFS,Medicare (Federal),FIPS 21177,,,3258,https://data.cms.gov/summary-statistics-on-beneficiary-enrollment/medicare-and-medicaid-reports/medicare-monthly-enrollment,2026-06,[source: CMS Medicare Monthly Enrollment 2026-06; ORGNL_MDCR_BENES]
KY,Nelson,Medicare FFS (Original Medicare),Medicare FFS,Medicare (Federal),FIPS 21179,,,6294,https://data.cms.gov/summary-statistics-on-beneficiary-enrollment/medicare-and-medicaid-reports/medicare-monthly-enrollment,2026-06,[source: CMS Medicare Monthly Enrollment 2026-06; ORGNL_MDCR_BENES]
KY,Nicholas,Medicare FFS (Original Medicare),Medicare FFS,Medicare (Federal),FIPS 21181,,,704,https://data.cms.gov/summary-statistics-on-beneficiary-enrollment/medicare-and-medicaid-reports/medicare-monthly-enrollment,2026-06,[source: CMS Medicare Monthly Enrollment 2026-06; ORGNL_MDCR_BENES]
KY,Ohio,Medicare FFS (Original Medicare),Medicare FFS,Medicare (Federal),FIPS 21183,,,2288,https://data.cms.gov/summary-statistics-on-beneficiary-enrollment/medicare-and-medicaid-reports/medicare-monthly-enrollment,2026-06,[source: CMS Medicare Monthly Enrollment 2026-06; ORGNL_MDCR_BENES]
KY,Oldham,Medicare FFS (Original Medicare),Medicare FFS,Medicare (Federal),FIPS 21185,,,7073,https://data.cms.gov/summary-statistics-on-beneficiary-enrollment/medicare-and-medicaid-reports/medicare-monthly-enrollment,2026-06,[source: CMS Medicare Monthly Enrollment 2026-06; ORGNL_MDCR_BENES]
KY,Owen,Medicare FFS (Original Medicare),Medicare FFS,Medicare (Federal),FIPS 21187,,,870,https://data.cms.gov/summary-statistics-on-beneficiary-enrollment/medicare-and-medicaid-reports/medicare-monthly-enrollment,2026-06,[source: CMS Medicare Monthly Enrollment 2026-06; ORGNL_MDCR_BENES]
KY,Owsley,Medicare FFS (Original Medicare),Medicare FFS,Medicare (Federal),FIPS 21189,,,403,https://data.cms.gov/summary-statistics-on-beneficiary-enrollment/medicare-and-medicaid-reports/medicare-monthly-enrollment,2026-06,[source: CMS Medicare Monthly Enrollment 2026-06; ORGNL_MDCR_BENES]
KY,Pendleton,Medicare FFS (Original Medicare),Medicare FFS,Medicare (Federal),FIPS 21191,,,1288,https://data.cms.gov/summary-statistics-on-beneficiary-enrollment/medicare-and-medicaid-reports/medicare-monthly-enrollment,2026-06,[source: CMS Medicare Monthly Enrollment 2026-06; ORGNL_MDCR_BENES]
KY,Perry,Medicare FFS (Original Medicare),Medicare FFS,Medicare (Federal),FIPS 21193,,,2506,https://data.cms.gov/summary-statistics-on-beneficiary-enrollment/medicare-and-medicaid-reports/medicare-monthly-enrollment,2026-06,[source: CMS Medicare Monthly Enrollment 2026-06; ORGNL_MDCR_BENES]
KY,Pike,Medicare FFS (Original Medicare),Medicare FFS,Medicare (Federal),FIPS 21195,,,5367,https://data.cms.gov/summary-statistics-on-beneficiary-enrollment/medicare-and-medicaid-reports/medicare-monthly-enrollment,2026-06,[source: CMS Medicare Monthly Enrollment 2026-06; ORGNL_MDCR_BENES]
KY,Powell,Medicare FFS (Original Medicare),Medicare FFS,Medicare (Federal),FIPS 21197,,,1043,https://data.cms.gov/summary-statistics-on-beneficiary-enrollment/medicare-and-medicaid-reports/medicare-monthly-enrollment,2026-06,[source: CMS Medicare Monthly Enrollment 2026-06; ORGNL_MDCR_BENES]
KY,Pulaski,Medicare FFS (Original Medicare),Medicare FFS,Medicare (Federal),FIPS 21199,,,7535,https://data.cms.gov/summary-statistics-on-beneficiary-enrollment/medicare-and-medicaid-reports/medicare-monthly-enrollment,2026-06,[source: CMS Medicare Monthly Enrollment 2026-06; ORGNL_MDCR_BENES]
KY,Robertson,Medicare FFS (Original Medicare),Medicare FFS,Medicare (Federal),FIPS 21201,,,256,https://data.cms.gov/summary-statistics-on-beneficiary-enrollment/medicare-and-medicaid-reports/medicare-monthly-enrollment,2026-06,[source: CMS Medicare Monthly Enrollment 2026-06; ORGNL_MDCR_BENES]
KY,Rockcastle,Medicare FFS (Original Medicare),Medicare FFS,Medicare (Federal),FIPS 21203,,,1616,https://data.cms.gov/summary-statistics-on-beneficiary-enrollment/medicare-and-medicaid-reports/medicare-monthly-enrollment,2026-06,[source: CMS Medicare Monthly Enrollment 2026-06; ORGNL_MDCR_BENES]
KY,Rowan,Medicare FFS (Original Medicare),Medicare FFS,Medicare (Federal),FIPS 21205,,,1650,https://data.cms.gov/summary-statistics-on-beneficiary-enrollment/medicare-and-medicaid-reports/medicare-monthly-enrollment,2026-06,[source: CMS Medicare Monthly Enrollment 2026-06; ORGNL_MDCR_BENES]
KY,Russell,Medicare FFS (Original Medicare),Medicare FFS,Medicare (Federal),FIPS 21207,,,2225,https://data.cms.gov/summary-statistics-on-beneficiary-enrollment/medicare-and-medicaid-reports/medicare-monthly-enrollment,2026-06,[source: CMS Medicare Monthly Enrollment 2026-06; ORGNL_MDCR_BENES]
KY,Scott,Medicare FFS (Original Medicare),Medicare FFS,Medicare (Federal),FIPS 21209,,,4611,https://data.cms.gov/summary-statistics-on-beneficiary-enrollment/medicare-and-medicaid-reports/medicare-monthly-enrollment,2026-06,[source: CMS Medicare Monthly Enrollment 2026-06; ORGNL_MDCR_BENES]
KY,Shelby,Medicare FFS (Original Medicare),Medicare FFS,Medicare (Federal),FIPS 21211,,,5067,https://data.cms.gov/summary-statistics-on-beneficiary-enrollment/medicare-and-medicaid-reports/medicare-monthly-enrollment,2026-06,[source: CMS Medicare Monthly Enrollment 2026-06; ORGNL_MDCR_BENES]
KY,Simpson,Medicare FFS (Original Medicare),Medicare FFS,Medicare (Federal),FIPS 21213,,,2205,https://data.cms.gov/summary-statistics-on-beneficiary-enrollment/medicare-and-medicaid-reports/medicare-monthly-enrollment,2026-06,[source: CMS Medicare Monthly Enrollment 2026-06; ORGNL_MDCR_BENES]
KY,Spencer,Medicare FFS (Original Medicare),Medicare FFS,Medicare (Federal),FIPS 21215,,,2171,https://data.cms.gov/summary-statistics-on-beneficiary-enrollment/medicare-and-medicaid-reports/medicare-monthly-enrollment,2026-06,[source: CMS Medicare Monthly Enrollment 2026-06; ORGNL_MDCR_BENES]
KY,Taylor,Medicare FFS (Original Medicare),Medicare FFS,Medicare (Federal),FIPS 21217,,,3254,https://data.cms.gov/summary-statistics-on-beneficiary-enrollment/medicare-and-medicaid-reports/medicare-monthly-enrollment,2026-06,[source: CMS Medicare Monthly Enrollment 2026-06; ORGNL_MDCR_BENES]
KY,Todd,Medicare FFS (Original Medicare),Medicare FFS,Medicare (Federal),FIPS 21219,,,1303,https://data.cms.gov/summary-statistics-on-beneficiary-enrollment/medicare-and-medicaid-reports/medicare-monthly-enrollment,2026-06,[source: CMS Medicare Monthly Enrollment 2026-06; ORGNL_MDCR_BENES]
KY,Trigg,Medicare FFS (Original Medicare),Medicare FFS,Medicare (Federal),FIPS 21221,,,2155,https://data.cms.gov/summary-statistics-on-beneficiary-enrollment/medicare-and-medicaid-reports/medicare-monthly-enrollment,2026-06,[source: CMS Medicare Monthly Enrollment 2026-06; ORGNL_MDCR_BENES]
KY,Trimble,Medicare FFS (Original Medicare),Medicare FFS,Medicare (Federal),FIPS 21223,,,885,https://data.cms.gov/summary-statistics-on-beneficiary-enrollment/medicare-and-medicaid-reports/medicare-monthly-enrollment,2026-06,[source: CMS Medicare Monthly Enrollment 2026-06; ORGNL_MDCR_BENES]
KY,Union,Medicare FFS (Original Medicare),Medicare FFS,Medicare (Federal),FIPS 21225,,,1445,https://data.cms.gov/summary-statistics-on-beneficiary-enrollment/medicare-and-medicaid-reports/medicare-monthly-enrollment,2026-06,[source: CMS Medicare Monthly Enrollment 2026-06; ORGNL_MDCR_BENES]
KY,Warren,Medicare FFS (Original Medicare),Medicare FFS,Medicare (Federal),FIPS 21227,,,11791,https://data.cms.gov/summary-statistics-on-beneficiary-enrollment/medicare-and-medicaid-reports/medicare-monthly-enrollment,2026-06,[source: CMS Medicare Monthly Enrollment 2026-06; ORGNL_MDCR_BENES]
KY,Washington,Medicare FFS (Original Medicare),Medicare FFS,Medicare (Federal),FIPS 21229,,,1562,https://data.cms.gov/summary-statistics-on-beneficiary-enrollment/medicare-and-medicaid-reports/medicare-monthly-enrollment,2026-06,[source: CMS Medicare Monthly Enrollment 2026-06; ORGNL_MDCR_BENES]
KY,Wayne,Medicare FFS (Original Medicare),Medicare FFS,Medicare (Federal),FIPS 21231,,,1998,https://data.cms.gov/summary-statistics-on-beneficiary-enrollment/medicare-and-medicaid-reports/medicare-monthly-enrollment,2026-06,[source: CMS Medicare Monthly Enrollment 2026-06; ORGNL_MDCR_BENES]
KY,Webster,Medicare FFS (Original Medicare),Medicare FFS,Medicare (Federal),FIPS 21233,,,1445,https://data.cms.gov/summary-statistics-on-beneficiary-enrollment/medicare-and-medicaid-reports/medicare-monthly-enrollment,2026-06,[source: CMS Medicare Monthly Enrollment 2026-06; ORGNL_MDCR_BENES]
KY,Whitley,Medicare FFS (Original Medicare),Medicare FFS,Medicare (Federal),FIPS 21235,,,3840,https://data.cms.gov/summary-statistics-on-beneficiary-enrollment/medicare-and-medicaid-reports/medicare-monthly-enrollment,2026-06,[source: CMS Medicare Monthly Enrollment 2026-06; ORGNL_MDCR_BENES]
KY,Wolfe,Medicare FFS (Original Medicare),Medicare FFS,Medicare (Federal),FIPS 21237,,,561,https://data.cms.gov/summary-statistics-on-beneficiary-enrollment/medicare-and-medicaid-reports/medicare-monthly-enrollment,2026-06,[source: CMS Medicare Monthly Enrollment 2026-06; ORGNL_MDCR_BENES]
KY,Woodford,Medicare FFS (Original Medicare),Medicare FFS,Medicare (Federal),FIPS 21239,,,3091,https://data.cms.gov/summary-statistics-on-beneficiary-enrollment/medicare-and-medicaid-reports/medicare-monthly-enrollment,2026-06,[source: CMS Medicare Monthly Enrollment 2026-06; ORGNL_MDCR_BENES]
MA,Barnstable,Medicare FFS (Original Medicare),Medicare FFS,Medicare (Federal),FIPS 25001,,,66608,https://data.cms.gov/summary-statistics-on-beneficiary-enrollment/medicare-and-medicaid-reports/medicare-monthly-enrollment,2026-06,[source: CMS Medicare Monthly Enrollment 2026-06; ORGNL_MDCR_BENES]
MA,Berkshire,Medicare FFS (Original Medicare),Medicare FFS,Medicare (Federal),FIPS 25003,,,32074,https://data.cms.gov/summary-statistics-on-beneficiary-enrollment/medicare-and-medicaid-reports/medicare-monthly-enrollment,2026-06,[source: CMS Medicare Monthly Enrollment 2026-06; ORGNL_MDCR_BENES]
MA,Bristol,Medicare FFS (Original Medicare),Medicare FFS,Medicare (Federal),FIPS 25005,,,82259,https://data.cms.gov/summary-statistics-on-beneficiary-enrollment/medicare-and-medicaid-reports/medicare-monthly-enrollment,2026-06,[source: CMS Medicare Monthly Enrollment 2026-06; ORGNL_MDCR_BENES]
MA,Dukes,Medicare FFS (Original Medicare),Medicare FFS,Medicare (Federal),FIPS 25007,,,5199,https://data.cms.gov/summary-statistics-on-beneficiary-enrollment/medicare-and-medicaid-reports/medicare-monthly-enrollment,2026-06,[source: CMS Medicare Monthly Enrollment 2026-06; ORGNL_MDCR_BENES]
MA,Essex,Medicare FFS (Original Medicare),Medicare FFS,Medicare (Federal),FIPS 25009,,,118083,https://data.cms.gov/summary-statistics-on-beneficiary-enrollment/medicare-and-medicaid-reports/medicare-monthly-enrollment,2026-06,[source: CMS Medicare Monthly Enrollment 2026-06; ORGNL_MDCR_BENES]
MA,Franklin,Medicare FFS (Original Medicare),Medicare FFS,Medicare (Federal),FIPS 25011,,,14533,https://data.cms.gov/summary-statistics-on-beneficiary-enrollment/medicare-and-medicaid-reports/medicare-monthly-enrollment,2026-06,[source: CMS Medicare Monthly Enrollment 2026-06; ORGNL_MDCR_BENES]
MA,Hampden,Medicare FFS (Original Medicare),Medicare FFS,Medicare (Federal),FIPS 25013,,,60261,https://data.cms.gov/summary-statistics-on-beneficiary-enrollment/medicare-and-medicaid-reports/medicare-monthly-enrollment,2026-06,[source: CMS Medicare Monthly Enrollment 2026-06; ORGNL_MDCR_BENES]
MA,Hampshire,Medicare FFS (Original Medicare),Medicare FFS,Medicare (Federal),FIPS 25015,,,27546,https://data.cms.gov/summary-statistics-on-beneficiary-enrollment/medicare-and-medicaid-reports/medicare-monthly-enrollment,2026-06,[source: CMS Medicare Monthly Enrollment 2026-06; ORGNL_MDCR_BENES]
MA,Middlesex,Medicare FFS (Original Medicare),Medicare FFS,Medicare (Federal),FIPS 25017,,,203671,https://data.cms.gov/summary-statistics-on-beneficiary-enrollment/medicare-and-medicaid-reports/medicare-monthly-enrollment,2026-06,[source: CMS Medicare Monthly Enrollment 2026-06; ORGNL_MDCR_BENES]
MA,Nantucket,Medicare FFS (Original Medicare),Medicare FFS,Medicare (Federal),FIPS 25019,,,2230,https://data.cms.gov/summary-statistics-on-beneficiary-enrollment/medicare-and-medicaid-reports/medicare-monthly-enrollment,2026-06,[source: CMS Medicare Monthly Enrollment 2026-06; ORGNL_MDCR_BENES]
MA,Norfolk,Medicare FFS (Original Medicare),Medicare FFS,Medicare (Federal),FIPS 25021,,,103320,https://data.cms.gov/summary-statistics-on-beneficiary-enrollment/medicare-and-medicaid-reports/medicare-monthly-enrollment,2026-06,[source: CMS Medicare Monthly Enrollment 2026-06; ORGNL_MDCR_BENES]
MA,Plymouth,Medicare FFS (Original Medicare),Medicare FFS,Medicare (Federal),FIPS 25023,,,90209,https://data.cms.gov/summary-statistics-on-beneficiary-enrollment/medicare-and-medicaid-reports/medicare-monthly-enrollment,2026-06,[source: CMS Medicare Monthly Enrollment 2026-06; ORGNL_MDCR_BENES]
MA,Suffolk,Medicare FFS (Original Medicare),Medicare FFS,Medicare (Federal),FIPS 25025,,,66863,https://data.cms.gov/summary-statistics-on-beneficiary-enrollment/medicare-and-medicaid-reports/medicare-monthly-enrollment,2026-06,[source: CMS Medicare Monthly Enrollment 2026-06; ORGNL_MDCR_BENES]
MA,Worcester,Medicare FFS (Original Medicare),Medicare FFS,Medicare (Federal),FIPS 25027,,,102433,https://data.cms.gov/summary-statistics-on-beneficiary-enrollment/medicare-and-medicaid-reports/medicare-monthly-enrollment,2026-06,[source: CMS Medicare Monthly Enrollment 2026-06; ORGNL_MDCR_BENES]
MD,Allegany,Medicare FFS (Original Medicare),Medicare FFS,Medicare (Federal),FIPS 24001,,,14145,https://data.cms.gov/summary-statistics-on-beneficiary-enrollment/medicare-and-medicaid-reports/medicare-monthly-enrollment,2026-06,[source: CMS Medicare Monthly Enrollment 2026-06; ORGNL_MDCR_BENES]
MD,Anne Arundel,Medicare FFS (Original Medicare),Medicare FFS,Medicare (Federal),FIPS 24003,,,88155,https://data.cms.gov/summary-statistics-on-beneficiary-enrollment/medicare-and-medicaid-reports/medicare-monthly-enrollment,2026-06,[source: CMS Medicare Monthly Enrollment 2026-06; ORGNL_MDCR_BENES]
MD,Baltimore,Medicare FFS (Original Medicare),Medicare FFS,Medicare (Federal),FIPS 24005,,,129406,https://data.cms.gov/summary-statistics-on-beneficiary-enrollment/medicare-and-medicaid-reports/medicare-monthly-enrollment,2026-06,[source: CMS Medicare Monthly Enrollment 2026-06; ORGNL_MDCR_BENES]
MD,Baltimore,Medicare FFS (Original Medicare),Medicare FFS,Medicare (Federal),FIPS 24510,,,66234,https://data.cms.gov/summary-statistics-on-beneficiary-enrollment/medicare-and-medicaid-reports/medicare-monthly-enrollment,2026-06,[source: CMS Medicare Monthly Enrollment 2026-06; ORGNL_MDCR_BENES]
MD,Calvert,Medicare FFS (Original Medicare),Medicare FFS,Medicare (Federal),FIPS 24009,,,15786,https://data.cms.gov/summary-statistics-on-beneficiary-enrollment/medicare-and-medicaid-reports/medicare-monthly-enrollment,2026-06,[source: CMS Medicare Monthly Enrollment 2026-06; ORGNL_MDCR_BENES]
MD,Caroline,Medicare FFS (Original Medicare),Medicare FFS,Medicare (Federal),FIPS 24011,,,5739,https://data.cms.gov/summary-statistics-on-beneficiary-enrollment/medicare-and-medicaid-reports/medicare-monthly-enrollment,2026-06,[source: CMS Medicare Monthly Enrollment 2026-06; ORGNL_MDCR_BENES]
MD,Carroll,Medicare FFS (Original Medicare),Medicare FFS,Medicare (Federal),FIPS 24013,,,30620,https://data.cms.gov/summary-statistics-on-beneficiary-enrollment/medicare-and-medicaid-reports/medicare-monthly-enrollment,2026-06,[source: CMS Medicare Monthly Enrollment 2026-06; ORGNL_MDCR_BENES]
MD,Cecil,Medicare FFS (Original Medicare),Medicare FFS,Medicare (Federal),FIPS 24015,,,17205,https://data.cms.gov/summary-statistics-on-beneficiary-enrollment/medicare-and-medicaid-reports/medicare-monthly-enrollment,2026-06,[source: CMS Medicare Monthly Enrollment 2026-06; ORGNL_MDCR_BENES]
MD,Charles,Medicare FFS (Original Medicare),Medicare FFS,Medicare (Federal),FIPS 24017,,,22267,https://data.cms.gov/summary-statistics-on-beneficiary-enrollment/medicare-and-medicaid-reports/medicare-monthly-enrollment,2026-06,[source: CMS Medicare Monthly Enrollment 2026-06; ORGNL_MDCR_BENES]
MD,Dorchester,Medicare FFS (Original Medicare),Medicare FFS,Medicare (Federal),FIPS 24019,,,6710,https://data.cms.gov/summary-statistics-on-beneficiary-enrollment/medicare-and-medicaid-reports/medicare-monthly-enrollment,2026-06,[source: CMS Medicare Monthly Enrollment 2026-06; ORGNL_MDCR_BENES]
MD,Frederick,Medicare FFS (Original Medicare),Medicare FFS,Medicare (Federal),FIPS 24021,,,42810,https://data.cms.gov/summary-statistics-on-beneficiary-enrollment/medicare-and-medicaid-reports/medicare-monthly-enrollment,2026-06,[source: CMS Medicare Monthly Enrollment 2026-06; ORGNL_MDCR_BENES]
MD,Garrett,Medicare FFS (Original Medicare),Medicare FFS,Medicare (Federal),FIPS 24023,,,6088,https://data.cms.gov/summary-statistics-on-beneficiary-enrollment/medicare-and-medicaid-reports/medicare-monthly-enrollment,2026-06,[source: CMS Medicare Monthly Enrollment 2026-06; ORGNL_MDCR_BENES]
MD,Harford,Medicare FFS (Original Medicare),Medicare FFS,Medicare (Federal),FIPS 24025,,,42931,https://data.cms.gov/summary-statistics-on-beneficiary-enrollment/medicare-and-medicaid-reports/medicare-monthly-enrollment,2026-06,[source: CMS Medicare Monthly Enrollment 2026-06; ORGNL_MDCR_BENES]
MD,Howard,Medicare FFS (Original Medicare),Medicare FFS,Medicare (Federal),FIPS 24027,,,47693,https://data.cms.gov/summary-statistics-on-beneficiary-enrollment/medicare-and-medicaid-reports/medicare-monthly-enrollment,2026-06,[source: CMS Medicare Monthly Enrollment 2026-06; ORGNL_MDCR_BENES]
MD,Kent,Medicare FFS (Original Medicare),Medicare FFS,Medicare (Federal),FIPS 24029,,,5308,https://data.cms.gov/summary-statistics-on-beneficiary-enrollment/medicare-and-medicaid-reports/medicare-monthly-enrollment,2026-06,[source: CMS Medicare Monthly Enrollment 2026-06; ORGNL_MDCR_BENES]
MD,Montgomery,Medicare FFS (Original Medicare),Medicare FFS,Medicare (Federal),FIPS 24031,,,154628,https://data.cms.gov/summary-statistics-on-beneficiary-enrollment/medicare-and-medicaid-reports/medicare-monthly-enrollment,2026-06,[source: CMS Medicare Monthly Enrollment 2026-06; ORGNL_MDCR_BENES]
MD,Prince George's,Medicare FFS (Original Medicare),Medicare FFS,Medicare (Federal),FIPS 24033,,,106842,https://data.cms.gov/summary-statistics-on-beneficiary-enrollment/medicare-and-medicaid-reports/medicare-monthly-enrollment,2026-06,[source: CMS Medicare Monthly Enrollment 2026-06; ORGNL_MDCR_BENES]
MD,Queen Anne's,Medicare FFS (Original Medicare),Medicare FFS,Medicare (Federal),FIPS 24035,,,10919,https://data.cms.gov/summary-statistics-on-beneficiary-enrollment/medicare-and-medicaid-reports/medicare-monthly-enrollment,2026-06,[source: CMS Medicare Monthly Enrollment 2026-06; ORGNL_MDCR_BENES]
MD,Somerset,Medicare FFS (Original Medicare),Medicare FFS,Medicare (Federal),FIPS 24039,,,3870,https://data.cms.gov/summary-statistics-on-beneficiary-enrollment/medicare-and-medicaid-reports/medicare-monthly-enrollment,2026-06,[source: CMS Medicare Monthly Enrollment 2026-06; ORGNL_MDCR_BENES]
MD,St. Mary's,Medicare FFS (Original Medicare),Medicare FFS,Medicare (Federal),FIPS 24037,,,16829,https://data.cms.gov/summary-statistics-on-beneficiary-enrollment/medicare-and-medicaid-reports/medicare-monthly-enrollment,2026-06,[source: CMS Medicare Monthly Enrollment 2026-06; ORGNL_MDCR_BENES]
MD,Talbot,Medicare FFS (Original Medicare),Medicare FFS,Medicare (Federal),FIPS 24041,,,10449,https://data.cms.gov/summary-statistics-on-beneficiary-enrollment/medicare-and-medicaid-reports/medicare-monthly-enrollment,2026-06,[source: CMS Medicare Monthly Enrollment 2026-06; ORGNL_MDCR_BENES]
MD,Washington,Medicare FFS (Original Medicare),Medicare FFS,Medicare (Federal),FIPS 24043,,,25847,https://data.cms.gov/summary-statistics-on-beneficiary-enrollment/medicare-and-medicaid-reports/medicare-monthly-enrollment,2026-06,[source: CMS Medicare Monthly Enrollment 2026-06; ORGNL_MDCR_BENES]
MD,Wicomico,Medicare FFS (Original Medicare),Medicare FFS,Medicare (Federal),FIPS 24045,,,16106,https://data.cms.gov/summary-statistics-on-beneficiary-enrollment/medicare-and-medicaid-reports/medicare-monthly-enrollment,2026-06,[source: CMS Medicare Monthly Enrollment 2026-06; ORGNL_MDCR_BENES]
MD,Worcester,Medicare FFS (Original Medicare),Medicare FFS,Medicare (Federal),FIPS 24047,,,12811,https://data.cms.gov/summary-statistics-on-beneficiary-enrollment/medicare-and-medicaid-reports/medicare-monthly-enrollment,2026-06,[source: CMS Medicare Monthly Enrollment 2026-06; ORGNL_MDCR_BENES]
MI,Alcona,Medicare FFS (Original Medicare),Medicare FFS,Medicare (Federal),FIPS 26001,,,1886,https://data.cms.gov/summary-statistics-on-beneficiary-enrollment/medicare-and-medicaid-reports/medicare-monthly-enrollment,2026-06,[source: CMS Medicare Monthly Enrollment 2026-06; ORGNL_MDCR_BENES]
MI,Alger,Medicare FFS (Original Medicare),Medicare FFS,Medicare (Federal),FIPS 26003,,,1251,https://data.cms.gov/summary-statistics-on-beneficiary-enrollment/medicare-and-medicaid-reports/medicare-monthly-enrollment,2026-06,[source: CMS Medicare Monthly Enrollment 2026-06; ORGNL_MDCR_BENES]
MI,Allegan,Medicare FFS (Original Medicare),Medicare FFS,Medicare (Federal),FIPS 26005,,,7533,https://data.cms.gov/summary-statistics-on-beneficiary-enrollment/medicare-and-medicaid-reports/medicare-monthly-enrollment,2026-06,[source: CMS Medicare Monthly Enrollment 2026-06; ORGNL_MDCR_BENES]
MI,Alpena,Medicare FFS (Original Medicare),Medicare FFS,Medicare (Federal),FIPS 26007,,,4013,https://data.cms.gov/summary-statistics-on-beneficiary-enrollment/medicare-and-medicaid-reports/medicare-monthly-enrollment,2026-06,[source: CMS Medicare Monthly Enrollment 2026-06; ORGNL_MDCR_BENES]
MI,Antrim,Medicare FFS (Original Medicare),Medicare FFS,Medicare (Federal),FIPS 26009,,,3336,https://data.cms.gov/summary-statistics-on-beneficiary-enrollment/medicare-and-medicaid-reports/medicare-monthly-enrollment,2026-06,[source: CMS Medicare Monthly Enrollment 2026-06; ORGNL_MDCR_BENES]
MI,Arenac,Medicare FFS (Original Medicare),Medicare FFS,Medicare (Federal),FIPS 26011,,,2032,https://data.cms.gov/summary-statistics-on-beneficiary-enrollment/medicare-and-medicaid-reports/medicare-monthly-enrollment,2026-06,[source: CMS Medicare Monthly Enrollment 2026-06; ORGNL_MDCR_BENES]
MI,Baraga,Medicare FFS (Original Medicare),Medicare FFS,Medicare (Federal),FIPS 26013,,,1015,https://data.cms.gov/summary-statistics-on-beneficiary-enrollment/medicare-and-medicaid-reports/medicare-monthly-enrollment,2026-06,[source: CMS Medicare Monthly Enrollment 2026-06; ORGNL_MDCR_BENES]
MI,Barry,Medicare FFS (Original Medicare),Medicare FFS,Medicare (Federal),FIPS 26015,,,4694,https://data.cms.gov/summary-statistics-on-beneficiary-enrollment/medicare-and-medicaid-reports/medicare-monthly-enrollment,2026-06,[source: CMS Medicare Monthly Enrollment 2026-06; ORGNL_MDCR_BENES]
MI,Bay,Medicare FFS (Original Medicare),Medicare FFS,Medicare (Federal),FIPS 26017,,,10356,https://data.cms.gov/summary-statistics-on-beneficiary-enrollment/medicare-and-medicaid-reports/medicare-monthly-enrollment,2026-06,[source: CMS Medicare Monthly Enrollment 2026-06; ORGNL_MDCR_BENES]
MI,Benzie,Medicare FFS (Original Medicare),Medicare FFS,Medicare (Federal),FIPS 26019,,,2427,https://data.cms.gov/summary-statistics-on-beneficiary-enrollment/medicare-and-medicaid-reports/medicare-monthly-enrollment,2026-06,[source: CMS Medicare Monthly Enrollment 2026-06; ORGNL_MDCR_BENES]
MI,Berrien,Medicare FFS (Original Medicare),Medicare FFS,Medicare (Federal),FIPS 26021,,,17704,https://data.cms.gov/summary-statistics-on-beneficiary-enrollment/medicare-and-medicaid-reports/medicare-monthly-enrollment,2026-06,[source: CMS Medicare Monthly Enrollment 2026-06; ORGNL_MDCR_BENES]
MI,Branch,Medicare FFS (Original Medicare),Medicare FFS,Medicare (Federal),FIPS 26023,,,4213,https://data.cms.gov/summary-statistics-on-beneficiary-enrollment/medicare-and-medicaid-reports/medicare-monthly-enrollment,2026-06,[source: CMS Medicare Monthly Enrollment 2026-06; ORGNL_MDCR_BENES]
MI,Calhoun,Medicare FFS (Original Medicare),Medicare FFS,Medicare (Federal),FIPS 26025,,,13756,https://data.cms.gov/summary-statistics-on-beneficiary-enrollment/medicare-and-medicaid-reports/medicare-monthly-enrollment,2026-06,[source: CMS Medicare Monthly Enrollment 2026-06; ORGNL_MDCR_BENES]
MI,Cass,Medicare FFS (Original Medicare),Medicare FFS,Medicare (Federal),FIPS 26027,,,5675,https://data.cms.gov/summary-statistics-on-beneficiary-enrollment/medicare-and-medicaid-reports/medicare-monthly-enrollment,2026-06,[source: CMS Medicare Monthly Enrollment 2026-06; ORGNL_MDCR_BENES]
MI,Charlevoix,Medicare FFS (Original Medicare),Medicare FFS,Medicare (Federal),FIPS 26029,,,3852,https://data.cms.gov/summary-statistics-on-beneficiary-enrollment/medicare-and-medicaid-reports/medicare-monthly-enrollment,2026-06,[source: CMS Medicare Monthly Enrollment 2026-06; ORGNL_MDCR_BENES]
MI,Cheboygan,Medicare FFS (Original Medicare),Medicare FFS,Medicare (Federal),FIPS 26031,,,3622,https://data.cms.gov/summary-statistics-on-beneficiary-enrollment/medicare-and-medicaid-reports/medicare-monthly-enrollment,2026-06,[source: CMS Medicare Monthly Enrollment 2026-06; ORGNL_MDCR_BENES]
MI,Chippewa,Medicare FFS (Original Medicare),Medicare FFS,Medicare (Federal),FIPS 26033,,,3877,https://data.cms.gov/summary-statistics-on-beneficiary-enrollment/medicare-and-medicaid-reports/medicare-monthly-enrollment,2026-06,[source: CMS Medicare Monthly Enrollment 2026-06; ORGNL_MDCR_BENES]
MI,Clare,Medicare FFS (Original Medicare),Medicare FFS,Medicare (Federal),FIPS 26035,,,3651,https://data.cms.gov/summary-statistics-on-beneficiary-enrollment/medicare-and-medicaid-reports/medicare-monthly-enrollment,2026-06,[source: CMS Medicare Monthly Enrollment 2026-06; ORGNL_MDCR_BENES]
MI,Clinton,Medicare FFS (Original Medicare),Medicare FFS,Medicare (Federal),FIPS 26037,,,5023,https://data.cms.gov/summary-statistics-on-beneficiary-enrollment/medicare-and-medicaid-reports/medicare-monthly-enrollment,2026-06,[source: CMS Medicare Monthly Enrollment 2026-06; ORGNL_MDCR_BENES]
MI,Crawford,Medicare FFS (Original Medicare),Medicare FFS,Medicare (Federal),FIPS 26039,,,1706,https://data.cms.gov/summary-statistics-on-beneficiary-enrollment/medicare-and-medicaid-reports/medicare-monthly-enrollment,2026-06,[source: CMS Medicare Monthly Enrollment 2026-06; ORGNL_MDCR_BENES]
MI,Delta,Medicare FFS (Original Medicare),Medicare FFS,Medicare (Federal),FIPS 26041,,,4973,https://data.cms.gov/summary-statistics-on-beneficiary-enrollment/medicare-and-medicaid-reports/medicare-monthly-enrollment,2026-06,[source: CMS Medicare Monthly Enrollment 2026-06; ORGNL_MDCR_BENES]
MI,Dickinson,Medicare FFS (Original Medicare),Medicare FFS,Medicare (Federal),FIPS 26043,,,3778,https://data.cms.gov/summary-statistics-on-beneficiary-enrollment/medicare-and-medicaid-reports/medicare-monthly-enrollment,2026-06,[source: CMS Medicare Monthly Enrollment 2026-06; ORGNL_MDCR_BENES]
MI,Eaton,Medicare FFS (Original Medicare),Medicare FFS,Medicare (Federal),FIPS 26045,,,7948,https://data.cms.gov/summary-statistics-on-beneficiary-enrollment/medicare-and-medicaid-reports/medicare-monthly-enrollment,2026-06,[source: CMS Medicare Monthly Enrollment 2026-06; ORGNL_MDCR_BENES]
MI,Emmet,Medicare FFS (Original Medicare),Medicare FFS,Medicare (Federal),FIPS 26047,,,4985,https://data.cms.gov/summary-statistics-on-beneficiary-enrollment/medicare-and-medicaid-reports/medicare-monthly-enrollment,2026-06,[source: CMS Medicare Monthly Enrollment 2026-06; ORGNL_MDCR_BENES]
MI,Genesee,Medicare FFS (Original Medicare),Medicare FFS,Medicare (Federal),FIPS 26049,,,30357,https://data.cms.gov/summary-statistics-on-beneficiary-enrollment/medicare-and-medicaid-reports/medicare-monthly-enrollment,2026-06,[source: CMS Medicare Monthly Enrollment 2026-06; ORGNL_MDCR_BENES]
MI,Gladwin,Medicare FFS (Original Medicare),Medicare FFS,Medicare (Federal),FIPS 26051,,,3007,https://data.cms.gov/summary-statistics-on-beneficiary-enrollment/medicare-and-medicaid-reports/medicare-monthly-enrollment,2026-06,[source: CMS Medicare Monthly Enrollment 2026-06; ORGNL_MDCR_BENES]
MI,Gogebic,Medicare FFS (Original Medicare),Medicare FFS,Medicare (Federal),FIPS 26053,,,2583,https://data.cms.gov/summary-statistics-on-beneficiary-enrollment/medicare-and-medicaid-reports/medicare-monthly-enrollment,2026-06,[source: CMS Medicare Monthly Enrollment 2026-06; ORGNL_MDCR_BENES]
MI,Grand Traverse,Medicare FFS (Original Medicare),Medicare FFS,Medicare (Federal),FIPS 26055,,,9734,https://data.cms.gov/summary-statistics-on-beneficiary-enrollment/medicare-and-medicaid-reports/medicare-monthly-enrollment,2026-06,[source: CMS Medicare Monthly Enrollment 2026-06; ORGNL_MDCR_BENES]
MI,Gratiot,Medicare FFS (Original Medicare),Medicare FFS,Medicare (Federal),FIPS 26057,,,3244,https://data.cms.gov/summary-statistics-on-beneficiary-enrollment/medicare-and-medicaid-reports/medicare-monthly-enrollment,2026-06,[source: CMS Medicare Monthly Enrollment 2026-06; ORGNL_MDCR_BENES]
MI,Hillsdale,Medicare FFS (Original Medicare),Medicare FFS,Medicare (Federal),FIPS 26059,,,4044,https://data.cms.gov/summary-statistics-on-beneficiary-enrollment/medicare-and-medicaid-reports/medicare-monthly-enrollment,2026-06,[source: CMS Medicare Monthly Enrollment 2026-06; ORGNL_MDCR_BENES]
MI,Houghton,Medicare FFS (Original Medicare),Medicare FFS,Medicare (Federal),FIPS 26061,,,3727,https://data.cms.gov/summary-statistics-on-beneficiary-enrollment/medicare-and-medicaid-reports/medicare-monthly-enrollment,2026-06,[source: CMS Medicare Monthly Enrollment 2026-06; ORGNL_MDCR_BENES]
MI,Huron,Medicare FFS (Original Medicare),Medicare FFS,Medicare (Federal),FIPS 26063,,,4681,https://data.cms.gov/summary-statistics-on-beneficiary-enrollment/medicare-and-medicaid-reports/medicare-monthly-enrollment,2026-06,[source: CMS Medicare Monthly Enrollment 2026-06; ORGNL_MDCR_BENES]
MI,Ingham,Medicare FFS (Original Medicare),Medicare FFS,Medicare (Federal),FIPS 26065,,,17488,https://data.cms.gov/summary-statistics-on-beneficiary-enrollment/medicare-and-medicaid-reports/medicare-monthly-enrollment,2026-06,[source: CMS Medicare Monthly Enrollment 2026-06; ORGNL_MDCR_BENES]
MI,Ionia,Medicare FFS (Original Medicare),Medicare FFS,Medicare (Federal),FIPS 26067,,,3513,https://data.cms.gov/summary-statistics-on-beneficiary-enrollment/medicare-and-medicaid-reports/medicare-monthly-enrollment,2026-06,[source: CMS Medicare Monthly Enrollment 2026-06; ORGNL_MDCR_BENES]
MI,Iosco,Medicare FFS (Original Medicare),Medicare FFS,Medicare (Federal),FIPS 26069,,,3955,https://data.cms.gov/summary-statistics-on-beneficiary-enrollment/medicare-and-medicaid-reports/medicare-monthly-enrollment,2026-06,[source: CMS Medicare Monthly Enrollment 2026-06; ORGNL_MDCR_BENES]
MI,Iron,Medicare FFS (Original Medicare),Medicare FFS,Medicare (Federal),FIPS 26071,,,1939,https://data.cms.gov/summary-statistics-on-beneficiary-enrollment/medicare-and-medicaid-reports/medicare-monthly-enrollment,2026-06,[source: CMS Medicare Monthly Enrollment 2026-06; ORGNL_MDCR_BENES]
MI,Isabella,Medicare FFS (Original Medicare),Medicare FFS,Medicare (Federal),FIPS 26073,,,4906,https://data.cms.gov/summary-statistics-on-beneficiary-enrollment/medicare-and-medicaid-reports/medicare-monthly-enrollment,2026-06,[source: CMS Medicare Monthly Enrollment 2026-06; ORGNL_MDCR_BENES]
MI,Jackson,Medicare FFS (Original Medicare),Medicare FFS,Medicare (Federal),FIPS 26075,,,15077,https://data.cms.gov/summary-statistics-on-beneficiary-enrollment/medicare-and-medicaid-reports/medicare-monthly-enrollment,2026-06,[source: CMS Medicare Monthly Enrollment 2026-06; ORGNL_MDCR_BENES]
MI,Kalamazoo,Medicare FFS (Original Medicare),Medicare FFS,Medicare (Federal),FIPS 26077,,,18331,https://data.cms.gov/summary-statistics-on-beneficiary-enrollment/medicare-and-medicaid-reports/medicare-monthly-enrollment,2026-06,[source: CMS Medicare Monthly Enrollment 2026-06; ORGNL_MDCR_BENES]
MI,Kalkaska,Medicare FFS (Original Medicare),Medicare FFS,Medicare (Federal),FIPS 26079,,,1970,https://data.cms.gov/summary-statistics-on-beneficiary-enrollment/medicare-and-medicaid-reports/medicare-monthly-enrollment,2026-06,[source: CMS Medicare Monthly Enrollment 2026-06; ORGNL_MDCR_BENES]
MI,Kent,Medicare FFS (Original Medicare),Medicare FFS,Medicare (Federal),FIPS 26081,,,33693,https://data.cms.gov/summary-statistics-on-beneficiary-enrollment/medicare-and-medicaid-reports/medicare-monthly-enrollment,2026-06,[source: CMS Medicare Monthly Enrollment 2026-06; ORGNL_MDCR_BENES]
MI,Keweenaw,Medicare FFS (Original Medicare),Medicare FFS,Medicare (Federal),FIPS 26083,,,433,https://data.cms.gov/summary-statistics-on-beneficiary-enrollment/medicare-and-medicaid-reports/medicare-monthly-enrollment,2026-06,[source: CMS Medicare Monthly Enrollment 2026-06; ORGNL_MDCR_BENES]
MI,Lake,Medicare FFS (Original Medicare),Medicare FFS,Medicare (Federal),FIPS 26085,,,1265,https://data.cms.gov/summary-statistics-on-beneficiary-enrollment/medicare-and-medicaid-reports/medicare-monthly-enrollment,2026-06,[source: CMS Medicare Monthly Enrollment 2026-06; ORGNL_MDCR_BENES]
MI,Lapeer,Medicare FFS (Original Medicare),Medicare FFS,Medicare (Federal),FIPS 26087,,,8277,https://data.cms.gov/summary-statistics-on-beneficiary-enrollment/medicare-and-medicaid-reports/medicare-monthly-enrollment,2026-06,[source: CMS Medicare Monthly Enrollment 2026-06; ORGNL_MDCR_BENES]
MI,Leelanau,Medicare FFS (Original Medicare),Medicare FFS,Medicare (Federal),FIPS 26089,,,3312,https://data.cms.gov/summary-statistics-on-beneficiary-enrollment/medicare-and-medicaid-reports/medicare-monthly-enrollment,2026-06,[source: CMS Medicare Monthly Enrollment 2026-06; ORGNL_MDCR_BENES]
MI,Lenawee,Medicare FFS (Original Medicare),Medicare FFS,Medicare (Federal),FIPS 26091,,,10003,https://data.cms.gov/summary-statistics-on-beneficiary-enrollment/medicare-and-medicaid-reports/medicare-monthly-enrollment,2026-06,[source: CMS Medicare Monthly Enrollment 2026-06; ORGNL_MDCR_BENES]
MI,Livingston,Medicare FFS (Original Medicare),Medicare FFS,Medicare (Federal),FIPS 26093,,,19207,https://data.cms.gov/summary-statistics-on-beneficiary-enrollment/medicare-and-medicaid-reports/medicare-monthly-enrollment,2026-06,[source: CMS Medicare Monthly Enrollment 2026-06; ORGNL_MDCR_BENES]
MI,Luce,Medicare FFS (Original Medicare),Medicare FFS,Medicare (Federal),FIPS 26095,,,601,https://data.cms.gov/summary-statistics-on-beneficiary-enrollment/medicare-and-medicaid-reports/medicare-monthly-enrollment,2026-06,[source: CMS Medicare Monthly Enrollment 2026-06; ORGNL_MDCR_BENES]
MI,Mackinac,Medicare FFS (Original Medicare),Medicare FFS,Medicare (Federal),FIPS 26097,,,1640,https://data.cms.gov/summary-statistics-on-beneficiary-enrollment/medicare-and-medicaid-reports/medicare-monthly-enrollment,2026-06,[source: CMS Medicare Monthly Enrollment 2026-06; ORGNL_MDCR_BENES]
MI,Macomb,Medicare FFS (Original Medicare),Medicare FFS,Medicare (Federal),FIPS 26099,,,79325,https://data.cms.gov/summary-statistics-on-beneficiary-enrollment/medicare-and-medicaid-reports/medicare-monthly-enrollment,2026-06,[source: CMS Medicare Monthly Enrollment 2026-06; ORGNL_MDCR_BENES]
MI,Manistee,Medicare FFS (Original Medicare),Medicare FFS,Medicare (Federal),FIPS 26101,,,3214,https://data.cms.gov/summary-statistics-on-beneficiary-enrollment/medicare-and-medicaid-reports/medicare-monthly-enrollment,2026-06,[source: CMS Medicare Monthly Enrollment 2026-06; ORGNL_MDCR_BENES]
MI,Marquette,Medicare FFS (Original Medicare),Medicare FFS,Medicare (Federal),FIPS 26103,,,6885,https://data.cms.gov/summary-statistics-on-beneficiary-enrollment/medicare-and-medicaid-reports/medicare-monthly-enrollment,2026-06,[source: CMS Medicare Monthly Enrollment 2026-06; ORGNL_MDCR_BENES]
MI,Mason,Medicare FFS (Original Medicare),Medicare FFS,Medicare (Federal),FIPS 26105,,,3056,https://data.cms.gov/summary-statistics-on-beneficiary-enrollment/medicare-and-medicaid-reports/medicare-monthly-enrollment,2026-06,[source: CMS Medicare Monthly Enrollment 2026-06; ORGNL_MDCR_BENES]
MI,Mecosta,Medicare FFS (Original Medicare),Medicare FFS,Medicare (Federal),FIPS 26107,,,3629,https://data.cms.gov/summary-statistics-on-beneficiary-enrollment/medicare-and-medicaid-reports/medicare-monthly-enrollment,2026-06,[source: CMS Medicare Monthly Enrollment 2026-06; ORGNL_MDCR_BENES]
MI,Menominee,Medicare FFS (Original Medicare),Medicare FFS,Medicare (Federal),FIPS 26109,,,3133,https://data.cms.gov/summary-statistics-on-beneficiary-enrollment/medicare-and-medicaid-reports/medicare-monthly-enrollment,2026-06,[source: CMS Medicare Monthly Enrollment 2026-06; ORGNL_MDCR_BENES]
MI,Midland,Medicare FFS (Original Medicare),Medicare FFS,Medicare (Federal),FIPS 26111,,,7174,https://data.cms.gov/summary-statistics-on-beneficiary-enrollment/medicare-and-medicaid-reports/medicare-monthly-enrollment,2026-06,[source: CMS Medicare Monthly Enrollment 2026-06; ORGNL_MDCR_BENES]
MI,Missaukee,Medicare FFS (Original Medicare),Medicare FFS,Medicare (Federal),FIPS 26113,,,1443,https://data.cms.gov/summary-statistics-on-beneficiary-enrollment/medicare-and-medicaid-reports/medicare-monthly-enrollment,2026-06,[source: CMS Medicare Monthly Enrollment 2026-06; ORGNL_MDCR_BENES]
MI,Monroe,Medicare FFS (Original Medicare),Medicare FFS,Medicare (Federal),FIPS 26115,,,15064,https://data.cms.gov/summary-statistics-on-beneficiary-enrollment/medicare-and-medicaid-reports/medicare-monthly-enrollment,2026-06,[source: CMS Medicare Monthly Enrollment 2026-06; ORGNL_MDCR_BENES]
MI,Montcalm,Medicare FFS (Original Medicare),Medicare FFS,Medicare (Federal),FIPS 26117,,,4790,https://data.cms.gov/summary-statistics-on-beneficiary-enrollment/medicare-and-medicaid-reports/medicare-monthly-enrollment,2026-06,[source: CMS Medicare Monthly Enrollment 2026-06; ORGNL_MDCR_BENES]
MI,Montmorency,Medicare FFS (Original Medicare),Medicare FFS,Medicare (Federal),FIPS 26119,,,1719,https://data.cms.gov/summary-statistics-on-beneficiary-enrollment/medicare-and-medicaid-reports/medicare-monthly-enrollment,2026-06,[source: CMS Medicare Monthly Enrollment 2026-06; ORGNL_MDCR_BENES]
MI,Muskegon,Medicare FFS (Original Medicare),Medicare FFS,Medicare (Federal),FIPS 26121,,,10773,https://data.cms.gov/summary-statistics-on-beneficiary-enrollment/medicare-and-medicaid-reports/medicare-monthly-enrollment,2026-06,[source: CMS Medicare Monthly Enrollment 2026-06; ORGNL_MDCR_BENES]
MI,Newaygo,Medicare FFS (Original Medicare),Medicare FFS,Medicare (Federal),FIPS 26123,,,3001,https://data.cms.gov/summary-statistics-on-beneficiary-enrollment/medicare-and-medicaid-reports/medicare-monthly-enrollment,2026-06,[source: CMS Medicare Monthly Enrollment 2026-06; ORGNL_MDCR_BENES]
MI,Oakland,Medicare FFS (Original Medicare),Medicare FFS,Medicare (Federal),FIPS 26125,,,124403,https://data.cms.gov/summary-statistics-on-beneficiary-enrollment/medicare-and-medicaid-reports/medicare-monthly-enrollment,2026-06,[source: CMS Medicare Monthly Enrollment 2026-06; ORGNL_MDCR_BENES]
MI,Oceana,Medicare FFS (Original Medicare),Medicare FFS,Medicare (Federal),FIPS 26127,,,2373,https://data.cms.gov/summary-statistics-on-beneficiary-enrollment/medicare-and-medicaid-reports/medicare-monthly-enrollment,2026-06,[source: CMS Medicare Monthly Enrollment 2026-06; ORGNL_MDCR_BENES]
MI,Ogemaw,Medicare FFS (Original Medicare),Medicare FFS,Medicare (Federal),FIPS 26129,,,2912,https://data.cms.gov/summary-statistics-on-beneficiary-enrollment/medicare-and-medicaid-reports/medicare-monthly-enrollment,2026-06,[source: CMS Medicare Monthly Enrollment 2026-06; ORGNL_MDCR_BENES]
MI,Ontonagon,Medicare FFS (Original Medicare),Medicare FFS,Medicare (Federal),FIPS 26131,,,1322,https://data.cms.gov/summary-statistics-on-beneficiary-enrollment/medicare-and-medicaid-reports/medicare-monthly-enrollment,2026-06,[source: CMS Medicare Monthly Enrollment 2026-06; ORGNL_MDCR_BENES]
MI,Osceola,Medicare FFS (Original Medicare),Medicare FFS,Medicare (Federal),FIPS 26133,,,2329,https://data.cms.gov/summary-statistics-on-beneficiary-enrollment/medicare-and-medicaid-reports/medicare-monthly-enrollment,2026-06,[source: CMS Medicare Monthly Enrollment 2026-06; ORGNL_MDCR_BENES]
MI,Oscoda,Medicare FFS (Original Medicare),Medicare FFS,Medicare (Federal),FIPS 26135,,,1226,https://data.cms.gov/summary-statistics-on-beneficiary-enrollment/medicare-and-medicaid-reports/medicare-monthly-enrollment,2026-06,[source: CMS Medicare Monthly Enrollment 2026-06; ORGNL_MDCR_BENES]
MI,Otsego,Medicare FFS (Original Medicare),Medicare FFS,Medicare (Federal),FIPS 26137,,,3300,https://data.cms.gov/summary-statistics-on-beneficiary-enrollment/medicare-and-medicaid-reports/medicare-monthly-enrollment,2026-06,[source: CMS Medicare Monthly Enrollment 2026-06; ORGNL_MDCR_BENES]
MI,Ottawa,Medicare FFS (Original Medicare),Medicare FFS,Medicare (Federal),FIPS 26139,,,14505,https://data.cms.gov/summary-statistics-on-beneficiary-enrollment/medicare-and-medicaid-reports/medicare-monthly-enrollment,2026-06,[source: CMS Medicare Monthly Enrollment 2026-06; ORGNL_MDCR_BENES]
MI,Presque Isle,Medicare FFS (Original Medicare),Medicare FFS,Medicare (Federal),FIPS 26141,,,2298,https://data.cms.gov/summary-statistics-on-beneficiary-enrollment/medicare-and-medicaid-reports/medicare-monthly-enrollment,2026-06,[source: CMS Medicare Monthly Enrollment 2026-06; ORGNL_MDCR_BENES]
MI,Roscommon,Medicare FFS (Original Medicare),Medicare FFS,Medicare (Federal),FIPS 26143,,,3731,https://data.cms.gov/summary-statistics-on-beneficiary-enrollment/medicare-and-medicaid-reports/medicare-monthly-enrollment,2026-06,[source: CMS Medicare Monthly Enrollment 2026-06; ORGNL_MDCR_BENES]
MI,Saginaw,Medicare FFS (Original Medicare),Medicare FFS,Medicare (Federal),FIPS 26145,,,15297,https://data.cms.gov/summary-statistics-on-beneficiary-enrollment/medicare-and-medicaid-reports/medicare-monthly-enrollment,2026-06,[source: CMS Medicare Monthly Enrollment 2026-06; ORGNL_MDCR_BENES]
MI,Sanilac,Medicare FFS (Original Medicare),Medicare FFS,Medicare (Federal),FIPS 26151,,,4778,https://data.cms.gov/summary-statistics-on-beneficiary-enrollment/medicare-and-medicaid-reports/medicare-monthly-enrollment,2026-06,[source: CMS Medicare Monthly Enrollment 2026-06; ORGNL_MDCR_BENES]
MI,Schoolcraft,Medicare FFS (Original Medicare),Medicare FFS,Medicare (Federal),FIPS 26153,,,1408,https://data.cms.gov/summary-statistics-on-beneficiary-enrollment/medicare-and-medicaid-reports/medicare-monthly-enrollment,2026-06,[source: CMS Medicare Monthly Enrollment 2026-06; ORGNL_MDCR_BENES]
MI,Shiawassee,Medicare FFS (Original Medicare),Medicare FFS,Medicare (Federal),FIPS 26155,,,5722,https://data.cms.gov/summary-statistics-on-beneficiary-enrollment/medicare-and-medicaid-reports/medicare-monthly-enrollment,2026-06,[source: CMS Medicare Monthly Enrollment 2026-06; ORGNL_MDCR_BENES]
MI,St. Clair,Medicare FFS (Original Medicare),Medicare FFS,Medicare (Federal),FIPS 26147,,,15633,https://data.cms.gov/summary-statistics-on-beneficiary-enrollment/medicare-and-medicaid-reports/medicare-monthly-enrollment,2026-06,[source: CMS Medicare Monthly Enrollment 2026-06; ORGNL_MDCR_BENES]
MI,St. Joseph,Medicare FFS (Original Medicare),Medicare FFS,Medicare (Federal),FIPS 26149,,,6040,https://data.cms.gov/summary-statistics-on-beneficiary-enrollment/medicare-and-medicaid-reports/medicare-monthly-enrollment,2026-06,[source: CMS Medicare Monthly Enrollment 2026-06; ORGNL_MDCR_BENES]
MI,Tuscola,Medicare FFS (Original Medicare),Medicare FFS,Medicare (Federal),FIPS 26157,,,4746,https://data.cms.gov/summary-statistics-on-beneficiary-enrollment/medicare-and-medicaid-reports/medicare-monthly-enrollment,2026-06,[source: CMS Medicare Monthly Enrollment 2026-06; ORGNL_MDCR_BENES]
MI,Van Buren,Medicare FFS (Original Medicare),Medicare FFS,Medicare (Federal),FIPS 26159,,,6893,https://data.cms.gov/summary-statistics-on-beneficiary-enrollment/medicare-and-medicaid-reports/medicare-monthly-enrollment,2026-06,[source: CMS Medicare Monthly Enrollment 2026-06; ORGNL_MDCR_BENES]
MI,Washtenaw,Medicare FFS (Original Medicare),Medicare FFS,Medicare (Federal),FIPS 26161,,,27673,https://data.cms.gov/summary-statistics-on-beneficiary-enrollment/medicare-and-medicaid-reports/medicare-monthly-enrollment,2026-06,[source: CMS Medicare Monthly Enrollment 2026-06; ORGNL_MDCR_BENES]
MI,Wayne,Medicare FFS (Original Medicare),Medicare FFS,Medicare (Federal),FIPS 26163,,,125321,https://data.cms.gov/summary-statistics-on-beneficiary-enrollment/medicare-and-medicaid-reports/medicare-monthly-enrollment,2026-06,[source: CMS Medicare Monthly Enrollment 2026-06; ORGNL_MDCR_BENES]
MI,Wexford,Medicare FFS (Original Medicare),Medicare FFS,Medicare (Federal),FIPS 26165,,,3335,https://data.cms.gov/summary-statistics-on-beneficiary-enrollment/medicare-and-medicaid-reports/medicare-monthly-enrollment,2026-06,[source: CMS Medicare Monthly Enrollment 2026-06; ORGNL_MDCR_BENES]
MN,Aitkin,Medicare FFS (Original Medicare),Medicare FFS,Medicare (Federal),FIPS 27001,,,2081,https://data.cms.gov/summary-statistics-on-beneficiary-enrollment/medicare-and-medicaid-reports/medicare-monthly-enrollment,2026-06,[source: CMS Medicare Monthly Enrollment 2026-06; ORGNL_MDCR_BENES]
MN,Anoka,Medicare FFS (Original Medicare),Medicare FFS,Medicare (Federal),FIPS 27003,,,25337,https://data.cms.gov/summary-statistics-on-beneficiary-enrollment/medicare-and-medicaid-reports/medicare-monthly-enrollment,2026-06,[source: CMS Medicare Monthly Enrollment 2026-06; ORGNL_MDCR_BENES]
MN,Becker,Medicare FFS (Original Medicare),Medicare FFS,Medicare (Federal),FIPS 27005,,,4638,https://data.cms.gov/summary-statistics-on-beneficiary-enrollment/medicare-and-medicaid-reports/medicare-monthly-enrollment,2026-06,[source: CMS Medicare Monthly Enrollment 2026-06; ORGNL_MDCR_BENES]
MN,Beltrami,Medicare FFS (Original Medicare),Medicare FFS,Medicare (Federal),FIPS 27007,,,5522,https://data.cms.gov/summary-statistics-on-beneficiary-enrollment/medicare-and-medicaid-reports/medicare-monthly-enrollment,2026-06,[source: CMS Medicare Monthly Enrollment 2026-06; ORGNL_MDCR_BENES]
MN,Benton,Medicare FFS (Original Medicare),Medicare FFS,Medicare (Federal),FIPS 27009,,,3898,https://data.cms.gov/summary-statistics-on-beneficiary-enrollment/medicare-and-medicaid-reports/medicare-monthly-enrollment,2026-06,[source: CMS Medicare Monthly Enrollment 2026-06; ORGNL_MDCR_BENES]
MN,Big Stone,Medicare FFS (Original Medicare),Medicare FFS,Medicare (Federal),FIPS 27011,,,870,https://data.cms.gov/summary-statistics-on-beneficiary-enrollment/medicare-and-medicaid-reports/medicare-monthly-enrollment,2026-06,[source: CMS Medicare Monthly Enrollment 2026-06; ORGNL_MDCR_BENES]
MN,Blue Earth,Medicare FFS (Original Medicare),Medicare FFS,Medicare (Federal),FIPS 27013,,,7897,https://data.cms.gov/summary-statistics-on-beneficiary-enrollment/medicare-and-medicaid-reports/medicare-monthly-enrollment,2026-06,[source: CMS Medicare Monthly Enrollment 2026-06; ORGNL_MDCR_BENES]
MN,Brown,Medicare FFS (Original Medicare),Medicare FFS,Medicare (Federal),FIPS 27015,,,3921,https://data.cms.gov/summary-statistics-on-beneficiary-enrollment/medicare-and-medicaid-reports/medicare-monthly-enrollment,2026-06,[source: CMS Medicare Monthly Enrollment 2026-06; ORGNL_MDCR_BENES]
MN,Carlton,Medicare FFS (Original Medicare),Medicare FFS,Medicare (Federal),FIPS 27017,,,3355,https://data.cms.gov/summary-statistics-on-beneficiary-enrollment/medicare-and-medicaid-reports/medicare-monthly-enrollment,2026-06,[source: CMS Medicare Monthly Enrollment 2026-06; ORGNL_MDCR_BENES]
MN,Carver,Medicare FFS (Original Medicare),Medicare FFS,Medicare (Federal),FIPS 27019,,,7949,https://data.cms.gov/summary-statistics-on-beneficiary-enrollment/medicare-and-medicaid-reports/medicare-monthly-enrollment,2026-06,[source: CMS Medicare Monthly Enrollment 2026-06; ORGNL_MDCR_BENES]
MN,Cass,Medicare FFS (Original Medicare),Medicare FFS,Medicare (Federal),FIPS 27021,,,4463,https://data.cms.gov/summary-statistics-on-beneficiary-enrollment/medicare-and-medicaid-reports/medicare-monthly-enrollment,2026-06,[source: CMS Medicare Monthly Enrollment 2026-06; ORGNL_MDCR_BENES]
MN,Chippewa,Medicare FFS (Original Medicare),Medicare FFS,Medicare (Federal),FIPS 27023,,,1664,https://data.cms.gov/summary-statistics-on-beneficiary-enrollment/medicare-and-medicaid-reports/medicare-monthly-enrollment,2026-06,[source: CMS Medicare Monthly Enrollment 2026-06; ORGNL_MDCR_BENES]
MN,Chisago,Medicare FFS (Original Medicare),Medicare FFS,Medicare (Federal),FIPS 27025,,,4845,https://data.cms.gov/summary-statistics-on-beneficiary-enrollment/medicare-and-medicaid-reports/medicare-monthly-enrollment,2026-06,[source: CMS Medicare Monthly Enrollment 2026-06; ORGNL_MDCR_BENES]
MN,Clay,Medicare FFS (Original Medicare),Medicare FFS,Medicare (Federal),FIPS 27027,,,6340,https://data.cms.gov/summary-statistics-on-beneficiary-enrollment/medicare-and-medicaid-reports/medicare-monthly-enrollment,2026-06,[source: CMS Medicare Monthly Enrollment 2026-06; ORGNL_MDCR_BENES]
MN,Clearwater,Medicare FFS (Original Medicare),Medicare FFS,Medicare (Federal),FIPS 27029,,,1115,https://data.cms.gov/summary-statistics-on-beneficiary-enrollment/medicare-and-medicaid-reports/medicare-monthly-enrollment,2026-06,[source: CMS Medicare Monthly Enrollment 2026-06; ORGNL_MDCR_BENES]
MN,Cook,Medicare FFS (Original Medicare),Medicare FFS,Medicare (Federal),FIPS 27031,,,688,https://data.cms.gov/summary-statistics-on-beneficiary-enrollment/medicare-and-medicaid-reports/medicare-monthly-enrollment,2026-06,[source: CMS Medicare Monthly Enrollment 2026-06; ORGNL_MDCR_BENES]
MN,Cottonwood,Medicare FFS (Original Medicare),Medicare FFS,Medicare (Federal),FIPS 27033,,,1795,https://data.cms.gov/summary-statistics-on-beneficiary-enrollment/medicare-and-medicaid-reports/medicare-monthly-enrollment,2026-06,[source: CMS Medicare Monthly Enrollment 2026-06; ORGNL_MDCR_BENES]
MN,Crow Wing,Medicare FFS (Original Medicare),Medicare FFS,Medicare (Federal),FIPS 27035,,,8658,https://data.cms.gov/summary-statistics-on-beneficiary-enrollment/medicare-and-medicaid-reports/medicare-monthly-enrollment,2026-06,[source: CMS Medicare Monthly Enrollment 2026-06; ORGNL_MDCR_BENES]
MN,Dakota,Medicare FFS (Original Medicare),Medicare FFS,Medicare (Federal),FIPS 27037,,,36172,https://data.cms.gov/summary-statistics-on-beneficiary-enrollment/medicare-and-medicaid-reports/medicare-monthly-enrollment,2026-06,[source: CMS Medicare Monthly Enrollment 2026-06; ORGNL_MDCR_BENES]
MN,Dodge,Medicare FFS (Original Medicare),Medicare FFS,Medicare (Federal),FIPS 27039,,,2371,https://data.cms.gov/summary-statistics-on-beneficiary-enrollment/medicare-and-medicaid-reports/medicare-monthly-enrollment,2026-06,[source: CMS Medicare Monthly Enrollment 2026-06; ORGNL_MDCR_BENES]
MN,Douglas,Medicare FFS (Original Medicare),Medicare FFS,Medicare (Federal),FIPS 27041,,,5156,https://data.cms.gov/summary-statistics-on-beneficiary-enrollment/medicare-and-medicaid-reports/medicare-monthly-enrollment,2026-06,[source: CMS Medicare Monthly Enrollment 2026-06; ORGNL_MDCR_BENES]
MN,Faribault,Medicare FFS (Original Medicare),Medicare FFS,Medicare (Federal),FIPS 27043,,,2239,https://data.cms.gov/summary-statistics-on-beneficiary-enrollment/medicare-and-medicaid-reports/medicare-monthly-enrollment,2026-06,[source: CMS Medicare Monthly Enrollment 2026-06; ORGNL_MDCR_BENES]
MN,Fillmore,Medicare FFS (Original Medicare),Medicare FFS,Medicare (Federal),FIPS 27045,,,3000,https://data.cms.gov/summary-statistics-on-beneficiary-enrollment/medicare-and-medicaid-reports/medicare-monthly-enrollment,2026-06,[source: CMS Medicare Monthly Enrollment 2026-06; ORGNL_MDCR_BENES]
MN,Freeborn,Medicare FFS (Original Medicare),Medicare FFS,Medicare (Federal),FIPS 27047,,,4003,https://data.cms.gov/summary-statistics-on-beneficiary-enrollment/medicare-and-medicaid-reports/medicare-monthly-enrollment,2026-06,[source: CMS Medicare Monthly Enrollment 2026-06; ORGNL_MDCR_BENES]
MN,Goodhue,Medicare FFS (Original Medicare),Medicare FFS,Medicare (Federal),FIPS 27049,,,4274,https://data.cms.gov/summary-statistics-on-beneficiary-enrollment/medicare-and-medicaid-reports/medicare-monthly-enrollment,2026-06,[source: CMS Medicare Monthly Enrollment 2026-06; ORGNL_MDCR_BENES]
MN,Grant,Medicare FFS (Original Medicare),Medicare FFS,Medicare (Federal),FIPS 27051,,,852,https://data.cms.gov/summary-statistics-on-beneficiary-enrollment/medicare-and-medicaid-reports/medicare-monthly-enrollment,2026-06,[source: CMS Medicare Monthly Enrollment 2026-06; ORGNL_MDCR_BENES]
MN,Hennepin,Medicare FFS (Original Medicare),Medicare FFS,Medicare (Federal),FIPS 27053,,,97843,https://data.cms.gov/summary-statistics-on-beneficiary-enrollment/medicare-and-medicaid-reports/medicare-monthly-enrollment,2026-06,[source: CMS Medicare Monthly Enrollment 2026-06; ORGNL_MDCR_BENES]
MN,Houston,Medicare FFS (Original Medicare),Medicare FFS,Medicare (Federal),FIPS 27055,,,2505,https://data.cms.gov/summary-statistics-on-beneficiary-enrollment/medicare-and-medicaid-reports/medicare-monthly-enrollment,2026-06,[source: CMS Medicare Monthly Enrollment 2026-06; ORGNL_MDCR_BENES]
MN,Hubbard,Medicare FFS (Original Medicare),Medicare FFS,Medicare (Federal),FIPS 27057,,,3527,https://data.cms.gov/summary-statistics-on-beneficiary-enrollment/medicare-and-medicaid-reports/medicare-monthly-enrollment,2026-06,[source: CMS Medicare Monthly Enrollment 2026-06; ORGNL_MDCR_BENES]
MN,Isanti,Medicare FFS (Original Medicare),Medicare FFS,Medicare (Federal),FIPS 27059,,,3373,https://data.cms.gov/summary-statistics-on-beneficiary-enrollment/medicare-and-medicaid-reports/medicare-monthly-enrollment,2026-06,[source: CMS Medicare Monthly Enrollment 2026-06; ORGNL_MDCR_BENES]
MN,Itasca,Medicare FFS (Original Medicare),Medicare FFS,Medicare (Federal),FIPS 27061,,,5101,https://data.cms.gov/summary-statistics-on-beneficiary-enrollment/medicare-and-medicaid-reports/medicare-monthly-enrollment,2026-06,[source: CMS Medicare Monthly Enrollment 2026-06; ORGNL_MDCR_BENES]
MN,Jackson,Medicare FFS (Original Medicare),Medicare FFS,Medicare (Federal),FIPS 27063,,,1526,https://data.cms.gov/summary-statistics-on-beneficiary-enrollment/medicare-and-medicaid-reports/medicare-monthly-enrollment,2026-06,[source: CMS Medicare Monthly Enrollment 2026-06; ORGNL_MDCR_BENES]
MN,Kanabec,Medicare FFS (Original Medicare),Medicare FFS,Medicare (Federal),FIPS 27065,,,1509,https://data.cms.gov/summary-statistics-on-beneficiary-enrollment/medicare-and-medicaid-reports/medicare-monthly-enrollment,2026-06,[source: CMS Medicare Monthly Enrollment 2026-06; ORGNL_MDCR_BENES]
MN,Kandiyohi,Medicare FFS (Original Medicare),Medicare FFS,Medicare (Federal),FIPS 27067,,,4729,https://data.cms.gov/summary-statistics-on-beneficiary-enrollment/medicare-and-medicaid-reports/medicare-monthly-enrollment,2026-06,[source: CMS Medicare Monthly Enrollment 2026-06; ORGNL_MDCR_BENES]
MN,Kittson,Medicare FFS (Original Medicare),Medicare FFS,Medicare (Federal),FIPS 27069,,,745,https://data.cms.gov/summary-statistics-on-beneficiary-enrollment/medicare-and-medicaid-reports/medicare-monthly-enrollment,2026-06,[source: CMS Medicare Monthly Enrollment 2026-06; ORGNL_MDCR_BENES]
MN,Koochiching,Medicare FFS (Original Medicare),Medicare FFS,Medicare (Federal),FIPS 27071,,,1408,https://data.cms.gov/summary-statistics-on-beneficiary-enrollment/medicare-and-medicaid-reports/medicare-monthly-enrollment,2026-06,[source: CMS Medicare Monthly Enrollment 2026-06; ORGNL_MDCR_BENES]
MN,Lac qui Parle,Medicare FFS (Original Medicare),Medicare FFS,Medicare (Federal),FIPS 27073,,,1003,https://data.cms.gov/summary-statistics-on-beneficiary-enrollment/medicare-and-medicaid-reports/medicare-monthly-enrollment,2026-06,[source: CMS Medicare Monthly Enrollment 2026-06; ORGNL_MDCR_BENES]
MN,Lake,Medicare FFS (Original Medicare),Medicare FFS,Medicare (Federal),FIPS 27075,,,1185,https://data.cms.gov/summary-statistics-on-beneficiary-enrollment/medicare-and-medicaid-reports/medicare-monthly-enrollment,2026-06,[source: CMS Medicare Monthly Enrollment 2026-06; ORGNL_MDCR_BENES]
MN,Lake of the Woods,Medicare FFS (Original Medicare),Medicare FFS,Medicare (Federal),FIPS 27077,,,551,https://data.cms.gov/summary-statistics-on-beneficiary-enrollment/medicare-and-medicaid-reports/medicare-monthly-enrollment,2026-06,[source: CMS Medicare Monthly Enrollment 2026-06; ORGNL_MDCR_BENES]
MN,Le Sueur,Medicare FFS (Original Medicare),Medicare FFS,Medicare (Federal),FIPS 27079,,,2018,https://data.cms.gov/summary-statistics-on-beneficiary-enrollment/medicare-and-medicaid-reports/medicare-monthly-enrollment,2026-06,[source: CMS Medicare Monthly Enrollment 2026-06; ORGNL_MDCR_BENES]
MN,Lincoln,Medicare FFS (Original Medicare),Medicare FFS,Medicare (Federal),FIPS 27081,,,1021,https://data.cms.gov/summary-statistics-on-beneficiary-enrollment/medicare-and-medicaid-reports/medicare-monthly-enrollment,2026-06,[source: CMS Medicare Monthly Enrollment 2026-06; ORGNL_MDCR_BENES]
MN,Lyon,Medicare FFS (Original Medicare),Medicare FFS,Medicare (Federal),FIPS 27083,,,3484,https://data.cms.gov/summary-statistics-on-beneficiary-enrollment/medicare-and-medicaid-reports/medicare-monthly-enrollment,2026-06,[source: CMS Medicare Monthly Enrollment 2026-06; ORGNL_MDCR_BENES]
MN,Mahnomen,Medicare FFS (Original Medicare),Medicare FFS,Medicare (Federal),FIPS 27087,,,718,https://data.cms.gov/summary-statistics-on-beneficiary-enrollment/medicare-and-medicaid-reports/medicare-monthly-enrollment,2026-06,[source: CMS Medicare Monthly Enrollment 2026-06; ORGNL_MDCR_BENES]
MN,Marshall,Medicare FFS (Original Medicare),Medicare FFS,Medicare (Federal),FIPS 27089,,,1106,https://data.cms.gov/summary-statistics-on-beneficiary-enrollment/medicare-and-medicaid-reports/medicare-monthly-enrollment,2026-06,[source: CMS Medicare Monthly Enrollment 2026-06; ORGNL_MDCR_BENES]
MN,Martin,Medicare FFS (Original Medicare),Medicare FFS,Medicare (Federal),FIPS 27091,,,3460,https://data.cms.gov/summary-statistics-on-beneficiary-enrollment/medicare-and-medicaid-reports/medicare-monthly-enrollment,2026-06,[source: CMS Medicare Monthly Enrollment 2026-06; ORGNL_MDCR_BENES]
MN,McLeod,Medicare FFS (Original Medicare),Medicare FFS,Medicare (Federal),FIPS 27085,,,2578,https://data.cms.gov/summary-statistics-on-beneficiary-enrollment/medicare-and-medicaid-reports/medicare-monthly-enrollment,2026-06,[source: CMS Medicare Monthly Enrollment 2026-06; ORGNL_MDCR_BENES]
MN,Meeker,Medicare FFS (Original Medicare),Medicare FFS,Medicare (Federal),FIPS 27093,,,1684,https://data.cms.gov/summary-statistics-on-beneficiary-enrollment/medicare-and-medicaid-reports/medicare-monthly-enrollment,2026-06,[source: CMS Medicare Monthly Enrollment 2026-06; ORGNL_MDCR_BENES]
MN,Mille Lacs,Medicare FFS (Original Medicare),Medicare FFS,Medicare (Federal),FIPS 27095,,,2586,https://data.cms.gov/summary-statistics-on-beneficiary-enrollment/medicare-and-medicaid-reports/medicare-monthly-enrollment,2026-06,[source: CMS Medicare Monthly Enrollment 2026-06; ORGNL_MDCR_BENES]
MN,Morrison,Medicare FFS (Original Medicare),Medicare FFS,Medicare (Federal),FIPS 27097,,,3640,https://data.cms.gov/summary-statistics-on-beneficiary-enrollment/medicare-and-medicaid-reports/medicare-monthly-enrollment,2026-06,[source: CMS Medicare Monthly Enrollment 2026-06; ORGNL_MDCR_BENES]
MN,Mower,Medicare FFS (Original Medicare),Medicare FFS,Medicare (Federal),FIPS 27099,,,4627,https://data.cms.gov/summary-statistics-on-beneficiary-enrollment/medicare-and-medicaid-reports/medicare-monthly-enrollment,2026-06,[source: CMS Medicare Monthly Enrollment 2026-06; ORGNL_MDCR_BENES]
MN,Murray,Medicare FFS (Original Medicare),Medicare FFS,Medicare (Federal),FIPS 27101,,,1595,https://data.cms.gov/summary-statistics-on-beneficiary-enrollment/medicare-and-medicaid-reports/medicare-monthly-enrollment,2026-06,[source: CMS Medicare Monthly Enrollment 2026-06; ORGNL_MDCR_BENES]
MN,Nicollet,Medicare FFS (Original Medicare),Medicare FFS,Medicare (Federal),FIPS 27103,,,3943,https://data.cms.gov/summary-statistics-on-beneficiary-enrollment/medicare-and-medicaid-reports/medicare-monthly-enrollment,2026-06,[source: CMS Medicare Monthly Enrollment 2026-06; ORGNL_MDCR_BENES]
MN,Nobles,Medicare FFS (Original Medicare),Medicare FFS,Medicare (Federal),FIPS 27105,,,2620,https://data.cms.gov/summary-statistics-on-beneficiary-enrollment/medicare-and-medicaid-reports/medicare-monthly-enrollment,2026-06,[source: CMS Medicare Monthly Enrollment 2026-06; ORGNL_MDCR_BENES]
MN,Norman,Medicare FFS (Original Medicare),Medicare FFS,Medicare (Federal),FIPS 27107,,,988,https://data.cms.gov/summary-statistics-on-beneficiary-enrollment/medicare-and-medicaid-reports/medicare-monthly-enrollment,2026-06,[source: CMS Medicare Monthly Enrollment 2026-06; ORGNL_MDCR_BENES]
MN,Olmsted,Medicare FFS (Original Medicare),Medicare FFS,Medicare (Federal),FIPS 27109,,,20972,https://data.cms.gov/summary-statistics-on-beneficiary-enrollment/medicare-and-medicaid-reports/medicare-monthly-enrollment,2026-06,[source: CMS Medicare Monthly Enrollment 2026-06; ORGNL_MDCR_BENES]
MN,Otter Tail,Medicare FFS (Original Medicare),Medicare FFS,Medicare (Federal),FIPS 27111,,,8267,https://data.cms.gov/summary-statistics-on-beneficiary-enrollment/medicare-and-medicaid-reports/medicare-monthly-enrollment,2026-06,[source: CMS Medicare Monthly Enrollment 2026-06; ORGNL_MDCR_BENES]
MN,Pennington,Medicare FFS (Original Medicare),Medicare FFS,Medicare (Federal),FIPS 27113,,,1511,https://data.cms.gov/summary-statistics-on-beneficiary-enrollment/medicare-and-medicaid-reports/medicare-monthly-enrollment,2026-06,[source: CMS Medicare Monthly Enrollment 2026-06; ORGNL_MDCR_BENES]
MN,Pine,Medicare FFS (Original Medicare),Medicare FFS,Medicare (Federal),FIPS 27115,,,3240,https://data.cms.gov/summary-statistics-on-beneficiary-enrollment/medicare-and-medicaid-reports/medicare-monthly-enrollment,2026-06,[source: CMS Medicare Monthly Enrollment 2026-06; ORGNL_MDCR_BENES]
MN,Pipestone,Medicare FFS (Original Medicare),Medicare FFS,Medicare (Federal),FIPS 27117,,,1043,https://data.cms.gov/summary-statistics-on-beneficiary-enrollment/medicare-and-medicaid-reports/medicare-monthly-enrollment,2026-06,[source: CMS Medicare Monthly Enrollment 2026-06; ORGNL_MDCR_BENES]
MN,Polk,Medicare FFS (Original Medicare),Medicare FFS,Medicare (Federal),FIPS 27119,,,4296,https://data.cms.gov/summary-statistics-on-beneficiary-enrollment/medicare-and-medicaid-reports/medicare-monthly-enrollment,2026-06,[source: CMS Medicare Monthly Enrollment 2026-06; ORGNL_MDCR_BENES]
MN,Pope,Medicare FFS (Original Medicare),Medicare FFS,Medicare (Federal),FIPS 27121,,,1869,https://data.cms.gov/summary-statistics-on-beneficiary-enrollment/medicare-and-medicaid-reports/medicare-monthly-enrollment,2026-06,[source: CMS Medicare Monthly Enrollment 2026-06; ORGNL_MDCR_BENES]
MN,Ramsey,Medicare FFS (Original Medicare),Medicare FFS,Medicare (Federal),FIPS 27123,,,40435,https://data.cms.gov/summary-statistics-on-beneficiary-enrollment/medicare-and-medicaid-reports/medicare-monthly-enrollment,2026-06,[source: CMS Medicare Monthly Enrollment 2026-06; ORGNL_MDCR_BENES]
MN,Red Lake,Medicare FFS (Original Medicare),Medicare FFS,Medicare (Federal),FIPS 27125,,,417,https://data.cms.gov/summary-statistics-on-beneficiary-enrollment/medicare-and-medicaid-reports/medicare-monthly-enrollment,2026-06,[source: CMS Medicare Monthly Enrollment 2026-06; ORGNL_MDCR_BENES]
MN,Redwood,Medicare FFS (Original Medicare),Medicare FFS,Medicare (Federal),FIPS 27127,,,2016,https://data.cms.gov/summary-statistics-on-beneficiary-enrollment/medicare-and-medicaid-reports/medicare-monthly-enrollment,2026-06,[source: CMS Medicare Monthly Enrollment 2026-06; ORGNL_MDCR_BENES]
MN,Renville,Medicare FFS (Original Medicare),Medicare FFS,Medicare (Federal),FIPS 27129,,,1928,https://data.cms.gov/summary-statistics-on-beneficiary-enrollment/medicare-and-medicaid-reports/medicare-monthly-enrollment,2026-06,[source: CMS Medicare Monthly Enrollment 2026-06; ORGNL_MDCR_BENES]
MN,Rice,Medicare FFS (Original Medicare),Medicare FFS,Medicare (Federal),FIPS 27131,,,4800,https://data.cms.gov/summary-statistics-on-beneficiary-enrollment/medicare-and-medicaid-reports/medicare-monthly-enrollment,2026-06,[source: CMS Medicare Monthly Enrollment 2026-06; ORGNL_MDCR_BENES]
MN,Rock,Medicare FFS (Original Medicare),Medicare FFS,Medicare (Federal),FIPS 27133,,,936,https://data.cms.gov/summary-statistics-on-beneficiary-enrollment/medicare-and-medicaid-reports/medicare-monthly-enrollment,2026-06,[source: CMS Medicare Monthly Enrollment 2026-06; ORGNL_MDCR_BENES]
MN,Roseau,Medicare FFS (Original Medicare),Medicare FFS,Medicare (Federal),FIPS 27135,,,1815,https://data.cms.gov/summary-statistics-on-beneficiary-enrollment/medicare-and-medicaid-reports/medicare-monthly-enrollment,2026-06,[source: CMS Medicare Monthly Enrollment 2026-06; ORGNL_MDCR_BENES]
MN,Scott,Medicare FFS (Original Medicare),Medicare FFS,Medicare (Federal),FIPS 27139,,,10030,https://data.cms.gov/summary-statistics-on-beneficiary-enrollment/medicare-and-medicaid-reports/medicare-monthly-enrollment,2026-06,[source: CMS Medicare Monthly Enrollment 2026-06; ORGNL_MDCR_BENES]
MN,Sherburne,Medicare FFS (Original Medicare),Medicare FFS,Medicare (Federal),FIPS 27141,,,7141,https://data.cms.gov/summary-statistics-on-beneficiary-enrollment/medicare-and-medicaid-reports/medicare-monthly-enrollment,2026-06,[source: CMS Medicare Monthly Enrollment 2026-06; ORGNL_MDCR_BENES]
MN,Sibley,Medicare FFS (Original Medicare),Medicare FFS,Medicare (Federal),FIPS 27143,,,1060,https://data.cms.gov/summary-statistics-on-beneficiary-enrollment/medicare-and-medicaid-reports/medicare-monthly-enrollment,2026-06,[source: CMS Medicare Monthly Enrollment 2026-06; ORGNL_MDCR_BENES]
MN,St. Louis,Medicare FFS (Original Medicare),Medicare FFS,Medicare (Federal),FIPS 27137,,,18175,https://data.cms.gov/summary-statistics-on-beneficiary-enrollment/medicare-and-medicaid-reports/medicare-monthly-enrollment,2026-06,[source: CMS Medicare Monthly Enrollment 2026-06; ORGNL_MDCR_BENES]
MN,Stearns,Medicare FFS (Original Medicare),Medicare FFS,Medicare (Federal),FIPS 27145,,,14564,https://data.cms.gov/summary-statistics-on-beneficiary-enrollment/medicare-and-medicaid-reports/medicare-monthly-enrollment,2026-06,[source: CMS Medicare Monthly Enrollment 2026-06; ORGNL_MDCR_BENES]
MN,Steele,Medicare FFS (Original Medicare),Medicare FFS,Medicare (Federal),FIPS 27147,,,4396,https://data.cms.gov/summary-statistics-on-beneficiary-enrollment/medicare-and-medicaid-reports/medicare-monthly-enrollment,2026-06,[source: CMS Medicare Monthly Enrollment 2026-06; ORGNL_MDCR_BENES]
MN,Stevens,Medicare FFS (Original Medicare),Medicare FFS,Medicare (Federal),FIPS 27149,,,1062,https://data.cms.gov/summary-statistics-on-beneficiary-enrollment/medicare-and-medicaid-reports/medicare-monthly-enrollment,2026-06,[source: CMS Medicare Monthly Enrollment 2026-06; ORGNL_MDCR_BENES]
MN,Swift,Medicare FFS (Original Medicare),Medicare FFS,Medicare (Federal),FIPS 27151,,,1360,https://data.cms.gov/summary-statistics-on-beneficiary-enrollment/medicare-and-medicaid-reports/medicare-monthly-enrollment,2026-06,[source: CMS Medicare Monthly Enrollment 2026-06; ORGNL_MDCR_BENES]
MN,Todd,Medicare FFS (Original Medicare),Medicare FFS,Medicare (Federal),FIPS 27153,,,2352,https://data.cms.gov/summary-statistics-on-beneficiary-enrollment/medicare-and-medicaid-reports/medicare-monthly-enrollment,2026-06,[source: CMS Medicare Monthly Enrollment 2026-06; ORGNL_MDCR_BENES]
MN,Traverse,Medicare FFS (Original Medicare),Medicare FFS,Medicare (Federal),FIPS 27155,,,443,https://data.cms.gov/summary-statistics-on-beneficiary-enrollment/medicare-and-medicaid-reports/medicare-monthly-enrollment,2026-06,[source: CMS Medicare Monthly Enrollment 2026-06; ORGNL_MDCR_BENES]
MN,Wabasha,Medicare FFS (Original Medicare),Medicare FFS,Medicare (Federal),FIPS 27157,,,3429,https://data.cms.gov/summary-statistics-on-beneficiary-enrollment/medicare-and-medicaid-reports/medicare-monthly-enrollment,2026-06,[source: CMS Medicare Monthly Enrollment 2026-06; ORGNL_MDCR_BENES]
MN,Wadena,Medicare FFS (Original Medicare),Medicare FFS,Medicare (Federal),FIPS 27159,,,1958,https://data.cms.gov/summary-statistics-on-beneficiary-enrollment/medicare-and-medicaid-reports/medicare-monthly-enrollment,2026-06,[source: CMS Medicare Monthly Enrollment 2026-06; ORGNL_MDCR_BENES]
MN,Waseca,Medicare FFS (Original Medicare),Medicare FFS,Medicare (Federal),FIPS 27161,,,2134,https://data.cms.gov/summary-statistics-on-beneficiary-enrollment/medicare-and-medicaid-reports/medicare-monthly-enrollment,2026-06,[source: CMS Medicare Monthly Enrollment 2026-06; ORGNL_MDCR_BENES]
MN,Washington,Medicare FFS (Original Medicare),Medicare FFS,Medicare (Federal),FIPS 27163,,,22533,https://data.cms.gov/summary-statistics-on-beneficiary-enrollment/medicare-and-medicaid-reports/medicare-monthly-enrollment,2026-06,[source: CMS Medicare Monthly Enrollment 2026-06; ORGNL_MDCR_BENES]
MN,Watonwan,Medicare FFS (Original Medicare),Medicare FFS,Medicare (Federal),FIPS 27165,,,1593,https://data.cms.gov/summary-statistics-on-beneficiary-enrollment/medicare-and-medicaid-reports/medicare-monthly-enrollment,2026-06,[source: CMS Medicare Monthly Enrollment 2026-06; ORGNL_MDCR_BENES]
MN,Wilkin,Medicare FFS (Original Medicare),Medicare FFS,Medicare (Federal),FIPS 27167,,,787,https://data.cms.gov/summary-statistics-on-beneficiary-enrollment/medicare-and-medicaid-reports/medicare-monthly-enrollment,2026-06,[source: CMS Medicare Monthly Enrollment 2026-06; ORGNL_MDCR_BENES]
MN,Winona,Medicare FFS (Original Medicare),Medicare FFS,Medicare (Federal),FIPS 27169,,,6289,https://data.cms.gov/summary-statistics-on-beneficiary-enrollment/medicare-and-medicaid-reports/medicare-monthly-enrollment,2026-06,[source: CMS Medicare Monthly Enrollment 2026-06; ORGNL_MDCR_BENES]
MN,Wright,Medicare FFS (Original Medicare),Medicare FFS,Medicare (Federal),FIPS 27171,,,9793,https://data.cms.gov/summary-statistics-on-beneficiary-enrollment/medicare-and-medicaid-reports/medicare-monthly-enrollment,2026-06,[source: CMS Medicare Monthly Enrollment 2026-06; ORGNL_MDCR_BENES]
MN,Yellow Medicine,Medicare FFS (Original Medicare),Medicare FFS,Medicare (Federal),FIPS 27173,,,1146,https://data.cms.gov/summary-statistics-on-beneficiary-enrollment/medicare-and-medicaid-reports/medicare-monthly-enrollment,2026-06,[source: CMS Medicare Monthly Enrollment 2026-06; ORGNL_MDCR_BENES]
MO,Adair,Medicare FFS (Original Medicare),Medicare FFS,Medicare (Federal),FIPS 29001,,,3655,https://data.cms.gov/summary-statistics-on-beneficiary-enrollment/medicare-and-medicaid-reports/medicare-monthly-enrollment,2026-06,[source: CMS Medicare Monthly Enrollment 2026-06; ORGNL_MDCR_BENES]
MO,Andrew,Medicare FFS (Original Medicare),Medicare FFS,Medicare (Federal),FIPS 29003,,,2828,https://data.cms.gov/summary-statistics-on-beneficiary-enrollment/medicare-and-medicaid-reports/medicare-monthly-enrollment,2026-06,[source: CMS Medicare Monthly Enrollment 2026-06; ORGNL_MDCR_BENES]
MO,Atchison,Medicare FFS (Original Medicare),Medicare FFS,Medicare (Federal),FIPS 29005,,,1152,https://data.cms.gov/summary-statistics-on-beneficiary-enrollment/medicare-and-medicaid-reports/medicare-monthly-enrollment,2026-06,[source: CMS Medicare Monthly Enrollment 2026-06; ORGNL_MDCR_BENES]
MO,Audrain,Medicare FFS (Original Medicare),Medicare FFS,Medicare (Federal),FIPS 29007,,,3420,https://data.cms.gov/summary-statistics-on-beneficiary-enrollment/medicare-and-medicaid-reports/medicare-monthly-enrollment,2026-06,[source: CMS Medicare Monthly Enrollment 2026-06; ORGNL_MDCR_BENES]
MO,Barry,Medicare FFS (Original Medicare),Medicare FFS,Medicare (Federal),FIPS 29009,,,3640,https://data.cms.gov/summary-statistics-on-beneficiary-enrollment/medicare-and-medicaid-reports/medicare-monthly-enrollment,2026-06,[source: CMS Medicare Monthly Enrollment 2026-06; ORGNL_MDCR_BENES]
MO,Barton,Medicare FFS (Original Medicare),Medicare FFS,Medicare (Federal),FIPS 29011,,,1564,https://data.cms.gov/summary-statistics-on-beneficiary-enrollment/medicare-and-medicaid-reports/medicare-monthly-enrollment,2026-06,[source: CMS Medicare Monthly Enrollment 2026-06; ORGNL_MDCR_BENES]
MO,Bates,Medicare FFS (Original Medicare),Medicare FFS,Medicare (Federal),FIPS 29013,,,1970,https://data.cms.gov/summary-statistics-on-beneficiary-enrollment/medicare-and-medicaid-reports/medicare-monthly-enrollment,2026-06,[source: CMS Medicare Monthly Enrollment 2026-06; ORGNL_MDCR_BENES]
MO,Benton,Medicare FFS (Original Medicare),Medicare FFS,Medicare (Federal),FIPS 29015,,,3663,https://data.cms.gov/summary-statistics-on-beneficiary-enrollment/medicare-and-medicaid-reports/medicare-monthly-enrollment,2026-06,[source: CMS Medicare Monthly Enrollment 2026-06; ORGNL_MDCR_BENES]
MO,Bollinger,Medicare FFS (Original Medicare),Medicare FFS,Medicare (Federal),FIPS 29017,,,1577,https://data.cms.gov/summary-statistics-on-beneficiary-enrollment/medicare-and-medicaid-reports/medicare-monthly-enrollment,2026-06,[source: CMS Medicare Monthly Enrollment 2026-06; ORGNL_MDCR_BENES]
MO,Boone,Medicare FFS (Original Medicare),Medicare FFS,Medicare (Federal),FIPS 29019,,,16704,https://data.cms.gov/summary-statistics-on-beneficiary-enrollment/medicare-and-medicaid-reports/medicare-monthly-enrollment,2026-06,[source: CMS Medicare Monthly Enrollment 2026-06; ORGNL_MDCR_BENES]
MO,Buchanan,Medicare FFS (Original Medicare),Medicare FFS,Medicare (Federal),FIPS 29021,,,11979,https://data.cms.gov/summary-statistics-on-beneficiary-enrollment/medicare-and-medicaid-reports/medicare-monthly-enrollment,2026-06,[source: CMS Medicare Monthly Enrollment 2026-06; ORGNL_MDCR_BENES]
MO,Butler,Medicare FFS (Original Medicare),Medicare FFS,Medicare (Federal),FIPS 29023,,,6747,https://data.cms.gov/summary-statistics-on-beneficiary-enrollment/medicare-and-medicaid-reports/medicare-monthly-enrollment,2026-06,[source: CMS Medicare Monthly Enrollment 2026-06; ORGNL_MDCR_BENES]
MO,Caldwell,Medicare FFS (Original Medicare),Medicare FFS,Medicare (Federal),FIPS 29025,,,1323,https://data.cms.gov/summary-statistics-on-beneficiary-enrollment/medicare-and-medicaid-reports/medicare-monthly-enrollment,2026-06,[source: CMS Medicare Monthly Enrollment 2026-06; ORGNL_MDCR_BENES]
MO,Callaway,Medicare FFS (Original Medicare),Medicare FFS,Medicare (Federal),FIPS 29027,,,4689,https://data.cms.gov/summary-statistics-on-beneficiary-enrollment/medicare-and-medicaid-reports/medicare-monthly-enrollment,2026-06,[source: CMS Medicare Monthly Enrollment 2026-06; ORGNL_MDCR_BENES]
MO,Camden,Medicare FFS (Original Medicare),Medicare FFS,Medicare (Federal),FIPS 29029,,,7388,https://data.cms.gov/summary-statistics-on-beneficiary-enrollment/medicare-and-medicaid-reports/medicare-monthly-enrollment,2026-06,[source: CMS Medicare Monthly Enrollment 2026-06; ORGNL_MDCR_BENES]
MO,Cape Girardeau,Medicare FFS (Original Medicare),Medicare FFS,Medicare (Federal),FIPS 29031,,,11894,https://data.cms.gov/summary-statistics-on-beneficiary-enrollment/medicare-and-medicaid-reports/medicare-monthly-enrollment,2026-06,[source: CMS Medicare Monthly Enrollment 2026-06; ORGNL_MDCR_BENES]
MO,Carroll,Medicare FFS (Original Medicare),Medicare FFS,Medicare (Federal),FIPS 29033,,,1495,https://data.cms.gov/summary-statistics-on-beneficiary-enrollment/medicare-and-medicaid-reports/medicare-monthly-enrollment,2026-06,[source: CMS Medicare Monthly Enrollment 2026-06; ORGNL_MDCR_BENES]
MO,Carter,Medicare FFS (Original Medicare),Medicare FFS,Medicare (Federal),FIPS 29035,,,920,https://data.cms.gov/summary-statistics-on-beneficiary-enrollment/medicare-and-medicaid-reports/medicare-monthly-enrollment,2026-06,[source: CMS Medicare Monthly Enrollment 2026-06; ORGNL_MDCR_BENES]
MO,Cass,Medicare FFS (Original Medicare),Medicare FFS,Medicare (Federal),FIPS 29037,,,11217,https://data.cms.gov/summary-statistics-on-beneficiary-enrollment/medicare-and-medicaid-reports/medicare-monthly-enrollment,2026-06,[source: CMS Medicare Monthly Enrollment 2026-06; ORGNL_MDCR_BENES]
MO,Cedar,Medicare FFS (Original Medicare),Medicare FFS,Medicare (Federal),FIPS 29039,,,1694,https://data.cms.gov/summary-statistics-on-beneficiary-enrollment/medicare-and-medicaid-reports/medicare-monthly-enrollment,2026-06,[source: CMS Medicare Monthly Enrollment 2026-06; ORGNL_MDCR_BENES]
MO,Chariton,Medicare FFS (Original Medicare),Medicare FFS,Medicare (Federal),FIPS 29041,,,1490,https://data.cms.gov/summary-statistics-on-beneficiary-enrollment/medicare-and-medicaid-reports/medicare-monthly-enrollment,2026-06,[source: CMS Medicare Monthly Enrollment 2026-06; ORGNL_MDCR_BENES]
MO,Christian,Medicare FFS (Original Medicare),Medicare FFS,Medicare (Federal),FIPS 29043,,,7978,https://data.cms.gov/summary-statistics-on-beneficiary-enrollment/medicare-and-medicaid-reports/medicare-monthly-enrollment,2026-06,[source: CMS Medicare Monthly Enrollment 2026-06; ORGNL_MDCR_BENES]
MO,Clark,Medicare FFS (Original Medicare),Medicare FFS,Medicare (Federal),FIPS 29045,,,1195,https://data.cms.gov/summary-statistics-on-beneficiary-enrollment/medicare-and-medicaid-reports/medicare-monthly-enrollment,2026-06,[source: CMS Medicare Monthly Enrollment 2026-06; ORGNL_MDCR_BENES]
MO,Clay,Medicare FFS (Original Medicare),Medicare FFS,Medicare (Federal),FIPS 29047,,,25321,https://data.cms.gov/summary-statistics-on-beneficiary-enrollment/medicare-and-medicaid-reports/medicare-monthly-enrollment,2026-06,[source: CMS Medicare Monthly Enrollment 2026-06; ORGNL_MDCR_BENES]
MO,Clinton,Medicare FFS (Original Medicare),Medicare FFS,Medicare (Federal),FIPS 29049,,,3061,https://data.cms.gov/summary-statistics-on-beneficiary-enrollment/medicare-and-medicaid-reports/medicare-monthly-enrollment,2026-06,[source: CMS Medicare Monthly Enrollment 2026-06; ORGNL_MDCR_BENES]
MO,Cole,Medicare FFS (Original Medicare),Medicare FFS,Medicare (Federal),FIPS 29051,,,7542,https://data.cms.gov/summary-statistics-on-beneficiary-enrollment/medicare-and-medicaid-reports/medicare-monthly-enrollment,2026-06,[source: CMS Medicare Monthly Enrollment 2026-06; ORGNL_MDCR_BENES]
MO,Cooper,Medicare FFS (Original Medicare),Medicare FFS,Medicare (Federal),FIPS 29053,,,2204,https://data.cms.gov/summary-statistics-on-beneficiary-enrollment/medicare-and-medicaid-reports/medicare-monthly-enrollment,2026-06,[source: CMS Medicare Monthly Enrollment 2026-06; ORGNL_MDCR_BENES]
MO,Crawford,Medicare FFS (Original Medicare),Medicare FFS,Medicare (Federal),FIPS 29055,,,2093,https://data.cms.gov/summary-statistics-on-beneficiary-enrollment/medicare-and-medicaid-reports/medicare-monthly-enrollment,2026-06,[source: CMS Medicare Monthly Enrollment 2026-06; ORGNL_MDCR_BENES]
MO,Dade,Medicare FFS (Original Medicare),Medicare FFS,Medicare (Federal),FIPS 29057,,,838,https://data.cms.gov/summary-statistics-on-beneficiary-enrollment/medicare-and-medicaid-reports/medicare-monthly-enrollment,2026-06,[source: CMS Medicare Monthly Enrollment 2026-06; ORGNL_MDCR_BENES]
MO,Dallas,Medicare FFS (Original Medicare),Medicare FFS,Medicare (Federal),FIPS 29059,,,1424,https://data.cms.gov/summary-statistics-on-beneficiary-enrollment/medicare-and-medicaid-reports/medicare-monthly-enrollment,2026-06,[source: CMS Medicare Monthly Enrollment 2026-06; ORGNL_MDCR_BENES]
MO,Daviess,Medicare FFS (Original Medicare),Medicare FFS,Medicare (Federal),FIPS 29061,,,1282,https://data.cms.gov/summary-statistics-on-beneficiary-enrollment/medicare-and-medicaid-reports/medicare-monthly-enrollment,2026-06,[source: CMS Medicare Monthly Enrollment 2026-06; ORGNL_MDCR_BENES]
MO,DeKalb,Medicare FFS (Original Medicare),Medicare FFS,Medicare (Federal),FIPS 29063,,,1430,https://data.cms.gov/summary-statistics-on-beneficiary-enrollment/medicare-and-medicaid-reports/medicare-monthly-enrollment,2026-06,[source: CMS Medicare Monthly Enrollment 2026-06; ORGNL_MDCR_BENES]
MO,Dent,Medicare FFS (Original Medicare),Medicare FFS,Medicare (Federal),FIPS 29065,,,2288,https://data.cms.gov/summary-statistics-on-beneficiary-enrollment/medicare-and-medicaid-reports/medicare-monthly-enrollment,2026-06,[source: CMS Medicare Monthly Enrollment 2026-06; ORGNL_MDCR_BENES]
MO,Douglas,Medicare FFS (Original Medicare),Medicare FFS,Medicare (Federal),FIPS 29067,,,791,https://data.cms.gov/summary-statistics-on-beneficiary-enrollment/medicare-and-medicaid-reports/medicare-monthly-enrollment,2026-06,[source: CMS Medicare Monthly Enrollment 2026-06; ORGNL_MDCR_BENES]
MO,Dunklin,Medicare FFS (Original Medicare),Medicare FFS,Medicare (Federal),FIPS 29069,,,3728,https://data.cms.gov/summary-statistics-on-beneficiary-enrollment/medicare-and-medicaid-reports/medicare-monthly-enrollment,2026-06,[source: CMS Medicare Monthly Enrollment 2026-06; ORGNL_MDCR_BENES]
MO,Franklin,Medicare FFS (Original Medicare),Medicare FFS,Medicare (Federal),FIPS 29071,,,7507,https://data.cms.gov/summary-statistics-on-beneficiary-enrollment/medicare-and-medicaid-reports/medicare-monthly-enrollment,2026-06,[source: CMS Medicare Monthly Enrollment 2026-06; ORGNL_MDCR_BENES]
MO,Gasconade,Medicare FFS (Original Medicare),Medicare FFS,Medicare (Federal),FIPS 29073,,,1827,https://data.cms.gov/summary-statistics-on-beneficiary-enrollment/medicare-and-medicaid-reports/medicare-monthly-enrollment,2026-06,[source: CMS Medicare Monthly Enrollment 2026-06; ORGNL_MDCR_BENES]
MO,Gentry,Medicare FFS (Original Medicare),Medicare FFS,Medicare (Federal),FIPS 29075,,,1183,https://data.cms.gov/summary-statistics-on-beneficiary-enrollment/medicare-and-medicaid-reports/medicare-monthly-enrollment,2026-06,[source: CMS Medicare Monthly Enrollment 2026-06; ORGNL_MDCR_BENES]
MO,Greene,Medicare FFS (Original Medicare),Medicare FFS,Medicare (Federal),FIPS 29077,,,24792,https://data.cms.gov/summary-statistics-on-beneficiary-enrollment/medicare-and-medicaid-reports/medicare-monthly-enrollment,2026-06,[source: CMS Medicare Monthly Enrollment 2026-06; ORGNL_MDCR_BENES]
MO,Grundy,Medicare FFS (Original Medicare),Medicare FFS,Medicare (Federal),FIPS 29079,,,1772,https://data.cms.gov/summary-statistics-on-beneficiary-enrollment/medicare-and-medicaid-reports/medicare-monthly-enrollment,2026-06,[source: CMS Medicare Monthly Enrollment 2026-06; ORGNL_MDCR_BENES]
MO,Harrison,Medicare FFS (Original Medicare),Medicare FFS,Medicare (Federal),FIPS 29081,,,1666,https://data.cms.gov/summary-statistics-on-beneficiary-enrollment/medicare-and-medicaid-reports/medicare-monthly-enrollment,2026-06,[source: CMS Medicare Monthly Enrollment 2026-06; ORGNL_MDCR_BENES]
MO,Henry,Medicare FFS (Original Medicare),Medicare FFS,Medicare (Federal),FIPS 29083,,,3182,https://data.cms.gov/summary-statistics-on-beneficiary-enrollment/medicare-and-medicaid-reports/medicare-monthly-enrollment,2026-06,[source: CMS Medicare Monthly Enrollment 2026-06; ORGNL_MDCR_BENES]
MO,Hickory,Medicare FFS (Original Medicare),Medicare FFS,Medicare (Federal),FIPS 29085,,,1027,https://data.cms.gov/summary-statistics-on-beneficiary-enrollment/medicare-and-medicaid-reports/medicare-monthly-enrollment,2026-06,[source: CMS Medicare Monthly Enrollment 2026-06; ORGNL_MDCR_BENES]
MO,Holt,Medicare FFS (Original Medicare),Medicare FFS,Medicare (Federal),FIPS 29087,,,893,https://data.cms.gov/summary-statistics-on-beneficiary-enrollment/medicare-and-medicaid-reports/medicare-monthly-enrollment,2026-06,[source: CMS Medicare Monthly Enrollment 2026-06; ORGNL_MDCR_BENES]
MO,Howard,Medicare FFS (Original Medicare),Medicare FFS,Medicare (Federal),FIPS 29089,,,1308,https://data.cms.gov/summary-statistics-on-beneficiary-enrollment/medicare-and-medicaid-reports/medicare-monthly-enrollment,2026-06,[source: CMS Medicare Monthly Enrollment 2026-06; ORGNL_MDCR_BENES]
MO,Howell,Medicare FFS (Original Medicare),Medicare FFS,Medicare (Federal),FIPS 29091,,,5323,https://data.cms.gov/summary-statistics-on-beneficiary-enrollment/medicare-and-medicaid-reports/medicare-monthly-enrollment,2026-06,[source: CMS Medicare Monthly Enrollment 2026-06; ORGNL_MDCR_BENES]
MO,Iron,Medicare FFS (Original Medicare),Medicare FFS,Medicare (Federal),FIPS 29093,,,1571,https://data.cms.gov/summary-statistics-on-beneficiary-enrollment/medicare-and-medicaid-reports/medicare-monthly-enrollment,2026-06,[source: CMS Medicare Monthly Enrollment 2026-06; ORGNL_MDCR_BENES]
MO,Jackson,Medicare FFS (Original Medicare),Medicare FFS,Medicare (Federal),FIPS 29095,,,59829,https://data.cms.gov/summary-statistics-on-beneficiary-enrollment/medicare-and-medicaid-reports/medicare-monthly-enrollment,2026-06,[source: CMS Medicare Monthly Enrollment 2026-06; ORGNL_MDCR_BENES]
MO,Jasper,Medicare FFS (Original Medicare),Medicare FFS,Medicare (Federal),FIPS 29097,,,13420,https://data.cms.gov/summary-statistics-on-beneficiary-enrollment/medicare-and-medicaid-reports/medicare-monthly-enrollment,2026-06,[source: CMS Medicare Monthly Enrollment 2026-06; ORGNL_MDCR_BENES]
MO,Jefferson,Medicare FFS (Original Medicare),Medicare FFS,Medicare (Federal),FIPS 29099,,,16322,https://data.cms.gov/summary-statistics-on-beneficiary-enrollment/medicare-and-medicaid-reports/medicare-monthly-enrollment,2026-06,[source: CMS Medicare Monthly Enrollment 2026-06; ORGNL_MDCR_BENES]
MO,Johnson,Medicare FFS (Original Medicare),Medicare FFS,Medicare (Federal),FIPS 29101,,,5333,https://data.cms.gov/summary-statistics-on-beneficiary-enrollment/medicare-and-medicaid-reports/medicare-monthly-enrollment,2026-06,[source: CMS Medicare Monthly Enrollment 2026-06; ORGNL_MDCR_BENES]
MO,Knox,Medicare FFS (Original Medicare),Medicare FFS,Medicare (Federal),FIPS 29103,,,753,https://data.cms.gov/summary-statistics-on-beneficiary-enrollment/medicare-and-medicaid-reports/medicare-monthly-enrollment,2026-06,[source: CMS Medicare Monthly Enrollment 2026-06; ORGNL_MDCR_BENES]
MO,Laclede,Medicare FFS (Original Medicare),Medicare FFS,Medicare (Federal),FIPS 29105,,,2812,https://data.cms.gov/summary-statistics-on-beneficiary-enrollment/medicare-and-medicaid-reports/medicare-monthly-enrollment,2026-06,[source: CMS Medicare Monthly Enrollment 2026-06; ORGNL_MDCR_BENES]
MO,Lafayette,Medicare FFS (Original Medicare),Medicare FFS,Medicare (Federal),FIPS 29107,,,3954,https://data.cms.gov/summary-statistics-on-beneficiary-enrollment/medicare-and-medicaid-reports/medicare-monthly-enrollment,2026-06,[source: CMS Medicare Monthly Enrollment 2026-06; ORGNL_MDCR_BENES]
MO,Lawrence,Medicare FFS (Original Medicare),Medicare FFS,Medicare (Federal),FIPS 29109,,,3102,https://data.cms.gov/summary-statistics-on-beneficiary-enrollment/medicare-and-medicaid-reports/medicare-monthly-enrollment,2026-06,[source: CMS Medicare Monthly Enrollment 2026-06; ORGNL_MDCR_BENES]
MO,Lewis,Medicare FFS (Original Medicare),Medicare FFS,Medicare (Federal),FIPS 29111,,,1634,https://data.cms.gov/summary-statistics-on-beneficiary-enrollment/medicare-and-medicaid-reports/medicare-monthly-enrollment,2026-06,[source: CMS Medicare Monthly Enrollment 2026-06; ORGNL_MDCR_BENES]
MO,Lincoln,Medicare FFS (Original Medicare),Medicare FFS,Medicare (Federal),FIPS 29113,,,4731,https://data.cms.gov/summary-statistics-on-beneficiary-enrollment/medicare-and-medicaid-reports/medicare-monthly-enrollment,2026-06,[source: CMS Medicare Monthly Enrollment 2026-06; ORGNL_MDCR_BENES]
MO,Linn,Medicare FFS (Original Medicare),Medicare FFS,Medicare (Federal),FIPS 29115,,,2279,https://data.cms.gov/summary-statistics-on-beneficiary-enrollment/medicare-and-medicaid-reports/medicare-monthly-enrollment,2026-06,[source: CMS Medicare Monthly Enrollment 2026-06; ORGNL_MDCR_BENES]
MO,Livingston,Medicare FFS (Original Medicare),Medicare FFS,Medicare (Federal),FIPS 29117,,,2463,https://data.cms.gov/summary-statistics-on-beneficiary-enrollment/medicare-and-medicaid-reports/medicare-monthly-enrollment,2026-06,[source: CMS Medicare Monthly Enrollment 2026-06; ORGNL_MDCR_BENES]
MO,Macon,Medicare FFS (Original Medicare),Medicare FFS,Medicare (Federal),FIPS 29121,,,2873,https://data.cms.gov/summary-statistics-on-beneficiary-enrollment/medicare-and-medicaid-reports/medicare-monthly-enrollment,2026-06,[source: CMS Medicare Monthly Enrollment 2026-06; ORGNL_MDCR_BENES]
MO,Madison,Medicare FFS (Original Medicare),Medicare FFS,Medicare (Federal),FIPS 29123,,,1628,https://data.cms.gov/summary-statistics-on-beneficiary-enrollment/medicare-and-medicaid-reports/medicare-monthly-enrollment,2026-06,[source: CMS Medicare Monthly Enrollment 2026-06; ORGNL_MDCR_BENES]
MO,Maries,Medicare FFS (Original Medicare),Medicare FFS,Medicare (Federal),FIPS 29125,,,987,https://data.cms.gov/summary-statistics-on-beneficiary-enrollment/medicare-and-medicaid-reports/medicare-monthly-enrollment,2026-06,[source: CMS Medicare Monthly Enrollment 2026-06; ORGNL_MDCR_BENES]
MO,Marion,Medicare FFS (Original Medicare),Medicare FFS,Medicare (Federal),FIPS 29127,,,4670,https://data.cms.gov/summary-statistics-on-beneficiary-enrollment/medicare-and-medicaid-reports/medicare-monthly-enrollment,2026-06,[source: CMS Medicare Monthly Enrollment 2026-06; ORGNL_MDCR_BENES]
MO,McDonald,Medicare FFS (Original Medicare),Medicare FFS,Medicare (Federal),FIPS 29119,,,1931,https://data.cms.gov/summary-statistics-on-beneficiary-enrollment/medicare-and-medicaid-reports/medicare-monthly-enrollment,2026-06,[source: CMS Medicare Monthly Enrollment 2026-06; ORGNL_MDCR_BENES]
MO,Mercer,Medicare FFS (Original Medicare),Medicare FFS,Medicare (Federal),FIPS 29129,,,557,https://data.cms.gov/summary-statistics-on-beneficiary-enrollment/medicare-and-medicaid-reports/medicare-monthly-enrollment,2026-06,[source: CMS Medicare Monthly Enrollment 2026-06; ORGNL_MDCR_BENES]
MO,Miller,Medicare FFS (Original Medicare),Medicare FFS,Medicare (Federal),FIPS 29131,,,2707,https://data.cms.gov/summary-statistics-on-beneficiary-enrollment/medicare-and-medicaid-reports/medicare-monthly-enrollment,2026-06,[source: CMS Medicare Monthly Enrollment 2026-06; ORGNL_MDCR_BENES]
MO,Mississippi,Medicare FFS (Original Medicare),Medicare FFS,Medicare (Federal),FIPS 29133,,,1619,https://data.cms.gov/summary-statistics-on-beneficiary-enrollment/medicare-and-medicaid-reports/medicare-monthly-enrollment,2026-06,[source: CMS Medicare Monthly Enrollment 2026-06; ORGNL_MDCR_BENES]
MO,Moniteau,Medicare FFS (Original Medicare),Medicare FFS,Medicare (Federal),FIPS 29135,,,1476,https://data.cms.gov/summary-statistics-on-beneficiary-enrollment/medicare-and-medicaid-reports/medicare-monthly-enrollment,2026-06,[source: CMS Medicare Monthly Enrollment 2026-06; ORGNL_MDCR_BENES]
MO,Monroe,Medicare FFS (Original Medicare),Medicare FFS,Medicare (Federal),FIPS 29137,,,1575,https://data.cms.gov/summary-statistics-on-beneficiary-enrollment/medicare-and-medicaid-reports/medicare-monthly-enrollment,2026-06,[source: CMS Medicare Monthly Enrollment 2026-06; ORGNL_MDCR_BENES]
MO,Montgomery,Medicare FFS (Original Medicare),Medicare FFS,Medicare (Federal),FIPS 29139,,,1585,https://data.cms.gov/summary-statistics-on-beneficiary-enrollment/medicare-and-medicaid-reports/medicare-monthly-enrollment,2026-06,[source: CMS Medicare Monthly Enrollment 2026-06; ORGNL_MDCR_BENES]
MO,Morgan,Medicare FFS (Original Medicare),Medicare FFS,Medicare (Federal),FIPS 29141,,,2965,https://data.cms.gov/summary-statistics-on-beneficiary-enrollment/medicare-and-medicaid-reports/medicare-monthly-enrollment,2026-06,[source: CMS Medicare Monthly Enrollment 2026-06; ORGNL_MDCR_BENES]
MO,New Madrid,Medicare FFS (Original Medicare),Medicare FFS,Medicare (Federal),FIPS 29143,,,2169,https://data.cms.gov/summary-statistics-on-beneficiary-enrollment/medicare-and-medicaid-reports/medicare-monthly-enrollment,2026-06,[source: CMS Medicare Monthly Enrollment 2026-06; ORGNL_MDCR_BENES]
MO,Newton,Medicare FFS (Original Medicare),Medicare FFS,Medicare (Federal),FIPS 29145,,,6691,https://data.cms.gov/summary-statistics-on-beneficiary-enrollment/medicare-and-medicaid-reports/medicare-monthly-enrollment,2026-06,[source: CMS Medicare Monthly Enrollment 2026-06; ORGNL_MDCR_BENES]
MO,Nodaway,Medicare FFS (Original Medicare),Medicare FFS,Medicare (Federal),FIPS 29147,,,3474,https://data.cms.gov/summary-statistics-on-beneficiary-enrollment/medicare-and-medicaid-reports/medicare-monthly-enrollment,2026-06,[source: CMS Medicare Monthly Enrollment 2026-06; ORGNL_MDCR_BENES]
MO,Oregon,Medicare FFS (Original Medicare),Medicare FFS,Medicare (Federal),FIPS 29149,,,1289,https://data.cms.gov/summary-statistics-on-beneficiary-enrollment/medicare-and-medicaid-reports/medicare-monthly-enrollment,2026-06,[source: CMS Medicare Monthly Enrollment 2026-06; ORGNL_MDCR_BENES]
MO,Osage,Medicare FFS (Original Medicare),Medicare FFS,Medicare (Federal),FIPS 29151,,,1429,https://data.cms.gov/summary-statistics-on-beneficiary-enrollment/medicare-and-medicaid-reports/medicare-monthly-enrollment,2026-06,[source: CMS Medicare Monthly Enrollment 2026-06; ORGNL_MDCR_BENES]
MO,Ozark,Medicare FFS (Original Medicare),Medicare FFS,Medicare (Federal),FIPS 29153,,,1339,https://data.cms.gov/summary-statistics-on-beneficiary-enrollment/medicare-and-medicaid-reports/medicare-monthly-enrollment,2026-06,[source: CMS Medicare Monthly Enrollment 2026-06; ORGNL_MDCR_BENES]
MO,Pemiscot,Medicare FFS (Original Medicare),Medicare FFS,Medicare (Federal),FIPS 29155,,,1683,https://data.cms.gov/summary-statistics-on-beneficiary-enrollment/medicare-and-medicaid-reports/medicare-monthly-enrollment,2026-06,[source: CMS Medicare Monthly Enrollment 2026-06; ORGNL_MDCR_BENES]
MO,Perry,Medicare FFS (Original Medicare),Medicare FFS,Medicare (Federal),FIPS 29157,,,3182,https://data.cms.gov/summary-statistics-on-beneficiary-enrollment/medicare-and-medicaid-reports/medicare-monthly-enrollment,2026-06,[source: CMS Medicare Monthly Enrollment 2026-06; ORGNL_MDCR_BENES]
MO,Pettis,Medicare FFS (Original Medicare),Medicare FFS,Medicare (Federal),FIPS 29159,,,4990,https://data.cms.gov/summary-statistics-on-beneficiary-enrollment/medicare-and-medicaid-reports/medicare-monthly-enrollment,2026-06,[source: CMS Medicare Monthly Enrollment 2026-06; ORGNL_MDCR_BENES]
MO,Phelps,Medicare FFS (Original Medicare),Medicare FFS,Medicare (Federal),FIPS 29161,,,4959,https://data.cms.gov/summary-statistics-on-beneficiary-enrollment/medicare-and-medicaid-reports/medicare-monthly-enrollment,2026-06,[source: CMS Medicare Monthly Enrollment 2026-06; ORGNL_MDCR_BENES]
MO,Pike,Medicare FFS (Original Medicare),Medicare FFS,Medicare (Federal),FIPS 29163,,,2488,https://data.cms.gov/summary-statistics-on-beneficiary-enrollment/medicare-and-medicaid-reports/medicare-monthly-enrollment,2026-06,[source: CMS Medicare Monthly Enrollment 2026-06; ORGNL_MDCR_BENES]
MO,Platte,Medicare FFS (Original Medicare),Medicare FFS,Medicare (Federal),FIPS 29165,,,11711,https://data.cms.gov/summary-statistics-on-beneficiary-enrollment/medicare-and-medicaid-reports/medicare-monthly-enrollment,2026-06,[source: CMS Medicare Monthly Enrollment 2026-06; ORGNL_MDCR_BENES]
MO,Polk,Medicare FFS (Original Medicare),Medicare FFS,Medicare (Federal),FIPS 29167,,,2790,https://data.cms.gov/summary-statistics-on-beneficiary-enrollment/medicare-and-medicaid-reports/medicare-monthly-enrollment,2026-06,[source: CMS Medicare Monthly Enrollment 2026-06; ORGNL_MDCR_BENES]
MO,Pulaski,Medicare FFS (Original Medicare),Medicare FFS,Medicare (Federal),FIPS 29169,,,4256,https://data.cms.gov/summary-statistics-on-beneficiary-enrollment/medicare-and-medicaid-reports/medicare-monthly-enrollment,2026-06,[source: CMS Medicare Monthly Enrollment 2026-06; ORGNL_MDCR_BENES]
MO,Putnam,Medicare FFS (Original Medicare),Medicare FFS,Medicare (Federal),FIPS 29171,,,922,https://data.cms.gov/summary-statistics-on-beneficiary-enrollment/medicare-and-medicaid-reports/medicare-monthly-enrollment,2026-06,[source: CMS Medicare Monthly Enrollment 2026-06; ORGNL_MDCR_BENES]
MO,Ralls,Medicare FFS (Original Medicare),Medicare FFS,Medicare (Federal),FIPS 29173,,,1812,https://data.cms.gov/summary-statistics-on-beneficiary-enrollment/medicare-and-medicaid-reports/medicare-monthly-enrollment,2026-06,[source: CMS Medicare Monthly Enrollment 2026-06; ORGNL_MDCR_BENES]
MO,Randolph,Medicare FFS (Original Medicare),Medicare FFS,Medicare (Federal),FIPS 29175,,,3336,https://data.cms.gov/summary-statistics-on-beneficiary-enrollment/medicare-and-medicaid-reports/medicare-monthly-enrollment,2026-06,[source: CMS Medicare Monthly Enrollment 2026-06; ORGNL_MDCR_BENES]
MO,Ray,Medicare FFS (Original Medicare),Medicare FFS,Medicare (Federal),FIPS 29177,,,2547,https://data.cms.gov/summary-statistics-on-beneficiary-enrollment/medicare-and-medicaid-reports/medicare-monthly-enrollment,2026-06,[source: CMS Medicare Monthly Enrollment 2026-06; ORGNL_MDCR_BENES]
MO,Reynolds,Medicare FFS (Original Medicare),Medicare FFS,Medicare (Federal),FIPS 29179,,,830,https://data.cms.gov/summary-statistics-on-beneficiary-enrollment/medicare-and-medicaid-reports/medicare-monthly-enrollment,2026-06,[source: CMS Medicare Monthly Enrollment 2026-06; ORGNL_MDCR_BENES]
MO,Ripley,Medicare FFS (Original Medicare),Medicare FFS,Medicare (Federal),FIPS 29181,,,2057,https://data.cms.gov/summary-statistics-on-beneficiary-enrollment/medicare-and-medicaid-reports/medicare-monthly-enrollment,2026-06,[source: CMS Medicare Monthly Enrollment 2026-06; ORGNL_MDCR_BENES]
MO,Saline,Medicare FFS (Original Medicare),Medicare FFS,Medicare (Federal),FIPS 29195,,,2821,https://data.cms.gov/summary-statistics-on-beneficiary-enrollment/medicare-and-medicaid-reports/medicare-monthly-enrollment,2026-06,[source: CMS Medicare Monthly Enrollment 2026-06; ORGNL_MDCR_BENES]
MO,Schuyler,Medicare FFS (Original Medicare),Medicare FFS,Medicare (Federal),FIPS 29197,,,733,https://data.cms.gov/summary-statistics-on-beneficiary-enrollment/medicare-and-medicaid-reports/medicare-monthly-enrollment,2026-06,[source: CMS Medicare Monthly Enrollment 2026-06; ORGNL_MDCR_BENES]
MO,Scotland,Medicare FFS (Original Medicare),Medicare FFS,Medicare (Federal),FIPS 29199,,,788,https://data.cms.gov/summary-statistics-on-beneficiary-enrollment/medicare-and-medicaid-reports/medicare-monthly-enrollment,2026-06,[source: CMS Medicare Monthly Enrollment 2026-06; ORGNL_MDCR_BENES]
MO,Scott,Medicare FFS (Original Medicare),Medicare FFS,Medicare (Federal),FIPS 29201,,,5641,https://data.cms.gov/summary-statistics-on-beneficiary-enrollment/medicare-and-medicaid-reports/medicare-monthly-enrollment,2026-06,[source: CMS Medicare Monthly Enrollment 2026-06; ORGNL_MDCR_BENES]
MO,Shannon,Medicare FFS (Original Medicare),Medicare FFS,Medicare (Federal),FIPS 29203,,,823,https://data.cms.gov/summary-statistics-on-beneficiary-enrollment/medicare-and-medicaid-reports/medicare-monthly-enrollment,2026-06,[source: CMS Medicare Monthly Enrollment 2026-06; ORGNL_MDCR_BENES]
MO,Shelby,Medicare FFS (Original Medicare),Medicare FFS,Medicare (Federal),FIPS 29205,,,1253,https://data.cms.gov/summary-statistics-on-beneficiary-enrollment/medicare-and-medicaid-reports/medicare-monthly-enrollment,2026-06,[source: CMS Medicare Monthly Enrollment 2026-06; ORGNL_MDCR_BENES]
MO,St. Charles,Medicare FFS (Original Medicare),Medicare FFS,Medicare (Federal),FIPS 29183,,,34356,https://data.cms.gov/summary-statistics-on-beneficiary-enrollment/medicare-and-medicaid-reports/medicare-monthly-enrollment,2026-06,[source: CMS Medicare Monthly Enrollment 2026-06; ORGNL_MDCR_BENES]
MO,St. Clair,Medicare FFS (Original Medicare),Medicare FFS,Medicare (Federal),FIPS 29185,,,1274,https://data.cms.gov/summary-statistics-on-beneficiary-enrollment/medicare-and-medicaid-reports/medicare-monthly-enrollment,2026-06,[source: CMS Medicare Monthly Enrollment 2026-06; ORGNL_MDCR_BENES]
MO,St. Francois,Medicare FFS (Original Medicare),Medicare FFS,Medicare (Federal),FIPS 29187,,,6959,https://data.cms.gov/summary-statistics-on-beneficiary-enrollment/medicare-and-medicaid-reports/medicare-monthly-enrollment,2026-06,[source: CMS Medicare Monthly Enrollment 2026-06; ORGNL_MDCR_BENES]
MO,St. Louis,Medicare FFS (Original Medicare),Medicare FFS,Medicare (Federal),FIPS 29189,,,97448,https://data.cms.gov/summary-statistics-on-beneficiary-enrollment/medicare-and-medicaid-reports/medicare-monthly-enrollment,2026-06,[source: CMS Medicare Monthly Enrollment 2026-06; ORGNL_MDCR_BENES]
MO,St. Louis,Medicare FFS (Original Medicare),Medicare FFS,Medicare (Federal),FIPS 29510,,,16873,https://data.cms.gov/summary-statistics-on-beneficiary-enrollment/medicare-and-medicaid-reports/medicare-monthly-enrollment,2026-06,[source: CMS Medicare Monthly Enrollment 2026-06; ORGNL_MDCR_BENES]
MO,Ste. Genevieve,Medicare FFS (Original Medicare),Medicare FFS,Medicare (Federal),FIPS 29186,,,1947,https://data.cms.gov/summary-statistics-on-beneficiary-enrollment/medicare-and-medicaid-reports/medicare-monthly-enrollment,2026-06,[source: CMS Medicare Monthly Enrollment 2026-06; ORGNL_MDCR_BENES]
MO,Stoddard,Medicare FFS (Original Medicare),Medicare FFS,Medicare (Federal),FIPS 29207,,,4485,https://data.cms.gov/summary-statistics-on-beneficiary-enrollment/medicare-and-medicaid-reports/medicare-monthly-enrollment,2026-06,[source: CMS Medicare Monthly Enrollment 2026-06; ORGNL_MDCR_BENES]
MO,Stone,Medicare FFS (Original Medicare),Medicare FFS,Medicare (Federal),FIPS 29209,,,4480,https://data.cms.gov/summary-statistics-on-beneficiary-enrollment/medicare-and-medicaid-reports/medicare-monthly-enrollment,2026-06,[source: CMS Medicare Monthly Enrollment 2026-06; ORGNL_MDCR_BENES]
MO,Sullivan,Medicare FFS (Original Medicare),Medicare FFS,Medicare (Federal),FIPS 29211,,,1104,https://data.cms.gov/summary-statistics-on-beneficiary-enrollment/medicare-and-medicaid-reports/medicare-monthly-enrollment,2026-06,[source: CMS Medicare Monthly Enrollment 2026-06; ORGNL_MDCR_BENES]
MO,Taney,Medicare FFS (Original Medicare),Medicare FFS,Medicare (Federal),FIPS 29213,,,6184,https://data.cms.gov/summary-statistics-on-beneficiary-enrollment/medicare-and-medicaid-reports/medicare-monthly-enrollment,2026-06,[source: CMS Medicare Monthly Enrollment 2026-06; ORGNL_MDCR_BENES]
MO,Texas,Medicare FFS (Original Medicare),Medicare FFS,Medicare (Federal),FIPS 29215,,,3483,https://data.cms.gov/summary-statistics-on-beneficiary-enrollment/medicare-and-medicaid-reports/medicare-monthly-enrollment,2026-06,[source: CMS Medicare Monthly Enrollment 2026-06; ORGNL_MDCR_BENES]
MO,Vernon,Medicare FFS (Original Medicare),Medicare FFS,Medicare (Federal),FIPS 29217,,,2319,https://data.cms.gov/summary-statistics-on-beneficiary-enrollment/medicare-and-medicaid-reports/medicare-monthly-enrollment,2026-06,[source: CMS Medicare Monthly Enrollment 2026-06; ORGNL_MDCR_BENES]
MO,Warren,Medicare FFS (Original Medicare),Medicare FFS,Medicare (Federal),FIPS 29219,,,2846,https://data.cms.gov/summary-statistics-on-beneficiary-enrollment/medicare-and-medicaid-reports/medicare-monthly-enrollment,2026-06,[source: CMS Medicare Monthly Enrollment 2026-06; ORGNL_MDCR_BENES]
MO,Washington,Medicare FFS (Original Medicare),Medicare FFS,Medicare (Federal),FIPS 29221,,,1922,https://data.cms.gov/summary-statistics-on-beneficiary-enrollment/medicare-and-medicaid-reports/medicare-monthly-enrollment,2026-06,[source: CMS Medicare Monthly Enrollment 2026-06; ORGNL_MDCR_BENES]
MO,Wayne,Medicare FFS (Original Medicare),Medicare FFS,Medicare (Federal),FIPS 29223,,,1689,https://data.cms.gov/summary-statistics-on-beneficiary-enrollment/medicare-and-medicaid-reports/medicare-monthly-enrollment,2026-06,[source: CMS Medicare Monthly Enrollment 2026-06; ORGNL_MDCR_BENES]
MO,Webster,Medicare FFS (Original Medicare),Medicare FFS,Medicare (Federal),FIPS 29225,,,2904,https://data.cms.gov/summary-statistics-on-beneficiary-enrollment/medicare-and-medicaid-reports/medicare-monthly-enrollment,2026-06,[source: CMS Medicare Monthly Enrollment 2026-06; ORGNL_MDCR_BENES]
MO,Worth,Medicare FFS (Original Medicare),Medicare FFS,Medicare (Federal),FIPS 29227,,,413,https://data.cms.gov/summary-statistics-on-beneficiary-enrollment/medicare-and-medicaid-reports/medicare-monthly-enrollment,2026-06,[source: CMS Medicare Monthly Enrollment 2026-06; ORGNL_MDCR_BENES]
MO,Wright,Medicare FFS (Original Medicare),Medicare FFS,Medicare (Federal),FIPS 29229,,,1883,https://data.cms.gov/summary-statistics-on-beneficiary-enrollment/medicare-and-medicaid-reports/medicare-monthly-enrollment,2026-06,[source: CMS Medicare Monthly Enrollment 2026-06; ORGNL_MDCR_BENES]
NC,Alamance,Medicare FFS (Original Medicare),Medicare FFS,Medicare (Federal),FIPS 37001,,,11375,https://data.cms.gov/summary-statistics-on-beneficiary-enrollment/medicare-and-medicaid-reports/medicare-monthly-enrollment,2026-06,[source: CMS Medicare Monthly Enrollment 2026-06; ORGNL_MDCR_BENES]
NC,Alexander,Medicare FFS (Original Medicare),Medicare FFS,Medicare (Federal),FIPS 37003,,,2948,https://data.cms.gov/summary-statistics-on-beneficiary-enrollment/medicare-and-medicaid-reports/medicare-monthly-enrollment,2026-06,[source: CMS Medicare Monthly Enrollment 2026-06; ORGNL_MDCR_BENES]
NC,Alleghany,Medicare FFS (Original Medicare),Medicare FFS,Medicare (Federal),FIPS 37005,,,1650,https://data.cms.gov/summary-statistics-on-beneficiary-enrollment/medicare-and-medicaid-reports/medicare-monthly-enrollment,2026-06,[source: CMS Medicare Monthly Enrollment 2026-06; ORGNL_MDCR_BENES]
NC,Anson,Medicare FFS (Original Medicare),Medicare FFS,Medicare (Federal),FIPS 37007,,,1934,https://data.cms.gov/summary-statistics-on-beneficiary-enrollment/medicare-and-medicaid-reports/medicare-monthly-enrollment,2026-06,[source: CMS Medicare Monthly Enrollment 2026-06; ORGNL_MDCR_BENES]
NC,Ashe,Medicare FFS (Original Medicare),Medicare FFS,Medicare (Federal),FIPS 37009,,,4385,https://data.cms.gov/summary-statistics-on-beneficiary-enrollment/medicare-and-medicaid-reports/medicare-monthly-enrollment,2026-06,[source: CMS Medicare Monthly Enrollment 2026-06; ORGNL_MDCR_BENES]
NC,Avery,Medicare FFS (Original Medicare),Medicare FFS,Medicare (Federal),FIPS 37011,,,2509,https://data.cms.gov/summary-statistics-on-beneficiary-enrollment/medicare-and-medicaid-reports/medicare-monthly-enrollment,2026-06,[source: CMS Medicare Monthly Enrollment 2026-06; ORGNL_MDCR_BENES]
NC,Beaufort,Medicare FFS (Original Medicare),Medicare FFS,Medicare (Federal),FIPS 37013,,,6602,https://data.cms.gov/summary-statistics-on-beneficiary-enrollment/medicare-and-medicaid-reports/medicare-monthly-enrollment,2026-06,[source: CMS Medicare Monthly Enrollment 2026-06; ORGNL_MDCR_BENES]
NC,Bertie,Medicare FFS (Original Medicare),Medicare FFS,Medicare (Federal),FIPS 37015,,,2351,https://data.cms.gov/summary-statistics-on-beneficiary-enrollment/medicare-and-medicaid-reports/medicare-monthly-enrollment,2026-06,[source: CMS Medicare Monthly Enrollment 2026-06; ORGNL_MDCR_BENES]
NC,Bladen,Medicare FFS (Original Medicare),Medicare FFS,Medicare (Federal),FIPS 37017,,,2732,https://data.cms.gov/summary-statistics-on-beneficiary-enrollment/medicare-and-medicaid-reports/medicare-monthly-enrollment,2026-06,[source: CMS Medicare Monthly Enrollment 2026-06; ORGNL_MDCR_BENES]
NC,Brunswick,Medicare FFS (Original Medicare),Medicare FFS,Medicare (Federal),FIPS 37019,,,37975,https://data.cms.gov/summary-statistics-on-beneficiary-enrollment/medicare-and-medicaid-reports/medicare-monthly-enrollment,2026-06,[source: CMS Medicare Monthly Enrollment 2026-06; ORGNL_MDCR_BENES]
NC,Buncombe,Medicare FFS (Original Medicare),Medicare FFS,Medicare (Federal),FIPS 37021,,,34622,https://data.cms.gov/summary-statistics-on-beneficiary-enrollment/medicare-and-medicaid-reports/medicare-monthly-enrollment,2026-06,[source: CMS Medicare Monthly Enrollment 2026-06; ORGNL_MDCR_BENES]
NC,Burke,Medicare FFS (Original Medicare),Medicare FFS,Medicare (Federal),FIPS 37023,,,8226,https://data.cms.gov/summary-statistics-on-beneficiary-enrollment/medicare-and-medicaid-reports/medicare-monthly-enrollment,2026-06,[source: CMS Medicare Monthly Enrollment 2026-06; ORGNL_MDCR_BENES]
NC,Cabarrus,Medicare FFS (Original Medicare),Medicare FFS,Medicare (Federal),FIPS 37025,,,15096,https://data.cms.gov/summary-statistics-on-beneficiary-enrollment/medicare-and-medicaid-reports/medicare-monthly-enrollment,2026-06,[source: CMS Medicare Monthly Enrollment 2026-06; ORGNL_MDCR_BENES]
NC,Caldwell,Medicare FFS (Original Medicare),Medicare FFS,Medicare (Federal),FIPS 37027,,,6866,https://data.cms.gov/summary-statistics-on-beneficiary-enrollment/medicare-and-medicaid-reports/medicare-monthly-enrollment,2026-06,[source: CMS Medicare Monthly Enrollment 2026-06; ORGNL_MDCR_BENES]
NC,Camden,Medicare FFS (Original Medicare),Medicare FFS,Medicare (Federal),FIPS 37029,,,1585,https://data.cms.gov/summary-statistics-on-beneficiary-enrollment/medicare-and-medicaid-reports/medicare-monthly-enrollment,2026-06,[source: CMS Medicare Monthly Enrollment 2026-06; ORGNL_MDCR_BENES]
NC,Carteret,Medicare FFS (Original Medicare),Medicare FFS,Medicare (Federal),FIPS 37031,,,12618,https://data.cms.gov/summary-statistics-on-beneficiary-enrollment/medicare-and-medicaid-reports/medicare-monthly-enrollment,2026-06,[source: CMS Medicare Monthly Enrollment 2026-06; ORGNL_MDCR_BENES]
NC,Caswell,Medicare FFS (Original Medicare),Medicare FFS,Medicare (Federal),FIPS 37033,,,1751,https://data.cms.gov/summary-statistics-on-beneficiary-enrollment/medicare-and-medicaid-reports/medicare-monthly-enrollment,2026-06,[source: CMS Medicare Monthly Enrollment 2026-06; ORGNL_MDCR_BENES]
NC,Catawba,Medicare FFS (Original Medicare),Medicare FFS,Medicare (Federal),FIPS 37035,,,15275,https://data.cms.gov/summary-statistics-on-beneficiary-enrollment/medicare-and-medicaid-reports/medicare-monthly-enrollment,2026-06,[source: CMS Medicare Monthly Enrollment 2026-06; ORGNL_MDCR_BENES]
NC,Chatham,Medicare FFS (Original Medicare),Medicare FFS,Medicare (Federal),FIPS 37037,,,9931,https://data.cms.gov/summary-statistics-on-beneficiary-enrollment/medicare-and-medicaid-reports/medicare-monthly-enrollment,2026-06,[source: CMS Medicare Monthly Enrollment 2026-06; ORGNL_MDCR_BENES]
NC,Cherokee,Medicare FFS (Original Medicare),Medicare FFS,Medicare (Federal),FIPS 37039,,,5327,https://data.cms.gov/summary-statistics-on-beneficiary-enrollment/medicare-and-medicaid-reports/medicare-monthly-enrollment,2026-06,[source: CMS Medicare Monthly Enrollment 2026-06; ORGNL_MDCR_BENES]
NC,Chowan,Medicare FFS (Original Medicare),Medicare FFS,Medicare (Federal),FIPS 37041,,,2432,https://data.cms.gov/summary-statistics-on-beneficiary-enrollment/medicare-and-medicaid-reports/medicare-monthly-enrollment,2026-06,[source: CMS Medicare Monthly Enrollment 2026-06; ORGNL_MDCR_BENES]
NC,Clay,Medicare FFS (Original Medicare),Medicare FFS,Medicare (Federal),FIPS 37043,,,2603,https://data.cms.gov/summary-statistics-on-beneficiary-enrollment/medicare-and-medicaid-reports/medicare-monthly-enrollment,2026-06,[source: CMS Medicare Monthly Enrollment 2026-06; ORGNL_MDCR_BENES]
NC,Cleveland,Medicare FFS (Original Medicare),Medicare FFS,Medicare (Federal),FIPS 37045,,,9353,https://data.cms.gov/summary-statistics-on-beneficiary-enrollment/medicare-and-medicaid-reports/medicare-monthly-enrollment,2026-06,[source: CMS Medicare Monthly Enrollment 2026-06; ORGNL_MDCR_BENES]
NC,Columbus,Medicare FFS (Original Medicare),Medicare FFS,Medicare (Federal),FIPS 37047,,,5574,https://data.cms.gov/summary-statistics-on-beneficiary-enrollment/medicare-and-medicaid-reports/medicare-monthly-enrollment,2026-06,[source: CMS Medicare Monthly Enrollment 2026-06; ORGNL_MDCR_BENES]
NC,Craven,Medicare FFS (Original Medicare),Medicare FFS,Medicare (Federal),FIPS 37049,,,16625,https://data.cms.gov/summary-statistics-on-beneficiary-enrollment/medicare-and-medicaid-reports/medicare-monthly-enrollment,2026-06,[source: CMS Medicare Monthly Enrollment 2026-06; ORGNL_MDCR_BENES]
NC,Cumberland,Medicare FFS (Original Medicare),Medicare FFS,Medicare (Federal),FIPS 37051,,,26181,https://data.cms.gov/summary-statistics-on-beneficiary-enrollment/medicare-and-medicaid-reports/medicare-monthly-enrollment,2026-06,[source: CMS Medicare Monthly Enrollment 2026-06; ORGNL_MDCR_BENES]
NC,Currituck,Medicare FFS (Original Medicare),Medicare FFS,Medicare (Federal),FIPS 37053,,,4905,https://data.cms.gov/summary-statistics-on-beneficiary-enrollment/medicare-and-medicaid-reports/medicare-monthly-enrollment,2026-06,[source: CMS Medicare Monthly Enrollment 2026-06; ORGNL_MDCR_BENES]
NC,Dare,Medicare FFS (Original Medicare),Medicare FFS,Medicare (Federal),FIPS 37055,,,8345,https://data.cms.gov/summary-statistics-on-beneficiary-enrollment/medicare-and-medicaid-reports/medicare-monthly-enrollment,2026-06,[source: CMS Medicare Monthly Enrollment 2026-06; ORGNL_MDCR_BENES]
NC,Davidson,Medicare FFS (Original Medicare),Medicare FFS,Medicare (Federal),FIPS 37057,,,10570,https://data.cms.gov/summary-statistics-on-beneficiary-enrollment/medicare-and-medicaid-reports/medicare-monthly-enrollment,2026-06,[source: CMS Medicare Monthly Enrollment 2026-06; ORGNL_MDCR_BENES]
NC,Davie,Medicare FFS (Original Medicare),Medicare FFS,Medicare (Federal),FIPS 37059,,,3975,https://data.cms.gov/summary-statistics-on-beneficiary-enrollment/medicare-and-medicaid-reports/medicare-monthly-enrollment,2026-06,[source: CMS Medicare Monthly Enrollment 2026-06; ORGNL_MDCR_BENES]
NC,Duplin,Medicare FFS (Original Medicare),Medicare FFS,Medicare (Federal),FIPS 37061,,,4890,https://data.cms.gov/summary-statistics-on-beneficiary-enrollment/medicare-and-medicaid-reports/medicare-monthly-enrollment,2026-06,[source: CMS Medicare Monthly Enrollment 2026-06; ORGNL_MDCR_BENES]
NC,Durham,Medicare FFS (Original Medicare),Medicare FFS,Medicare (Federal),FIPS 37063,,,27314,https://data.cms.gov/summary-statistics-on-beneficiary-enrollment/medicare-and-medicaid-reports/medicare-monthly-enrollment,2026-06,[source: CMS Medicare Monthly Enrollment 2026-06; ORGNL_MDCR_BENES]
NC,Edgecombe,Medicare FFS (Original Medicare),Medicare FFS,Medicare (Federal),FIPS 37065,,,4641,https://data.cms.gov/summary-statistics-on-beneficiary-enrollment/medicare-and-medicaid-reports/medicare-monthly-enrollment,2026-06,[source: CMS Medicare Monthly Enrollment 2026-06; ORGNL_MDCR_BENES]
NC,Forsyth,Medicare FFS (Original Medicare),Medicare FFS,Medicare (Federal),FIPS 37067,,,27321,https://data.cms.gov/summary-statistics-on-beneficiary-enrollment/medicare-and-medicaid-reports/medicare-monthly-enrollment,2026-06,[source: CMS Medicare Monthly Enrollment 2026-06; ORGNL_MDCR_BENES]
NC,Franklin,Medicare FFS (Original Medicare),Medicare FFS,Medicare (Federal),FIPS 37069,,,7094,https://data.cms.gov/summary-statistics-on-beneficiary-enrollment/medicare-and-medicaid-reports/medicare-monthly-enrollment,2026-06,[source: CMS Medicare Monthly Enrollment 2026-06; ORGNL_MDCR_BENES]
NC,Gaston,Medicare FFS (Original Medicare),Medicare FFS,Medicare (Federal),FIPS 37071,,,18090,https://data.cms.gov/summary-statistics-on-beneficiary-enrollment/medicare-and-medicaid-reports/medicare-monthly-enrollment,2026-06,[source: CMS Medicare Monthly Enrollment 2026-06; ORGNL_MDCR_BENES]
NC,Gates,Medicare FFS (Original Medicare),Medicare FFS,Medicare (Federal),FIPS 37073,,,1590,https://data.cms.gov/summary-statistics-on-beneficiary-enrollment/medicare-and-medicaid-reports/medicare-monthly-enrollment,2026-06,[source: CMS Medicare Monthly Enrollment 2026-06; ORGNL_MDCR_BENES]
NC,Graham,Medicare FFS (Original Medicare),Medicare FFS,Medicare (Federal),FIPS 37075,,,1009,https://data.cms.gov/summary-statistics-on-beneficiary-enrollment/medicare-and-medicaid-reports/medicare-monthly-enrollment,2026-06,[source: CMS Medicare Monthly Enrollment 2026-06; ORGNL_MDCR_BENES]
NC,Granville,Medicare FFS (Original Medicare),Medicare FFS,Medicare (Federal),FIPS 37077,,,5310,https://data.cms.gov/summary-statistics-on-beneficiary-enrollment/medicare-and-medicaid-reports/medicare-monthly-enrollment,2026-06,[source: CMS Medicare Monthly Enrollment 2026-06; ORGNL_MDCR_BENES]
NC,Greene,Medicare FFS (Original Medicare),Medicare FFS,Medicare (Federal),FIPS 37079,,,1569,https://data.cms.gov/summary-statistics-on-beneficiary-enrollment/medicare-and-medicaid-reports/medicare-monthly-enrollment,2026-06,[source: CMS Medicare Monthly Enrollment 2026-06; ORGNL_MDCR_BENES]
NC,Guilford,Medicare FFS (Original Medicare),Medicare FFS,Medicare (Federal),FIPS 37081,,,33008,https://data.cms.gov/summary-statistics-on-beneficiary-enrollment/medicare-and-medicaid-reports/medicare-monthly-enrollment,2026-06,[source: CMS Medicare Monthly Enrollment 2026-06; ORGNL_MDCR_BENES]
NC,Halifax,Medicare FFS (Original Medicare),Medicare FFS,Medicare (Federal),FIPS 37083,,,5172,https://data.cms.gov/summary-statistics-on-beneficiary-enrollment/medicare-and-medicaid-reports/medicare-monthly-enrollment,2026-06,[source: CMS Medicare Monthly Enrollment 2026-06; ORGNL_MDCR_BENES]
NC,Harnett,Medicare FFS (Original Medicare),Medicare FFS,Medicare (Federal),FIPS 37085,,,10263,https://data.cms.gov/summary-statistics-on-beneficiary-enrollment/medicare-and-medicaid-reports/medicare-monthly-enrollment,2026-06,[source: CMS Medicare Monthly Enrollment 2026-06; ORGNL_MDCR_BENES]
NC,Haywood,Medicare FFS (Original Medicare),Medicare FFS,Medicare (Federal),FIPS 37087,,,9001,https://data.cms.gov/summary-statistics-on-beneficiary-enrollment/medicare-and-medicaid-reports/medicare-monthly-enrollment,2026-06,[source: CMS Medicare Monthly Enrollment 2026-06; ORGNL_MDCR_BENES]
NC,Henderson,Medicare FFS (Original Medicare),Medicare FFS,Medicare (Federal),FIPS 37089,,,19751,https://data.cms.gov/summary-statistics-on-beneficiary-enrollment/medicare-and-medicaid-reports/medicare-monthly-enrollment,2026-06,[source: CMS Medicare Monthly Enrollment 2026-06; ORGNL_MDCR_BENES]
NC,Hertford,Medicare FFS (Original Medicare),Medicare FFS,Medicare (Federal),FIPS 37091,,,2419,https://data.cms.gov/summary-statistics-on-beneficiary-enrollment/medicare-and-medicaid-reports/medicare-monthly-enrollment,2026-06,[source: CMS Medicare Monthly Enrollment 2026-06; ORGNL_MDCR_BENES]
NC,Hoke,Medicare FFS (Original Medicare),Medicare FFS,Medicare (Federal),FIPS 37093,,,3337,https://data.cms.gov/summary-statistics-on-beneficiary-enrollment/medicare-and-medicaid-reports/medicare-monthly-enrollment,2026-06,[source: CMS Medicare Monthly Enrollment 2026-06; ORGNL_MDCR_BENES]
NC,Hyde,Medicare FFS (Original Medicare),Medicare FFS,Medicare (Federal),FIPS 37095,,,587,https://data.cms.gov/summary-statistics-on-beneficiary-enrollment/medicare-and-medicaid-reports/medicare-monthly-enrollment,2026-06,[source: CMS Medicare Monthly Enrollment 2026-06; ORGNL_MDCR_BENES]
NC,Iredell,Medicare FFS (Original Medicare),Medicare FFS,Medicare (Federal),FIPS 37097,,,16952,https://data.cms.gov/summary-statistics-on-beneficiary-enrollment/medicare-and-medicaid-reports/medicare-monthly-enrollment,2026-06,[source: CMS Medicare Monthly Enrollment 2026-06; ORGNL_MDCR_BENES]
NC,Jackson,Medicare FFS (Original Medicare),Medicare FFS,Medicare (Federal),FIPS 37099,,,4769,https://data.cms.gov/summary-statistics-on-beneficiary-enrollment/medicare-and-medicaid-reports/medicare-monthly-enrollment,2026-06,[source: CMS Medicare Monthly Enrollment 2026-06; ORGNL_MDCR_BENES]
NC,Johnston,Medicare FFS (Original Medicare),Medicare FFS,Medicare (Federal),FIPS 37101,,,17341,https://data.cms.gov/summary-statistics-on-beneficiary-enrollment/medicare-and-medicaid-reports/medicare-monthly-enrollment,2026-06,[source: CMS Medicare Monthly Enrollment 2026-06; ORGNL_MDCR_BENES]
NC,Jones,Medicare FFS (Original Medicare),Medicare FFS,Medicare (Federal),FIPS 37103,,,1361,https://data.cms.gov/summary-statistics-on-beneficiary-enrollment/medicare-and-medicaid-reports/medicare-monthly-enrollment,2026-06,[source: CMS Medicare Monthly Enrollment 2026-06; ORGNL_MDCR_BENES]
NC,Lee,Medicare FFS (Original Medicare),Medicare FFS,Medicare (Federal),FIPS 37105,,,6896,https://data.cms.gov/summary-statistics-on-beneficiary-enrollment/medicare-and-medicaid-reports/medicare-monthly-enrollment,2026-06,[source: CMS Medicare Monthly Enrollment 2026-06; ORGNL_MDCR_BENES]
NC,Lenoir,Medicare FFS (Original Medicare),Medicare FFS,Medicare (Federal),FIPS 37107,,,6539,https://data.cms.gov/summary-statistics-on-beneficiary-enrollment/medicare-and-medicaid-reports/medicare-monthly-enrollment,2026-06,[source: CMS Medicare Monthly Enrollment 2026-06; ORGNL_MDCR_BENES]
NC,Lincoln,Medicare FFS (Original Medicare),Medicare FFS,Medicare (Federal),FIPS 37109,,,10054,https://data.cms.gov/summary-statistics-on-beneficiary-enrollment/medicare-and-medicaid-reports/medicare-monthly-enrollment,2026-06,[source: CMS Medicare Monthly Enrollment 2026-06; ORGNL_MDCR_BENES]
NC,Macon,Medicare FFS (Original Medicare),Medicare FFS,Medicare (Federal),FIPS 37113,,,6985,https://data.cms.gov/summary-statistics-on-beneficiary-enrollment/medicare-and-medicaid-reports/medicare-monthly-enrollment,2026-06,[source: CMS Medicare Monthly Enrollment 2026-06; ORGNL_MDCR_BENES]
NC,Madison,Medicare FFS (Original Medicare),Medicare FFS,Medicare (Federal),FIPS 37115,,,2740,https://data.cms.gov/summary-statistics-on-beneficiary-enrollment/medicare-and-medicaid-reports/medicare-monthly-enrollment,2026-06,[source: CMS Medicare Monthly Enrollment 2026-06; ORGNL_MDCR_BENES]
NC,Martin,Medicare FFS (Original Medicare),Medicare FFS,Medicare (Federal),FIPS 37117,,,2657,https://data.cms.gov/summary-statistics-on-beneficiary-enrollment/medicare-and-medicaid-reports/medicare-monthly-enrollment,2026-06,[source: CMS Medicare Monthly Enrollment 2026-06; ORGNL_MDCR_BENES]
NC,McDowell,Medicare FFS (Original Medicare),Medicare FFS,Medicare (Federal),FIPS 37111,,,4552,https://data.cms.gov/summary-statistics-on-beneficiary-enrollment/medicare-and-medicaid-reports/medicare-monthly-enrollment,2026-06,[source: CMS Medicare Monthly Enrollment 2026-06; ORGNL_MDCR_BENES]
NC,Mecklenburg,Medicare FFS (Original Medicare),Medicare FFS,Medicare (Federal),FIPS 37119,,,75633,https://data.cms.gov/summary-statistics-on-beneficiary-enrollment/medicare-and-medicaid-reports/medicare-monthly-enrollment,2026-06,[source: CMS Medicare Monthly Enrollment 2026-06; ORGNL_MDCR_BENES]
NC,Mitchell,Medicare FFS (Original Medicare),Medicare FFS,Medicare (Federal),FIPS 37121,,,2020,https://data.cms.gov/summary-statistics-on-beneficiary-enrollment/medicare-and-medicaid-reports/medicare-monthly-enrollment,2026-06,[source: CMS Medicare Monthly Enrollment 2026-06; ORGNL_MDCR_BENES]
NC,Montgomery,Medicare FFS (Original Medicare),Medicare FFS,Medicare (Federal),FIPS 37123,,,2394,https://data.cms.gov/summary-statistics-on-beneficiary-enrollment/medicare-and-medicaid-reports/medicare-monthly-enrollment,2026-06,[source: CMS Medicare Monthly Enrollment 2026-06; ORGNL_MDCR_BENES]
NC,Moore,Medicare FFS (Original Medicare),Medicare FFS,Medicare (Federal),FIPS 37125,,,14574,https://data.cms.gov/summary-statistics-on-beneficiary-enrollment/medicare-and-medicaid-reports/medicare-monthly-enrollment,2026-06,[source: CMS Medicare Monthly Enrollment 2026-06; ORGNL_MDCR_BENES]
NC,Nash,Medicare FFS (Original Medicare),Medicare FFS,Medicare (Federal),FIPS 37127,,,10195,https://data.cms.gov/summary-statistics-on-beneficiary-enrollment/medicare-and-medicaid-reports/medicare-monthly-enrollment,2026-06,[source: CMS Medicare Monthly Enrollment 2026-06; ORGNL_MDCR_BENES]
NC,New Hanover,Medicare FFS (Original Medicare),Medicare FFS,Medicare (Federal),FIPS 37129,,,30072,https://data.cms.gov/summary-statistics-on-beneficiary-enrollment/medicare-and-medicaid-reports/medicare-monthly-enrollment,2026-06,[source: CMS Medicare Monthly Enrollment 2026-06; ORGNL_MDCR_BENES]
NC,Northampton,Medicare FFS (Original Medicare),Medicare FFS,Medicare (Federal),FIPS 37131,,,2267,https://data.cms.gov/summary-statistics-on-beneficiary-enrollment/medicare-and-medicaid-reports/medicare-monthly-enrollment,2026-06,[source: CMS Medicare Monthly Enrollment 2026-06; ORGNL_MDCR_BENES]
NC,Onslow,Medicare FFS (Original Medicare),Medicare FFS,Medicare (Federal),FIPS 37133,,,18237,https://data.cms.gov/summary-statistics-on-beneficiary-enrollment/medicare-and-medicaid-reports/medicare-monthly-enrollment,2026-06,[source: CMS Medicare Monthly Enrollment 2026-06; ORGNL_MDCR_BENES]
NC,Orange,Medicare FFS (Original Medicare),Medicare FFS,Medicare (Federal),FIPS 37135,,,14502,https://data.cms.gov/summary-statistics-on-beneficiary-enrollment/medicare-and-medicaid-reports/medicare-monthly-enrollment,2026-06,[source: CMS Medicare Monthly Enrollment 2026-06; ORGNL_MDCR_BENES]
NC,Pamlico,Medicare FFS (Original Medicare),Medicare FFS,Medicare (Federal),FIPS 37137,,,2562,https://data.cms.gov/summary-statistics-on-beneficiary-enrollment/medicare-and-medicaid-reports/medicare-monthly-enrollment,2026-06,[source: CMS Medicare Monthly Enrollment 2026-06; ORGNL_MDCR_BENES]
NC,Pasquotank,Medicare FFS (Original Medicare),Medicare FFS,Medicare (Federal),FIPS 37139,,,5373,https://data.cms.gov/summary-statistics-on-beneficiary-enrollment/medicare-and-medicaid-reports/medicare-monthly-enrollment,2026-06,[source: CMS Medicare Monthly Enrollment 2026-06; ORGNL_MDCR_BENES]
NC,Pender,Medicare FFS (Original Medicare),Medicare FFS,Medicare (Federal),FIPS 37141,,,7534,https://data.cms.gov/summary-statistics-on-beneficiary-enrollment/medicare-and-medicaid-reports/medicare-monthly-enrollment,2026-06,[source: CMS Medicare Monthly Enrollment 2026-06; ORGNL_MDCR_BENES]
NC,Perquimans,Medicare FFS (Original Medicare),Medicare FFS,Medicare (Federal),FIPS 37143,,,2557,https://data.cms.gov/summary-statistics-on-beneficiary-enrollment/medicare-and-medicaid-reports/medicare-monthly-enrollment,2026-06,[source: CMS Medicare Monthly Enrollment 2026-06; ORGNL_MDCR_BENES]
NC,Person,Medicare FFS (Original Medicare),Medicare FFS,Medicare (Federal),FIPS 37145,,,4008,https://data.cms.gov/summary-statistics-on-beneficiary-enrollment/medicare-and-medicaid-reports/medicare-monthly-enrollment,2026-06,[source: CMS Medicare Monthly Enrollment 2026-06; ORGNL_MDCR_BENES]
NC,Pitt,Medicare FFS (Original Medicare),Medicare FFS,Medicare (Federal),FIPS 37147,,,15289,https://data.cms.gov/summary-statistics-on-beneficiary-enrollment/medicare-and-medicaid-reports/medicare-monthly-enrollment,2026-06,[source: CMS Medicare Monthly Enrollment 2026-06; ORGNL_MDCR_BENES]
NC,Polk,Medicare FFS (Original Medicare),Medicare FFS,Medicare (Federal),FIPS 37149,,,4189,https://data.cms.gov/summary-statistics-on-beneficiary-enrollment/medicare-and-medicaid-reports/medicare-monthly-enrollment,2026-06,[source: CMS Medicare Monthly Enrollment 2026-06; ORGNL_MDCR_BENES]
NC,Randolph,Medicare FFS (Original Medicare),Medicare FFS,Medicare (Federal),FIPS 37151,,,7988,https://data.cms.gov/summary-statistics-on-beneficiary-enrollment/medicare-and-medicaid-reports/medicare-monthly-enrollment,2026-06,[source: CMS Medicare Monthly Enrollment 2026-06; ORGNL_MDCR_BENES]
NC,Richmond,Medicare FFS (Original Medicare),Medicare FFS,Medicare (Federal),FIPS 37153,,,3672,https://data.cms.gov/summary-statistics-on-beneficiary-enrollment/medicare-and-medicaid-reports/medicare-monthly-enrollment,2026-06,[source: CMS Medicare Monthly Enrollment 2026-06; ORGNL_MDCR_BENES]
NC,Robeson,Medicare FFS (Original Medicare),Medicare FFS,Medicare (Federal),FIPS 37155,,,7216,https://data.cms.gov/summary-statistics-on-beneficiary-enrollment/medicare-and-medicaid-reports/medicare-monthly-enrollment,2026-06,[source: CMS Medicare Monthly Enrollment 2026-06; ORGNL_MDCR_BENES]
NC,Rockingham,Medicare FFS (Original Medicare),Medicare FFS,Medicare (Federal),FIPS 37157,,,5889,https://data.cms.gov/summary-statistics-on-beneficiary-enrollment/medicare-and-medicaid-reports/medicare-monthly-enrollment,2026-06,[source: CMS Medicare Monthly Enrollment 2026-06; ORGNL_MDCR_BENES]
NC,Rowan,Medicare FFS (Original Medicare),Medicare FFS,Medicare (Federal),FIPS 37159,,,11302,https://data.cms.gov/summary-statistics-on-beneficiary-enrollment/medicare-and-medicaid-reports/medicare-monthly-enrollment,2026-06,[source: CMS Medicare Monthly Enrollment 2026-06; ORGNL_MDCR_BENES]
NC,Rutherford,Medicare FFS (Original Medicare),Medicare FFS,Medicare (Federal),FIPS 37161,,,7273,https://data.cms.gov/summary-statistics-on-beneficiary-enrollment/medicare-and-medicaid-reports/medicare-monthly-enrollment,2026-06,[source: CMS Medicare Monthly Enrollment 2026-06; ORGNL_MDCR_BENES]
NC,Sampson,Medicare FFS (Original Medicare),Medicare FFS,Medicare (Federal),FIPS 37163,,,4950,https://data.cms.gov/summary-statistics-on-beneficiary-enrollment/medicare-and-medicaid-reports/medicare-monthly-enrollment,2026-06,[source: CMS Medicare Monthly Enrollment 2026-06; ORGNL_MDCR_BENES]
NC,Scotland,Medicare FFS (Original Medicare),Medicare FFS,Medicare (Federal),FIPS 37165,,,2713,https://data.cms.gov/summary-statistics-on-beneficiary-enrollment/medicare-and-medicaid-reports/medicare-monthly-enrollment,2026-06,[source: CMS Medicare Monthly Enrollment 2026-06; ORGNL_MDCR_BENES]
NC,Stanly,Medicare FFS (Original Medicare),Medicare FFS,Medicare (Federal),FIPS 37167,,,5771,https://data.cms.gov/summary-statistics-on-beneficiary-enrollment/medicare-and-medicaid-reports/medicare-monthly-enrollment,2026-06,[source: CMS Medicare Monthly Enrollment 2026-06; ORGNL_MDCR_BENES]
NC,Stokes,Medicare FFS (Original Medicare),Medicare FFS,Medicare (Federal),FIPS 37169,,,3411,https://data.cms.gov/summary-statistics-on-beneficiary-enrollment/medicare-and-medicaid-reports/medicare-monthly-enrollment,2026-06,[source: CMS Medicare Monthly Enrollment 2026-06; ORGNL_MDCR_BENES]
NC,Surry,Medicare FFS (Original Medicare),Medicare FFS,Medicare (Federal),FIPS 37171,,,5801,https://data.cms.gov/summary-statistics-on-beneficiary-enrollment/medicare-and-medicaid-reports/medicare-monthly-enrollment,2026-06,[source: CMS Medicare Monthly Enrollment 2026-06; ORGNL_MDCR_BENES]
NC,Swain,Medicare FFS (Original Medicare),Medicare FFS,Medicare (Federal),FIPS 37173,,,2247,https://data.cms.gov/summary-statistics-on-beneficiary-enrollment/medicare-and-medicaid-reports/medicare-monthly-enrollment,2026-06,[source: CMS Medicare Monthly Enrollment 2026-06; ORGNL_MDCR_BENES]
NC,Transylvania,Medicare FFS (Original Medicare),Medicare FFS,Medicare (Federal),FIPS 37175,,,5419,https://data.cms.gov/summary-statistics-on-beneficiary-enrollment/medicare-and-medicaid-reports/medicare-monthly-enrollment,2026-06,[source: CMS Medicare Monthly Enrollment 2026-06; ORGNL_MDCR_BENES]
NC,Tyrrell,Medicare FFS (Original Medicare),Medicare FFS,Medicare (Federal),FIPS 37177,,,458,https://data.cms.gov/summary-statistics-on-beneficiary-enrollment/medicare-and-medicaid-reports/medicare-monthly-enrollment,2026-06,[source: CMS Medicare Monthly Enrollment 2026-06; ORGNL_MDCR_BENES]
NC,Union,Medicare FFS (Original Medicare),Medicare FFS,Medicare (Federal),FIPS 37179,,,20263,https://data.cms.gov/summary-statistics-on-beneficiary-enrollment/medicare-and-medicaid-reports/medicare-monthly-enrollment,2026-06,[source: CMS Medicare Monthly Enrollment 2026-06; ORGNL_MDCR_BENES]
NC,Vance,Medicare FFS (Original Medicare),Medicare FFS,Medicare (Federal),FIPS 37181,,,3416,https://data.cms.gov/summary-statistics-on-beneficiary-enrollment/medicare-and-medicaid-reports/medicare-monthly-enrollment,2026-06,[source: CMS Medicare Monthly Enrollment 2026-06; ORGNL_MDCR_BENES]
NC,Wake,Medicare FFS (Original Medicare),Medicare FFS,Medicare (Federal),FIPS 37183,,,91506,https://data.cms.gov/summary-statistics-on-beneficiary-enrollment/medicare-and-medicaid-reports/medicare-monthly-enrollment,2026-06,[source: CMS Medicare Monthly Enrollment 2026-06; ORGNL_MDCR_BENES]
NC,Warren,Medicare FFS (Original Medicare),Medicare FFS,Medicare (Federal),FIPS 37185,,,2047,https://data.cms.gov/summary-statistics-on-beneficiary-enrollment/medicare-and-medicaid-reports/medicare-monthly-enrollment,2026-06,[source: CMS Medicare Monthly Enrollment 2026-06; ORGNL_MDCR_BENES]
NC,Washington,Medicare FFS (Original Medicare),Medicare FFS,Medicare (Federal),FIPS 37187,,,1577,https://data.cms.gov/summary-statistics-on-beneficiary-enrollment/medicare-and-medicaid-reports/medicare-monthly-enrollment,2026-06,[source: CMS Medicare Monthly Enrollment 2026-06; ORGNL_MDCR_BENES]
NC,Watauga,Medicare FFS (Original Medicare),Medicare FFS,Medicare (Federal),FIPS 37189,,,5123,https://data.cms.gov/summary-statistics-on-beneficiary-enrollment/medicare-and-medicaid-reports/medicare-monthly-enrollment,2026-06,[source: CMS Medicare Monthly Enrollment 2026-06; ORGNL_MDCR_BENES]
NC,Wayne,Medicare FFS (Original Medicare),Medicare FFS,Medicare (Federal),FIPS 37191,,,11145,https://data.cms.gov/summary-statistics-on-beneficiary-enrollment/medicare-and-medicaid-reports/medicare-monthly-enrollment,2026-06,[source: CMS Medicare Monthly Enrollment 2026-06; ORGNL_MDCR_BENES]
NC,Wilkes,Medicare FFS (Original Medicare),Medicare FFS,Medicare (Federal),FIPS 37193,,,5458,https://data.cms.gov/summary-statistics-on-beneficiary-enrollment/medicare-and-medicaid-reports/medicare-monthly-enrollment,2026-06,[source: CMS Medicare Monthly Enrollment 2026-06; ORGNL_MDCR_BENES]
NC,Wilson,Medicare FFS (Original Medicare),Medicare FFS,Medicare (Federal),FIPS 37195,,,7940,https://data.cms.gov/summary-statistics-on-beneficiary-enrollment/medicare-and-medicaid-reports/medicare-monthly-enrollment,2026-06,[source: CMS Medicare Monthly Enrollment 2026-06; ORGNL_MDCR_BENES]
NC,Yadkin,Medicare FFS (Original Medicare),Medicare FFS,Medicare (Federal),FIPS 37197,,,2506,https://data.cms.gov/summary-statistics-on-beneficiary-enrollment/medicare-and-medicaid-reports/medicare-monthly-enrollment,2026-06,[source: CMS Medicare Monthly Enrollment 2026-06; ORGNL_MDCR_BENES]
NC,Yancey,Medicare FFS (Original Medicare),Medicare FFS,Medicare (Federal),FIPS 37199,,,2644,https://data.cms.gov/summary-statistics-on-beneficiary-enrollment/medicare-and-medicaid-reports/medicare-monthly-enrollment,2026-06,[source: CMS Medicare Monthly Enrollment 2026-06; ORGNL_MDCR_BENES]
NM,Bernalillo,Medicare FFS (Original Medicare),Medicare FFS,Medicare (Federal),FIPS 35001,,,58741,https://data.cms.gov/summary-statistics-on-beneficiary-enrollment/medicare-and-medicaid-reports/medicare-monthly-enrollment,2026-06,[source: CMS Medicare Monthly Enrollment 2026-06; ORGNL_MDCR_BENES]
NM,Catron,Medicare FFS (Original Medicare),Medicare FFS,Medicare (Federal),FIPS 35003,,,951,https://data.cms.gov/summary-statistics-on-beneficiary-enrollment/medicare-and-medicaid-reports/medicare-monthly-enrollment,2026-06,[source: CMS Medicare Monthly Enrollment 2026-06; ORGNL_MDCR_BENES]
NM,Chaves,Medicare FFS (Original Medicare),Medicare FFS,Medicare (Federal),FIPS 35005,,,6599,https://data.cms.gov/summary-statistics-on-beneficiary-enrollment/medicare-and-medicaid-reports/medicare-monthly-enrollment,2026-06,[source: CMS Medicare Monthly Enrollment 2026-06; ORGNL_MDCR_BENES]
NM,Cibola,Medicare FFS (Original Medicare),Medicare FFS,Medicare (Federal),FIPS 35006,,,2614,https://data.cms.gov/summary-statistics-on-beneficiary-enrollment/medicare-and-medicaid-reports/medicare-monthly-enrollment,2026-06,[source: CMS Medicare Monthly Enrollment 2026-06; ORGNL_MDCR_BENES]
NM,Colfax,Medicare FFS (Original Medicare),Medicare FFS,Medicare (Federal),FIPS 35007,,,2079,https://data.cms.gov/summary-statistics-on-beneficiary-enrollment/medicare-and-medicaid-reports/medicare-monthly-enrollment,2026-06,[source: CMS Medicare Monthly Enrollment 2026-06; ORGNL_MDCR_BENES]
NM,Curry,Medicare FFS (Original Medicare),Medicare FFS,Medicare (Federal),FIPS 35009,,,5104,https://data.cms.gov/summary-statistics-on-beneficiary-enrollment/medicare-and-medicaid-reports/medicare-monthly-enrollment,2026-06,[source: CMS Medicare Monthly Enrollment 2026-06; ORGNL_MDCR_BENES]
NM,De Baca,Medicare FFS (Original Medicare),Medicare FFS,Medicare (Federal),FIPS 35011,,,356,https://data.cms.gov/summary-statistics-on-beneficiary-enrollment/medicare-and-medicaid-reports/medicare-monthly-enrollment,2026-06,[source: CMS Medicare Monthly Enrollment 2026-06; ORGNL_MDCR_BENES]
NM,Doña Ana,Medicare FFS (Original Medicare),Medicare FFS,Medicare (Federal),FIPS 35013,,,22410,https://data.cms.gov/summary-statistics-on-beneficiary-enrollment/medicare-and-medicaid-reports/medicare-monthly-enrollment,2026-06,[source: CMS Medicare Monthly Enrollment 2026-06; ORGNL_MDCR_BENES]
NM,Eddy,Medicare FFS (Original Medicare),Medicare FFS,Medicare (Federal),FIPS 35015,,,6570,https://data.cms.gov/summary-statistics-on-beneficiary-enrollment/medicare-and-medicaid-reports/medicare-monthly-enrollment,2026-06,[source: CMS Medicare Monthly Enrollment 2026-06; ORGNL_MDCR_BENES]
NM,Grant,Medicare FFS (Original Medicare),Medicare FFS,Medicare (Federal),FIPS 35017,,,4866,https://data.cms.gov/summary-statistics-on-beneficiary-enrollment/medicare-and-medicaid-reports/medicare-monthly-enrollment,2026-06,[source: CMS Medicare Monthly Enrollment 2026-06; ORGNL_MDCR_BENES]
NM,Guadalupe,Medicare FFS (Original Medicare),Medicare FFS,Medicare (Federal),FIPS 35019,,,402,https://data.cms.gov/summary-statistics-on-beneficiary-enrollment/medicare-and-medicaid-reports/medicare-monthly-enrollment,2026-06,[source: CMS Medicare Monthly Enrollment 2026-06; ORGNL_MDCR_BENES]
NM,Harding,Medicare FFS (Original Medicare),Medicare FFS,Medicare (Federal),FIPS 35021,,,160,https://data.cms.gov/summary-statistics-on-beneficiary-enrollment/medicare-and-medicaid-reports/medicare-monthly-enrollment,2026-06,[source: CMS Medicare Monthly Enrollment 2026-06; ORGNL_MDCR_BENES]
NM,Hidalgo,Medicare FFS (Original Medicare),Medicare FFS,Medicare (Federal),FIPS 35023,,,489,https://data.cms.gov/summary-statistics-on-beneficiary-enrollment/medicare-and-medicaid-reports/medicare-monthly-enrollment,2026-06,[source: CMS Medicare Monthly Enrollment 2026-06; ORGNL_MDCR_BENES]
NM,Lea,Medicare FFS (Original Medicare),Medicare FFS,Medicare (Federal),FIPS 35025,,,6430,https://data.cms.gov/summary-statistics-on-beneficiary-enrollment/medicare-and-medicaid-reports/medicare-monthly-enrollment,2026-06,[source: CMS Medicare Monthly Enrollment 2026-06; ORGNL_MDCR_BENES]
NM,Lincoln,Medicare FFS (Original Medicare),Medicare FFS,Medicare (Federal),FIPS 35027,,,3834,https://data.cms.gov/summary-statistics-on-beneficiary-enrollment/medicare-and-medicaid-reports/medicare-monthly-enrollment,2026-06,[source: CMS Medicare Monthly Enrollment 2026-06; ORGNL_MDCR_BENES]
NM,Los Alamos,Medicare FFS (Original Medicare),Medicare FFS,Medicare (Federal),FIPS 35028,,,3225,https://data.cms.gov/summary-statistics-on-beneficiary-enrollment/medicare-and-medicaid-reports/medicare-monthly-enrollment,2026-06,[source: CMS Medicare Monthly Enrollment 2026-06; ORGNL_MDCR_BENES]
NM,Luna,Medicare FFS (Original Medicare),Medicare FFS,Medicare (Federal),FIPS 35029,,,2532,https://data.cms.gov/summary-statistics-on-beneficiary-enrollment/medicare-and-medicaid-reports/medicare-monthly-enrollment,2026-06,[source: CMS Medicare Monthly Enrollment 2026-06; ORGNL_MDCR_BENES]
NM,McKinley,Medicare FFS (Original Medicare),Medicare FFS,Medicare (Federal),FIPS 35031,,,8386,https://data.cms.gov/summary-statistics-on-beneficiary-enrollment/medicare-and-medicaid-reports/medicare-monthly-enrollment,2026-06,[source: CMS Medicare Monthly Enrollment 2026-06; ORGNL_MDCR_BENES]
NM,Mora,Medicare FFS (Original Medicare),Medicare FFS,Medicare (Federal),FIPS 35033,,,787,https://data.cms.gov/summary-statistics-on-beneficiary-enrollment/medicare-and-medicaid-reports/medicare-monthly-enrollment,2026-06,[source: CMS Medicare Monthly Enrollment 2026-06; ORGNL_MDCR_BENES]
NM,Otero,Medicare FFS (Original Medicare),Medicare FFS,Medicare (Federal),FIPS 35035,,,8559,https://data.cms.gov/summary-statistics-on-beneficiary-enrollment/medicare-and-medicaid-reports/medicare-monthly-enrollment,2026-06,[source: CMS Medicare Monthly Enrollment 2026-06; ORGNL_MDCR_BENES]
NM,Quay,Medicare FFS (Original Medicare),Medicare FFS,Medicare (Federal),FIPS 35037,,,1453,https://data.cms.gov/summary-statistics-on-beneficiary-enrollment/medicare-and-medicaid-reports/medicare-monthly-enrollment,2026-06,[source: CMS Medicare Monthly Enrollment 2026-06; ORGNL_MDCR_BENES]
NM,Rio Arriba,Medicare FFS (Original Medicare),Medicare FFS,Medicare (Federal),FIPS 35039,,,4769,https://data.cms.gov/summary-statistics-on-beneficiary-enrollment/medicare-and-medicaid-reports/medicare-monthly-enrollment,2026-06,[source: CMS Medicare Monthly Enrollment 2026-06; ORGNL_MDCR_BENES]
NM,Roosevelt,Medicare FFS (Original Medicare),Medicare FFS,Medicare (Federal),FIPS 35041,,,1970,https://data.cms.gov/summary-statistics-on-beneficiary-enrollment/medicare-and-medicaid-reports/medicare-monthly-enrollment,2026-06,[source: CMS Medicare Monthly Enrollment 2026-06; ORGNL_MDCR_BENES]
NM,San Juan,Medicare FFS (Original Medicare),Medicare FFS,Medicare (Federal),FIPS 35045,,,15754,https://data.cms.gov/summary-statistics-on-beneficiary-enrollment/medicare-and-medicaid-reports/medicare-monthly-enrollment,2026-06,[source: CMS Medicare Monthly Enrollment 2026-06; ORGNL_MDCR_BENES]
NM,San Miguel,Medicare FFS (Original Medicare),Medicare FFS,Medicare (Federal),FIPS 35047,,,3227,https://data.cms.gov/summary-statistics-on-beneficiary-enrollment/medicare-and-medicaid-reports/medicare-monthly-enrollment,2026-06,[source: CMS Medicare Monthly Enrollment 2026-06; ORGNL_MDCR_BENES]
NM,Sandoval,Medicare FFS (Original Medicare),Medicare FFS,Medicare (Federal),FIPS 35043,,,16460,https://data.cms.gov/summary-statistics-on-beneficiary-enrollment/medicare-and-medicaid-reports/medicare-monthly-enrollment,2026-06,[source: CMS Medicare Monthly Enrollment 2026-06; ORGNL_MDCR_BENES]
NM,Santa Fe,Medicare FFS (Original Medicare),Medicare FFS,Medicare (Federal),FIPS 35049,,,27333,https://data.cms.gov/summary-statistics-on-beneficiary-enrollment/medicare-and-medicaid-reports/medicare-monthly-enrollment,2026-06,[source: CMS Medicare Monthly Enrollment 2026-06; ORGNL_MDCR_BENES]
NM,Sierra,Medicare FFS (Original Medicare),Medicare FFS,Medicare (Federal),FIPS 35051,,,2163,https://data.cms.gov/summary-statistics-on-beneficiary-enrollment/medicare-and-medicaid-reports/medicare-monthly-enrollment,2026-06,[source: CMS Medicare Monthly Enrollment 2026-06; ORGNL_MDCR_BENES]
NM,Socorro,Medicare FFS (Original Medicare),Medicare FFS,Medicare (Federal),FIPS 35053,,,1814,https://data.cms.gov/summary-statistics-on-beneficiary-enrollment/medicare-and-medicaid-reports/medicare-monthly-enrollment,2026-06,[source: CMS Medicare Monthly Enrollment 2026-06; ORGNL_MDCR_BENES]
NM,Taos,Medicare FFS (Original Medicare),Medicare FFS,Medicare (Federal),FIPS 35055,,,5792,https://data.cms.gov/summary-statistics-on-beneficiary-enrollment/medicare-and-medicaid-reports/medicare-monthly-enrollment,2026-06,[source: CMS Medicare Monthly Enrollment 2026-06; ORGNL_MDCR_BENES]
NM,Torrance,Medicare FFS (Original Medicare),Medicare FFS,Medicare (Federal),FIPS 35057,,,1357,https://data.cms.gov/summary-statistics-on-beneficiary-enrollment/medicare-and-medicaid-reports/medicare-monthly-enrollment,2026-06,[source: CMS Medicare Monthly Enrollment 2026-06; ORGNL_MDCR_BENES]
NM,Union,Medicare FFS (Original Medicare),Medicare FFS,Medicare (Federal),FIPS 35059,,,749,https://data.cms.gov/summary-statistics-on-beneficiary-enrollment/medicare-and-medicaid-reports/medicare-monthly-enrollment,2026-06,[source: CMS Medicare Monthly Enrollment 2026-06; ORGNL_MDCR_BENES]
NM,Valencia,Medicare FFS (Original Medicare),Medicare FFS,Medicare (Federal),FIPS 35061,,,6652,https://data.cms.gov/summary-statistics-on-beneficiary-enrollment/medicare-and-medicaid-reports/medicare-monthly-enrollment,2026-06,[source: CMS Medicare Monthly Enrollment 2026-06; ORGNL_MDCR_BENES]
NV,Carson City,Medicare FFS (Original Medicare),Medicare FFS,Medicare (Federal),FIPS 32510,,,9456,https://data.cms.gov/summary-statistics-on-beneficiary-enrollment/medicare-and-medicaid-reports/medicare-monthly-enrollment,2026-06,[source: CMS Medicare Monthly Enrollment 2026-06; ORGNL_MDCR_BENES]
NV,Churchill,Medicare FFS (Original Medicare),Medicare FFS,Medicare (Federal),FIPS 32001,,,4014,https://data.cms.gov/summary-statistics-on-beneficiary-enrollment/medicare-and-medicaid-reports/medicare-monthly-enrollment,2026-06,[source: CMS Medicare Monthly Enrollment 2026-06; ORGNL_MDCR_BENES]
NV,Clark,Medicare FFS (Original Medicare),Medicare FFS,Medicare (Federal),FIPS 32003,,,185418,https://data.cms.gov/summary-statistics-on-beneficiary-enrollment/medicare-and-medicaid-reports/medicare-monthly-enrollment,2026-06,[source: CMS Medicare Monthly Enrollment 2026-06; ORGNL_MDCR_BENES]
NV,Douglas,Medicare FFS (Original Medicare),Medicare FFS,Medicare (Federal),FIPS 32005,,,13184,https://data.cms.gov/summary-statistics-on-beneficiary-enrollment/medicare-and-medicaid-reports/medicare-monthly-enrollment,2026-06,[source: CMS Medicare Monthly Enrollment 2026-06; ORGNL_MDCR_BENES]
NV,Elko,Medicare FFS (Original Medicare),Medicare FFS,Medicare (Federal),FIPS 32007,,,7884,https://data.cms.gov/summary-statistics-on-beneficiary-enrollment/medicare-and-medicaid-reports/medicare-monthly-enrollment,2026-06,[source: CMS Medicare Monthly Enrollment 2026-06; ORGNL_MDCR_BENES]
NV,Esmeralda,Medicare FFS (Original Medicare),Medicare FFS,Medicare (Federal),FIPS 32009,,,247,https://data.cms.gov/summary-statistics-on-beneficiary-enrollment/medicare-and-medicaid-reports/medicare-monthly-enrollment,2026-06,[source: CMS Medicare Monthly Enrollment 2026-06; ORGNL_MDCR_BENES]
NV,Eureka,Medicare FFS (Original Medicare),Medicare FFS,Medicare (Federal),FIPS 32011,,,360,https://data.cms.gov/summary-statistics-on-beneficiary-enrollment/medicare-and-medicaid-reports/medicare-monthly-enrollment,2026-06,[source: CMS Medicare Monthly Enrollment 2026-06; ORGNL_MDCR_BENES]
NV,Humboldt,Medicare FFS (Original Medicare),Medicare FFS,Medicare (Federal),FIPS 32013,,,3331,https://data.cms.gov/summary-statistics-on-beneficiary-enrollment/medicare-and-medicaid-reports/medicare-monthly-enrollment,2026-06,[source: CMS Medicare Monthly Enrollment 2026-06; ORGNL_MDCR_BENES]
NV,Lander,Medicare FFS (Original Medicare),Medicare FFS,Medicare (Federal),FIPS 32015,,,1015,https://data.cms.gov/summary-statistics-on-beneficiary-enrollment/medicare-and-medicaid-reports/medicare-monthly-enrollment,2026-06,[source: CMS Medicare Monthly Enrollment 2026-06; ORGNL_MDCR_BENES]
NV,Lincoln,Medicare FFS (Original Medicare),Medicare FFS,Medicare (Federal),FIPS 32017,,,1067,https://data.cms.gov/summary-statistics-on-beneficiary-enrollment/medicare-and-medicaid-reports/medicare-monthly-enrollment,2026-06,[source: CMS Medicare Monthly Enrollment 2026-06; ORGNL_MDCR_BENES]
NV,Lyon,Medicare FFS (Original Medicare),Medicare FFS,Medicare (Federal),FIPS 32019,,,9223,https://data.cms.gov/summary-statistics-on-beneficiary-enrollment/medicare-and-medicaid-reports/medicare-monthly-enrollment,2026-06,[source: CMS Medicare Monthly Enrollment 2026-06; ORGNL_MDCR_BENES]
NV,Mineral,Medicare FFS (Original Medicare),Medicare FFS,Medicare (Federal),FIPS 32021,,,901,https://data.cms.gov/summary-statistics-on-beneficiary-enrollment/medicare-and-medicaid-reports/medicare-monthly-enrollment,2026-06,[source: CMS Medicare Monthly Enrollment 2026-06; ORGNL_MDCR_BENES]
NV,Nye,Medicare FFS (Original Medicare),Medicare FFS,Medicare (Federal),FIPS 32023,,,6857,https://data.cms.gov/summary-statistics-on-beneficiary-enrollment/medicare-and-medicaid-reports/medicare-monthly-enrollment,2026-06,[source: CMS Medicare Monthly Enrollment 2026-06; ORGNL_MDCR_BENES]
NV,Pershing,Medicare FFS (Original Medicare),Medicare FFS,Medicare (Federal),FIPS 32027,,,1080,https://data.cms.gov/summary-statistics-on-beneficiary-enrollment/medicare-and-medicaid-reports/medicare-monthly-enrollment,2026-06,[source: CMS Medicare Monthly Enrollment 2026-06; ORGNL_MDCR_BENES]
NV,Storey,Medicare FFS (Original Medicare),Medicare FFS,Medicare (Federal),FIPS 32029,,,630,https://data.cms.gov/summary-statistics-on-beneficiary-enrollment/medicare-and-medicaid-reports/medicare-monthly-enrollment,2026-06,[source: CMS Medicare Monthly Enrollment 2026-06; ORGNL_MDCR_BENES]
NV,Washoe,Medicare FFS (Original Medicare),Medicare FFS,Medicare (Federal),FIPS 32031,,,55365,https://data.cms.gov/summary-statistics-on-beneficiary-enrollment/medicare-and-medicaid-reports/medicare-monthly-enrollment,2026-06,[source: CMS Medicare Monthly Enrollment 2026-06; ORGNL_MDCR_BENES]
NV,White Pine,Medicare FFS (Original Medicare),Medicare FFS,Medicare (Federal),FIPS 32033,,,1926,https://data.cms.gov/summary-statistics-on-beneficiary-enrollment/medicare-and-medicaid-reports/medicare-monthly-enrollment,2026-06,[source: CMS Medicare Monthly Enrollment 2026-06; ORGNL_MDCR_BENES]
NY,Albany,Medicare FFS (Original Medicare),Medicare FFS,Medicare (Federal),FIPS 36001,,,28935,https://data.cms.gov/summary-statistics-on-beneficiary-enrollment/medicare-and-medicaid-reports/medicare-monthly-enrollment,2026-06,[source: CMS Medicare Monthly Enrollment 2026-06; ORGNL_MDCR_BENES]
NY,Allegany,Medicare FFS (Original Medicare),Medicare FFS,Medicare (Federal),FIPS 36003,,,4549,https://data.cms.gov/summary-statistics-on-beneficiary-enrollment/medicare-and-medicaid-reports/medicare-monthly-enrollment,2026-06,[source: CMS Medicare Monthly Enrollment 2026-06; ORGNL_MDCR_BENES]
NY,Bronx,Medicare FFS (Original Medicare),Medicare FFS,Medicare (Federal),FIPS 36005,,,67417,https://data.cms.gov/summary-statistics-on-beneficiary-enrollment/medicare-and-medicaid-reports/medicare-monthly-enrollment,2026-06,[source: CMS Medicare Monthly Enrollment 2026-06; ORGNL_MDCR_BENES]
NY,Broome,Medicare FFS (Original Medicare),Medicare FFS,Medicare (Federal),FIPS 36007,,,17232,https://data.cms.gov/summary-statistics-on-beneficiary-enrollment/medicare-and-medicaid-reports/medicare-monthly-enrollment,2026-06,[source: CMS Medicare Monthly Enrollment 2026-06; ORGNL_MDCR_BENES]
NY,Cattaraugus,Medicare FFS (Original Medicare),Medicare FFS,Medicare (Federal),FIPS 36009,,,6527,https://data.cms.gov/summary-statistics-on-beneficiary-enrollment/medicare-and-medicaid-reports/medicare-monthly-enrollment,2026-06,[source: CMS Medicare Monthly Enrollment 2026-06; ORGNL_MDCR_BENES]
NY,Cayuga,Medicare FFS (Original Medicare),Medicare FFS,Medicare (Federal),FIPS 36011,,,8207,https://data.cms.gov/summary-statistics-on-beneficiary-enrollment/medicare-and-medicaid-reports/medicare-monthly-enrollment,2026-06,[source: CMS Medicare Monthly Enrollment 2026-06; ORGNL_MDCR_BENES]
NY,Chautauqua,Medicare FFS (Original Medicare),Medicare FFS,Medicare (Federal),FIPS 36013,,,11211,https://data.cms.gov/summary-statistics-on-beneficiary-enrollment/medicare-and-medicaid-reports/medicare-monthly-enrollment,2026-06,[source: CMS Medicare Monthly Enrollment 2026-06; ORGNL_MDCR_BENES]
NY,Chemung,Medicare FFS (Original Medicare),Medicare FFS,Medicare (Federal),FIPS 36015,,,7906,https://data.cms.gov/summary-statistics-on-beneficiary-enrollment/medicare-and-medicaid-reports/medicare-monthly-enrollment,2026-06,[source: CMS Medicare Monthly Enrollment 2026-06; ORGNL_MDCR_BENES]
NY,Chenango,Medicare FFS (Original Medicare),Medicare FFS,Medicare (Federal),FIPS 36017,,,4936,https://data.cms.gov/summary-statistics-on-beneficiary-enrollment/medicare-and-medicaid-reports/medicare-monthly-enrollment,2026-06,[source: CMS Medicare Monthly Enrollment 2026-06; ORGNL_MDCR_BENES]
NY,Clinton,Medicare FFS (Original Medicare),Medicare FFS,Medicare (Federal),FIPS 36019,,,12081,https://data.cms.gov/summary-statistics-on-beneficiary-enrollment/medicare-and-medicaid-reports/medicare-monthly-enrollment,2026-06,[source: CMS Medicare Monthly Enrollment 2026-06; ORGNL_MDCR_BENES]
NY,Columbia,Medicare FFS (Original Medicare),Medicare FFS,Medicare (Federal),FIPS 36021,,,10030,https://data.cms.gov/summary-statistics-on-beneficiary-enrollment/medicare-and-medicaid-reports/medicare-monthly-enrollment,2026-06,[source: CMS Medicare Monthly Enrollment 2026-06; ORGNL_MDCR_BENES]
NY,Cortland,Medicare FFS (Original Medicare),Medicare FFS,Medicare (Federal),FIPS 36023,,,4841,https://data.cms.gov/summary-statistics-on-beneficiary-enrollment/medicare-and-medicaid-reports/medicare-monthly-enrollment,2026-06,[source: CMS Medicare Monthly Enrollment 2026-06; ORGNL_MDCR_BENES]
NY,Delaware,Medicare FFS (Original Medicare),Medicare FFS,Medicare (Federal),FIPS 36025,,,6372,https://data.cms.gov/summary-statistics-on-beneficiary-enrollment/medicare-and-medicaid-reports/medicare-monthly-enrollment,2026-06,[source: CMS Medicare Monthly Enrollment 2026-06; ORGNL_MDCR_BENES]
NY,Dutchess,Medicare FFS (Original Medicare),Medicare FFS,Medicare (Federal),FIPS 36027,,,40220,https://data.cms.gov/summary-statistics-on-beneficiary-enrollment/medicare-and-medicaid-reports/medicare-monthly-enrollment,2026-06,[source: CMS Medicare Monthly Enrollment 2026-06; ORGNL_MDCR_BENES]
NY,Erie,Medicare FFS (Original Medicare),Medicare FFS,Medicare (Federal),FIPS 36029,,,62088,https://data.cms.gov/summary-statistics-on-beneficiary-enrollment/medicare-and-medicaid-reports/medicare-monthly-enrollment,2026-06,[source: CMS Medicare Monthly Enrollment 2026-06; ORGNL_MDCR_BENES]
NY,Essex,Medicare FFS (Original Medicare),Medicare FFS,Medicare (Federal),FIPS 36031,,,6316,https://data.cms.gov/summary-statistics-on-beneficiary-enrollment/medicare-and-medicaid-reports/medicare-monthly-enrollment,2026-06,[source: CMS Medicare Monthly Enrollment 2026-06; ORGNL_MDCR_BENES]
NY,Franklin,Medicare FFS (Original Medicare),Medicare FFS,Medicare (Federal),FIPS 36033,,,7093,https://data.cms.gov/summary-statistics-on-beneficiary-enrollment/medicare-and-medicaid-reports/medicare-monthly-enrollment,2026-06,[source: CMS Medicare Monthly Enrollment 2026-06; ORGNL_MDCR_BENES]
NY,Fulton,Medicare FFS (Original Medicare),Medicare FFS,Medicare (Federal),FIPS 36035,,,4720,https://data.cms.gov/summary-statistics-on-beneficiary-enrollment/medicare-and-medicaid-reports/medicare-monthly-enrollment,2026-06,[source: CMS Medicare Monthly Enrollment 2026-06; ORGNL_MDCR_BENES]
NY,Genesee,Medicare FFS (Original Medicare),Medicare FFS,Medicare (Federal),FIPS 36037,,,4328,https://data.cms.gov/summary-statistics-on-beneficiary-enrollment/medicare-and-medicaid-reports/medicare-monthly-enrollment,2026-06,[source: CMS Medicare Monthly Enrollment 2026-06; ORGNL_MDCR_BENES]
NY,Greene,Medicare FFS (Original Medicare),Medicare FFS,Medicare (Federal),FIPS 36039,,,6301,https://data.cms.gov/summary-statistics-on-beneficiary-enrollment/medicare-and-medicaid-reports/medicare-monthly-enrollment,2026-06,[source: CMS Medicare Monthly Enrollment 2026-06; ORGNL_MDCR_BENES]
NY,Hamilton,Medicare FFS (Original Medicare),Medicare FFS,Medicare (Federal),FIPS 36041,,,946,https://data.cms.gov/summary-statistics-on-beneficiary-enrollment/medicare-and-medicaid-reports/medicare-monthly-enrollment,2026-06,[source: CMS Medicare Monthly Enrollment 2026-06; ORGNL_MDCR_BENES]
NY,Herkimer,Medicare FFS (Original Medicare),Medicare FFS,Medicare (Federal),FIPS 36043,,,6788,https://data.cms.gov/summary-statistics-on-beneficiary-enrollment/medicare-and-medicaid-reports/medicare-monthly-enrollment,2026-06,[source: CMS Medicare Monthly Enrollment 2026-06; ORGNL_MDCR_BENES]
NY,Jefferson,Medicare FFS (Original Medicare),Medicare FFS,Medicare (Federal),FIPS 36045,,,11270,https://data.cms.gov/summary-statistics-on-beneficiary-enrollment/medicare-and-medicaid-reports/medicare-monthly-enrollment,2026-06,[source: CMS Medicare Monthly Enrollment 2026-06; ORGNL_MDCR_BENES]
NY,Kings,Medicare FFS (Original Medicare),Medicare FFS,Medicare (Federal),FIPS 36047,,,175279,https://data.cms.gov/summary-statistics-on-beneficiary-enrollment/medicare-and-medicaid-reports/medicare-monthly-enrollment,2026-06,[source: CMS Medicare Monthly Enrollment 2026-06; ORGNL_MDCR_BENES]
NY,Lewis,Medicare FFS (Original Medicare),Medicare FFS,Medicare (Federal),FIPS 36049,,,2867,https://data.cms.gov/summary-statistics-on-beneficiary-enrollment/medicare-and-medicaid-reports/medicare-monthly-enrollment,2026-06,[source: CMS Medicare Monthly Enrollment 2026-06; ORGNL_MDCR_BENES]
NY,Livingston,Medicare FFS (Original Medicare),Medicare FFS,Medicare (Federal),FIPS 36051,,,4195,https://data.cms.gov/summary-statistics-on-beneficiary-enrollment/medicare-and-medicaid-reports/medicare-monthly-enrollment,2026-06,[source: CMS Medicare Monthly Enrollment 2026-06; ORGNL_MDCR_BENES]
NY,Madison,Medicare FFS (Original Medicare),Medicare FFS,Medicare (Federal),FIPS 36053,,,6837,https://data.cms.gov/summary-statistics-on-beneficiary-enrollment/medicare-and-medicaid-reports/medicare-monthly-enrollment,2026-06,[source: CMS Medicare Monthly Enrollment 2026-06; ORGNL_MDCR_BENES]
NY,Monroe,Medicare FFS (Original Medicare),Medicare FFS,Medicare (Federal),FIPS 36055,,,40729,https://data.cms.gov/summary-statistics-on-beneficiary-enrollment/medicare-and-medicaid-reports/medicare-monthly-enrollment,2026-06,[source: CMS Medicare Monthly Enrollment 2026-06; ORGNL_MDCR_BENES]
NY,Montgomery,Medicare FFS (Original Medicare),Medicare FFS,Medicare (Federal),FIPS 36057,,,4399,https://data.cms.gov/summary-statistics-on-beneficiary-enrollment/medicare-and-medicaid-reports/medicare-monthly-enrollment,2026-06,[source: CMS Medicare Monthly Enrollment 2026-06; ORGNL_MDCR_BENES]
NY,Nassau,Medicare FFS (Original Medicare),Medicare FFS,Medicare (Federal),FIPS 36059,,,202740,https://data.cms.gov/summary-statistics-on-beneficiary-enrollment/medicare-and-medicaid-reports/medicare-monthly-enrollment,2026-06,[source: CMS Medicare Monthly Enrollment 2026-06; ORGNL_MDCR_BENES]
NY,New York,Medicare FFS (Original Medicare),Medicare FFS,Medicare (Federal),FIPS 36061,,,158068,https://data.cms.gov/summary-statistics-on-beneficiary-enrollment/medicare-and-medicaid-reports/medicare-monthly-enrollment,2026-06,[source: CMS Medicare Monthly Enrollment 2026-06; ORGNL_MDCR_BENES]
NY,Niagara,Medicare FFS (Original Medicare),Medicare FFS,Medicare (Federal),FIPS 36063,,,15013,https://data.cms.gov/summary-statistics-on-beneficiary-enrollment/medicare-and-medicaid-reports/medicare-monthly-enrollment,2026-06,[source: CMS Medicare Monthly Enrollment 2026-06; ORGNL_MDCR_BENES]
NY,Oneida,Medicare FFS (Original Medicare),Medicare FFS,Medicare (Federal),FIPS 36065,,,24631,https://data.cms.gov/summary-statistics-on-beneficiary-enrollment/medicare-and-medicaid-reports/medicare-monthly-enrollment,2026-06,[source: CMS Medicare Monthly Enrollment 2026-06; ORGNL_MDCR_BENES]
NY,Onondaga,Medicare FFS (Original Medicare),Medicare FFS,Medicare (Federal),FIPS 36067,,,38998,https://data.cms.gov/summary-statistics-on-beneficiary-enrollment/medicare-and-medicaid-reports/medicare-monthly-enrollment,2026-06,[source: CMS Medicare Monthly Enrollment 2026-06; ORGNL_MDCR_BENES]
NY,Ontario,Medicare FFS (Original Medicare),Medicare FFS,Medicare (Federal),FIPS 36069,,,8130,https://data.cms.gov/summary-statistics-on-beneficiary-enrollment/medicare-and-medicaid-reports/medicare-monthly-enrollment,2026-06,[source: CMS Medicare Monthly Enrollment 2026-06; ORGNL_MDCR_BENES]
NY,Orange,Medicare FFS (Original Medicare),Medicare FFS,Medicare (Federal),FIPS 36071,,,45161,https://data.cms.gov/summary-statistics-on-beneficiary-enrollment/medicare-and-medicaid-reports/medicare-monthly-enrollment,2026-06,[source: CMS Medicare Monthly Enrollment 2026-06; ORGNL_MDCR_BENES]
NY,Orleans,Medicare FFS (Original Medicare),Medicare FFS,Medicare (Federal),FIPS 36073,,,2884,https://data.cms.gov/summary-statistics-on-beneficiary-enrollment/medicare-and-medicaid-reports/medicare-monthly-enrollment,2026-06,[source: CMS Medicare Monthly Enrollment 2026-06; ORGNL_MDCR_BENES]
NY,Oswego,Medicare FFS (Original Medicare),Medicare FFS,Medicare (Federal),FIPS 36075,,,10511,https://data.cms.gov/summary-statistics-on-beneficiary-enrollment/medicare-and-medicaid-reports/medicare-monthly-enrollment,2026-06,[source: CMS Medicare Monthly Enrollment 2026-06; ORGNL_MDCR_BENES]
NY,Otsego,Medicare FFS (Original Medicare),Medicare FFS,Medicare (Federal),FIPS 36077,,,8554,https://data.cms.gov/summary-statistics-on-beneficiary-enrollment/medicare-and-medicaid-reports/medicare-monthly-enrollment,2026-06,[source: CMS Medicare Monthly Enrollment 2026-06; ORGNL_MDCR_BENES]
NY,Putnam,Medicare FFS (Original Medicare),Medicare FFS,Medicare (Federal),FIPS 36079,,,14166,https://data.cms.gov/summary-statistics-on-beneficiary-enrollment/medicare-and-medicaid-reports/medicare-monthly-enrollment,2026-06,[source: CMS Medicare Monthly Enrollment 2026-06; ORGNL_MDCR_BENES]
NY,Queens,Medicare FFS (Original Medicare),Medicare FFS,Medicare (Federal),FIPS 36081,,,165060,https://data.cms.gov/summary-statistics-on-beneficiary-enrollment/medicare-and-medicaid-reports/medicare-monthly-enrollment,2026-06,[source: CMS Medicare Monthly Enrollment 2026-06; ORGNL_MDCR_BENES]
NY,Rensselaer,Medicare FFS (Original Medicare),Medicare FFS,Medicare (Federal),FIPS 36083,,,15136,https://data.cms.gov/summary-statistics-on-beneficiary-enrollment/medicare-and-medicaid-reports/medicare-monthly-enrollment,2026-06,[source: CMS Medicare Monthly Enrollment 2026-06; ORGNL_MDCR_BENES]
NY,Richmond,Medicare FFS (Original Medicare),Medicare FFS,Medicare (Federal),FIPS 36085,,,52748,https://data.cms.gov/summary-statistics-on-beneficiary-enrollment/medicare-and-medicaid-reports/medicare-monthly-enrollment,2026-06,[source: CMS Medicare Monthly Enrollment 2026-06; ORGNL_MDCR_BENES]
NY,Rockland,Medicare FFS (Original Medicare),Medicare FFS,Medicare (Federal),FIPS 36087,,,40690,https://data.cms.gov/summary-statistics-on-beneficiary-enrollment/medicare-and-medicaid-reports/medicare-monthly-enrollment,2026-06,[source: CMS Medicare Monthly Enrollment 2026-06; ORGNL_MDCR_BENES]
NY,Saratoga,Medicare FFS (Original Medicare),Medicare FFS,Medicare (Federal),FIPS 36091,,,24574,https://data.cms.gov/summary-statistics-on-beneficiary-enrollment/medicare-and-medicaid-reports/medicare-monthly-enrollment,2026-06,[source: CMS Medicare Monthly Enrollment 2026-06; ORGNL_MDCR_BENES]
NY,Schenectady,Medicare FFS (Original Medicare),Medicare FFS,Medicare (Federal),FIPS 36093,,,12938,https://data.cms.gov/summary-statistics-on-beneficiary-enrollment/medicare-and-medicaid-reports/medicare-monthly-enrollment,2026-06,[source: CMS Medicare Monthly Enrollment 2026-06; ORGNL_MDCR_BENES]
NY,Schoharie,Medicare FFS (Original Medicare),Medicare FFS,Medicare (Federal),FIPS 36095,,,4119,https://data.cms.gov/summary-statistics-on-beneficiary-enrollment/medicare-and-medicaid-reports/medicare-monthly-enrollment,2026-06,[source: CMS Medicare Monthly Enrollment 2026-06; ORGNL_MDCR_BENES]
NY,Schuyler,Medicare FFS (Original Medicare),Medicare FFS,Medicare (Federal),FIPS 36097,,,2168,https://data.cms.gov/summary-statistics-on-beneficiary-enrollment/medicare-and-medicaid-reports/medicare-monthly-enrollment,2026-06,[source: CMS Medicare Monthly Enrollment 2026-06; ORGNL_MDCR_BENES]
NY,Seneca,Medicare FFS (Original Medicare),Medicare FFS,Medicare (Federal),FIPS 36099,,,3169,https://data.cms.gov/summary-statistics-on-beneficiary-enrollment/medicare-and-medicaid-reports/medicare-monthly-enrollment,2026-06,[source: CMS Medicare Monthly Enrollment 2026-06; ORGNL_MDCR_BENES]
NY,St. Lawrence,Medicare FFS (Original Medicare),Medicare FFS,Medicare (Federal),FIPS 36089,,,12921,https://data.cms.gov/summary-statistics-on-beneficiary-enrollment/medicare-and-medicaid-reports/medicare-monthly-enrollment,2026-06,[source: CMS Medicare Monthly Enrollment 2026-06; ORGNL_MDCR_BENES]
NY,Steuben,Medicare FFS (Original Medicare),Medicare FFS,Medicare (Federal),FIPS 36101,,,9111,https://data.cms.gov/summary-statistics-on-beneficiary-enrollment/medicare-and-medicaid-reports/medicare-monthly-enrollment,2026-06,[source: CMS Medicare Monthly Enrollment 2026-06; ORGNL_MDCR_BENES]
NY,Suffolk,Medicare FFS (Original Medicare),Medicare FFS,Medicare (Federal),FIPS 36103,,,234968,https://data.cms.gov/summary-statistics-on-beneficiary-enrollment/medicare-and-medicaid-reports/medicare-monthly-enrollment,2026-06,[source: CMS Medicare Monthly Enrollment 2026-06; ORGNL_MDCR_BENES]
NY,Sullivan,Medicare FFS (Original Medicare),Medicare FFS,Medicare (Federal),FIPS 36105,,,11312,https://data.cms.gov/summary-statistics-on-beneficiary-enrollment/medicare-and-medicaid-reports/medicare-monthly-enrollment,2026-06,[source: CMS Medicare Monthly Enrollment 2026-06; ORGNL_MDCR_BENES]
NY,Tioga,Medicare FFS (Original Medicare),Medicare FFS,Medicare (Federal),FIPS 36107,,,4337,https://data.cms.gov/summary-statistics-on-beneficiary-enrollment/medicare-and-medicaid-reports/medicare-monthly-enrollment,2026-06,[source: CMS Medicare Monthly Enrollment 2026-06; ORGNL_MDCR_BENES]
NY,Tompkins,Medicare FFS (Original Medicare),Medicare FFS,Medicare (Federal),FIPS 36109,,,10422,https://data.cms.gov/summary-statistics-on-beneficiary-enrollment/medicare-and-medicaid-reports/medicare-monthly-enrollment,2026-06,[source: CMS Medicare Monthly Enrollment 2026-06; ORGNL_MDCR_BENES]
NY,Ulster,Medicare FFS (Original Medicare),Medicare FFS,Medicare (Federal),FIPS 36111,,,26483,https://data.cms.gov/summary-statistics-on-beneficiary-enrollment/medicare-and-medicaid-reports/medicare-monthly-enrollment,2026-06,[source: CMS Medicare Monthly Enrollment 2026-06; ORGNL_MDCR_BENES]
NY,Warren,Medicare FFS (Original Medicare),Medicare FFS,Medicare (Federal),FIPS 36113,,,7991,https://data.cms.gov/summary-statistics-on-beneficiary-enrollment/medicare-and-medicaid-reports/medicare-monthly-enrollment,2026-06,[source: CMS Medicare Monthly Enrollment 2026-06; ORGNL_MDCR_BENES]
NY,Washington,Medicare FFS (Original Medicare),Medicare FFS,Medicare (Federal),FIPS 36115,,,6277,https://data.cms.gov/summary-statistics-on-beneficiary-enrollment/medicare-and-medicaid-reports/medicare-monthly-enrollment,2026-06,[source: CMS Medicare Monthly Enrollment 2026-06; ORGNL_MDCR_BENES]
NY,Wayne,Medicare FFS (Original Medicare),Medicare FFS,Medicare (Federal),FIPS 36117,,,6652,https://data.cms.gov/summary-statistics-on-beneficiary-enrollment/medicare-and-medicaid-reports/medicare-monthly-enrollment,2026-06,[source: CMS Medicare Monthly Enrollment 2026-06; ORGNL_MDCR_BENES]
NY,Westchester,Medicare FFS (Original Medicare),Medicare FFS,Medicare (Federal),FIPS 36119,,,121376,https://data.cms.gov/summary-statistics-on-beneficiary-enrollment/medicare-and-medicaid-reports/medicare-monthly-enrollment,2026-06,[source: CMS Medicare Monthly Enrollment 2026-06; ORGNL_MDCR_BENES]
NY,Wyoming,Medicare FFS (Original Medicare),Medicare FFS,Medicare (Federal),FIPS 36121,,,3142,https://data.cms.gov/summary-statistics-on-beneficiary-enrollment/medicare-and-medicaid-reports/medicare-monthly-enrollment,2026-06,[source: CMS Medicare Monthly Enrollment 2026-06; ORGNL_MDCR_BENES]
NY,Yates,Medicare FFS (Original Medicare),Medicare FFS,Medicare (Federal),FIPS 36123,,,1984,https://data.cms.gov/summary-statistics-on-beneficiary-enrollment/medicare-and-medicaid-reports/medicare-monthly-enrollment,2026-06,[source: CMS Medicare Monthly Enrollment 2026-06; ORGNL_MDCR_BENES]
OH,Adams,Medicare FFS (Original Medicare),Medicare FFS,Medicare (Federal),FIPS 39001,,,3219,https://data.cms.gov/summary-statistics-on-beneficiary-enrollment/medicare-and-medicaid-reports/medicare-monthly-enrollment,2026-06,[source: CMS Medicare Monthly Enrollment 2026-06; ORGNL_MDCR_BENES]
OH,Allen,Medicare FFS (Original Medicare),Medicare FFS,Medicare (Federal),FIPS 39003,,,11668,https://data.cms.gov/summary-statistics-on-beneficiary-enrollment/medicare-and-medicaid-reports/medicare-monthly-enrollment,2026-06,[source: CMS Medicare Monthly Enrollment 2026-06; ORGNL_MDCR_BENES]
OH,Ashland,Medicare FFS (Original Medicare),Medicare FFS,Medicare (Federal),FIPS 39005,,,5480,https://data.cms.gov/summary-statistics-on-beneficiary-enrollment/medicare-and-medicaid-reports/medicare-monthly-enrollment,2026-06,[source: CMS Medicare Monthly Enrollment 2026-06; ORGNL_MDCR_BENES]
OH,Ashtabula,Medicare FFS (Original Medicare),Medicare FFS,Medicare (Federal),FIPS 39007,,,11718,https://data.cms.gov/summary-statistics-on-beneficiary-enrollment/medicare-and-medicaid-reports/medicare-monthly-enrollment,2026-06,[source: CMS Medicare Monthly Enrollment 2026-06; ORGNL_MDCR_BENES]
OH,Athens,Medicare FFS (Original Medicare),Medicare FFS,Medicare (Federal),FIPS 39009,,,5569,https://data.cms.gov/summary-statistics-on-beneficiary-enrollment/medicare-and-medicaid-reports/medicare-monthly-enrollment,2026-06,[source: CMS Medicare Monthly Enrollment 2026-06; ORGNL_MDCR_BENES]
OH,Auglaize,Medicare FFS (Original Medicare),Medicare FFS,Medicare (Federal),FIPS 39011,,,7118,https://data.cms.gov/summary-statistics-on-beneficiary-enrollment/medicare-and-medicaid-reports/medicare-monthly-enrollment,2026-06,[source: CMS Medicare Monthly Enrollment 2026-06; ORGNL_MDCR_BENES]
OH,Belmont,Medicare FFS (Original Medicare),Medicare FFS,Medicare (Federal),FIPS 39013,,,7215,https://data.cms.gov/summary-statistics-on-beneficiary-enrollment/medicare-and-medicaid-reports/medicare-monthly-enrollment,2026-06,[source: CMS Medicare Monthly Enrollment 2026-06; ORGNL_MDCR_BENES]
OH,Brown,Medicare FFS (Original Medicare),Medicare FFS,Medicare (Federal),FIPS 39015,,,3987,https://data.cms.gov/summary-statistics-on-beneficiary-enrollment/medicare-and-medicaid-reports/medicare-monthly-enrollment,2026-06,[source: CMS Medicare Monthly Enrollment 2026-06; ORGNL_MDCR_BENES]
OH,Butler,Medicare FFS (Original Medicare),Medicare FFS,Medicare (Federal),FIPS 39017,,,33927,https://data.cms.gov/summary-statistics-on-beneficiary-enrollment/medicare-and-medicaid-reports/medicare-monthly-enrollment,2026-06,[source: CMS Medicare Monthly Enrollment 2026-06; ORGNL_MDCR_BENES]
OH,Carroll,Medicare FFS (Original Medicare),Medicare FFS,Medicare (Federal),FIPS 39019,,,2351,https://data.cms.gov/summary-statistics-on-beneficiary-enrollment/medicare-and-medicaid-reports/medicare-monthly-enrollment,2026-06,[source: CMS Medicare Monthly Enrollment 2026-06; ORGNL_MDCR_BENES]
OH,Champaign,Medicare FFS (Original Medicare),Medicare FFS,Medicare (Federal),FIPS 39021,,,4129,https://data.cms.gov/summary-statistics-on-beneficiary-enrollment/medicare-and-medicaid-reports/medicare-monthly-enrollment,2026-06,[source: CMS Medicare Monthly Enrollment 2026-06; ORGNL_MDCR_BENES]
OH,Clark,Medicare FFS (Original Medicare),Medicare FFS,Medicare (Federal),FIPS 39023,,,12770,https://data.cms.gov/summary-statistics-on-beneficiary-enrollment/medicare-and-medicaid-reports/medicare-monthly-enrollment,2026-06,[source: CMS Medicare Monthly Enrollment 2026-06; ORGNL_MDCR_BENES]
OH,Clermont,Medicare FFS (Original Medicare),Medicare FFS,Medicare (Federal),FIPS 39025,,,20450,https://data.cms.gov/summary-statistics-on-beneficiary-enrollment/medicare-and-medicaid-reports/medicare-monthly-enrollment,2026-06,[source: CMS Medicare Monthly Enrollment 2026-06; ORGNL_MDCR_BENES]
OH,Clinton,Medicare FFS (Original Medicare),Medicare FFS,Medicare (Federal),FIPS 39027,,,4508,https://data.cms.gov/summary-statistics-on-beneficiary-enrollment/medicare-and-medicaid-reports/medicare-monthly-enrollment,2026-06,[source: CMS Medicare Monthly Enrollment 2026-06; ORGNL_MDCR_BENES]
OH,Columbiana,Medicare FFS (Original Medicare),Medicare FFS,Medicare (Federal),FIPS 39029,,,10431,https://data.cms.gov/summary-statistics-on-beneficiary-enrollment/medicare-and-medicaid-reports/medicare-monthly-enrollment,2026-06,[source: CMS Medicare Monthly Enrollment 2026-06; ORGNL_MDCR_BENES]
OH,Coshocton,Medicare FFS (Original Medicare),Medicare FFS,Medicare (Federal),FIPS 39031,,,3971,https://data.cms.gov/summary-statistics-on-beneficiary-enrollment/medicare-and-medicaid-reports/medicare-monthly-enrollment,2026-06,[source: CMS Medicare Monthly Enrollment 2026-06; ORGNL_MDCR_BENES]
OH,Crawford,Medicare FFS (Original Medicare),Medicare FFS,Medicare (Federal),FIPS 39033,,,5664,https://data.cms.gov/summary-statistics-on-beneficiary-enrollment/medicare-and-medicaid-reports/medicare-monthly-enrollment,2026-06,[source: CMS Medicare Monthly Enrollment 2026-06; ORGNL_MDCR_BENES]
OH,Cuyahoga,Medicare FFS (Original Medicare),Medicare FFS,Medicare (Federal),FIPS 39035,,,120109,https://data.cms.gov/summary-statistics-on-beneficiary-enrollment/medicare-and-medicaid-reports/medicare-monthly-enrollment,2026-06,[source: CMS Medicare Monthly Enrollment 2026-06; ORGNL_MDCR_BENES]
OH,Darke,Medicare FFS (Original Medicare),Medicare FFS,Medicare (Federal),FIPS 39037,,,7153,https://data.cms.gov/summary-statistics-on-beneficiary-enrollment/medicare-and-medicaid-reports/medicare-monthly-enrollment,2026-06,[source: CMS Medicare Monthly Enrollment 2026-06; ORGNL_MDCR_BENES]
OH,Defiance,Medicare FFS (Original Medicare),Medicare FFS,Medicare (Federal),FIPS 39039,,,4646,https://data.cms.gov/summary-statistics-on-beneficiary-enrollment/medicare-and-medicaid-reports/medicare-monthly-enrollment,2026-06,[source: CMS Medicare Monthly Enrollment 2026-06; ORGNL_MDCR_BENES]
OH,Delaware,Medicare FFS (Original Medicare),Medicare FFS,Medicare (Federal),FIPS 39041,,,22413,https://data.cms.gov/summary-statistics-on-beneficiary-enrollment/medicare-and-medicaid-reports/medicare-monthly-enrollment,2026-06,[source: CMS Medicare Monthly Enrollment 2026-06; ORGNL_MDCR_BENES]
OH,Erie,Medicare FFS (Original Medicare),Medicare FFS,Medicare (Federal),FIPS 39043,,,10904,https://data.cms.gov/summary-statistics-on-beneficiary-enrollment/medicare-and-medicaid-reports/medicare-monthly-enrollment,2026-06,[source: CMS Medicare Monthly Enrollment 2026-06; ORGNL_MDCR_BENES]
OH,Fairfield,Medicare FFS (Original Medicare),Medicare FFS,Medicare (Federal),FIPS 39045,,,13732,https://data.cms.gov/summary-statistics-on-beneficiary-enrollment/medicare-and-medicaid-reports/medicare-monthly-enrollment,2026-06,[source: CMS Medicare Monthly Enrollment 2026-06; ORGNL_MDCR_BENES]
OH,Fayette,Medicare FFS (Original Medicare),Medicare FFS,Medicare (Federal),FIPS 39047,,,2990,https://data.cms.gov/summary-statistics-on-beneficiary-enrollment/medicare-and-medicaid-reports/medicare-monthly-enrollment,2026-06,[source: CMS Medicare Monthly Enrollment 2026-06; ORGNL_MDCR_BENES]
OH,Franklin,Medicare FFS (Original Medicare),Medicare FFS,Medicare (Federal),FIPS 39049,,,93590,https://data.cms.gov/summary-statistics-on-beneficiary-enrollment/medicare-and-medicaid-reports/medicare-monthly-enrollment,2026-06,[source: CMS Medicare Monthly Enrollment 2026-06; ORGNL_MDCR_BENES]
OH,Fulton,Medicare FFS (Original Medicare),Medicare FFS,Medicare (Federal),FIPS 39051,,,5293,https://data.cms.gov/summary-statistics-on-beneficiary-enrollment/medicare-and-medicaid-reports/medicare-monthly-enrollment,2026-06,[source: CMS Medicare Monthly Enrollment 2026-06; ORGNL_MDCR_BENES]
OH,Gallia,Medicare FFS (Original Medicare),Medicare FFS,Medicare (Federal),FIPS 39053,,,3535,https://data.cms.gov/summary-statistics-on-beneficiary-enrollment/medicare-and-medicaid-reports/medicare-monthly-enrollment,2026-06,[source: CMS Medicare Monthly Enrollment 2026-06; ORGNL_MDCR_BENES]
OH,Geauga,Medicare FFS (Original Medicare),Medicare FFS,Medicare (Federal),FIPS 39055,,,12082,https://data.cms.gov/summary-statistics-on-beneficiary-enrollment/medicare-and-medicaid-reports/medicare-monthly-enrollment,2026-06,[source: CMS Medicare Monthly Enrollment 2026-06; ORGNL_MDCR_BENES]
OH,Greene,Medicare FFS (Original Medicare),Medicare FFS,Medicare (Federal),FIPS 39057,,,18661,https://data.cms.gov/summary-statistics-on-beneficiary-enrollment/medicare-and-medicaid-reports/medicare-monthly-enrollment,2026-06,[source: CMS Medicare Monthly Enrollment 2026-06; ORGNL_MDCR_BENES]
OH,Guernsey,Medicare FFS (Original Medicare),Medicare FFS,Medicare (Federal),FIPS 39059,,,4431,https://data.cms.gov/summary-statistics-on-beneficiary-enrollment/medicare-and-medicaid-reports/medicare-monthly-enrollment,2026-06,[source: CMS Medicare Monthly Enrollment 2026-06; ORGNL_MDCR_BENES]
OH,Hamilton,Medicare FFS (Original Medicare),Medicare FFS,Medicare (Federal),FIPS 39061,,,72073,https://data.cms.gov/summary-statistics-on-beneficiary-enrollment/medicare-and-medicaid-reports/medicare-monthly-enrollment,2026-06,[source: CMS Medicare Monthly Enrollment 2026-06; ORGNL_MDCR_BENES]
OH,Hancock,Medicare FFS (Original Medicare),Medicare FFS,Medicare (Federal),FIPS 39063,,,8943,https://data.cms.gov/summary-statistics-on-beneficiary-enrollment/medicare-and-medicaid-reports/medicare-monthly-enrollment,2026-06,[source: CMS Medicare Monthly Enrollment 2026-06; ORGNL_MDCR_BENES]
OH,Hardin,Medicare FFS (Original Medicare),Medicare FFS,Medicare (Federal),FIPS 39065,,,3220,https://data.cms.gov/summary-statistics-on-beneficiary-enrollment/medicare-and-medicaid-reports/medicare-monthly-enrollment,2026-06,[source: CMS Medicare Monthly Enrollment 2026-06; ORGNL_MDCR_BENES]
OH,Harrison,Medicare FFS (Original Medicare),Medicare FFS,Medicare (Federal),FIPS 39067,,,1671,https://data.cms.gov/summary-statistics-on-beneficiary-enrollment/medicare-and-medicaid-reports/medicare-monthly-enrollment,2026-06,[source: CMS Medicare Monthly Enrollment 2026-06; ORGNL_MDCR_BENES]
OH,Henry,Medicare FFS (Original Medicare),Medicare FFS,Medicare (Federal),FIPS 39069,,,3692,https://data.cms.gov/summary-statistics-on-beneficiary-enrollment/medicare-and-medicaid-reports/medicare-monthly-enrollment,2026-06,[source: CMS Medicare Monthly Enrollment 2026-06; ORGNL_MDCR_BENES]
OH,Highland,Medicare FFS (Original Medicare),Medicare FFS,Medicare (Federal),FIPS 39071,,,4443,https://data.cms.gov/summary-statistics-on-beneficiary-enrollment/medicare-and-medicaid-reports/medicare-monthly-enrollment,2026-06,[source: CMS Medicare Monthly Enrollment 2026-06; ORGNL_MDCR_BENES]
OH,Hocking,Medicare FFS (Original Medicare),Medicare FFS,Medicare (Federal),FIPS 39073,,,3071,https://data.cms.gov/summary-statistics-on-beneficiary-enrollment/medicare-and-medicaid-reports/medicare-monthly-enrollment,2026-06,[source: CMS Medicare Monthly Enrollment 2026-06; ORGNL_MDCR_BENES]
OH,Holmes,Medicare FFS (Original Medicare),Medicare FFS,Medicare (Federal),FIPS 39075,,,2630,https://data.cms.gov/summary-statistics-on-beneficiary-enrollment/medicare-and-medicaid-reports/medicare-monthly-enrollment,2026-06,[source: CMS Medicare Monthly Enrollment 2026-06; ORGNL_MDCR_BENES]
OH,Huron,Medicare FFS (Original Medicare),Medicare FFS,Medicare (Federal),FIPS 39077,,,7520,https://data.cms.gov/summary-statistics-on-beneficiary-enrollment/medicare-and-medicaid-reports/medicare-monthly-enrollment,2026-06,[source: CMS Medicare Monthly Enrollment 2026-06; ORGNL_MDCR_BENES]
OH,Jackson,Medicare FFS (Original Medicare),Medicare FFS,Medicare (Federal),FIPS 39079,,,3520,https://data.cms.gov/summary-statistics-on-beneficiary-enrollment/medicare-and-medicaid-reports/medicare-monthly-enrollment,2026-06,[source: CMS Medicare Monthly Enrollment 2026-06; ORGNL_MDCR_BENES]
OH,Jefferson,Medicare FFS (Original Medicare),Medicare FFS,Medicare (Federal),FIPS 39081,,,8130,https://data.cms.gov/summary-statistics-on-beneficiary-enrollment/medicare-and-medicaid-reports/medicare-monthly-enrollment,2026-06,[source: CMS Medicare Monthly Enrollment 2026-06; ORGNL_MDCR_BENES]
OH,Knox,Medicare FFS (Original Medicare),Medicare FFS,Medicare (Federal),FIPS 39083,,,6777,https://data.cms.gov/summary-statistics-on-beneficiary-enrollment/medicare-and-medicaid-reports/medicare-monthly-enrollment,2026-06,[source: CMS Medicare Monthly Enrollment 2026-06; ORGNL_MDCR_BENES]
OH,Lake,Medicare FFS (Original Medicare),Medicare FFS,Medicare (Federal),FIPS 39085,,,27512,https://data.cms.gov/summary-statistics-on-beneficiary-enrollment/medicare-and-medicaid-reports/medicare-monthly-enrollment,2026-06,[source: CMS Medicare Monthly Enrollment 2026-06; ORGNL_MDCR_BENES]
OH,Lawrence,Medicare FFS (Original Medicare),Medicare FFS,Medicare (Federal),FIPS 39087,,,7198,https://data.cms.gov/summary-statistics-on-beneficiary-enrollment/medicare-and-medicaid-reports/medicare-monthly-enrollment,2026-06,[source: CMS Medicare Monthly Enrollment 2026-06; ORGNL_MDCR_BENES]
OH,Licking,Medicare FFS (Original Medicare),Medicare FFS,Medicare (Federal),FIPS 39089,,,17210,https://data.cms.gov/summary-statistics-on-beneficiary-enrollment/medicare-and-medicaid-reports/medicare-monthly-enrollment,2026-06,[source: CMS Medicare Monthly Enrollment 2026-06; ORGNL_MDCR_BENES]
OH,Logan,Medicare FFS (Original Medicare),Medicare FFS,Medicare (Federal),FIPS 39091,,,6085,https://data.cms.gov/summary-statistics-on-beneficiary-enrollment/medicare-and-medicaid-reports/medicare-monthly-enrollment,2026-06,[source: CMS Medicare Monthly Enrollment 2026-06; ORGNL_MDCR_BENES]
OH,Lorain,Medicare FFS (Original Medicare),Medicare FFS,Medicare (Federal),FIPS 39093,,,32512,https://data.cms.gov/summary-statistics-on-beneficiary-enrollment/medicare-and-medicaid-reports/medicare-monthly-enrollment,2026-06,[source: CMS Medicare Monthly Enrollment 2026-06; ORGNL_MDCR_BENES]
OH,Lucas,Medicare FFS (Original Medicare),Medicare FFS,Medicare (Federal),FIPS 39095,,,39446,https://data.cms.gov/summary-statistics-on-beneficiary-enrollment/medicare-and-medicaid-reports/medicare-monthly-enrollment,2026-06,[source: CMS Medicare Monthly Enrollment 2026-06; ORGNL_MDCR_BENES]
OH,Madison,Medicare FFS (Original Medicare),Medicare FFS,Medicare (Federal),FIPS 39097,,,4187,https://data.cms.gov/summary-statistics-on-beneficiary-enrollment/medicare-and-medicaid-reports/medicare-monthly-enrollment,2026-06,[source: CMS Medicare Monthly Enrollment 2026-06; ORGNL_MDCR_BENES]
OH,Mahoning,Medicare FFS (Original Medicare),Medicare FFS,Medicare (Federal),FIPS 39099,,,21774,https://data.cms.gov/summary-statistics-on-beneficiary-enrollment/medicare-and-medicaid-reports/medicare-monthly-enrollment,2026-06,[source: CMS Medicare Monthly Enrollment 2026-06; ORGNL_MDCR_BENES]
OH,Marion,Medicare FFS (Original Medicare),Medicare FFS,Medicare (Federal),FIPS 39101,,,6264,https://data.cms.gov/summary-statistics-on-beneficiary-enrollment/medicare-and-medicaid-reports/medicare-monthly-enrollment,2026-06,[source: CMS Medicare Monthly Enrollment 2026-06; ORGNL_MDCR_BENES]
OH,Medina,Medicare FFS (Original Medicare),Medicare FFS,Medicare (Federal),FIPS 39103,,,19524,https://data.cms.gov/summary-statistics-on-beneficiary-enrollment/medicare-and-medicaid-reports/medicare-monthly-enrollment,2026-06,[source: CMS Medicare Monthly Enrollment 2026-06; ORGNL_MDCR_BENES]
OH,Meigs,Medicare FFS (Original Medicare),Medicare FFS,Medicare (Federal),FIPS 39105,,,2418,https://data.cms.gov/summary-statistics-on-beneficiary-enrollment/medicare-and-medicaid-reports/medicare-monthly-enrollment,2026-06,[source: CMS Medicare Monthly Enrollment 2026-06; ORGNL_MDCR_BENES]
OH,Mercer,Medicare FFS (Original Medicare),Medicare FFS,Medicare (Federal),FIPS 39107,,,6732,https://data.cms.gov/summary-statistics-on-beneficiary-enrollment/medicare-and-medicaid-reports/medicare-monthly-enrollment,2026-06,[source: CMS Medicare Monthly Enrollment 2026-06; ORGNL_MDCR_BENES]
OH,Miami,Medicare FFS (Original Medicare),Medicare FFS,Medicare (Federal),FIPS 39109,,,11922,https://data.cms.gov/summary-statistics-on-beneficiary-enrollment/medicare-and-medicaid-reports/medicare-monthly-enrollment,2026-06,[source: CMS Medicare Monthly Enrollment 2026-06; ORGNL_MDCR_BENES]
OH,Monroe,Medicare FFS (Original Medicare),Medicare FFS,Medicare (Federal),FIPS 39111,,,1554,https://data.cms.gov/summary-statistics-on-beneficiary-enrollment/medicare-and-medicaid-reports/medicare-monthly-enrollment,2026-06,[source: CMS Medicare Monthly Enrollment 2026-06; ORGNL_MDCR_BENES]
OH,Montgomery,Medicare FFS (Original Medicare),Medicare FFS,Medicare (Federal),FIPS 39113,,,47445,https://data.cms.gov/summary-statistics-on-beneficiary-enrollment/medicare-and-medicaid-reports/medicare-monthly-enrollment,2026-06,[source: CMS Medicare Monthly Enrollment 2026-06; ORGNL_MDCR_BENES]
OH,Morgan,Medicare FFS (Original Medicare),Medicare FFS,Medicare (Federal),FIPS 39115,,,1412,https://data.cms.gov/summary-statistics-on-beneficiary-enrollment/medicare-and-medicaid-reports/medicare-monthly-enrollment,2026-06,[source: CMS Medicare Monthly Enrollment 2026-06; ORGNL_MDCR_BENES]
OH,Morrow,Medicare FFS (Original Medicare),Medicare FFS,Medicare (Federal),FIPS 39117,,,3514,https://data.cms.gov/summary-statistics-on-beneficiary-enrollment/medicare-and-medicaid-reports/medicare-monthly-enrollment,2026-06,[source: CMS Medicare Monthly Enrollment 2026-06; ORGNL_MDCR_BENES]
OH,Muskingum,Medicare FFS (Original Medicare),Medicare FFS,Medicare (Federal),FIPS 39119,,,9463,https://data.cms.gov/summary-statistics-on-beneficiary-enrollment/medicare-and-medicaid-reports/medicare-monthly-enrollment,2026-06,[source: CMS Medicare Monthly Enrollment 2026-06; ORGNL_MDCR_BENES]
OH,Noble,Medicare FFS (Original Medicare),Medicare FFS,Medicare (Federal),FIPS 39121,,,1295,https://data.cms.gov/summary-statistics-on-beneficiary-enrollment/medicare-and-medicaid-reports/medicare-monthly-enrollment,2026-06,[source: CMS Medicare Monthly Enrollment 2026-06; ORGNL_MDCR_BENES]
OH,Ottawa,Medicare FFS (Original Medicare),Medicare FFS,Medicare (Federal),FIPS 39123,,,6421,https://data.cms.gov/summary-statistics-on-beneficiary-enrollment/medicare-and-medicaid-reports/medicare-monthly-enrollment,2026-06,[source: CMS Medicare Monthly Enrollment 2026-06; ORGNL_MDCR_BENES]
OH,Paulding,Medicare FFS (Original Medicare),Medicare FFS,Medicare (Federal),FIPS 39125,,,2246,https://data.cms.gov/summary-statistics-on-beneficiary-enrollment/medicare-and-medicaid-reports/medicare-monthly-enrollment,2026-06,[source: CMS Medicare Monthly Enrollment 2026-06; ORGNL_MDCR_BENES]
OH,Perry,Medicare FFS (Original Medicare),Medicare FFS,Medicare (Federal),FIPS 39127,,,3821,https://data.cms.gov/summary-statistics-on-beneficiary-enrollment/medicare-and-medicaid-reports/medicare-monthly-enrollment,2026-06,[source: CMS Medicare Monthly Enrollment 2026-06; ORGNL_MDCR_BENES]
OH,Pickaway,Medicare FFS (Original Medicare),Medicare FFS,Medicare (Federal),FIPS 39129,,,4937,https://data.cms.gov/summary-statistics-on-beneficiary-enrollment/medicare-and-medicaid-reports/medicare-monthly-enrollment,2026-06,[source: CMS Medicare Monthly Enrollment 2026-06; ORGNL_MDCR_BENES]
OH,Pike,Medicare FFS (Original Medicare),Medicare FFS,Medicare (Federal),FIPS 39131,,,2837,https://data.cms.gov/summary-statistics-on-beneficiary-enrollment/medicare-and-medicaid-reports/medicare-monthly-enrollment,2026-06,[source: CMS Medicare Monthly Enrollment 2026-06; ORGNL_MDCR_BENES]
OH,Portage,Medicare FFS (Original Medicare),Medicare FFS,Medicare (Federal),FIPS 39133,,,13954,https://data.cms.gov/summary-statistics-on-beneficiary-enrollment/medicare-and-medicaid-reports/medicare-monthly-enrollment,2026-06,[source: CMS Medicare Monthly Enrollment 2026-06; ORGNL_MDCR_BENES]
OH,Preble,Medicare FFS (Original Medicare),Medicare FFS,Medicare (Federal),FIPS 39135,,,4570,https://data.cms.gov/summary-statistics-on-beneficiary-enrollment/medicare-and-medicaid-reports/medicare-monthly-enrollment,2026-06,[source: CMS Medicare Monthly Enrollment 2026-06; ORGNL_MDCR_BENES]
OH,Putnam,Medicare FFS (Original Medicare),Medicare FFS,Medicare (Federal),FIPS 39137,,,5060,https://data.cms.gov/summary-statistics-on-beneficiary-enrollment/medicare-and-medicaid-reports/medicare-monthly-enrollment,2026-06,[source: CMS Medicare Monthly Enrollment 2026-06; ORGNL_MDCR_BENES]
OH,Richland,Medicare FFS (Original Medicare),Medicare FFS,Medicare (Federal),FIPS 39139,,,14200,https://data.cms.gov/summary-statistics-on-beneficiary-enrollment/medicare-and-medicaid-reports/medicare-monthly-enrollment,2026-06,[source: CMS Medicare Monthly Enrollment 2026-06; ORGNL_MDCR_BENES]
OH,Ross,Medicare FFS (Original Medicare),Medicare FFS,Medicare (Federal),FIPS 39141,,,7551,https://data.cms.gov/summary-statistics-on-beneficiary-enrollment/medicare-and-medicaid-reports/medicare-monthly-enrollment,2026-06,[source: CMS Medicare Monthly Enrollment 2026-06; ORGNL_MDCR_BENES]
OH,Sandusky,Medicare FFS (Original Medicare),Medicare FFS,Medicare (Federal),FIPS 39143,,,7537,https://data.cms.gov/summary-statistics-on-beneficiary-enrollment/medicare-and-medicaid-reports/medicare-monthly-enrollment,2026-06,[source: CMS Medicare Monthly Enrollment 2026-06; ORGNL_MDCR_BENES]
OH,Scioto,Medicare FFS (Original Medicare),Medicare FFS,Medicare (Federal),FIPS 39145,,,8795,https://data.cms.gov/summary-statistics-on-beneficiary-enrollment/medicare-and-medicaid-reports/medicare-monthly-enrollment,2026-06,[source: CMS Medicare Monthly Enrollment 2026-06; ORGNL_MDCR_BENES]
OH,Seneca,Medicare FFS (Original Medicare),Medicare FFS,Medicare (Federal),FIPS 39147,,,8168,https://data.cms.gov/summary-statistics-on-beneficiary-enrollment/medicare-and-medicaid-reports/medicare-monthly-enrollment,2026-06,[source: CMS Medicare Monthly Enrollment 2026-06; ORGNL_MDCR_BENES]
OH,Shelby,Medicare FFS (Original Medicare),Medicare FFS,Medicare (Federal),FIPS 39149,,,6417,https://data.cms.gov/summary-statistics-on-beneficiary-enrollment/medicare-and-medicaid-reports/medicare-monthly-enrollment,2026-06,[source: CMS Medicare Monthly Enrollment 2026-06; ORGNL_MDCR_BENES]
OH,Stark,Medicare FFS (Original Medicare),Medicare FFS,Medicare (Federal),FIPS 39151,,,30942,https://data.cms.gov/summary-statistics-on-beneficiary-enrollment/medicare-and-medicaid-reports/medicare-monthly-enrollment,2026-06,[source: CMS Medicare Monthly Enrollment 2026-06; ORGNL_MDCR_BENES]
OH,Summit,Medicare FFS (Original Medicare),Medicare FFS,Medicare (Federal),FIPS 39153,,,46563,https://data.cms.gov/summary-statistics-on-beneficiary-enrollment/medicare-and-medicaid-reports/medicare-monthly-enrollment,2026-06,[source: CMS Medicare Monthly Enrollment 2026-06; ORGNL_MDCR_BENES]
OH,Trumbull,Medicare FFS (Original Medicare),Medicare FFS,Medicare (Federal),FIPS 39155,,,19952,https://data.cms.gov/summary-statistics-on-beneficiary-enrollment/medicare-and-medicaid-reports/medicare-monthly-enrollment,2026-06,[source: CMS Medicare Monthly Enrollment 2026-06; ORGNL_MDCR_BENES]
OH,Tuscarawas,Medicare FFS (Original Medicare),Medicare FFS,Medicare (Federal),FIPS 39157,,,8466,https://data.cms.gov/summary-statistics-on-beneficiary-enrollment/medicare-and-medicaid-reports/medicare-monthly-enrollment,2026-06,[source: CMS Medicare Monthly Enrollment 2026-06; ORGNL_MDCR_BENES]
OH,Union,Medicare FFS (Original Medicare),Medicare FFS,Medicare (Federal),FIPS 39159,,,5274,https://data.cms.gov/summary-statistics-on-beneficiary-enrollment/medicare-and-medicaid-reports/medicare-monthly-enrollment,2026-06,[source: CMS Medicare Monthly Enrollment 2026-06; ORGNL_MDCR_BENES]
OH,Van Wert,Medicare FFS (Original Medicare),Medicare FFS,Medicare (Federal),FIPS 39161,,,3490,https://data.cms.gov/summary-statistics-on-beneficiary-enrollment/medicare-and-medicaid-reports/medicare-monthly-enrollment,2026-06,[source: CMS Medicare Monthly Enrollment 2026-06; ORGNL_MDCR_BENES]
OH,Vinton,Medicare FFS (Original Medicare),Medicare FFS,Medicare (Federal),FIPS 39163,,,1300,https://data.cms.gov/summary-statistics-on-beneficiary-enrollment/medicare-and-medicaid-reports/medicare-monthly-enrollment,2026-06,[source: CMS Medicare Monthly Enrollment 2026-06; ORGNL_MDCR_BENES]
OH,Warren,Medicare FFS (Original Medicare),Medicare FFS,Medicare (Federal),FIPS 39165,,,22492,https://data.cms.gov/summary-statistics-on-beneficiary-enrollment/medicare-and-medicaid-reports/medicare-monthly-enrollment,2026-06,[source: CMS Medicare Monthly Enrollment 2026-06; ORGNL_MDCR_BENES]
OH,Washington,Medicare FFS (Original Medicare),Medicare FFS,Medicare (Federal),FIPS 39167,,,9017,https://data.cms.gov/summary-statistics-on-beneficiary-enrollment/medicare-and-medicaid-reports/medicare-monthly-enrollment,2026-06,[source: CMS Medicare Monthly Enrollment 2026-06; ORGNL_MDCR_BENES]
OH,Wayne,Medicare FFS (Original Medicare),Medicare FFS,Medicare (Federal),FIPS 39169,,,11612,https://data.cms.gov/summary-statistics-on-beneficiary-enrollment/medicare-and-medicaid-reports/medicare-monthly-enrollment,2026-06,[source: CMS Medicare Monthly Enrollment 2026-06; ORGNL_MDCR_BENES]
OH,Williams,Medicare FFS (Original Medicare),Medicare FFS,Medicare (Federal),FIPS 39171,,,5158,https://data.cms.gov/summary-statistics-on-beneficiary-enrollment/medicare-and-medicaid-reports/medicare-monthly-enrollment,2026-06,[source: CMS Medicare Monthly Enrollment 2026-06; ORGNL_MDCR_BENES]
OH,Wood,Medicare FFS (Original Medicare),Medicare FFS,Medicare (Federal),FIPS 39173,,,13275,https://data.cms.gov/summary-statistics-on-beneficiary-enrollment/medicare-and-medicaid-reports/medicare-monthly-enrollment,2026-06,[source: CMS Medicare Monthly Enrollment 2026-06; ORGNL_MDCR_BENES]
OH,Wyandot,Medicare FFS (Original Medicare),Medicare FFS,Medicare (Federal),FIPS 39175,,,3174,https://data.cms.gov/summary-statistics-on-beneficiary-enrollment/medicare-and-medicaid-reports/medicare-monthly-enrollment,2026-06,[source: CMS Medicare Monthly Enrollment 2026-06; ORGNL_MDCR_BENES]
OR,Baker,Medicare FFS (Original Medicare),Medicare FFS,Medicare (Federal),FIPS 41001,,,4618,https://data.cms.gov/summary-statistics-on-beneficiary-enrollment/medicare-and-medicaid-reports/medicare-monthly-enrollment,2026-06,[source: CMS Medicare Monthly Enrollment 2026-06; ORGNL_MDCR_BENES]
OR,Benton,Medicare FFS (Original Medicare),Medicare FFS,Medicare (Federal),FIPS 41003,,,9986,https://data.cms.gov/summary-statistics-on-beneficiary-enrollment/medicare-and-medicaid-reports/medicare-monthly-enrollment,2026-06,[source: CMS Medicare Monthly Enrollment 2026-06; ORGNL_MDCR_BENES]
OR,Clackamas,Medicare FFS (Original Medicare),Medicare FFS,Medicare (Federal),FIPS 41005,,,33634,https://data.cms.gov/summary-statistics-on-beneficiary-enrollment/medicare-and-medicaid-reports/medicare-monthly-enrollment,2026-06,[source: CMS Medicare Monthly Enrollment 2026-06; ORGNL_MDCR_BENES]
OR,Clatsop,Medicare FFS (Original Medicare),Medicare FFS,Medicare (Federal),FIPS 41007,,,10895,https://data.cms.gov/summary-statistics-on-beneficiary-enrollment/medicare-and-medicaid-reports/medicare-monthly-enrollment,2026-06,[source: CMS Medicare Monthly Enrollment 2026-06; ORGNL_MDCR_BENES]
OR,Columbia,Medicare FFS (Original Medicare),Medicare FFS,Medicare (Federal),FIPS 41009,,,5381,https://data.cms.gov/summary-statistics-on-beneficiary-enrollment/medicare-and-medicaid-reports/medicare-monthly-enrollment,2026-06,[source: CMS Medicare Monthly Enrollment 2026-06; ORGNL_MDCR_BENES]
OR,Coos,Medicare FFS (Original Medicare),Medicare FFS,Medicare (Federal),FIPS 41011,,,16511,https://data.cms.gov/summary-statistics-on-beneficiary-enrollment/medicare-and-medicaid-reports/medicare-monthly-enrollment,2026-06,[source: CMS Medicare Monthly Enrollment 2026-06; ORGNL_MDCR_BENES]
OR,Crook,Medicare FFS (Original Medicare),Medicare FFS,Medicare (Federal),FIPS 41013,,,4907,https://data.cms.gov/summary-statistics-on-beneficiary-enrollment/medicare-and-medicaid-reports/medicare-monthly-enrollment,2026-06,[source: CMS Medicare Monthly Enrollment 2026-06; ORGNL_MDCR_BENES]
OR,Curry,Medicare FFS (Original Medicare),Medicare FFS,Medicare (Federal),FIPS 41015,,,9264,https://data.cms.gov/summary-statistics-on-beneficiary-enrollment/medicare-and-medicaid-reports/medicare-monthly-enrollment,2026-06,[source: CMS Medicare Monthly Enrollment 2026-06; ORGNL_MDCR_BENES]
OR,Deschutes,Medicare FFS (Original Medicare),Medicare FFS,Medicare (Federal),FIPS 41017,,,32088,https://data.cms.gov/summary-statistics-on-beneficiary-enrollment/medicare-and-medicaid-reports/medicare-monthly-enrollment,2026-06,[source: CMS Medicare Monthly Enrollment 2026-06; ORGNL_MDCR_BENES]
OR,Douglas,Medicare FFS (Original Medicare),Medicare FFS,Medicare (Federal),FIPS 41019,,,17763,https://data.cms.gov/summary-statistics-on-beneficiary-enrollment/medicare-and-medicaid-reports/medicare-monthly-enrollment,2026-06,[source: CMS Medicare Monthly Enrollment 2026-06; ORGNL_MDCR_BENES]
OR,Gilliam,Medicare FFS (Original Medicare),Medicare FFS,Medicare (Federal),FIPS 41021,,,528,https://data.cms.gov/summary-statistics-on-beneficiary-enrollment/medicare-and-medicaid-reports/medicare-monthly-enrollment,2026-06,[source: CMS Medicare Monthly Enrollment 2026-06; ORGNL_MDCR_BENES]
OR,Grant,Medicare FFS (Original Medicare),Medicare FFS,Medicare (Federal),FIPS 41023,,,2276,https://data.cms.gov/summary-statistics-on-beneficiary-enrollment/medicare-and-medicaid-reports/medicare-monthly-enrollment,2026-06,[source: CMS Medicare Monthly Enrollment 2026-06; ORGNL_MDCR_BENES]
OR,Harney,Medicare FFS (Original Medicare),Medicare FFS,Medicare (Federal),FIPS 41025,,,2125,https://data.cms.gov/summary-statistics-on-beneficiary-enrollment/medicare-and-medicaid-reports/medicare-monthly-enrollment,2026-06,[source: CMS Medicare Monthly Enrollment 2026-06; ORGNL_MDCR_BENES]
OR,Hood River,Medicare FFS (Original Medicare),Medicare FFS,Medicare (Federal),FIPS 41027,,,3465,https://data.cms.gov/summary-statistics-on-beneficiary-enrollment/medicare-and-medicaid-reports/medicare-monthly-enrollment,2026-06,[source: CMS Medicare Monthly Enrollment 2026-06; ORGNL_MDCR_BENES]
OR,Jackson,Medicare FFS (Original Medicare),Medicare FFS,Medicare (Federal),FIPS 41029,,,31499,https://data.cms.gov/summary-statistics-on-beneficiary-enrollment/medicare-and-medicaid-reports/medicare-monthly-enrollment,2026-06,[source: CMS Medicare Monthly Enrollment 2026-06; ORGNL_MDCR_BENES]
OR,Jefferson,Medicare FFS (Original Medicare),Medicare FFS,Medicare (Federal),FIPS 41031,,,3896,https://data.cms.gov/summary-statistics-on-beneficiary-enrollment/medicare-and-medicaid-reports/medicare-monthly-enrollment,2026-06,[source: CMS Medicare Monthly Enrollment 2026-06; ORGNL_MDCR_BENES]
OR,Josephine,Medicare FFS (Original Medicare),Medicare FFS,Medicare (Federal),FIPS 41033,,,12144,https://data.cms.gov/summary-statistics-on-beneficiary-enrollment/medicare-and-medicaid-reports/medicare-monthly-enrollment,2026-06,[source: CMS Medicare Monthly Enrollment 2026-06; ORGNL_MDCR_BENES]
OR,Klamath,Medicare FFS (Original Medicare),Medicare FFS,Medicare (Federal),FIPS 41035,,,11316,https://data.cms.gov/summary-statistics-on-beneficiary-enrollment/medicare-and-medicaid-reports/medicare-monthly-enrollment,2026-06,[source: CMS Medicare Monthly Enrollment 2026-06; ORGNL_MDCR_BENES]
OR,Lake,Medicare FFS (Original Medicare),Medicare FFS,Medicare (Federal),FIPS 41037,,,2348,https://data.cms.gov/summary-statistics-on-beneficiary-enrollment/medicare-and-medicaid-reports/medicare-monthly-enrollment,2026-06,[source: CMS Medicare Monthly Enrollment 2026-06; ORGNL_MDCR_BENES]
OR,Lane,Medicare FFS (Original Medicare),Medicare FFS,Medicare (Federal),FIPS 41039,,,36270,https://data.cms.gov/summary-statistics-on-beneficiary-enrollment/medicare-and-medicaid-reports/medicare-monthly-enrollment,2026-06,[source: CMS Medicare Monthly Enrollment 2026-06; ORGNL_MDCR_BENES]
OR,Lincoln,Medicare FFS (Original Medicare),Medicare FFS,Medicare (Federal),FIPS 41041,,,12287,https://data.cms.gov/summary-statistics-on-beneficiary-enrollment/medicare-and-medicaid-reports/medicare-monthly-enrollment,2026-06,[source: CMS Medicare Monthly Enrollment 2026-06; ORGNL_MDCR_BENES]
OR,Linn,Medicare FFS (Original Medicare),Medicare FFS,Medicare (Federal),FIPS 41043,,,12863,https://data.cms.gov/summary-statistics-on-beneficiary-enrollment/medicare-and-medicaid-reports/medicare-monthly-enrollment,2026-06,[source: CMS Medicare Monthly Enrollment 2026-06; ORGNL_MDCR_BENES]
OR,Malheur,Medicare FFS (Original Medicare),Medicare FFS,Medicare (Federal),FIPS 41045,,,4337,https://data.cms.gov/summary-statistics-on-beneficiary-enrollment/medicare-and-medicaid-reports/medicare-monthly-enrollment,2026-06,[source: CMS Medicare Monthly Enrollment 2026-06; ORGNL_MDCR_BENES]
OR,Marion,Medicare FFS (Original Medicare),Medicare FFS,Medicare (Federal),FIPS 41047,,,25407,https://data.cms.gov/summary-statistics-on-beneficiary-enrollment/medicare-and-medicaid-reports/medicare-monthly-enrollment,2026-06,[source: CMS Medicare Monthly Enrollment 2026-06; ORGNL_MDCR_BENES]
OR,Morrow,Medicare FFS (Original Medicare),Medicare FFS,Medicare (Federal),FIPS 41049,,,2002,https://data.cms.gov/summary-statistics-on-beneficiary-enrollment/medicare-and-medicaid-reports/medicare-monthly-enrollment,2026-06,[source: CMS Medicare Monthly Enrollment 2026-06; ORGNL_MDCR_BENES]
OR,Multnomah,Medicare FFS (Original Medicare),Medicare FFS,Medicare (Federal),FIPS 41051,,,48013,https://data.cms.gov/summary-statistics-on-beneficiary-enrollment/medicare-and-medicaid-reports/medicare-monthly-enrollment,2026-06,[source: CMS Medicare Monthly Enrollment 2026-06; ORGNL_MDCR_BENES]
OR,Polk,Medicare FFS (Original Medicare),Medicare FFS,Medicare (Federal),FIPS 41053,,,7262,https://data.cms.gov/summary-statistics-on-beneficiary-enrollment/medicare-and-medicaid-reports/medicare-monthly-enrollment,2026-06,[source: CMS Medicare Monthly Enrollment 2026-06; ORGNL_MDCR_BENES]
OR,Sherman,Medicare FFS (Original Medicare),Medicare FFS,Medicare (Federal),FIPS 41055,,,407,https://data.cms.gov/summary-statistics-on-beneficiary-enrollment/medicare-and-medicaid-reports/medicare-monthly-enrollment,2026-06,[source: CMS Medicare Monthly Enrollment 2026-06; ORGNL_MDCR_BENES]
OR,Tillamook,Medicare FFS (Original Medicare),Medicare FFS,Medicare (Federal),FIPS 41057,,,7480,https://data.cms.gov/summary-statistics-on-beneficiary-enrollment/medicare-and-medicaid-reports/medicare-monthly-enrollment,2026-06,[source: CMS Medicare Monthly Enrollment 2026-06; ORGNL_MDCR_BENES]
OR,Umatilla,Medicare FFS (Original Medicare),Medicare FFS,Medicare (Federal),FIPS 41059,,,15366,https://data.cms.gov/summary-statistics-on-beneficiary-enrollment/medicare-and-medicaid-reports/medicare-monthly-enrollment,2026-06,[source: CMS Medicare Monthly Enrollment 2026-06; ORGNL_MDCR_BENES]
OR,Union,Medicare FFS (Original Medicare),Medicare FFS,Medicare (Federal),FIPS 41061,,,6518,https://data.cms.gov/summary-statistics-on-beneficiary-enrollment/medicare-and-medicaid-reports/medicare-monthly-enrollment,2026-06,[source: CMS Medicare Monthly Enrollment 2026-06; ORGNL_MDCR_BENES]
OR,Wallowa,Medicare FFS (Original Medicare),Medicare FFS,Medicare (Federal),FIPS 41063,,,2278,https://data.cms.gov/summary-statistics-on-beneficiary-enrollment/medicare-and-medicaid-reports/medicare-monthly-enrollment,2026-06,[source: CMS Medicare Monthly Enrollment 2026-06; ORGNL_MDCR_BENES]
OR,Wasco,Medicare FFS (Original Medicare),Medicare FFS,Medicare (Federal),FIPS 41065,,,4537,https://data.cms.gov/summary-statistics-on-beneficiary-enrollment/medicare-and-medicaid-reports/medicare-monthly-enrollment,2026-06,[source: CMS Medicare Monthly Enrollment 2026-06; ORGNL_MDCR_BENES]
OR,Washington,Medicare FFS (Original Medicare),Medicare FFS,Medicare (Federal),FIPS 41067,,,38808,https://data.cms.gov/summary-statistics-on-beneficiary-enrollment/medicare-and-medicaid-reports/medicare-monthly-enrollment,2026-06,[source: CMS Medicare Monthly Enrollment 2026-06; ORGNL_MDCR_BENES]
OR,Wheeler,Medicare FFS (Original Medicare),Medicare FFS,Medicare (Federal),FIPS 41069,,,499,https://data.cms.gov/summary-statistics-on-beneficiary-enrollment/medicare-and-medicaid-reports/medicare-monthly-enrollment,2026-06,[source: CMS Medicare Monthly Enrollment 2026-06; ORGNL_MDCR_BENES]
OR,Yamhill,Medicare FFS (Original Medicare),Medicare FFS,Medicare (Federal),FIPS 41071,,,10244,https://data.cms.gov/summary-statistics-on-beneficiary-enrollment/medicare-and-medicaid-reports/medicare-monthly-enrollment,2026-06,[source: CMS Medicare Monthly Enrollment 2026-06; ORGNL_MDCR_BENES]
PA,Adams,Medicare FFS (Original Medicare),Medicare FFS,Medicare (Federal),FIPS 42001,,,16316,https://data.cms.gov/summary-statistics-on-beneficiary-enrollment/medicare-and-medicaid-reports/medicare-monthly-enrollment,2026-06,[source: CMS Medicare Monthly Enrollment 2026-06; ORGNL_MDCR_BENES]
PA,Allegheny,Medicare FFS (Original Medicare),Medicare FFS,Medicare (Federal),FIPS 42003,,,89159,https://data.cms.gov/summary-statistics-on-beneficiary-enrollment/medicare-and-medicaid-reports/medicare-monthly-enrollment,2026-06,[source: CMS Medicare Monthly Enrollment 2026-06; ORGNL_MDCR_BENES]
PA,Armstrong,Medicare FFS (Original Medicare),Medicare FFS,Medicare (Federal),FIPS 42005,,,4503,https://data.cms.gov/summary-statistics-on-beneficiary-enrollment/medicare-and-medicaid-reports/medicare-monthly-enrollment,2026-06,[source: CMS Medicare Monthly Enrollment 2026-06; ORGNL_MDCR_BENES]
PA,Beaver,Medicare FFS (Original Medicare),Medicare FFS,Medicare (Federal),FIPS 42007,,,13010,https://data.cms.gov/summary-statistics-on-beneficiary-enrollment/medicare-and-medicaid-reports/medicare-monthly-enrollment,2026-06,[source: CMS Medicare Monthly Enrollment 2026-06; ORGNL_MDCR_BENES]
PA,Bedford,Medicare FFS (Original Medicare),Medicare FFS,Medicare (Federal),FIPS 42009,,,4754,https://data.cms.gov/summary-statistics-on-beneficiary-enrollment/medicare-and-medicaid-reports/medicare-monthly-enrollment,2026-06,[source: CMS Medicare Monthly Enrollment 2026-06; ORGNL_MDCR_BENES]
PA,Berks,Medicare FFS (Original Medicare),Medicare FFS,Medicare (Federal),FIPS 42011,,,50595,https://data.cms.gov/summary-statistics-on-beneficiary-enrollment/medicare-and-medicaid-reports/medicare-monthly-enrollment,2026-06,[source: CMS Medicare Monthly Enrollment 2026-06; ORGNL_MDCR_BENES]
PA,Blair,Medicare FFS (Original Medicare),Medicare FFS,Medicare (Federal),FIPS 42013,,,11618,https://data.cms.gov/summary-statistics-on-beneficiary-enrollment/medicare-and-medicaid-reports/medicare-monthly-enrollment,2026-06,[source: CMS Medicare Monthly Enrollment 2026-06; ORGNL_MDCR_BENES]
PA,Bradford,Medicare FFS (Original Medicare),Medicare FFS,Medicare (Federal),FIPS 42015,,,7964,https://data.cms.gov/summary-statistics-on-beneficiary-enrollment/medicare-and-medicaid-reports/medicare-monthly-enrollment,2026-06,[source: CMS Medicare Monthly Enrollment 2026-06; ORGNL_MDCR_BENES]
PA,Bucks,Medicare FFS (Original Medicare),Medicare FFS,Medicare (Federal),FIPS 42017,,,94363,https://data.cms.gov/summary-statistics-on-beneficiary-enrollment/medicare-and-medicaid-reports/medicare-monthly-enrollment,2026-06,[source: CMS Medicare Monthly Enrollment 2026-06; ORGNL_MDCR_BENES]
PA,Butler,Medicare FFS (Original Medicare),Medicare FFS,Medicare (Federal),FIPS 42019,,,15872,https://data.cms.gov/summary-statistics-on-beneficiary-enrollment/medicare-and-medicaid-reports/medicare-monthly-enrollment,2026-06,[source: CMS Medicare Monthly Enrollment 2026-06; ORGNL_MDCR_BENES]
PA,Cambria,Medicare FFS (Original Medicare),Medicare FFS,Medicare (Federal),FIPS 42021,,,9045,https://data.cms.gov/summary-statistics-on-beneficiary-enrollment/medicare-and-medicaid-reports/medicare-monthly-enrollment,2026-06,[source: CMS Medicare Monthly Enrollment 2026-06; ORGNL_MDCR_BENES]
PA,Cameron,Medicare FFS (Original Medicare),Medicare FFS,Medicare (Federal),FIPS 42023,,,637,https://data.cms.gov/summary-statistics-on-beneficiary-enrollment/medicare-and-medicaid-reports/medicare-monthly-enrollment,2026-06,[source: CMS Medicare Monthly Enrollment 2026-06; ORGNL_MDCR_BENES]
PA,Carbon,Medicare FFS (Original Medicare),Medicare FFS,Medicare (Federal),FIPS 42025,,,10367,https://data.cms.gov/summary-statistics-on-beneficiary-enrollment/medicare-and-medicaid-reports/medicare-monthly-enrollment,2026-06,[source: CMS Medicare Monthly Enrollment 2026-06; ORGNL_MDCR_BENES]
PA,Centre,Medicare FFS (Original Medicare),Medicare FFS,Medicare (Federal),FIPS 42027,,,10833,https://data.cms.gov/summary-statistics-on-beneficiary-enrollment/medicare-and-medicaid-reports/medicare-monthly-enrollment,2026-06,[source: CMS Medicare Monthly Enrollment 2026-06; ORGNL_MDCR_BENES]
PA,Chester,Medicare FFS (Original Medicare),Medicare FFS,Medicare (Federal),FIPS 42029,,,77728,https://data.cms.gov/summary-statistics-on-beneficiary-enrollment/medicare-and-medicaid-reports/medicare-monthly-enrollment,2026-06,[source: CMS Medicare Monthly Enrollment 2026-06; ORGNL_MDCR_BENES]
PA,Clarion,Medicare FFS (Original Medicare),Medicare FFS,Medicare (Federal),FIPS 42031,,,3734,https://data.cms.gov/summary-statistics-on-beneficiary-enrollment/medicare-and-medicaid-reports/medicare-monthly-enrollment,2026-06,[source: CMS Medicare Monthly Enrollment 2026-06; ORGNL_MDCR_BENES]
PA,Clearfield,Medicare FFS (Original Medicare),Medicare FFS,Medicare (Federal),FIPS 42033,,,8366,https://data.cms.gov/summary-statistics-on-beneficiary-enrollment/medicare-and-medicaid-reports/medicare-monthly-enrollment,2026-06,[source: CMS Medicare Monthly Enrollment 2026-06; ORGNL_MDCR_BENES]
PA,Clinton,Medicare FFS (Original Medicare),Medicare FFS,Medicare (Federal),FIPS 42035,,,3205,https://data.cms.gov/summary-statistics-on-beneficiary-enrollment/medicare-and-medicaid-reports/medicare-monthly-enrollment,2026-06,[source: CMS Medicare Monthly Enrollment 2026-06; ORGNL_MDCR_BENES]
PA,Columbia,Medicare FFS (Original Medicare),Medicare FFS,Medicare (Federal),FIPS 42037,,,8125,https://data.cms.gov/summary-statistics-on-beneficiary-enrollment/medicare-and-medicaid-reports/medicare-monthly-enrollment,2026-06,[source: CMS Medicare Monthly Enrollment 2026-06; ORGNL_MDCR_BENES]
PA,Crawford,Medicare FFS (Original Medicare),Medicare FFS,Medicare (Federal),FIPS 42039,,,9843,https://data.cms.gov/summary-statistics-on-beneficiary-enrollment/medicare-and-medicaid-reports/medicare-monthly-enrollment,2026-06,[source: CMS Medicare Monthly Enrollment 2026-06; ORGNL_MDCR_BENES]
PA,Cumberland,Medicare FFS (Original Medicare),Medicare FFS,Medicare (Federal),FIPS 42041,,,29332,https://data.cms.gov/summary-statistics-on-beneficiary-enrollment/medicare-and-medicaid-reports/medicare-monthly-enrollment,2026-06,[source: CMS Medicare Monthly Enrollment 2026-06; ORGNL_MDCR_BENES]
PA,Dauphin,Medicare FFS (Original Medicare),Medicare FFS,Medicare (Federal),FIPS 42043,,,24506,https://data.cms.gov/summary-statistics-on-beneficiary-enrollment/medicare-and-medicaid-reports/medicare-monthly-enrollment,2026-06,[source: CMS Medicare Monthly Enrollment 2026-06; ORGNL_MDCR_BENES]
PA,Delaware,Medicare FFS (Original Medicare),Medicare FFS,Medicare (Federal),FIPS 42045,,,72732,https://data.cms.gov/summary-statistics-on-beneficiary-enrollment/medicare-and-medicaid-reports/medicare-monthly-enrollment,2026-06,[source: CMS Medicare Monthly Enrollment 2026-06; ORGNL_MDCR_BENES]
PA,Elk,Medicare FFS (Original Medicare),Medicare FFS,Medicare (Federal),FIPS 42047,,,4812,https://data.cms.gov/summary-statistics-on-beneficiary-enrollment/medicare-and-medicaid-reports/medicare-monthly-enrollment,2026-06,[source: CMS Medicare Monthly Enrollment 2026-06; ORGNL_MDCR_BENES]
PA,Erie,Medicare FFS (Original Medicare),Medicare FFS,Medicare (Federal),FIPS 42049,,,22946,https://data.cms.gov/summary-statistics-on-beneficiary-enrollment/medicare-and-medicaid-reports/medicare-monthly-enrollment,2026-06,[source: CMS Medicare Monthly Enrollment 2026-06; ORGNL_MDCR_BENES]
PA,Fayette,Medicare FFS (Original Medicare),Medicare FFS,Medicare (Federal),FIPS 42051,,,12264,https://data.cms.gov/summary-statistics-on-beneficiary-enrollment/medicare-and-medicaid-reports/medicare-monthly-enrollment,2026-06,[source: CMS Medicare Monthly Enrollment 2026-06; ORGNL_MDCR_BENES]
PA,Forest,Medicare FFS (Original Medicare),Medicare FFS,Medicare (Federal),FIPS 42053,,,656,https://data.cms.gov/summary-statistics-on-beneficiary-enrollment/medicare-and-medicaid-reports/medicare-monthly-enrollment,2026-06,[source: CMS Medicare Monthly Enrollment 2026-06; ORGNL_MDCR_BENES]
PA,Franklin,Medicare FFS (Original Medicare),Medicare FFS,Medicare (Federal),FIPS 42055,,,21661,https://data.cms.gov/summary-statistics-on-beneficiary-enrollment/medicare-and-medicaid-reports/medicare-monthly-enrollment,2026-06,[source: CMS Medicare Monthly Enrollment 2026-06; ORGNL_MDCR_BENES]
PA,Fulton,Medicare FFS (Original Medicare),Medicare FFS,Medicare (Federal),FIPS 42057,,,2130,https://data.cms.gov/summary-statistics-on-beneficiary-enrollment/medicare-and-medicaid-reports/medicare-monthly-enrollment,2026-06,[source: CMS Medicare Monthly Enrollment 2026-06; ORGNL_MDCR_BENES]
PA,Greene,Medicare FFS (Original Medicare),Medicare FFS,Medicare (Federal),FIPS 42059,,,2672,https://data.cms.gov/summary-statistics-on-beneficiary-enrollment/medicare-and-medicaid-reports/medicare-monthly-enrollment,2026-06,[source: CMS Medicare Monthly Enrollment 2026-06; ORGNL_MDCR_BENES]
PA,Huntingdon,Medicare FFS (Original Medicare),Medicare FFS,Medicare (Federal),FIPS 42061,,,4353,https://data.cms.gov/summary-statistics-on-beneficiary-enrollment/medicare-and-medicaid-reports/medicare-monthly-enrollment,2026-06,[source: CMS Medicare Monthly Enrollment 2026-06; ORGNL_MDCR_BENES]
PA,Indiana,Medicare FFS (Original Medicare),Medicare FFS,Medicare (Federal),FIPS 42063,,,5026,https://data.cms.gov/summary-statistics-on-beneficiary-enrollment/medicare-and-medicaid-reports/medicare-monthly-enrollment,2026-06,[source: CMS Medicare Monthly Enrollment 2026-06; ORGNL_MDCR_BENES]
PA,Jefferson,Medicare FFS (Original Medicare),Medicare FFS,Medicare (Federal),FIPS 42065,,,4737,https://data.cms.gov/summary-statistics-on-beneficiary-enrollment/medicare-and-medicaid-reports/medicare-monthly-enrollment,2026-06,[source: CMS Medicare Monthly Enrollment 2026-06; ORGNL_MDCR_BENES]
PA,Juniata,Medicare FFS (Original Medicare),Medicare FFS,Medicare (Federal),FIPS 42067,,,2240,https://data.cms.gov/summary-statistics-on-beneficiary-enrollment/medicare-and-medicaid-reports/medicare-monthly-enrollment,2026-06,[source: CMS Medicare Monthly Enrollment 2026-06; ORGNL_MDCR_BENES]
PA,Lackawanna,Medicare FFS (Original Medicare),Medicare FFS,Medicare (Federal),FIPS 42069,,,30685,https://data.cms.gov/summary-statistics-on-beneficiary-enrollment/medicare-and-medicaid-reports/medicare-monthly-enrollment,2026-06,[source: CMS Medicare Monthly Enrollment 2026-06; ORGNL_MDCR_BENES]
PA,Lancaster,Medicare FFS (Original Medicare),Medicare FFS,Medicare (Federal),FIPS 42071,,,61325,https://data.cms.gov/summary-statistics-on-beneficiary-enrollment/medicare-and-medicaid-reports/medicare-monthly-enrollment,2026-06,[source: CMS Medicare Monthly Enrollment 2026-06; ORGNL_MDCR_BENES]
PA,Lawrence,Medicare FFS (Original Medicare),Medicare FFS,Medicare (Federal),FIPS 42073,,,6861,https://data.cms.gov/summary-statistics-on-beneficiary-enrollment/medicare-and-medicaid-reports/medicare-monthly-enrollment,2026-06,[source: CMS Medicare Monthly Enrollment 2026-06; ORGNL_MDCR_BENES]
PA,Lebanon,Medicare FFS (Original Medicare),Medicare FFS,Medicare (Federal),FIPS 42075,,,16361,https://data.cms.gov/summary-statistics-on-beneficiary-enrollment/medicare-and-medicaid-reports/medicare-monthly-enrollment,2026-06,[source: CMS Medicare Monthly Enrollment 2026-06; ORGNL_MDCR_BENES]
PA,Lehigh,Medicare FFS (Original Medicare),Medicare FFS,Medicare (Federal),FIPS 42077,,,42627,https://data.cms.gov/summary-statistics-on-beneficiary-enrollment/medicare-and-medicaid-reports/medicare-monthly-enrollment,2026-06,[source: CMS Medicare Monthly Enrollment 2026-06; ORGNL_MDCR_BENES]
PA,Luzerne,Medicare FFS (Original Medicare),Medicare FFS,Medicare (Federal),FIPS 42079,,,42428,https://data.cms.gov/summary-statistics-on-beneficiary-enrollment/medicare-and-medicaid-reports/medicare-monthly-enrollment,2026-06,[source: CMS Medicare Monthly Enrollment 2026-06; ORGNL_MDCR_BENES]
PA,Lycoming,Medicare FFS (Original Medicare),Medicare FFS,Medicare (Federal),FIPS 42081,,,12568,https://data.cms.gov/summary-statistics-on-beneficiary-enrollment/medicare-and-medicaid-reports/medicare-monthly-enrollment,2026-06,[source: CMS Medicare Monthly Enrollment 2026-06; ORGNL_MDCR_BENES]
PA,McKean,Medicare FFS (Original Medicare),Medicare FFS,Medicare (Federal),FIPS 42083,,,5036,https://data.cms.gov/summary-statistics-on-beneficiary-enrollment/medicare-and-medicaid-reports/medicare-monthly-enrollment,2026-06,[source: CMS Medicare Monthly Enrollment 2026-06; ORGNL_MDCR_BENES]
PA,Mercer,Medicare FFS (Original Medicare),Medicare FFS,Medicare (Federal),FIPS 42085,,,9382,https://data.cms.gov/summary-statistics-on-beneficiary-enrollment/medicare-and-medicaid-reports/medicare-monthly-enrollment,2026-06,[source: CMS Medicare Monthly Enrollment 2026-06; ORGNL_MDCR_BENES]
PA,Mifflin,Medicare FFS (Original Medicare),Medicare FFS,Medicare (Federal),FIPS 42087,,,4756,https://data.cms.gov/summary-statistics-on-beneficiary-enrollment/medicare-and-medicaid-reports/medicare-monthly-enrollment,2026-06,[source: CMS Medicare Monthly Enrollment 2026-06; ORGNL_MDCR_BENES]
PA,Monroe,Medicare FFS (Original Medicare),Medicare FFS,Medicare (Federal),FIPS 42089,,,21981,https://data.cms.gov/summary-statistics-on-beneficiary-enrollment/medicare-and-medicaid-reports/medicare-monthly-enrollment,2026-06,[source: CMS Medicare Monthly Enrollment 2026-06; ORGNL_MDCR_BENES]
PA,Montgomery,Medicare FFS (Original Medicare),Medicare FFS,Medicare (Federal),FIPS 42091,,,121943,https://data.cms.gov/summary-statistics-on-beneficiary-enrollment/medicare-and-medicaid-reports/medicare-monthly-enrollment,2026-06,[source: CMS Medicare Monthly Enrollment 2026-06; ORGNL_MDCR_BENES]
PA,Montour,Medicare FFS (Original Medicare),Medicare FFS,Medicare (Federal),FIPS 42093,,,1904,https://data.cms.gov/summary-statistics-on-beneficiary-enrollment/medicare-and-medicaid-reports/medicare-monthly-enrollment,2026-06,[source: CMS Medicare Monthly Enrollment 2026-06; ORGNL_MDCR_BENES]
PA,Northampton,Medicare FFS (Original Medicare),Medicare FFS,Medicare (Federal),FIPS 42095,,,44588,https://data.cms.gov/summary-statistics-on-beneficiary-enrollment/medicare-and-medicaid-reports/medicare-monthly-enrollment,2026-06,[source: CMS Medicare Monthly Enrollment 2026-06; ORGNL_MDCR_BENES]
PA,Northumberland,Medicare FFS (Original Medicare),Medicare FFS,Medicare (Federal),FIPS 42097,,,9933,https://data.cms.gov/summary-statistics-on-beneficiary-enrollment/medicare-and-medicaid-reports/medicare-monthly-enrollment,2026-06,[source: CMS Medicare Monthly Enrollment 2026-06; ORGNL_MDCR_BENES]
PA,Perry,Medicare FFS (Original Medicare),Medicare FFS,Medicare (Federal),FIPS 42099,,,4695,https://data.cms.gov/summary-statistics-on-beneficiary-enrollment/medicare-and-medicaid-reports/medicare-monthly-enrollment,2026-06,[source: CMS Medicare Monthly Enrollment 2026-06; ORGNL_MDCR_BENES]
PA,Philadelphia,Medicare FFS (Original Medicare),Medicare FFS,Medicare (Federal),FIPS 42101,,,105761,https://data.cms.gov/summary-statistics-on-beneficiary-enrollment/medicare-and-medicaid-reports/medicare-monthly-enrollment,2026-06,[source: CMS Medicare Monthly Enrollment 2026-06; ORGNL_MDCR_BENES]
PA,Pike,Medicare FFS (Original Medicare),Medicare FFS,Medicare (Federal),FIPS 42103,,,11239,https://data.cms.gov/summary-statistics-on-beneficiary-enrollment/medicare-and-medicaid-reports/medicare-monthly-enrollment,2026-06,[source: CMS Medicare Monthly Enrollment 2026-06; ORGNL_MDCR_BENES]
PA,Potter,Medicare FFS (Original Medicare),Medicare FFS,Medicare (Federal),FIPS 42105,,,2304,https://data.cms.gov/summary-statistics-on-beneficiary-enrollment/medicare-and-medicaid-reports/medicare-monthly-enrollment,2026-06,[source: CMS Medicare Monthly Enrollment 2026-06; ORGNL_MDCR_BENES]
PA,Schuylkill,Medicare FFS (Original Medicare),Medicare FFS,Medicare (Federal),FIPS 42107,,,19750,https://data.cms.gov/summary-statistics-on-beneficiary-enrollment/medicare-and-medicaid-reports/medicare-monthly-enrollment,2026-06,[source: CMS Medicare Monthly Enrollment 2026-06; ORGNL_MDCR_BENES]
PA,Snyder,Medicare FFS (Original Medicare),Medicare FFS,Medicare (Federal),FIPS 42109,,,3731,https://data.cms.gov/summary-statistics-on-beneficiary-enrollment/medicare-and-medicaid-reports/medicare-monthly-enrollment,2026-06,[source: CMS Medicare Monthly Enrollment 2026-06; ORGNL_MDCR_BENES]
PA,Somerset,Medicare FFS (Original Medicare),Medicare FFS,Medicare (Federal),FIPS 42111,,,6181,https://data.cms.gov/summary-statistics-on-beneficiary-enrollment/medicare-and-medicaid-reports/medicare-monthly-enrollment,2026-06,[source: CMS Medicare Monthly Enrollment 2026-06; ORGNL_MDCR_BENES]
PA,Sullivan,Medicare FFS (Original Medicare),Medicare FFS,Medicare (Federal),FIPS 42113,,,1054,https://data.cms.gov/summary-statistics-on-beneficiary-enrollment/medicare-and-medicaid-reports/medicare-monthly-enrollment,2026-06,[source: CMS Medicare Monthly Enrollment 2026-06; ORGNL_MDCR_BENES]
PA,Susquehanna,Medicare FFS (Original Medicare),Medicare FFS,Medicare (Federal),FIPS 42115,,,6103,https://data.cms.gov/summary-statistics-on-beneficiary-enrollment/medicare-and-medicaid-reports/medicare-monthly-enrollment,2026-06,[source: CMS Medicare Monthly Enrollment 2026-06; ORGNL_MDCR_BENES]
PA,Tioga,Medicare FFS (Original Medicare),Medicare FFS,Medicare (Federal),FIPS 42117,,,5364,https://data.cms.gov/summary-statistics-on-beneficiary-enrollment/medicare-and-medicaid-reports/medicare-monthly-enrollment,2026-06,[source: CMS Medicare Monthly Enrollment 2026-06; ORGNL_MDCR_BENES]
PA,Union,Medicare FFS (Original Medicare),Medicare FFS,Medicare (Federal),FIPS 42119,,,4163,https://data.cms.gov/summary-statistics-on-beneficiary-enrollment/medicare-and-medicaid-reports/medicare-monthly-enrollment,2026-06,[source: CMS Medicare Monthly Enrollment 2026-06; ORGNL_MDCR_BENES]
PA,Venango,Medicare FFS (Original Medicare),Medicare FFS,Medicare (Federal),FIPS 42121,,,4623,https://data.cms.gov/summary-statistics-on-beneficiary-enrollment/medicare-and-medicaid-reports/medicare-monthly-enrollment,2026-06,[source: CMS Medicare Monthly Enrollment 2026-06; ORGNL_MDCR_BENES]
PA,Warren,Medicare FFS (Original Medicare),Medicare FFS,Medicare (Federal),FIPS 42123,,,5088,https://data.cms.gov/summary-statistics-on-beneficiary-enrollment/medicare-and-medicaid-reports/medicare-monthly-enrollment,2026-06,[source: CMS Medicare Monthly Enrollment 2026-06; ORGNL_MDCR_BENES]
PA,Washington,Medicare FFS (Original Medicare),Medicare FFS,Medicare (Federal),FIPS 42125,,,17423,https://data.cms.gov/summary-statistics-on-beneficiary-enrollment/medicare-and-medicaid-reports/medicare-monthly-enrollment,2026-06,[source: CMS Medicare Monthly Enrollment 2026-06; ORGNL_MDCR_BENES]
PA,Wayne,Medicare FFS (Original Medicare),Medicare FFS,Medicare (Federal),FIPS 42127,,,9380,https://data.cms.gov/summary-statistics-on-beneficiary-enrollment/medicare-and-medicaid-reports/medicare-monthly-enrollment,2026-06,[source: CMS Medicare Monthly Enrollment 2026-06; ORGNL_MDCR_BENES]
PA,Westmoreland,Medicare FFS (Original Medicare),Medicare FFS,Medicare (Federal),FIPS 42129,,,29082,https://data.cms.gov/summary-statistics-on-beneficiary-enrollment/medicare-and-medicaid-reports/medicare-monthly-enrollment,2026-06,[source: CMS Medicare Monthly Enrollment 2026-06; ORGNL_MDCR_BENES]
PA,Wyoming,Medicare FFS (Original Medicare),Medicare FFS,Medicare (Federal),FIPS 42131,,,3404,https://data.cms.gov/summary-statistics-on-beneficiary-enrollment/medicare-and-medicaid-reports/medicare-monthly-enrollment,2026-06,[source: CMS Medicare Monthly Enrollment 2026-06; ORGNL_MDCR_BENES]
PA,York,Medicare FFS (Original Medicare),Medicare FFS,Medicare (Federal),FIPS 42133,,,50929,https://data.cms.gov/summary-statistics-on-beneficiary-enrollment/medicare-and-medicaid-reports/medicare-monthly-enrollment,2026-06,[source: CMS Medicare Monthly Enrollment 2026-06; ORGNL_MDCR_BENES]
SC,Abbeville,Medicare FFS (Original Medicare),Medicare FFS,Medicare (Federal),FIPS 45001,,,3119,https://data.cms.gov/summary-statistics-on-beneficiary-enrollment/medicare-and-medicaid-reports/medicare-monthly-enrollment,2026-06,[source: CMS Medicare Monthly Enrollment 2026-06; ORGNL_MDCR_BENES]
SC,Aiken,Medicare FFS (Original Medicare),Medicare FFS,Medicare (Federal),FIPS 45003,,,25363,https://data.cms.gov/summary-statistics-on-beneficiary-enrollment/medicare-and-medicaid-reports/medicare-monthly-enrollment,2026-06,[source: CMS Medicare Monthly Enrollment 2026-06; ORGNL_MDCR_BENES]
SC,Allendale,Medicare FFS (Original Medicare),Medicare FFS,Medicare (Federal),FIPS 45005,,,849,https://data.cms.gov/summary-statistics-on-beneficiary-enrollment/medicare-and-medicaid-reports/medicare-monthly-enrollment,2026-06,[source: CMS Medicare Monthly Enrollment 2026-06; ORGNL_MDCR_BENES]
SC,Anderson,Medicare FFS (Original Medicare),Medicare FFS,Medicare (Federal),FIPS 45007,,,22480,https://data.cms.gov/summary-statistics-on-beneficiary-enrollment/medicare-and-medicaid-reports/medicare-monthly-enrollment,2026-06,[source: CMS Medicare Monthly Enrollment 2026-06; ORGNL_MDCR_BENES]
SC,Bamberg,Medicare FFS (Original Medicare),Medicare FFS,Medicare (Federal),FIPS 45009,,,1426,https://data.cms.gov/summary-statistics-on-beneficiary-enrollment/medicare-and-medicaid-reports/medicare-monthly-enrollment,2026-06,[source: CMS Medicare Monthly Enrollment 2026-06; ORGNL_MDCR_BENES]
SC,Barnwell,Medicare FFS (Original Medicare),Medicare FFS,Medicare (Federal),FIPS 45011,,,2441,https://data.cms.gov/summary-statistics-on-beneficiary-enrollment/medicare-and-medicaid-reports/medicare-monthly-enrollment,2026-06,[source: CMS Medicare Monthly Enrollment 2026-06; ORGNL_MDCR_BENES]
SC,Beaufort,Medicare FFS (Original Medicare),Medicare FFS,Medicare (Federal),FIPS 45013,,,42909,https://data.cms.gov/summary-statistics-on-beneficiary-enrollment/medicare-and-medicaid-reports/medicare-monthly-enrollment,2026-06,[source: CMS Medicare Monthly Enrollment 2026-06; ORGNL_MDCR_BENES]
SC,Berkeley,Medicare FFS (Original Medicare),Medicare FFS,Medicare (Federal),FIPS 45015,,,28118,https://data.cms.gov/summary-statistics-on-beneficiary-enrollment/medicare-and-medicaid-reports/medicare-monthly-enrollment,2026-06,[source: CMS Medicare Monthly Enrollment 2026-06; ORGNL_MDCR_BENES]
SC,Calhoun,Medicare FFS (Original Medicare),Medicare FFS,Medicare (Federal),FIPS 45017,,,1840,https://data.cms.gov/summary-statistics-on-beneficiary-enrollment/medicare-and-medicaid-reports/medicare-monthly-enrollment,2026-06,[source: CMS Medicare Monthly Enrollment 2026-06; ORGNL_MDCR_BENES]
SC,Charleston,Medicare FFS (Original Medicare),Medicare FFS,Medicare (Federal),FIPS 45019,,,54814,https://data.cms.gov/summary-statistics-on-beneficiary-enrollment/medicare-and-medicaid-reports/medicare-monthly-enrollment,2026-06,[source: CMS Medicare Monthly Enrollment 2026-06; ORGNL_MDCR_BENES]
SC,Cherokee,Medicare FFS (Original Medicare),Medicare FFS,Medicare (Federal),FIPS 45021,,,5728,https://data.cms.gov/summary-statistics-on-beneficiary-enrollment/medicare-and-medicaid-reports/medicare-monthly-enrollment,2026-06,[source: CMS Medicare Monthly Enrollment 2026-06; ORGNL_MDCR_BENES]
SC,Chester,Medicare FFS (Original Medicare),Medicare FFS,Medicare (Federal),FIPS 45023,,,3699,https://data.cms.gov/summary-statistics-on-beneficiary-enrollment/medicare-and-medicaid-reports/medicare-monthly-enrollment,2026-06,[source: CMS Medicare Monthly Enrollment 2026-06; ORGNL_MDCR_BENES]
SC,Chesterfield,Medicare FFS (Original Medicare),Medicare FFS,Medicare (Federal),FIPS 45025,,,5080,https://data.cms.gov/summary-statistics-on-beneficiary-enrollment/medicare-and-medicaid-reports/medicare-monthly-enrollment,2026-06,[source: CMS Medicare Monthly Enrollment 2026-06; ORGNL_MDCR_BENES]
SC,Clarendon,Medicare FFS (Original Medicare),Medicare FFS,Medicare (Federal),FIPS 45027,,,4621,https://data.cms.gov/summary-statistics-on-beneficiary-enrollment/medicare-and-medicaid-reports/medicare-monthly-enrollment,2026-06,[source: CMS Medicare Monthly Enrollment 2026-06; ORGNL_MDCR_BENES]
SC,Colleton,Medicare FFS (Original Medicare),Medicare FFS,Medicare (Federal),FIPS 45029,,,5203,https://data.cms.gov/summary-statistics-on-beneficiary-enrollment/medicare-and-medicaid-reports/medicare-monthly-enrollment,2026-06,[source: CMS Medicare Monthly Enrollment 2026-06; ORGNL_MDCR_BENES]
SC,Darlington,Medicare FFS (Original Medicare),Medicare FFS,Medicare (Federal),FIPS 45031,,,8115,https://data.cms.gov/summary-statistics-on-beneficiary-enrollment/medicare-and-medicaid-reports/medicare-monthly-enrollment,2026-06,[source: CMS Medicare Monthly Enrollment 2026-06; ORGNL_MDCR_BENES]
SC,Dillon,Medicare FFS (Original Medicare),Medicare FFS,Medicare (Federal),FIPS 45033,,,2819,https://data.cms.gov/summary-statistics-on-beneficiary-enrollment/medicare-and-medicaid-reports/medicare-monthly-enrollment,2026-06,[source: CMS Medicare Monthly Enrollment 2026-06; ORGNL_MDCR_BENES]
SC,Dorchester,Medicare FFS (Original Medicare),Medicare FFS,Medicare (Federal),FIPS 45035,,,19233,https://data.cms.gov/summary-statistics-on-beneficiary-enrollment/medicare-and-medicaid-reports/medicare-monthly-enrollment,2026-06,[source: CMS Medicare Monthly Enrollment 2026-06; ORGNL_MDCR_BENES]
SC,Edgefield,Medicare FFS (Original Medicare),Medicare FFS,Medicare (Federal),FIPS 45037,,,3629,https://data.cms.gov/summary-statistics-on-beneficiary-enrollment/medicare-and-medicaid-reports/medicare-monthly-enrollment,2026-06,[source: CMS Medicare Monthly Enrollment 2026-06; ORGNL_MDCR_BENES]
SC,Fairfield,Medicare FFS (Original Medicare),Medicare FFS,Medicare (Federal),FIPS 45039,,,2904,https://data.cms.gov/summary-statistics-on-beneficiary-enrollment/medicare-and-medicaid-reports/medicare-monthly-enrollment,2026-06,[source: CMS Medicare Monthly Enrollment 2026-06; ORGNL_MDCR_BENES]
SC,Florence,Medicare FFS (Original Medicare),Medicare FFS,Medicare (Federal),FIPS 45041,,,17432,https://data.cms.gov/summary-statistics-on-beneficiary-enrollment/medicare-and-medicaid-reports/medicare-monthly-enrollment,2026-06,[source: CMS Medicare Monthly Enrollment 2026-06; ORGNL_MDCR_BENES]
SC,Georgetown,Medicare FFS (Original Medicare),Medicare FFS,Medicare (Federal),FIPS 45043,,,12586,https://data.cms.gov/summary-statistics-on-beneficiary-enrollment/medicare-and-medicaid-reports/medicare-monthly-enrollment,2026-06,[source: CMS Medicare Monthly Enrollment 2026-06; ORGNL_MDCR_BENES]
SC,Greenville,Medicare FFS (Original Medicare),Medicare FFS,Medicare (Federal),FIPS 45045,,,61793,https://data.cms.gov/summary-statistics-on-beneficiary-enrollment/medicare-and-medicaid-reports/medicare-monthly-enrollment,2026-06,[source: CMS Medicare Monthly Enrollment 2026-06; ORGNL_MDCR_BENES]
SC,Greenwood,Medicare FFS (Original Medicare),Medicare FFS,Medicare (Federal),FIPS 45047,,,9293,https://data.cms.gov/summary-statistics-on-beneficiary-enrollment/medicare-and-medicaid-reports/medicare-monthly-enrollment,2026-06,[source: CMS Medicare Monthly Enrollment 2026-06; ORGNL_MDCR_BENES]
SC,Hampton,Medicare FFS (Original Medicare),Medicare FFS,Medicare (Federal),FIPS 45049,,,2237,https://data.cms.gov/summary-statistics-on-beneficiary-enrollment/medicare-and-medicaid-reports/medicare-monthly-enrollment,2026-06,[source: CMS Medicare Monthly Enrollment 2026-06; ORGNL_MDCR_BENES]
SC,Horry,Medicare FFS (Original Medicare),Medicare FFS,Medicare (Federal),FIPS 45051,,,75294,https://data.cms.gov/summary-statistics-on-beneficiary-enrollment/medicare-and-medicaid-reports/medicare-monthly-enrollment,2026-06,[source: CMS Medicare Monthly Enrollment 2026-06; ORGNL_MDCR_BENES]
SC,Jasper,Medicare FFS (Original Medicare),Medicare FFS,Medicare (Federal),FIPS 45053,,,6120,https://data.cms.gov/summary-statistics-on-beneficiary-enrollment/medicare-and-medicaid-reports/medicare-monthly-enrollment,2026-06,[source: CMS Medicare Monthly Enrollment 2026-06; ORGNL_MDCR_BENES]
SC,Kershaw,Medicare FFS (Original Medicare),Medicare FFS,Medicare (Federal),FIPS 45055,,,9831,https://data.cms.gov/summary-statistics-on-beneficiary-enrollment/medicare-and-medicaid-reports/medicare-monthly-enrollment,2026-06,[source: CMS Medicare Monthly Enrollment 2026-06; ORGNL_MDCR_BENES]
SC,Lancaster,Medicare FFS (Original Medicare),Medicare FFS,Medicare (Federal),FIPS 45057,,,15116,https://data.cms.gov/summary-statistics-on-beneficiary-enrollment/medicare-and-medicaid-reports/medicare-monthly-enrollment,2026-06,[source: CMS Medicare Monthly Enrollment 2026-06; ORGNL_MDCR_BENES]
SC,Laurens,Medicare FFS (Original Medicare),Medicare FFS,Medicare (Federal),FIPS 45059,,,7802,https://data.cms.gov/summary-statistics-on-beneficiary-enrollment/medicare-and-medicaid-reports/medicare-monthly-enrollment,2026-06,[source: CMS Medicare Monthly Enrollment 2026-06; ORGNL_MDCR_BENES]
SC,Lee,Medicare FFS (Original Medicare),Medicare FFS,Medicare (Federal),FIPS 45061,,,1778,https://data.cms.gov/summary-statistics-on-beneficiary-enrollment/medicare-and-medicaid-reports/medicare-monthly-enrollment,2026-06,[source: CMS Medicare Monthly Enrollment 2026-06; ORGNL_MDCR_BENES]
SC,Lexington,Medicare FFS (Original Medicare),Medicare FFS,Medicare (Federal),FIPS 45063,,,39864,https://data.cms.gov/summary-statistics-on-beneficiary-enrollment/medicare-and-medicaid-reports/medicare-monthly-enrollment,2026-06,[source: CMS Medicare Monthly Enrollment 2026-06; ORGNL_MDCR_BENES]
SC,Marion,Medicare FFS (Original Medicare),Medicare FFS,Medicare (Federal),FIPS 45067,,,3513,https://data.cms.gov/summary-statistics-on-beneficiary-enrollment/medicare-and-medicaid-reports/medicare-monthly-enrollment,2026-06,[source: CMS Medicare Monthly Enrollment 2026-06; ORGNL_MDCR_BENES]
SC,Marlboro,Medicare FFS (Original Medicare),Medicare FFS,Medicare (Federal),FIPS 45069,,,2548,https://data.cms.gov/summary-statistics-on-beneficiary-enrollment/medicare-and-medicaid-reports/medicare-monthly-enrollment,2026-06,[source: CMS Medicare Monthly Enrollment 2026-06; ORGNL_MDCR_BENES]
SC,McCormick,Medicare FFS (Original Medicare),Medicare FFS,Medicare (Federal),FIPS 45065,,,2476,https://data.cms.gov/summary-statistics-on-beneficiary-enrollment/medicare-and-medicaid-reports/medicare-monthly-enrollment,2026-06,[source: CMS Medicare Monthly Enrollment 2026-06; ORGNL_MDCR_BENES]
SC,Newberry,Medicare FFS (Original Medicare),Medicare FFS,Medicare (Federal),FIPS 45071,,,5882,https://data.cms.gov/summary-statistics-on-beneficiary-enrollment/medicare-and-medicaid-reports/medicare-monthly-enrollment,2026-06,[source: CMS Medicare Monthly Enrollment 2026-06; ORGNL_MDCR_BENES]
SC,Oconee,Medicare FFS (Original Medicare),Medicare FFS,Medicare (Federal),FIPS 45073,,,13457,https://data.cms.gov/summary-statistics-on-beneficiary-enrollment/medicare-and-medicaid-reports/medicare-monthly-enrollment,2026-06,[source: CMS Medicare Monthly Enrollment 2026-06; ORGNL_MDCR_BENES]
SC,Orangeburg,Medicare FFS (Original Medicare),Medicare FFS,Medicare (Federal),FIPS 45075,,,9282,https://data.cms.gov/summary-statistics-on-beneficiary-enrollment/medicare-and-medicaid-reports/medicare-monthly-enrollment,2026-06,[source: CMS Medicare Monthly Enrollment 2026-06; ORGNL_MDCR_BENES]
SC,Pickens,Medicare FFS (Original Medicare),Medicare FFS,Medicare (Federal),FIPS 45077,,,14227,https://data.cms.gov/summary-statistics-on-beneficiary-enrollment/medicare-and-medicaid-reports/medicare-monthly-enrollment,2026-06,[source: CMS Medicare Monthly Enrollment 2026-06; ORGNL_MDCR_BENES]
SC,Richland,Medicare FFS (Original Medicare),Medicare FFS,Medicare (Federal),FIPS 45079,,,44142,https://data.cms.gov/summary-statistics-on-beneficiary-enrollment/medicare-and-medicaid-reports/medicare-monthly-enrollment,2026-06,[source: CMS Medicare Monthly Enrollment 2026-06; ORGNL_MDCR_BENES]
SC,Saluda,Medicare FFS (Original Medicare),Medicare FFS,Medicare (Federal),FIPS 45081,,,1879,https://data.cms.gov/summary-statistics-on-beneficiary-enrollment/medicare-and-medicaid-reports/medicare-monthly-enrollment,2026-06,[source: CMS Medicare Monthly Enrollment 2026-06; ORGNL_MDCR_BENES]
SC,Spartanburg,Medicare FFS (Original Medicare),Medicare FFS,Medicare (Federal),FIPS 45083,,,34860,https://data.cms.gov/summary-statistics-on-beneficiary-enrollment/medicare-and-medicaid-reports/medicare-monthly-enrollment,2026-06,[source: CMS Medicare Monthly Enrollment 2026-06; ORGNL_MDCR_BENES]
SC,Sumter,Medicare FFS (Original Medicare),Medicare FFS,Medicare (Federal),FIPS 45085,,,12366,https://data.cms.gov/summary-statistics-on-beneficiary-enrollment/medicare-and-medicaid-reports/medicare-monthly-enrollment,2026-06,[source: CMS Medicare Monthly Enrollment 2026-06; ORGNL_MDCR_BENES]
SC,Union,Medicare FFS (Original Medicare),Medicare FFS,Medicare (Federal),FIPS 45087,,,2980,https://data.cms.gov/summary-statistics-on-beneficiary-enrollment/medicare-and-medicaid-reports/medicare-monthly-enrollment,2026-06,[source: CMS Medicare Monthly Enrollment 2026-06; ORGNL_MDCR_BENES]
SC,Williamsburg,Medicare FFS (Original Medicare),Medicare FFS,Medicare (Federal),FIPS 45089,,,3649,https://data.cms.gov/summary-statistics-on-beneficiary-enrollment/medicare-and-medicaid-reports/medicare-monthly-enrollment,2026-06,[source: CMS Medicare Monthly Enrollment 2026-06; ORGNL_MDCR_BENES]
SC,York,Medicare FFS (Original Medicare),Medicare FFS,Medicare (Federal),FIPS 45091,,,31019,https://data.cms.gov/summary-statistics-on-beneficiary-enrollment/medicare-and-medicaid-reports/medicare-monthly-enrollment,2026-06,[source: CMS Medicare Monthly Enrollment 2026-06; ORGNL_MDCR_BENES]
TN,Anderson,Medicare FFS (Original Medicare),Medicare FFS,Medicare (Federal),FIPS 47001,,,8888,https://data.cms.gov/summary-statistics-on-beneficiary-enrollment/medicare-and-medicaid-reports/medicare-monthly-enrollment,2026-06,[source: CMS Medicare Monthly Enrollment 2026-06; ORGNL_MDCR_BENES]
TN,Bedford,Medicare FFS (Original Medicare),Medicare FFS,Medicare (Federal),FIPS 47003,,,4938,https://data.cms.gov/summary-statistics-on-beneficiary-enrollment/medicare-and-medicaid-reports/medicare-monthly-enrollment,2026-06,[source: CMS Medicare Monthly Enrollment 2026-06; ORGNL_MDCR_BENES]
TN,Benton,Medicare FFS (Original Medicare),Medicare FFS,Medicare (Federal),FIPS 47005,,,2522,https://data.cms.gov/summary-statistics-on-beneficiary-enrollment/medicare-and-medicaid-reports/medicare-monthly-enrollment,2026-06,[source: CMS Medicare Monthly Enrollment 2026-06; ORGNL_MDCR_BENES]
TN,Bledsoe,Medicare FFS (Original Medicare),Medicare FFS,Medicare (Federal),FIPS 47007,,,1531,https://data.cms.gov/summary-statistics-on-beneficiary-enrollment/medicare-and-medicaid-reports/medicare-monthly-enrollment,2026-06,[source: CMS Medicare Monthly Enrollment 2026-06; ORGNL_MDCR_BENES]
TN,Blount,Medicare FFS (Original Medicare),Medicare FFS,Medicare (Federal),FIPS 47009,,,15268,https://data.cms.gov/summary-statistics-on-beneficiary-enrollment/medicare-and-medicaid-reports/medicare-monthly-enrollment,2026-06,[source: CMS Medicare Monthly Enrollment 2026-06; ORGNL_MDCR_BENES]
TN,Bradley,Medicare FFS (Original Medicare),Medicare FFS,Medicare (Federal),FIPS 47011,,,10250,https://data.cms.gov/summary-statistics-on-beneficiary-enrollment/medicare-and-medicaid-reports/medicare-monthly-enrollment,2026-06,[source: CMS Medicare Monthly Enrollment 2026-06; ORGNL_MDCR_BENES]
TN,Campbell,Medicare FFS (Original Medicare),Medicare FFS,Medicare (Federal),FIPS 47013,,,3337,https://data.cms.gov/summary-statistics-on-beneficiary-enrollment/medicare-and-medicaid-reports/medicare-monthly-enrollment,2026-06,[source: CMS Medicare Monthly Enrollment 2026-06; ORGNL_MDCR_BENES]
TN,Cannon,Medicare FFS (Original Medicare),Medicare FFS,Medicare (Federal),FIPS 47015,,,1752,https://data.cms.gov/summary-statistics-on-beneficiary-enrollment/medicare-and-medicaid-reports/medicare-monthly-enrollment,2026-06,[source: CMS Medicare Monthly Enrollment 2026-06; ORGNL_MDCR_BENES]
TN,Carroll,Medicare FFS (Original Medicare),Medicare FFS,Medicare (Federal),FIPS 47017,,,4393,https://data.cms.gov/summary-statistics-on-beneficiary-enrollment/medicare-and-medicaid-reports/medicare-monthly-enrollment,2026-06,[source: CMS Medicare Monthly Enrollment 2026-06; ORGNL_MDCR_BENES]
TN,Carter,Medicare FFS (Original Medicare),Medicare FFS,Medicare (Federal),FIPS 47019,,,4854,https://data.cms.gov/summary-statistics-on-beneficiary-enrollment/medicare-and-medicaid-reports/medicare-monthly-enrollment,2026-06,[source: CMS Medicare Monthly Enrollment 2026-06; ORGNL_MDCR_BENES]
TN,Cheatham,Medicare FFS (Original Medicare),Medicare FFS,Medicare (Federal),FIPS 47021,,,4010,https://data.cms.gov/summary-statistics-on-beneficiary-enrollment/medicare-and-medicaid-reports/medicare-monthly-enrollment,2026-06,[source: CMS Medicare Monthly Enrollment 2026-06; ORGNL_MDCR_BENES]
TN,Chester,Medicare FFS (Original Medicare),Medicare FFS,Medicare (Federal),FIPS 47023,,,2035,https://data.cms.gov/summary-statistics-on-beneficiary-enrollment/medicare-and-medicaid-reports/medicare-monthly-enrollment,2026-06,[source: CMS Medicare Monthly Enrollment 2026-06; ORGNL_MDCR_BENES]
TN,Claiborne,Medicare FFS (Original Medicare),Medicare FFS,Medicare (Federal),FIPS 47025,,,2904,https://data.cms.gov/summary-statistics-on-beneficiary-enrollment/medicare-and-medicaid-reports/medicare-monthly-enrollment,2026-06,[source: CMS Medicare Monthly Enrollment 2026-06; ORGNL_MDCR_BENES]
TN,Clay,Medicare FFS (Original Medicare),Medicare FFS,Medicare (Federal),FIPS 47027,,,1139,https://data.cms.gov/summary-statistics-on-beneficiary-enrollment/medicare-and-medicaid-reports/medicare-monthly-enrollment,2026-06,[source: CMS Medicare Monthly Enrollment 2026-06; ORGNL_MDCR_BENES]
TN,Cocke,Medicare FFS (Original Medicare),Medicare FFS,Medicare (Federal),FIPS 47029,,,3781,https://data.cms.gov/summary-statistics-on-beneficiary-enrollment/medicare-and-medicaid-reports/medicare-monthly-enrollment,2026-06,[source: CMS Medicare Monthly Enrollment 2026-06; ORGNL_MDCR_BENES]
TN,Coffee,Medicare FFS (Original Medicare),Medicare FFS,Medicare (Federal),FIPS 47031,,,7444,https://data.cms.gov/summary-statistics-on-beneficiary-enrollment/medicare-and-medicaid-reports/medicare-monthly-enrollment,2026-06,[source: CMS Medicare Monthly Enrollment 2026-06; ORGNL_MDCR_BENES]
TN,Crockett,Medicare FFS (Original Medicare),Medicare FFS,Medicare (Federal),FIPS 47033,,,1912,https://data.cms.gov/summary-statistics-on-beneficiary-enrollment/medicare-and-medicaid-reports/medicare-monthly-enrollment,2026-06,[source: CMS Medicare Monthly Enrollment 2026-06; ORGNL_MDCR_BENES]
TN,Cumberland,Medicare FFS (Original Medicare),Medicare FFS,Medicare (Federal),FIPS 47035,,,11505,https://data.cms.gov/summary-statistics-on-beneficiary-enrollment/medicare-and-medicaid-reports/medicare-monthly-enrollment,2026-06,[source: CMS Medicare Monthly Enrollment 2026-06; ORGNL_MDCR_BENES]
TN,Davidson,Medicare FFS (Original Medicare),Medicare FFS,Medicare (Federal),FIPS 47037,,,47412,https://data.cms.gov/summary-statistics-on-beneficiary-enrollment/medicare-and-medicaid-reports/medicare-monthly-enrollment,2026-06,[source: CMS Medicare Monthly Enrollment 2026-06; ORGNL_MDCR_BENES]
TN,DeKalb,Medicare FFS (Original Medicare),Medicare FFS,Medicare (Federal),FIPS 47041,,,2130,https://data.cms.gov/summary-statistics-on-beneficiary-enrollment/medicare-and-medicaid-reports/medicare-monthly-enrollment,2026-06,[source: CMS Medicare Monthly Enrollment 2026-06; ORGNL_MDCR_BENES]
TN,Decatur,Medicare FFS (Original Medicare),Medicare FFS,Medicare (Federal),FIPS 47039,,,1808,https://data.cms.gov/summary-statistics-on-beneficiary-enrollment/medicare-and-medicaid-reports/medicare-monthly-enrollment,2026-06,[source: CMS Medicare Monthly Enrollment 2026-06; ORGNL_MDCR_BENES]
TN,Dickson,Medicare FFS (Original Medicare),Medicare FFS,Medicare (Federal),FIPS 47043,,,5736,https://data.cms.gov/summary-statistics-on-beneficiary-enrollment/medicare-and-medicaid-reports/medicare-monthly-enrollment,2026-06,[source: CMS Medicare Monthly Enrollment 2026-06; ORGNL_MDCR_BENES]
TN,Dyer,Medicare FFS (Original Medicare),Medicare FFS,Medicare (Federal),FIPS 47045,,,4221,https://data.cms.gov/summary-statistics-on-beneficiary-enrollment/medicare-and-medicaid-reports/medicare-monthly-enrollment,2026-06,[source: CMS Medicare Monthly Enrollment 2026-06; ORGNL_MDCR_BENES]
TN,Fayette,Medicare FFS (Original Medicare),Medicare FFS,Medicare (Federal),FIPS 47047,,,7029,https://data.cms.gov/summary-statistics-on-beneficiary-enrollment/medicare-and-medicaid-reports/medicare-monthly-enrollment,2026-06,[source: CMS Medicare Monthly Enrollment 2026-06; ORGNL_MDCR_BENES]
TN,Fentress,Medicare FFS (Original Medicare),Medicare FFS,Medicare (Federal),FIPS 47049,,,3345,https://data.cms.gov/summary-statistics-on-beneficiary-enrollment/medicare-and-medicaid-reports/medicare-monthly-enrollment,2026-06,[source: CMS Medicare Monthly Enrollment 2026-06; ORGNL_MDCR_BENES]
TN,Franklin,Medicare FFS (Original Medicare),Medicare FFS,Medicare (Federal),FIPS 47051,,,5788,https://data.cms.gov/summary-statistics-on-beneficiary-enrollment/medicare-and-medicaid-reports/medicare-monthly-enrollment,2026-06,[source: CMS Medicare Monthly Enrollment 2026-06; ORGNL_MDCR_BENES]
TN,Gibson,Medicare FFS (Original Medicare),Medicare FFS,Medicare (Federal),FIPS 47053,,,6780,https://data.cms.gov/summary-statistics-on-beneficiary-enrollment/medicare-and-medicaid-reports/medicare-monthly-enrollment,2026-06,[source: CMS Medicare Monthly Enrollment 2026-06; ORGNL_MDCR_BENES]
TN,Giles,Medicare FFS (Original Medicare),Medicare FFS,Medicare (Federal),FIPS 47055,,,4268,https://data.cms.gov/summary-statistics-on-beneficiary-enrollment/medicare-and-medicaid-reports/medicare-monthly-enrollment,2026-06,[source: CMS Medicare Monthly Enrollment 2026-06; ORGNL_MDCR_BENES]
TN,Grainger,Medicare FFS (Original Medicare),Medicare FFS,Medicare (Federal),FIPS 47057,,,2354,https://data.cms.gov/summary-statistics-on-beneficiary-enrollment/medicare-and-medicaid-reports/medicare-monthly-enrollment,2026-06,[source: CMS Medicare Monthly Enrollment 2026-06; ORGNL_MDCR_BENES]
TN,Greene,Medicare FFS (Original Medicare),Medicare FFS,Medicare (Federal),FIPS 47059,,,8089,https://data.cms.gov/summary-statistics-on-beneficiary-enrollment/medicare-and-medicaid-reports/medicare-monthly-enrollment,2026-06,[source: CMS Medicare Monthly Enrollment 2026-06; ORGNL_MDCR_BENES]
TN,Grundy,Medicare FFS (Original Medicare),Medicare FFS,Medicare (Federal),FIPS 47061,,,1550,https://data.cms.gov/summary-statistics-on-beneficiary-enrollment/medicare-and-medicaid-reports/medicare-monthly-enrollment,2026-06,[source: CMS Medicare Monthly Enrollment 2026-06; ORGNL_MDCR_BENES]
TN,Hamblen,Medicare FFS (Original Medicare),Medicare FFS,Medicare (Federal),FIPS 47063,,,6006,https://data.cms.gov/summary-statistics-on-beneficiary-enrollment/medicare-and-medicaid-reports/medicare-monthly-enrollment,2026-06,[source: CMS Medicare Monthly Enrollment 2026-06; ORGNL_MDCR_BENES]
TN,Hamilton,Medicare FFS (Original Medicare),Medicare FFS,Medicare (Federal),FIPS 47065,,,36274,https://data.cms.gov/summary-statistics-on-beneficiary-enrollment/medicare-and-medicaid-reports/medicare-monthly-enrollment,2026-06,[source: CMS Medicare Monthly Enrollment 2026-06; ORGNL_MDCR_BENES]
TN,Hancock,Medicare FFS (Original Medicare),Medicare FFS,Medicare (Federal),FIPS 47067,,,591,https://data.cms.gov/summary-statistics-on-beneficiary-enrollment/medicare-and-medicaid-reports/medicare-monthly-enrollment,2026-06,[source: CMS Medicare Monthly Enrollment 2026-06; ORGNL_MDCR_BENES]
TN,Hardeman,Medicare FFS (Original Medicare),Medicare FFS,Medicare (Federal),FIPS 47069,,,2821,https://data.cms.gov/summary-statistics-on-beneficiary-enrollment/medicare-and-medicaid-reports/medicare-monthly-enrollment,2026-06,[source: CMS Medicare Monthly Enrollment 2026-06; ORGNL_MDCR_BENES]
TN,Hardin,Medicare FFS (Original Medicare),Medicare FFS,Medicare (Federal),FIPS 47071,,,4557,https://data.cms.gov/summary-statistics-on-beneficiary-enrollment/medicare-and-medicaid-reports/medicare-monthly-enrollment,2026-06,[source: CMS Medicare Monthly Enrollment 2026-06; ORGNL_MDCR_BENES]
TN,Hawkins,Medicare FFS (Original Medicare),Medicare FFS,Medicare (Federal),FIPS 47073,,,4639,https://data.cms.gov/summary-statistics-on-beneficiary-enrollment/medicare-and-medicaid-reports/medicare-monthly-enrollment,2026-06,[source: CMS Medicare Monthly Enrollment 2026-06; ORGNL_MDCR_BENES]
TN,Haywood,Medicare FFS (Original Medicare),Medicare FFS,Medicare (Federal),FIPS 47075,,,1907,https://data.cms.gov/summary-statistics-on-beneficiary-enrollment/medicare-and-medicaid-reports/medicare-monthly-enrollment,2026-06,[source: CMS Medicare Monthly Enrollment 2026-06; ORGNL_MDCR_BENES]
TN,Henderson,Medicare FFS (Original Medicare),Medicare FFS,Medicare (Federal),FIPS 47077,,,3098,https://data.cms.gov/summary-statistics-on-beneficiary-enrollment/medicare-and-medicaid-reports/medicare-monthly-enrollment,2026-06,[source: CMS Medicare Monthly Enrollment 2026-06; ORGNL_MDCR_BENES]
TN,Henry,Medicare FFS (Original Medicare),Medicare FFS,Medicare (Federal),FIPS 47079,,,5323,https://data.cms.gov/summary-statistics-on-beneficiary-enrollment/medicare-and-medicaid-reports/medicare-monthly-enrollment,2026-06,[source: CMS Medicare Monthly Enrollment 2026-06; ORGNL_MDCR_BENES]
TN,Hickman,Medicare FFS (Original Medicare),Medicare FFS,Medicare (Federal),FIPS 47081,,,2566,https://data.cms.gov/summary-statistics-on-beneficiary-enrollment/medicare-and-medicaid-reports/medicare-monthly-enrollment,2026-06,[source: CMS Medicare Monthly Enrollment 2026-06; ORGNL_MDCR_BENES]
TN,Houston,Medicare FFS (Original Medicare),Medicare FFS,Medicare (Federal),FIPS 47083,,,1216,https://data.cms.gov/summary-statistics-on-beneficiary-enrollment/medicare-and-medicaid-reports/medicare-monthly-enrollment,2026-06,[source: CMS Medicare Monthly Enrollment 2026-06; ORGNL_MDCR_BENES]
TN,Humphreys,Medicare FFS (Original Medicare),Medicare FFS,Medicare (Federal),FIPS 47085,,,2711,https://data.cms.gov/summary-statistics-on-beneficiary-enrollment/medicare-and-medicaid-reports/medicare-monthly-enrollment,2026-06,[source: CMS Medicare Monthly Enrollment 2026-06; ORGNL_MDCR_BENES]
TN,Jackson,Medicare FFS (Original Medicare),Medicare FFS,Medicare (Federal),FIPS 47087,,,1651,https://data.cms.gov/summary-statistics-on-beneficiary-enrollment/medicare-and-medicaid-reports/medicare-monthly-enrollment,2026-06,[source: CMS Medicare Monthly Enrollment 2026-06; ORGNL_MDCR_BENES]
TN,Jefferson,Medicare FFS (Original Medicare),Medicare FFS,Medicare (Federal),FIPS 47089,,,6164,https://data.cms.gov/summary-statistics-on-beneficiary-enrollment/medicare-and-medicaid-reports/medicare-monthly-enrollment,2026-06,[source: CMS Medicare Monthly Enrollment 2026-06; ORGNL_MDCR_BENES]
TN,Johnson,Medicare FFS (Original Medicare),Medicare FFS,Medicare (Federal),FIPS 47091,,,1990,https://data.cms.gov/summary-statistics-on-beneficiary-enrollment/medicare-and-medicaid-reports/medicare-monthly-enrollment,2026-06,[source: CMS Medicare Monthly Enrollment 2026-06; ORGNL_MDCR_BENES]
TN,Knox,Medicare FFS (Original Medicare),Medicare FFS,Medicare (Federal),FIPS 47093,,,46281,https://data.cms.gov/summary-statistics-on-beneficiary-enrollment/medicare-and-medicaid-reports/medicare-monthly-enrollment,2026-06,[source: CMS Medicare Monthly Enrollment 2026-06; ORGNL_MDCR_BENES]
TN,Lake,Medicare FFS (Original Medicare),Medicare FFS,Medicare (Federal),FIPS 47095,,,721,https://data.cms.gov/summary-statistics-on-beneficiary-enrollment/medicare-and-medicaid-reports/medicare-monthly-enrollment,2026-06,[source: CMS Medicare Monthly Enrollment 2026-06; ORGNL_MDCR_BENES]
TN,Lauderdale,Medicare FFS (Original Medicare),Medicare FFS,Medicare (Federal),FIPS 47097,,,2511,https://data.cms.gov/summary-statistics-on-beneficiary-enrollment/medicare-and-medicaid-reports/medicare-monthly-enrollment,2026-06,[source: CMS Medicare Monthly Enrollment 2026-06; ORGNL_MDCR_BENES]
TN,Lawrence,Medicare FFS (Original Medicare),Medicare FFS,Medicare (Federal),FIPS 47099,,,6215,https://data.cms.gov/summary-statistics-on-beneficiary-enrollment/medicare-and-medicaid-reports/medicare-monthly-enrollment,2026-06,[source: CMS Medicare Monthly Enrollment 2026-06; ORGNL_MDCR_BENES]
TN,Lewis,Medicare FFS (Original Medicare),Medicare FFS,Medicare (Federal),FIPS 47101,,,1582,https://data.cms.gov/summary-statistics-on-beneficiary-enrollment/medicare-and-medicaid-reports/medicare-monthly-enrollment,2026-06,[source: CMS Medicare Monthly Enrollment 2026-06; ORGNL_MDCR_BENES]
TN,Lincoln,Medicare FFS (Original Medicare),Medicare FFS,Medicare (Federal),FIPS 47103,,,4164,https://data.cms.gov/summary-statistics-on-beneficiary-enrollment/medicare-and-medicaid-reports/medicare-monthly-enrollment,2026-06,[source: CMS Medicare Monthly Enrollment 2026-06; ORGNL_MDCR_BENES]
TN,Loudon,Medicare FFS (Original Medicare),Medicare FFS,Medicare (Federal),FIPS 47105,,,10423,https://data.cms.gov/summary-statistics-on-beneficiary-enrollment/medicare-and-medicaid-reports/medicare-monthly-enrollment,2026-06,[source: CMS Medicare Monthly Enrollment 2026-06; ORGNL_MDCR_BENES]
TN,Macon,Medicare FFS (Original Medicare),Medicare FFS,Medicare (Federal),FIPS 47111,,,2545,https://data.cms.gov/summary-statistics-on-beneficiary-enrollment/medicare-and-medicaid-reports/medicare-monthly-enrollment,2026-06,[source: CMS Medicare Monthly Enrollment 2026-06; ORGNL_MDCR_BENES]
TN,Madison,Medicare FFS (Original Medicare),Medicare FFS,Medicare (Federal),FIPS 47113,,,12213,https://data.cms.gov/summary-statistics-on-beneficiary-enrollment/medicare-and-medicaid-reports/medicare-monthly-enrollment,2026-06,[source: CMS Medicare Monthly Enrollment 2026-06; ORGNL_MDCR_BENES]
TN,Marion,Medicare FFS (Original Medicare),Medicare FFS,Medicare (Federal),FIPS 47115,,,3021,https://data.cms.gov/summary-statistics-on-beneficiary-enrollment/medicare-and-medicaid-reports/medicare-monthly-enrollment,2026-06,[source: CMS Medicare Monthly Enrollment 2026-06; ORGNL_MDCR_BENES]
TN,Marshall,Medicare FFS (Original Medicare),Medicare FFS,Medicare (Federal),FIPS 47117,,,3625,https://data.cms.gov/summary-statistics-on-beneficiary-enrollment/medicare-and-medicaid-reports/medicare-monthly-enrollment,2026-06,[source: CMS Medicare Monthly Enrollment 2026-06; ORGNL_MDCR_BENES]
TN,Maury,Medicare FFS (Original Medicare),Medicare FFS,Medicare (Federal),FIPS 47119,,,13509,https://data.cms.gov/summary-statistics-on-beneficiary-enrollment/medicare-and-medicaid-reports/medicare-monthly-enrollment,2026-06,[source: CMS Medicare Monthly Enrollment 2026-06; ORGNL_MDCR_BENES]
TN,McMinn,Medicare FFS (Original Medicare),Medicare FFS,Medicare (Federal),FIPS 47107,,,6354,https://data.cms.gov/summary-statistics-on-beneficiary-enrollment/medicare-and-medicaid-reports/medicare-monthly-enrollment,2026-06,[source: CMS Medicare Monthly Enrollment 2026-06; ORGNL_MDCR_BENES]
TN,McNairy,Medicare FFS (Original Medicare),Medicare FFS,Medicare (Federal),FIPS 47109,,,4070,https://data.cms.gov/summary-statistics-on-beneficiary-enrollment/medicare-and-medicaid-reports/medicare-monthly-enrollment,2026-06,[source: CMS Medicare Monthly Enrollment 2026-06; ORGNL_MDCR_BENES]
TN,Meigs,Medicare FFS (Original Medicare),Medicare FFS,Medicare (Federal),FIPS 47121,,,1710,https://data.cms.gov/summary-statistics-on-beneficiary-enrollment/medicare-and-medicaid-reports/medicare-monthly-enrollment,2026-06,[source: CMS Medicare Monthly Enrollment 2026-06; ORGNL_MDCR_BENES]
TN,Monroe,Medicare FFS (Original Medicare),Medicare FFS,Medicare (Federal),FIPS 47123,,,5582,https://data.cms.gov/summary-statistics-on-beneficiary-enrollment/medicare-and-medicaid-reports/medicare-monthly-enrollment,2026-06,[source: CMS Medicare Monthly Enrollment 2026-06; ORGNL_MDCR_BENES]
TN,Montgomery,Medicare FFS (Original Medicare),Medicare FFS,Medicare (Federal),FIPS 47125,,,18689,https://data.cms.gov/summary-statistics-on-beneficiary-enrollment/medicare-and-medicaid-reports/medicare-monthly-enrollment,2026-06,[source: CMS Medicare Monthly Enrollment 2026-06; ORGNL_MDCR_BENES]
TN,Moore,Medicare FFS (Original Medicare),Medicare FFS,Medicare (Federal),FIPS 47127,,,925,https://data.cms.gov/summary-statistics-on-beneficiary-enrollment/medicare-and-medicaid-reports/medicare-monthly-enrollment,2026-06,[source: CMS Medicare Monthly Enrollment 2026-06; ORGNL_MDCR_BENES]
TN,Morgan,Medicare FFS (Original Medicare),Medicare FFS,Medicare (Federal),FIPS 47129,,,1661,https://data.cms.gov/summary-statistics-on-beneficiary-enrollment/medicare-and-medicaid-reports/medicare-monthly-enrollment,2026-06,[source: CMS Medicare Monthly Enrollment 2026-06; ORGNL_MDCR_BENES]
TN,Obion,Medicare FFS (Original Medicare),Medicare FFS,Medicare (Federal),FIPS 47131,,,4080,https://data.cms.gov/summary-statistics-on-beneficiary-enrollment/medicare-and-medicaid-reports/medicare-monthly-enrollment,2026-06,[source: CMS Medicare Monthly Enrollment 2026-06; ORGNL_MDCR_BENES]
TN,Overton,Medicare FFS (Original Medicare),Medicare FFS,Medicare (Federal),FIPS 47133,,,3167,https://data.cms.gov/summary-statistics-on-beneficiary-enrollment/medicare-and-medicaid-reports/medicare-monthly-enrollment,2026-06,[source: CMS Medicare Monthly Enrollment 2026-06; ORGNL_MDCR_BENES]
TN,Perry,Medicare FFS (Original Medicare),Medicare FFS,Medicare (Federal),FIPS 47135,,,1065,https://data.cms.gov/summary-statistics-on-beneficiary-enrollment/medicare-and-medicaid-reports/medicare-monthly-enrollment,2026-06,[source: CMS Medicare Monthly Enrollment 2026-06; ORGNL_MDCR_BENES]
TN,Pickett,Medicare FFS (Original Medicare),Medicare FFS,Medicare (Federal),FIPS 47137,,,879,https://data.cms.gov/summary-statistics-on-beneficiary-enrollment/medicare-and-medicaid-reports/medicare-monthly-enrollment,2026-06,[source: CMS Medicare Monthly Enrollment 2026-06; ORGNL_MDCR_BENES]
TN,Polk,Medicare FFS (Original Medicare),Medicare FFS,Medicare (Federal),FIPS 47139,,,2220,https://data.cms.gov/summary-statistics-on-beneficiary-enrollment/medicare-and-medicaid-reports/medicare-monthly-enrollment,2026-06,[source: CMS Medicare Monthly Enrollment 2026-06; ORGNL_MDCR_BENES]
TN,Putnam,Medicare FFS (Original Medicare),Medicare FFS,Medicare (Federal),FIPS 47141,,,10347,https://data.cms.gov/summary-statistics-on-beneficiary-enrollment/medicare-and-medicaid-reports/medicare-monthly-enrollment,2026-06,[source: CMS Medicare Monthly Enrollment 2026-06; ORGNL_MDCR_BENES]
TN,Rhea,Medicare FFS (Original Medicare),Medicare FFS,Medicare (Federal),FIPS 47143,,,3808,https://data.cms.gov/summary-statistics-on-beneficiary-enrollment/medicare-and-medicaid-reports/medicare-monthly-enrollment,2026-06,[source: CMS Medicare Monthly Enrollment 2026-06; ORGNL_MDCR_BENES]
TN,Roane,Medicare FFS (Original Medicare),Medicare FFS,Medicare (Federal),FIPS 47145,,,6793,https://data.cms.gov/summary-statistics-on-beneficiary-enrollment/medicare-and-medicaid-reports/medicare-monthly-enrollment,2026-06,[source: CMS Medicare Monthly Enrollment 2026-06; ORGNL_MDCR_BENES]
TN,Robertson,Medicare FFS (Original Medicare),Medicare FFS,Medicare (Federal),FIPS 47147,,,6843,https://data.cms.gov/summary-statistics-on-beneficiary-enrollment/medicare-and-medicaid-reports/medicare-monthly-enrollment,2026-06,[source: CMS Medicare Monthly Enrollment 2026-06; ORGNL_MDCR_BENES]
TN,Rutherford,Medicare FFS (Original Medicare),Medicare FFS,Medicare (Federal),FIPS 47149,,,26255,https://data.cms.gov/summary-statistics-on-beneficiary-enrollment/medicare-and-medicaid-reports/medicare-monthly-enrollment,2026-06,[source: CMS Medicare Monthly Enrollment 2026-06; ORGNL_MDCR_BENES]
TN,Scott,Medicare FFS (Original Medicare),Medicare FFS,Medicare (Federal),FIPS 47151,,,1859,https://data.cms.gov/summary-statistics-on-beneficiary-enrollment/medicare-and-medicaid-reports/medicare-monthly-enrollment,2026-06,[source: CMS Medicare Monthly Enrollment 2026-06; ORGNL_MDCR_BENES]
TN,Sequatchie,Medicare FFS (Original Medicare),Medicare FFS,Medicare (Federal),FIPS 47153,,,2232,https://data.cms.gov/summary-statistics-on-beneficiary-enrollment/medicare-and-medicaid-reports/medicare-monthly-enrollment,2026-06,[source: CMS Medicare Monthly Enrollment 2026-06; ORGNL_MDCR_BENES]
TN,Sevier,Medicare FFS (Original Medicare),Medicare FFS,Medicare (Federal),FIPS 47155,,,10610,https://data.cms.gov/summary-statistics-on-beneficiary-enrollment/medicare-and-medicaid-reports/medicare-monthly-enrollment,2026-06,[source: CMS Medicare Monthly Enrollment 2026-06; ORGNL_MDCR_BENES]
TN,Shelby,Medicare FFS (Original Medicare),Medicare FFS,Medicare (Federal),FIPS 47157,,,87057,https://data.cms.gov/summary-statistics-on-beneficiary-enrollment/medicare-and-medicaid-reports/medicare-monthly-enrollment,2026-06,[source: CMS Medicare Monthly Enrollment 2026-06; ORGNL_MDCR_BENES]
TN,Smith,Medicare FFS (Original Medicare),Medicare FFS,Medicare (Federal),FIPS 47159,,,2393,https://data.cms.gov/summary-statistics-on-beneficiary-enrollment/medicare-and-medicaid-reports/medicare-monthly-enrollment,2026-06,[source: CMS Medicare Monthly Enrollment 2026-06; ORGNL_MDCR_BENES]
TN,Stewart,Medicare FFS (Original Medicare),Medicare FFS,Medicare (Federal),FIPS 47161,,,2133,https://data.cms.gov/summary-statistics-on-beneficiary-enrollment/medicare-and-medicaid-reports/medicare-monthly-enrollment,2026-06,[source: CMS Medicare Monthly Enrollment 2026-06; ORGNL_MDCR_BENES]
TN,Sullivan,Medicare FFS (Original Medicare),Medicare FFS,Medicare (Federal),FIPS 47163,,,14243,https://data.cms.gov/summary-statistics-on-beneficiary-enrollment/medicare-and-medicaid-reports/medicare-monthly-enrollment,2026-06,[source: CMS Medicare Monthly Enrollment 2026-06; ORGNL_MDCR_BENES]
TN,Sumner,Medicare FFS (Original Medicare),Medicare FFS,Medicare (Federal),FIPS 47165,,,19020,https://data.cms.gov/summary-statistics-on-beneficiary-enrollment/medicare-and-medicaid-reports/medicare-monthly-enrollment,2026-06,[source: CMS Medicare Monthly Enrollment 2026-06; ORGNL_MDCR_BENES]
TN,Tipton,Medicare FFS (Original Medicare),Medicare FFS,Medicare (Federal),FIPS 47167,,,7402,https://data.cms.gov/summary-statistics-on-beneficiary-enrollment/medicare-and-medicaid-reports/medicare-monthly-enrollment,2026-06,[source: CMS Medicare Monthly Enrollment 2026-06; ORGNL_MDCR_BENES]
TN,Trousdale,Medicare FFS (Original Medicare),Medicare FFS,Medicare (Federal),FIPS 47169,,,928,https://data.cms.gov/summary-statistics-on-beneficiary-enrollment/medicare-and-medicaid-reports/medicare-monthly-enrollment,2026-06,[source: CMS Medicare Monthly Enrollment 2026-06; ORGNL_MDCR_BENES]
TN,Unicoi,Medicare FFS (Original Medicare),Medicare FFS,Medicare (Federal),FIPS 47171,,,1815,https://data.cms.gov/summary-statistics-on-beneficiary-enrollment/medicare-and-medicaid-reports/medicare-monthly-enrollment,2026-06,[source: CMS Medicare Monthly Enrollment 2026-06; ORGNL_MDCR_BENES]
TN,Union,Medicare FFS (Original Medicare),Medicare FFS,Medicare (Federal),FIPS 47173,,,1563,https://data.cms.gov/summary-statistics-on-beneficiary-enrollment/medicare-and-medicaid-reports/medicare-monthly-enrollment,2026-06,[source: CMS Medicare Monthly Enrollment 2026-06; ORGNL_MDCR_BENES]
TN,Van Buren,Medicare FFS (Original Medicare),Medicare FFS,Medicare (Federal),FIPS 47175,,,912,https://data.cms.gov/summary-statistics-on-beneficiary-enrollment/medicare-and-medicaid-reports/medicare-monthly-enrollment,2026-06,[source: CMS Medicare Monthly Enrollment 2026-06; ORGNL_MDCR_BENES]
TN,Warren,Medicare FFS (Original Medicare),Medicare FFS,Medicare (Federal),FIPS 47177,,,5170,https://data.cms.gov/summary-statistics-on-beneficiary-enrollment/medicare-and-medicaid-reports/medicare-monthly-enrollment,2026-06,[source: CMS Medicare Monthly Enrollment 2026-06; ORGNL_MDCR_BENES]
TN,Washington,Medicare FFS (Original Medicare),Medicare FFS,Medicare (Federal),FIPS 47179,,,13559,https://data.cms.gov/summary-statistics-on-beneficiary-enrollment/medicare-and-medicaid-reports/medicare-monthly-enrollment,2026-06,[source: CMS Medicare Monthly Enrollment 2026-06; ORGNL_MDCR_BENES]
TN,Wayne,Medicare FFS (Original Medicare),Medicare FFS,Medicare (Federal),FIPS 47181,,,1905,https://data.cms.gov/summary-statistics-on-beneficiary-enrollment/medicare-and-medicaid-reports/medicare-monthly-enrollment,2026-06,[source: CMS Medicare Monthly Enrollment 2026-06; ORGNL_MDCR_BENES]
TN,Weakley,Medicare FFS (Original Medicare),Medicare FFS,Medicare (Federal),FIPS 47183,,,4302,https://data.cms.gov/summary-statistics-on-beneficiary-enrollment/medicare-and-medicaid-reports/medicare-monthly-enrollment,2026-06,[source: CMS Medicare Monthly Enrollment 2026-06; ORGNL_MDCR_BENES]
TN,White,Medicare FFS (Original Medicare),Medicare FFS,Medicare (Federal),FIPS 47185,,,3905,https://data.cms.gov/summary-statistics-on-beneficiary-enrollment/medicare-and-medicaid-reports/medicare-monthly-enrollment,2026-06,[source: CMS Medicare Monthly Enrollment 2026-06; ORGNL_MDCR_BENES]
TN,Williamson,Medicare FFS (Original Medicare),Medicare FFS,Medicare (Federal),FIPS 47187,,,27491,https://data.cms.gov/summary-statistics-on-beneficiary-enrollment/medicare-and-medicaid-reports/medicare-monthly-enrollment,2026-06,[source: CMS Medicare Monthly Enrollment 2026-06; ORGNL_MDCR_BENES]
TN,Wilson,Medicare FFS (Original Medicare),Medicare FFS,Medicare (Federal),FIPS 47189,,,15539,https://data.cms.gov/summary-statistics-on-beneficiary-enrollment/medicare-and-medicaid-reports/medicare-monthly-enrollment,2026-06,[source: CMS Medicare Monthly Enrollment 2026-06; ORGNL_MDCR_BENES]
TX,Anderson,Medicare FFS (Original Medicare),Medicare FFS,Medicare (Federal),FIPS 48001,,,5361,https://data.cms.gov/summary-statistics-on-beneficiary-enrollment/medicare-and-medicaid-reports/medicare-monthly-enrollment,2026-06,[source: CMS Medicare Monthly Enrollment 2026-06; ORGNL_MDCR_BENES]
TX,Andrews,Medicare FFS (Original Medicare),Medicare FFS,Medicare (Federal),FIPS 48003,,,1237,https://data.cms.gov/summary-statistics-on-beneficiary-enrollment/medicare-and-medicaid-reports/medicare-monthly-enrollment,2026-06,[source: CMS Medicare Monthly Enrollment 2026-06; ORGNL_MDCR_BENES]
TX,Angelina,Medicare FFS (Original Medicare),Medicare FFS,Medicare (Federal),FIPS 48005,,,9438,https://data.cms.gov/summary-statistics-on-beneficiary-enrollment/medicare-and-medicaid-reports/medicare-monthly-enrollment,2026-06,[source: CMS Medicare Monthly Enrollment 2026-06; ORGNL_MDCR_BENES]
TX,Aransas,Medicare FFS (Original Medicare),Medicare FFS,Medicare (Federal),FIPS 48007,,,3605,https://data.cms.gov/summary-statistics-on-beneficiary-enrollment/medicare-and-medicaid-reports/medicare-monthly-enrollment,2026-06,[source: CMS Medicare Monthly Enrollment 2026-06; ORGNL_MDCR_BENES]
TX,Archer,Medicare FFS (Original Medicare),Medicare FFS,Medicare (Federal),FIPS 48009,,,1469,https://data.cms.gov/summary-statistics-on-beneficiary-enrollment/medicare-and-medicaid-reports/medicare-monthly-enrollment,2026-06,[source: CMS Medicare Monthly Enrollment 2026-06; ORGNL_MDCR_BENES]
TX,Armstrong,Medicare FFS (Original Medicare),Medicare FFS,Medicare (Federal),FIPS 48011,,,312,https://data.cms.gov/summary-statistics-on-beneficiary-enrollment/medicare-and-medicaid-reports/medicare-monthly-enrollment,2026-06,[source: CMS Medicare Monthly Enrollment 2026-06; ORGNL_MDCR_BENES]
TX,Atascosa,Medicare FFS (Original Medicare),Medicare FFS,Medicare (Federal),FIPS 48013,,,3461,https://data.cms.gov/summary-statistics-on-beneficiary-enrollment/medicare-and-medicaid-reports/medicare-monthly-enrollment,2026-06,[source: CMS Medicare Monthly Enrollment 2026-06; ORGNL_MDCR_BENES]
TX,Austin,Medicare FFS (Original Medicare),Medicare FFS,Medicare (Federal),FIPS 48015,,,4508,https://data.cms.gov/summary-statistics-on-beneficiary-enrollment/medicare-and-medicaid-reports/medicare-monthly-enrollment,2026-06,[source: CMS Medicare Monthly Enrollment 2026-06; ORGNL_MDCR_BENES]
TX,Bailey,Medicare FFS (Original Medicare),Medicare FFS,Medicare (Federal),FIPS 48017,,,733,https://data.cms.gov/summary-statistics-on-beneficiary-enrollment/medicare-and-medicaid-reports/medicare-monthly-enrollment,2026-06,[source: CMS Medicare Monthly Enrollment 2026-06; ORGNL_MDCR_BENES]
TX,Bandera,Medicare FFS (Original Medicare),Medicare FFS,Medicare (Federal),FIPS 48019,,,4247,https://data.cms.gov/summary-statistics-on-beneficiary-enrollment/medicare-and-medicaid-reports/medicare-monthly-enrollment,2026-06,[source: CMS Medicare Monthly Enrollment 2026-06; ORGNL_MDCR_BENES]
TX,Bastrop,Medicare FFS (Original Medicare),Medicare FFS,Medicare (Federal),FIPS 48021,,,9009,https://data.cms.gov/summary-statistics-on-beneficiary-enrollment/medicare-and-medicaid-reports/medicare-monthly-enrollment,2026-06,[source: CMS Medicare Monthly Enrollment 2026-06; ORGNL_MDCR_BENES]
TX,Baylor,Medicare FFS (Original Medicare),Medicare FFS,Medicare (Federal),FIPS 48023,,,628,https://data.cms.gov/summary-statistics-on-beneficiary-enrollment/medicare-and-medicaid-reports/medicare-monthly-enrollment,2026-06,[source: CMS Medicare Monthly Enrollment 2026-06; ORGNL_MDCR_BENES]
TX,Bee,Medicare FFS (Original Medicare),Medicare FFS,Medicare (Federal),FIPS 48025,,,1773,https://data.cms.gov/summary-statistics-on-beneficiary-enrollment/medicare-and-medicaid-reports/medicare-monthly-enrollment,2026-06,[source: CMS Medicare Monthly Enrollment 2026-06; ORGNL_MDCR_BENES]
TX,Bell,Medicare FFS (Original Medicare),Medicare FFS,Medicare (Federal),FIPS 48027,,,30943,https://data.cms.gov/summary-statistics-on-beneficiary-enrollment/medicare-and-medicaid-reports/medicare-monthly-enrollment,2026-06,[source: CMS Medicare Monthly Enrollment 2026-06; ORGNL_MDCR_BENES]
TX,Bexar,Medicare FFS (Original Medicare),Medicare FFS,Medicare (Federal),FIPS 48029,,,141374,https://data.cms.gov/summary-statistics-on-beneficiary-enrollment/medicare-and-medicaid-reports/medicare-monthly-enrollment,2026-06,[source: CMS Medicare Monthly Enrollment 2026-06; ORGNL_MDCR_BENES]
TX,Blanco,Medicare FFS (Original Medicare),Medicare FFS,Medicare (Federal),FIPS 48031,,,2766,https://data.cms.gov/summary-statistics-on-beneficiary-enrollment/medicare-and-medicaid-reports/medicare-monthly-enrollment,2026-06,[source: CMS Medicare Monthly Enrollment 2026-06; ORGNL_MDCR_BENES]
TX,Borden,Medicare FFS (Original Medicare),Medicare FFS,Medicare (Federal),FIPS 48033,,,76,https://data.cms.gov/summary-statistics-on-beneficiary-enrollment/medicare-and-medicaid-reports/medicare-monthly-enrollment,2026-06,[source: CMS Medicare Monthly Enrollment 2026-06; ORGNL_MDCR_BENES]
TX,Bosque,Medicare FFS (Original Medicare),Medicare FFS,Medicare (Federal),FIPS 48035,,,2806,https://data.cms.gov/summary-statistics-on-beneficiary-enrollment/medicare-and-medicaid-reports/medicare-monthly-enrollment,2026-06,[source: CMS Medicare Monthly Enrollment 2026-06; ORGNL_MDCR_BENES]
TX,Bowie,Medicare FFS (Original Medicare),Medicare FFS,Medicare (Federal),FIPS 48037,,,11473,https://data.cms.gov/summary-statistics-on-beneficiary-enrollment/medicare-and-medicaid-reports/medicare-monthly-enrollment,2026-06,[source: CMS Medicare Monthly Enrollment 2026-06; ORGNL_MDCR_BENES]
TX,Brazoria,Medicare FFS (Original Medicare),Medicare FFS,Medicare (Federal),FIPS 48039,,,27026,https://data.cms.gov/summary-statistics-on-beneficiary-enrollment/medicare-and-medicaid-reports/medicare-monthly-enrollment,2026-06,[source: CMS Medicare Monthly Enrollment 2026-06; ORGNL_MDCR_BENES]
TX,Brazos,Medicare FFS (Original Medicare),Medicare FFS,Medicare (Federal),FIPS 48041,,,15257,https://data.cms.gov/summary-statistics-on-beneficiary-enrollment/medicare-and-medicaid-reports/medicare-monthly-enrollment,2026-06,[source: CMS Medicare Monthly Enrollment 2026-06; ORGNL_MDCR_BENES]
TX,Brewster,Medicare FFS (Original Medicare),Medicare FFS,Medicare (Federal),FIPS 48043,,,1414,https://data.cms.gov/summary-statistics-on-beneficiary-enrollment/medicare-and-medicaid-reports/medicare-monthly-enrollment,2026-06,[source: CMS Medicare Monthly Enrollment 2026-06; ORGNL_MDCR_BENES]
TX,Briscoe,Medicare FFS (Original Medicare),Medicare FFS,Medicare (Federal),FIPS 48045,,,262,https://data.cms.gov/summary-statistics-on-beneficiary-enrollment/medicare-and-medicaid-reports/medicare-monthly-enrollment,2026-06,[source: CMS Medicare Monthly Enrollment 2026-06; ORGNL_MDCR_BENES]
TX,Brooks,Medicare FFS (Original Medicare),Medicare FFS,Medicare (Federal),FIPS 48047,,,413,https://data.cms.gov/summary-statistics-on-beneficiary-enrollment/medicare-and-medicaid-reports/medicare-monthly-enrollment,2026-06,[source: CMS Medicare Monthly Enrollment 2026-06; ORGNL_MDCR_BENES]
TX,Brown,Medicare FFS (Original Medicare),Medicare FFS,Medicare (Federal),FIPS 48049,,,5936,https://data.cms.gov/summary-statistics-on-beneficiary-enrollment/medicare-and-medicaid-reports/medicare-monthly-enrollment,2026-06,[source: CMS Medicare Monthly Enrollment 2026-06; ORGNL_MDCR_BENES]
TX,Burleson,Medicare FFS (Original Medicare),Medicare FFS,Medicare (Federal),FIPS 48051,,,2582,https://data.cms.gov/summary-statistics-on-beneficiary-enrollment/medicare-and-medicaid-reports/medicare-monthly-enrollment,2026-06,[source: CMS Medicare Monthly Enrollment 2026-06; ORGNL_MDCR_BENES]
TX,Burnet,Medicare FFS (Original Medicare),Medicare FFS,Medicare (Federal),FIPS 48053,,,8094,https://data.cms.gov/summary-statistics-on-beneficiary-enrollment/medicare-and-medicaid-reports/medicare-monthly-enrollment,2026-06,[source: CMS Medicare Monthly Enrollment 2026-06; ORGNL_MDCR_BENES]
TX,Caldwell,Medicare FFS (Original Medicare),Medicare FFS,Medicare (Federal),FIPS 48055,,,3943,https://data.cms.gov/summary-statistics-on-beneficiary-enrollment/medicare-and-medicaid-reports/medicare-monthly-enrollment,2026-06,[source: CMS Medicare Monthly Enrollment 2026-06; ORGNL_MDCR_BENES]
TX,Calhoun,Medicare FFS (Original Medicare),Medicare FFS,Medicare (Federal),FIPS 48057,,,2285,https://data.cms.gov/summary-statistics-on-beneficiary-enrollment/medicare-and-medicaid-reports/medicare-monthly-enrollment,2026-06,[source: CMS Medicare Monthly Enrollment 2026-06; ORGNL_MDCR_BENES]
TX,Callahan,Medicare FFS (Original Medicare),Medicare FFS,Medicare (Federal),FIPS 48059,,,2131,https://data.cms.gov/summary-statistics-on-beneficiary-enrollment/medicare-and-medicaid-reports/medicare-monthly-enrollment,2026-06,[source: CMS Medicare Monthly Enrollment 2026-06; ORGNL_MDCR_BENES]
TX,Cameron,Medicare FFS (Original Medicare),Medicare FFS,Medicare (Federal),FIPS 48061,,,18766,https://data.cms.gov/summary-statistics-on-beneficiary-enrollment/medicare-and-medicaid-reports/medicare-monthly-enrollment,2026-06,[source: CMS Medicare Monthly Enrollment 2026-06; ORGNL_MDCR_BENES]
TX,Camp,Medicare FFS (Original Medicare),Medicare FFS,Medicare (Federal),FIPS 48063,,,1667,https://data.cms.gov/summary-statistics-on-beneficiary-enrollment/medicare-and-medicaid-reports/medicare-monthly-enrollment,2026-06,[source: CMS Medicare Monthly Enrollment 2026-06; ORGNL_MDCR_BENES]
TX,Carson,Medicare FFS (Original Medicare),Medicare FFS,Medicare (Federal),FIPS 48065,,,752,https://data.cms.gov/summary-statistics-on-beneficiary-enrollment/medicare-and-medicaid-reports/medicare-monthly-enrollment,2026-06,[source: CMS Medicare Monthly Enrollment 2026-06; ORGNL_MDCR_BENES]
TX,Cass,Medicare FFS (Original Medicare),Medicare FFS,Medicare (Federal),FIPS 48067,,,4309,https://data.cms.gov/summary-statistics-on-beneficiary-enrollment/medicare-and-medicaid-reports/medicare-monthly-enrollment,2026-06,[source: CMS Medicare Monthly Enrollment 2026-06; ORGNL_MDCR_BENES]
TX,Castro,Medicare FFS (Original Medicare),Medicare FFS,Medicare (Federal),FIPS 48069,,,751,https://data.cms.gov/summary-statistics-on-beneficiary-enrollment/medicare-and-medicaid-reports/medicare-monthly-enrollment,2026-06,[source: CMS Medicare Monthly Enrollment 2026-06; ORGNL_MDCR_BENES]
TX,Chambers,Medicare FFS (Original Medicare),Medicare FFS,Medicare (Federal),FIPS 48071,,,3629,https://data.cms.gov/summary-statistics-on-beneficiary-enrollment/medicare-and-medicaid-reports/medicare-monthly-enrollment,2026-06,[source: CMS Medicare Monthly Enrollment 2026-06; ORGNL_MDCR_BENES]
TX,Cherokee,Medicare FFS (Original Medicare),Medicare FFS,Medicare (Federal),FIPS 48073,,,5085,https://data.cms.gov/summary-statistics-on-beneficiary-enrollment/medicare-and-medicaid-reports/medicare-monthly-enrollment,2026-06,[source: CMS Medicare Monthly Enrollment 2026-06; ORGNL_MDCR_BENES]
TX,Childress,Medicare FFS (Original Medicare),Medicare FFS,Medicare (Federal),FIPS 48075,,,717,https://data.cms.gov/summary-statistics-on-beneficiary-enrollment/medicare-and-medicaid-reports/medicare-monthly-enrollment,2026-06,[source: CMS Medicare Monthly Enrollment 2026-06; ORGNL_MDCR_BENES]
TX,Clay,Medicare FFS (Original Medicare),Medicare FFS,Medicare (Federal),FIPS 48077,,,1757,https://data.cms.gov/summary-statistics-on-beneficiary-enrollment/medicare-and-medicaid-reports/medicare-monthly-enrollment,2026-06,[source: CMS Medicare Monthly Enrollment 2026-06; ORGNL_MDCR_BENES]
TX,Cochran,Medicare FFS (Original Medicare),Medicare FFS,Medicare (Federal),FIPS 48079,,,249,https://data.cms.gov/summary-statistics-on-beneficiary-enrollment/medicare-and-medicaid-reports/medicare-monthly-enrollment,2026-06,[source: CMS Medicare Monthly Enrollment 2026-06; ORGNL_MDCR_BENES]
TX,Coke,Medicare FFS (Original Medicare),Medicare FFS,Medicare (Federal),FIPS 48081,,,595,https://data.cms.gov/summary-statistics-on-beneficiary-enrollment/medicare-and-medicaid-reports/medicare-monthly-enrollment,2026-06,[source: CMS Medicare Monthly Enrollment 2026-06; ORGNL_MDCR_BENES]
TX,Coleman,Medicare FFS (Original Medicare),Medicare FFS,Medicare (Federal),FIPS 48083,,,1820,https://data.cms.gov/summary-statistics-on-beneficiary-enrollment/medicare-and-medicaid-reports/medicare-monthly-enrollment,2026-06,[source: CMS Medicare Monthly Enrollment 2026-06; ORGNL_MDCR_BENES]
TX,Collin,Medicare FFS (Original Medicare),Medicare FFS,Medicare (Federal),FIPS 48085,,,92117,https://data.cms.gov/summary-statistics-on-beneficiary-enrollment/medicare-and-medicaid-reports/medicare-monthly-enrollment,2026-06,[source: CMS Medicare Monthly Enrollment 2026-06; ORGNL_MDCR_BENES]
TX,Collingsworth,Medicare FFS (Original Medicare),Medicare FFS,Medicare (Federal),FIPS 48087,,,508,https://data.cms.gov/summary-statistics-on-beneficiary-enrollment/medicare-and-medicaid-reports/medicare-monthly-enrollment,2026-06,[source: CMS Medicare Monthly Enrollment 2026-06; ORGNL_MDCR_BENES]
TX,Colorado,Medicare FFS (Original Medicare),Medicare FFS,Medicare (Federal),FIPS 48089,,,3694,https://data.cms.gov/summary-statistics-on-beneficiary-enrollment/medicare-and-medicaid-reports/medicare-monthly-enrollment,2026-06,[source: CMS Medicare Monthly Enrollment 2026-06; ORGNL_MDCR_BENES]
TX,Comal,Medicare FFS (Original Medicare),Medicare FFS,Medicare (Federal),FIPS 48091,,,26538,https://data.cms.gov/summary-statistics-on-beneficiary-enrollment/medicare-and-medicaid-reports/medicare-monthly-enrollment,2026-06,[source: CMS Medicare Monthly Enrollment 2026-06; ORGNL_MDCR_BENES]
TX,Comanche,Medicare FFS (Original Medicare),Medicare FFS,Medicare (Federal),FIPS 48093,,,2219,https://data.cms.gov/summary-statistics-on-beneficiary-enrollment/medicare-and-medicaid-reports/medicare-monthly-enrollment,2026-06,[source: CMS Medicare Monthly Enrollment 2026-06; ORGNL_MDCR_BENES]
TX,Concho,Medicare FFS (Original Medicare),Medicare FFS,Medicare (Federal),FIPS 48095,,,423,https://data.cms.gov/summary-statistics-on-beneficiary-enrollment/medicare-and-medicaid-reports/medicare-monthly-enrollment,2026-06,[source: CMS Medicare Monthly Enrollment 2026-06; ORGNL_MDCR_BENES]
TX,Cooke,Medicare FFS (Original Medicare),Medicare FFS,Medicare (Federal),FIPS 48097,,,5627,https://data.cms.gov/summary-statistics-on-beneficiary-enrollment/medicare-and-medicaid-reports/medicare-monthly-enrollment,2026-06,[source: CMS Medicare Monthly Enrollment 2026-06; ORGNL_MDCR_BENES]
TX,Coryell,Medicare FFS (Original Medicare),Medicare FFS,Medicare (Federal),FIPS 48099,,,6272,https://data.cms.gov/summary-statistics-on-beneficiary-enrollment/medicare-and-medicaid-reports/medicare-monthly-enrollment,2026-06,[source: CMS Medicare Monthly Enrollment 2026-06; ORGNL_MDCR_BENES]
TX,Cottle,Medicare FFS (Original Medicare),Medicare FFS,Medicare (Federal),FIPS 48101,,,224,https://data.cms.gov/summary-statistics-on-beneficiary-enrollment/medicare-and-medicaid-reports/medicare-monthly-enrollment,2026-06,[source: CMS Medicare Monthly Enrollment 2026-06; ORGNL_MDCR_BENES]
TX,Crane,Medicare FFS (Original Medicare),Medicare FFS,Medicare (Federal),FIPS 48103,,,386,https://data.cms.gov/summary-statistics-on-beneficiary-enrollment/medicare-and-medicaid-reports/medicare-monthly-enrollment,2026-06,[source: CMS Medicare Monthly Enrollment 2026-06; ORGNL_MDCR_BENES]
TX,Crockett,Medicare FFS (Original Medicare),Medicare FFS,Medicare (Federal),FIPS 48105,,,463,https://data.cms.gov/summary-statistics-on-beneficiary-enrollment/medicare-and-medicaid-reports/medicare-monthly-enrollment,2026-06,[source: CMS Medicare Monthly Enrollment 2026-06; ORGNL_MDCR_BENES]
TX,Crosby,Medicare FFS (Original Medicare),Medicare FFS,Medicare (Federal),FIPS 48107,,,525,https://data.cms.gov/summary-statistics-on-beneficiary-enrollment/medicare-and-medicaid-reports/medicare-monthly-enrollment,2026-06,[source: CMS Medicare Monthly Enrollment 2026-06; ORGNL_MDCR_BENES]
TX,Culberson,Medicare FFS (Original Medicare),Medicare FFS,Medicare (Federal),FIPS 48109,,,340,https://data.cms.gov/summary-statistics-on-beneficiary-enrollment/medicare-and-medicaid-reports/medicare-monthly-enrollment,2026-06,[source: CMS Medicare Monthly Enrollment 2026-06; ORGNL_MDCR_BENES]
TX,Dallam,Medicare FFS (Original Medicare),Medicare FFS,Medicare (Federal),FIPS 48111,,,698,https://data.cms.gov/summary-statistics-on-beneficiary-enrollment/medicare-and-medicaid-reports/medicare-monthly-enrollment,2026-06,[source: CMS Medicare Monthly Enrollment 2026-06; ORGNL_MDCR_BENES]
TX,Dallas,Medicare FFS (Original Medicare),Medicare FFS,Medicare (Federal),FIPS 48113,,,165843,https://data.cms.gov/summary-statistics-on-beneficiary-enrollment/medicare-and-medicaid-reports/medicare-monthly-enrollment,2026-06,[source: CMS Medicare Monthly Enrollment 2026-06; ORGNL_MDCR_BENES]
TX,Dawson,Medicare FFS (Original Medicare),Medicare FFS,Medicare (Federal),FIPS 48115,,,1148,https://data.cms.gov/summary-statistics-on-beneficiary-enrollment/medicare-and-medicaid-reports/medicare-monthly-enrollment,2026-06,[source: CMS Medicare Monthly Enrollment 2026-06; ORGNL_MDCR_BENES]
TX,DeWitt,Medicare FFS (Original Medicare),Medicare FFS,Medicare (Federal),FIPS 48123,,,2539,https://data.cms.gov/summary-statistics-on-beneficiary-enrollment/medicare-and-medicaid-reports/medicare-monthly-enrollment,2026-06,[source: CMS Medicare Monthly Enrollment 2026-06; ORGNL_MDCR_BENES]
TX,Deaf Smith,Medicare FFS (Original Medicare),Medicare FFS,Medicare (Federal),FIPS 48117,,,1445,https://data.cms.gov/summary-statistics-on-beneficiary-enrollment/medicare-and-medicaid-reports/medicare-monthly-enrollment,2026-06,[source: CMS Medicare Monthly Enrollment 2026-06; ORGNL_MDCR_BENES]
TX,Delta,Medicare FFS (Original Medicare),Medicare FFS,Medicare (Federal),FIPS 48119,,,737,https://data.cms.gov/summary-statistics-on-beneficiary-enrollment/medicare-and-medicaid-reports/medicare-monthly-enrollment,2026-06,[source: CMS Medicare Monthly Enrollment 2026-06; ORGNL_MDCR_BENES]
TX,Denton,Medicare FFS (Original Medicare),Medicare FFS,Medicare (Federal),FIPS 48121,,,75627,https://data.cms.gov/summary-statistics-on-beneficiary-enrollment/medicare-and-medicaid-reports/medicare-monthly-enrollment,2026-06,[source: CMS Medicare Monthly Enrollment 2026-06; ORGNL_MDCR_BENES]
TX,Dickens,Medicare FFS (Original Medicare),Medicare FFS,Medicare (Federal),FIPS 48125,,,357,https://data.cms.gov/summary-statistics-on-beneficiary-enrollment/medicare-and-medicaid-reports/medicare-monthly-enrollment,2026-06,[source: CMS Medicare Monthly Enrollment 2026-06; ORGNL_MDCR_BENES]
TX,Dimmit,Medicare FFS (Original Medicare),Medicare FFS,Medicare (Federal),FIPS 48127,,,578,https://data.cms.gov/summary-statistics-on-beneficiary-enrollment/medicare-and-medicaid-reports/medicare-monthly-enrollment,2026-06,[source: CMS Medicare Monthly Enrollment 2026-06; ORGNL_MDCR_BENES]
TX,Donley,Medicare FFS (Original Medicare),Medicare FFS,Medicare (Federal),FIPS 48129,,,631,https://data.cms.gov/summary-statistics-on-beneficiary-enrollment/medicare-and-medicaid-reports/medicare-monthly-enrollment,2026-06,[source: CMS Medicare Monthly Enrollment 2026-06; ORGNL_MDCR_BENES]
TX,Duval,Medicare FFS (Original Medicare),Medicare FFS,Medicare (Federal),FIPS 48131,,,680,https://data.cms.gov/summary-statistics-on-beneficiary-enrollment/medicare-and-medicaid-reports/medicare-monthly-enrollment,2026-06,[source: CMS Medicare Monthly Enrollment 2026-06; ORGNL_MDCR_BENES]
TX,Eastland,Medicare FFS (Original Medicare),Medicare FFS,Medicare (Federal),FIPS 48133,,,2726,https://data.cms.gov/summary-statistics-on-beneficiary-enrollment/medicare-and-medicaid-reports/medicare-monthly-enrollment,2026-06,[source: CMS Medicare Monthly Enrollment 2026-06; ORGNL_MDCR_BENES]
TX,Ector,Medicare FFS (Original Medicare),Medicare FFS,Medicare (Federal),FIPS 48135,,,10235,https://data.cms.gov/summary-statistics-on-beneficiary-enrollment/medicare-and-medicaid-reports/medicare-monthly-enrollment,2026-06,[source: CMS Medicare Monthly Enrollment 2026-06; ORGNL_MDCR_BENES]
TX,Edwards,Medicare FFS (Original Medicare),Medicare FFS,Medicare (Federal),FIPS 48137,,,349,https://data.cms.gov/summary-statistics-on-beneficiary-enrollment/medicare-and-medicaid-reports/medicare-monthly-enrollment,2026-06,[source: CMS Medicare Monthly Enrollment 2026-06; ORGNL_MDCR_BENES]
TX,El Paso,Medicare FFS (Original Medicare),Medicare FFS,Medicare (Federal),FIPS 48141,,,39450,https://data.cms.gov/summary-statistics-on-beneficiary-enrollment/medicare-and-medicaid-reports/medicare-monthly-enrollment,2026-06,[source: CMS Medicare Monthly Enrollment 2026-06; ORGNL_MDCR_BENES]
TX,Ellis,Medicare FFS (Original Medicare),Medicare FFS,Medicare (Federal),FIPS 48139,,,17870,https://data.cms.gov/summary-statistics-on-beneficiary-enrollment/medicare-and-medicaid-reports/medicare-monthly-enrollment,2026-06,[source: CMS Medicare Monthly Enrollment 2026-06; ORGNL_MDCR_BENES]
TX,Erath,Medicare FFS (Original Medicare),Medicare FFS,Medicare (Federal),FIPS 48143,,,4281,https://data.cms.gov/summary-statistics-on-beneficiary-enrollment/medicare-and-medicaid-reports/medicare-monthly-enrollment,2026-06,[source: CMS Medicare Monthly Enrollment 2026-06; ORGNL_MDCR_BENES]
TX,Falls,Medicare FFS (Original Medicare),Medicare FFS,Medicare (Federal),FIPS 48145,,,1473,https://data.cms.gov/summary-statistics-on-beneficiary-enrollment/medicare-and-medicaid-reports/medicare-monthly-enrollment,2026-06,[source: CMS Medicare Monthly Enrollment 2026-06; ORGNL_MDCR_BENES]
TX,Fannin,Medicare FFS (Original Medicare),Medicare FFS,Medicare (Federal),FIPS 48147,,,4563,https://data.cms.gov/summary-statistics-on-beneficiary-enrollment/medicare-and-medicaid-reports/medicare-monthly-enrollment,2026-06,[source: CMS Medicare Monthly Enrollment 2026-06; ORGNL_MDCR_BENES]
TX,Fayette,Medicare FFS (Original Medicare),Medicare FFS,Medicare (Federal),FIPS 48149,,,5278,https://data.cms.gov/summary-statistics-on-beneficiary-enrollment/medicare-and-medicaid-reports/medicare-monthly-enrollment,2026-06,[source: CMS Medicare Monthly Enrollment 2026-06; ORGNL_MDCR_BENES]
TX,Fisher,Medicare FFS (Original Medicare),Medicare FFS,Medicare (Federal),FIPS 48151,,,606,https://data.cms.gov/summary-statistics-on-beneficiary-enrollment/medicare-and-medicaid-reports/medicare-monthly-enrollment,2026-06,[source: CMS Medicare Monthly Enrollment 2026-06; ORGNL_MDCR_BENES]
TX,Floyd,Medicare FFS (Original Medicare),Medicare FFS,Medicare (Federal),FIPS 48153,,,664,https://data.cms.gov/summary-statistics-on-beneficiary-enrollment/medicare-and-medicaid-reports/medicare-monthly-enrollment,2026-06,[source: CMS Medicare Monthly Enrollment 2026-06; ORGNL_MDCR_BENES]
TX,Foard,Medicare FFS (Original Medicare),Medicare FFS,Medicare (Federal),FIPS 48155,,,235,https://data.cms.gov/summary-statistics-on-beneficiary-enrollment/medicare-and-medicaid-reports/medicare-monthly-enrollment,2026-06,[source: CMS Medicare Monthly Enrollment 2026-06; ORGNL_MDCR_BENES]
TX,Fort Bend,Medicare FFS (Original Medicare),Medicare FFS,Medicare (Federal),FIPS 48157,,,60849,https://data.cms.gov/summary-statistics-on-beneficiary-enrollment/medicare-and-medicaid-reports/medicare-monthly-enrollment,2026-06,[source: CMS Medicare Monthly Enrollment 2026-06; ORGNL_MDCR_BENES]
TX,Franklin,Medicare FFS (Original Medicare),Medicare FFS,Medicare (Federal),FIPS 48159,,,1463,https://data.cms.gov/summary-statistics-on-beneficiary-enrollment/medicare-and-medicaid-reports/medicare-monthly-enrollment,2026-06,[source: CMS Medicare Monthly Enrollment 2026-06; ORGNL_MDCR_BENES]
TX,Freestone,Medicare FFS (Original Medicare),Medicare FFS,Medicare (Federal),FIPS 48161,,,2472,https://data.cms.gov/summary-statistics-on-beneficiary-enrollment/medicare-and-medicaid-reports/medicare-monthly-enrollment,2026-06,[source: CMS Medicare Monthly Enrollment 2026-06; ORGNL_MDCR_BENES]
TX,Frio,Medicare FFS (Original Medicare),Medicare FFS,Medicare (Federal),FIPS 48163,,,962,https://data.cms.gov/summary-statistics-on-beneficiary-enrollment/medicare-and-medicaid-reports/medicare-monthly-enrollment,2026-06,[source: CMS Medicare Monthly Enrollment 2026-06; ORGNL_MDCR_BENES]
TX,Gaines,Medicare FFS (Original Medicare),Medicare FFS,Medicare (Federal),FIPS 48165,,,1362,https://data.cms.gov/summary-statistics-on-beneficiary-enrollment/medicare-and-medicaid-reports/medicare-monthly-enrollment,2026-06,[source: CMS Medicare Monthly Enrollment 2026-06; ORGNL_MDCR_BENES]
TX,Galveston,Medicare FFS (Original Medicare),Medicare FFS,Medicare (Federal),FIPS 48167,,,31061,https://data.cms.gov/summary-statistics-on-beneficiary-enrollment/medicare-and-medicaid-reports/medicare-monthly-enrollment,2026-06,[source: CMS Medicare Monthly Enrollment 2026-06; ORGNL_MDCR_BENES]
TX,Garza,Medicare FFS (Original Medicare),Medicare FFS,Medicare (Federal),FIPS 48169,,,440,https://data.cms.gov/summary-statistics-on-beneficiary-enrollment/medicare-and-medicaid-reports/medicare-monthly-enrollment,2026-06,[source: CMS Medicare Monthly Enrollment 2026-06; ORGNL_MDCR_BENES]
TX,Gillespie,Medicare FFS (Original Medicare),Medicare FFS,Medicare (Federal),FIPS 48171,,,6855,https://data.cms.gov/summary-statistics-on-beneficiary-enrollment/medicare-and-medicaid-reports/medicare-monthly-enrollment,2026-06,[source: CMS Medicare Monthly Enrollment 2026-06; ORGNL_MDCR_BENES]
TX,Glasscock,Medicare FFS (Original Medicare),Medicare FFS,Medicare (Federal),FIPS 48173,,,156,https://data.cms.gov/summary-statistics-on-beneficiary-enrollment/medicare-and-medicaid-reports/medicare-monthly-enrollment,2026-06,[source: CMS Medicare Monthly Enrollment 2026-06; ORGNL_MDCR_BENES]
TX,Goliad,Medicare FFS (Original Medicare),Medicare FFS,Medicare (Federal),FIPS 48175,,,953,https://data.cms.gov/summary-statistics-on-beneficiary-enrollment/medicare-and-medicaid-reports/medicare-monthly-enrollment,2026-06,[source: CMS Medicare Monthly Enrollment 2026-06; ORGNL_MDCR_BENES]
TX,Gonzales,Medicare FFS (Original Medicare),Medicare FFS,Medicare (Federal),FIPS 48177,,,2462,https://data.cms.gov/summary-statistics-on-beneficiary-enrollment/medicare-and-medicaid-reports/medicare-monthly-enrollment,2026-06,[source: CMS Medicare Monthly Enrollment 2026-06; ORGNL_MDCR_BENES]
TX,Gray,Medicare FFS (Original Medicare),Medicare FFS,Medicare (Federal),FIPS 48179,,,2488,https://data.cms.gov/summary-statistics-on-beneficiary-enrollment/medicare-and-medicaid-reports/medicare-monthly-enrollment,2026-06,[source: CMS Medicare Monthly Enrollment 2026-06; ORGNL_MDCR_BENES]
TX,Grayson,Medicare FFS (Original Medicare),Medicare FFS,Medicare (Federal),FIPS 48181,,,17896,https://data.cms.gov/summary-statistics-on-beneficiary-enrollment/medicare-and-medicaid-reports/medicare-monthly-enrollment,2026-06,[source: CMS Medicare Monthly Enrollment 2026-06; ORGNL_MDCR_BENES]
TX,Gregg,Medicare FFS (Original Medicare),Medicare FFS,Medicare (Federal),FIPS 48183,,,13356,https://data.cms.gov/summary-statistics-on-beneficiary-enrollment/medicare-and-medicaid-reports/medicare-monthly-enrollment,2026-06,[source: CMS Medicare Monthly Enrollment 2026-06; ORGNL_MDCR_BENES]
TX,Grimes,Medicare FFS (Original Medicare),Medicare FFS,Medicare (Federal),FIPS 48185,,,3595,https://data.cms.gov/summary-statistics-on-beneficiary-enrollment/medicare-and-medicaid-reports/medicare-monthly-enrollment,2026-06,[source: CMS Medicare Monthly Enrollment 2026-06; ORGNL_MDCR_BENES]
TX,Guadalupe,Medicare FFS (Original Medicare),Medicare FFS,Medicare (Federal),FIPS 48187,,,18221,https://data.cms.gov/summary-statistics-on-beneficiary-enrollment/medicare-and-medicaid-reports/medicare-monthly-enrollment,2026-06,[source: CMS Medicare Monthly Enrollment 2026-06; ORGNL_MDCR_BENES]
TX,Hale,Medicare FFS (Original Medicare),Medicare FFS,Medicare (Federal),FIPS 48189,,,2879,https://data.cms.gov/summary-statistics-on-beneficiary-enrollment/medicare-and-medicaid-reports/medicare-monthly-enrollment,2026-06,[source: CMS Medicare Monthly Enrollment 2026-06; ORGNL_MDCR_BENES]
TX,Hall,Medicare FFS (Original Medicare),Medicare FFS,Medicare (Federal),FIPS 48191,,,456,https://data.cms.gov/summary-statistics-on-beneficiary-enrollment/medicare-and-medicaid-reports/medicare-monthly-enrollment,2026-06,[source: CMS Medicare Monthly Enrollment 2026-06; ORGNL_MDCR_BENES]
TX,Hamilton,Medicare FFS (Original Medicare),Medicare FFS,Medicare (Federal),FIPS 48193,,,1260,https://data.cms.gov/summary-statistics-on-beneficiary-enrollment/medicare-and-medicaid-reports/medicare-monthly-enrollment,2026-06,[source: CMS Medicare Monthly Enrollment 2026-06; ORGNL_MDCR_BENES]
TX,Hansford,Medicare FFS (Original Medicare),Medicare FFS,Medicare (Federal),FIPS 48195,,,681,https://data.cms.gov/summary-statistics-on-beneficiary-enrollment/medicare-and-medicaid-reports/medicare-monthly-enrollment,2026-06,[source: CMS Medicare Monthly Enrollment 2026-06; ORGNL_MDCR_BENES]
TX,Hardeman,Medicare FFS (Original Medicare),Medicare FFS,Medicare (Federal),FIPS 48197,,,600,https://data.cms.gov/summary-statistics-on-beneficiary-enrollment/medicare-and-medicaid-reports/medicare-monthly-enrollment,2026-06,[source: CMS Medicare Monthly Enrollment 2026-06; ORGNL_MDCR_BENES]
TX,Hardin,Medicare FFS (Original Medicare),Medicare FFS,Medicare (Federal),FIPS 48199,,,5910,https://data.cms.gov/summary-statistics-on-beneficiary-enrollment/medicare-and-medicaid-reports/medicare-monthly-enrollment,2026-06,[source: CMS Medicare Monthly Enrollment 2026-06; ORGNL_MDCR_BENES]
TX,Harris,Medicare FFS (Original Medicare),Medicare FFS,Medicare (Federal),FIPS 48201,,,259269,https://data.cms.gov/summary-statistics-on-beneficiary-enrollment/medicare-and-medicaid-reports/medicare-monthly-enrollment,2026-06,[source: CMS Medicare Monthly Enrollment 2026-06; ORGNL_MDCR_BENES]
TX,Harrison,Medicare FFS (Original Medicare),Medicare FFS,Medicare (Federal),FIPS 48203,,,6632,https://data.cms.gov/summary-statistics-on-beneficiary-enrollment/medicare-and-medicaid-reports/medicare-monthly-enrollment,2026-06,[source: CMS Medicare Monthly Enrollment 2026-06; ORGNL_MDCR_BENES]
TX,Hartley,Medicare FFS (Original Medicare),Medicare FFS,Medicare (Federal),FIPS 48205,,,394,https://data.cms.gov/summary-statistics-on-beneficiary-enrollment/medicare-and-medicaid-reports/medicare-monthly-enrollment,2026-06,[source: CMS Medicare Monthly Enrollment 2026-06; ORGNL_MDCR_BENES]
TX,Haskell,Medicare FFS (Original Medicare),Medicare FFS,Medicare (Federal),FIPS 48207,,,949,https://data.cms.gov/summary-statistics-on-beneficiary-enrollment/medicare-and-medicaid-reports/medicare-monthly-enrollment,2026-06,[source: CMS Medicare Monthly Enrollment 2026-06; ORGNL_MDCR_BENES]
TX,Hays,Medicare FFS (Original Medicare),Medicare FFS,Medicare (Federal),FIPS 48209,,,22584,https://data.cms.gov/summary-statistics-on-beneficiary-enrollment/medicare-and-medicaid-reports/medicare-monthly-enrollment,2026-06,[source: CMS Medicare Monthly Enrollment 2026-06; ORGNL_MDCR_BENES]
TX,Hemphill,Medicare FFS (Original Medicare),Medicare FFS,Medicare (Federal),FIPS 48211,,,524,https://data.cms.gov/summary-statistics-on-beneficiary-enrollment/medicare-and-medicaid-reports/medicare-monthly-enrollment,2026-06,[source: CMS Medicare Monthly Enrollment 2026-06; ORGNL_MDCR_BENES]
TX,Henderson,Medicare FFS (Original Medicare),Medicare FFS,Medicare (Federal),FIPS 48213,,,10627,https://data.cms.gov/summary-statistics-on-beneficiary-enrollment/medicare-and-medicaid-reports/medicare-monthly-enrollment,2026-06,[source: CMS Medicare Monthly Enrollment 2026-06; ORGNL_MDCR_BENES]
TX,Hidalgo,Medicare FFS (Original Medicare),Medicare FFS,Medicare (Federal),FIPS 48215,,,28387,https://data.cms.gov/summary-statistics-on-beneficiary-enrollment/medicare-and-medicaid-reports/medicare-monthly-enrollment,2026-06,[source: CMS Medicare Monthly Enrollment 2026-06; ORGNL_MDCR_BENES]
TX,Hill,Medicare FFS (Original Medicare),Medicare FFS,Medicare (Federal),FIPS 48217,,,4292,https://data.cms.gov/summary-statistics-on-beneficiary-enrollment/medicare-and-medicaid-reports/medicare-monthly-enrollment,2026-06,[source: CMS Medicare Monthly Enrollment 2026-06; ORGNL_MDCR_BENES]
TX,Hockley,Medicare FFS (Original Medicare),Medicare FFS,Medicare (Federal),FIPS 48219,,,1991,https://data.cms.gov/summary-statistics-on-beneficiary-enrollment/medicare-and-medicaid-reports/medicare-monthly-enrollment,2026-06,[source: CMS Medicare Monthly Enrollment 2026-06; ORGNL_MDCR_BENES]
TX,Hood,Medicare FFS (Original Medicare),Medicare FFS,Medicare (Federal),FIPS 48221,,,10838,https://data.cms.gov/summary-statistics-on-beneficiary-enrollment/medicare-and-medicaid-reports/medicare-monthly-enrollment,2026-06,[source: CMS Medicare Monthly Enrollment 2026-06; ORGNL_MDCR_BENES]
TX,Hopkins,Medicare FFS (Original Medicare),Medicare FFS,Medicare (Federal),FIPS 48223,,,4741,https://data.cms.gov/summary-statistics-on-beneficiary-enrollment/medicare-and-medicaid-reports/medicare-monthly-enrollment,2026-06,[source: CMS Medicare Monthly Enrollment 2026-06; ORGNL_MDCR_BENES]
TX,Houston,Medicare FFS (Original Medicare),Medicare FFS,Medicare (Federal),FIPS 48225,,,2956,https://data.cms.gov/summary-statistics-on-beneficiary-enrollment/medicare-and-medicaid-reports/medicare-monthly-enrollment,2026-06,[source: CMS Medicare Monthly Enrollment 2026-06; ORGNL_MDCR_BENES]
TX,Howard,Medicare FFS (Original Medicare),Medicare FFS,Medicare (Federal),FIPS 48227,,,2973,https://data.cms.gov/summary-statistics-on-beneficiary-enrollment/medicare-and-medicaid-reports/medicare-monthly-enrollment,2026-06,[source: CMS Medicare Monthly Enrollment 2026-06; ORGNL_MDCR_BENES]
TX,Hudspeth,Medicare FFS (Original Medicare),Medicare FFS,Medicare (Federal),FIPS 48229,,,410,https://data.cms.gov/summary-statistics-on-beneficiary-enrollment/medicare-and-medicaid-reports/medicare-monthly-enrollment,2026-06,[source: CMS Medicare Monthly Enrollment 2026-06; ORGNL_MDCR_BENES]
TX,Hunt,Medicare FFS (Original Medicare),Medicare FFS,Medicare (Federal),FIPS 48231,,,10994,https://data.cms.gov/summary-statistics-on-beneficiary-enrollment/medicare-and-medicaid-reports/medicare-monthly-enrollment,2026-06,[source: CMS Medicare Monthly Enrollment 2026-06; ORGNL_MDCR_BENES]
TX,Hutchinson,Medicare FFS (Original Medicare),Medicare FFS,Medicare (Federal),FIPS 48233,,,2536,https://data.cms.gov/summary-statistics-on-beneficiary-enrollment/medicare-and-medicaid-reports/medicare-monthly-enrollment,2026-06,[source: CMS Medicare Monthly Enrollment 2026-06; ORGNL_MDCR_BENES]
TX,Irion,Medicare FFS (Original Medicare),Medicare FFS,Medicare (Federal),FIPS 48235,,,246,https://data.cms.gov/summary-statistics-on-beneficiary-enrollment/medicare-and-medicaid-reports/medicare-monthly-enrollment,2026-06,[source: CMS Medicare Monthly Enrollment 2026-06; ORGNL_MDCR_BENES]
TX,Jack,Medicare FFS (Original Medicare),Medicare FFS,Medicare (Federal),FIPS 48237,,,1181,https://data.cms.gov/summary-statistics-on-beneficiary-enrollment/medicare-and-medicaid-reports/medicare-monthly-enrollment,2026-06,[source: CMS Medicare Monthly Enrollment 2026-06; ORGNL_MDCR_BENES]
TX,Jackson,Medicare FFS (Original Medicare),Medicare FFS,Medicare (Federal),FIPS 48239,,,1875,https://data.cms.gov/summary-statistics-on-beneficiary-enrollment/medicare-and-medicaid-reports/medicare-monthly-enrollment,2026-06,[source: CMS Medicare Monthly Enrollment 2026-06; ORGNL_MDCR_BENES]
TX,Jasper,Medicare FFS (Original Medicare),Medicare FFS,Medicare (Federal),FIPS 48241,,,4334,https://data.cms.gov/summary-statistics-on-beneficiary-enrollment/medicare-and-medicaid-reports/medicare-monthly-enrollment,2026-06,[source: CMS Medicare Monthly Enrollment 2026-06; ORGNL_MDCR_BENES]
TX,Jeff Davis,Medicare FFS (Original Medicare),Medicare FFS,Medicare (Federal),FIPS 48243,,,440,https://data.cms.gov/summary-statistics-on-beneficiary-enrollment/medicare-and-medicaid-reports/medicare-monthly-enrollment,2026-06,[source: CMS Medicare Monthly Enrollment 2026-06; ORGNL_MDCR_BENES]
TX,Jefferson,Medicare FFS (Original Medicare),Medicare FFS,Medicare (Federal),FIPS 48245,,,18646,https://data.cms.gov/summary-statistics-on-beneficiary-enrollment/medicare-and-medicaid-reports/medicare-monthly-enrollment,2026-06,[source: CMS Medicare Monthly Enrollment 2026-06; ORGNL_MDCR_BENES]
TX,Jim Hogg,Medicare FFS (Original Medicare),Medicare FFS,Medicare (Federal),FIPS 48247,,,269,https://data.cms.gov/summary-statistics-on-beneficiary-enrollment/medicare-and-medicaid-reports/medicare-monthly-enrollment,2026-06,[source: CMS Medicare Monthly Enrollment 2026-06; ORGNL_MDCR_BENES]
TX,Jim Wells,Medicare FFS (Original Medicare),Medicare FFS,Medicare (Federal),FIPS 48249,,,2579,https://data.cms.gov/summary-statistics-on-beneficiary-enrollment/medicare-and-medicaid-reports/medicare-monthly-enrollment,2026-06,[source: CMS Medicare Monthly Enrollment 2026-06; ORGNL_MDCR_BENES]
TX,Johnson,Medicare FFS (Original Medicare),Medicare FFS,Medicare (Federal),FIPS 48251,,,15553,https://data.cms.gov/summary-statistics-on-beneficiary-enrollment/medicare-and-medicaid-reports/medicare-monthly-enrollment,2026-06,[source: CMS Medicare Monthly Enrollment 2026-06; ORGNL_MDCR_BENES]
TX,Jones,Medicare FFS (Original Medicare),Medicare FFS,Medicare (Federal),FIPS 48253,,,1978,https://data.cms.gov/summary-statistics-on-beneficiary-enrollment/medicare-and-medicaid-reports/medicare-monthly-enrollment,2026-06,[source: CMS Medicare Monthly Enrollment 2026-06; ORGNL_MDCR_BENES]
TX,Karnes,Medicare FFS (Original Medicare),Medicare FFS,Medicare (Federal),FIPS 48255,,,1488,https://data.cms.gov/summary-statistics-on-beneficiary-enrollment/medicare-and-medicaid-reports/medicare-monthly-enrollment,2026-06,[source: CMS Medicare Monthly Enrollment 2026-06; ORGNL_MDCR_BENES]
TX,Kaufman,Medicare FFS (Original Medicare),Medicare FFS,Medicare (Federal),FIPS 48257,,,12678,https://data.cms.gov/summary-statistics-on-beneficiary-enrollment/medicare-and-medicaid-reports/medicare-monthly-enrollment,2026-06,[source: CMS Medicare Monthly Enrollment 2026-06; ORGNL_MDCR_BENES]
TX,Kendall,Medicare FFS (Original Medicare),Medicare FFS,Medicare (Federal),FIPS 48259,,,9181,https://data.cms.gov/summary-statistics-on-beneficiary-enrollment/medicare-and-medicaid-reports/medicare-monthly-enrollment,2026-06,[source: CMS Medicare Monthly Enrollment 2026-06; ORGNL_MDCR_BENES]
TX,Kent,Medicare FFS (Original Medicare),Medicare FFS,Medicare (Federal),FIPS 48263,,,128,https://data.cms.gov/summary-statistics-on-beneficiary-enrollment/medicare-and-medicaid-reports/medicare-monthly-enrollment,2026-06,[source: CMS Medicare Monthly Enrollment 2026-06; ORGNL_MDCR_BENES]
TX,Kerr,Medicare FFS (Original Medicare),Medicare FFS,Medicare (Federal),FIPS 48265,,,11568,https://data.cms.gov/summary-statistics-on-beneficiary-enrollment/medicare-and-medicaid-reports/medicare-monthly-enrollment,2026-06,[source: CMS Medicare Monthly Enrollment 2026-06; ORGNL_MDCR_BENES]
TX,Kimble,Medicare FFS (Original Medicare),Medicare FFS,Medicare (Federal),FIPS 48267,,,954,https://data.cms.gov/summary-statistics-on-beneficiary-enrollment/medicare-and-medicaid-reports/medicare-monthly-enrollment,2026-06,[source: CMS Medicare Monthly Enrollment 2026-06; ORGNL_MDCR_BENES]
TX,Kinney,Medicare FFS (Original Medicare),Medicare FFS,Medicare (Federal),FIPS 48271,,,479,https://data.cms.gov/summary-statistics-on-beneficiary-enrollment/medicare-and-medicaid-reports/medicare-monthly-enrollment,2026-06,[source: CMS Medicare Monthly Enrollment 2026-06; ORGNL_MDCR_BENES]
TX,Kleberg,Medicare FFS (Original Medicare),Medicare FFS,Medicare (Federal),FIPS 48273,,,1679,https://data.cms.gov/summary-statistics-on-beneficiary-enrollment/medicare-and-medicaid-reports/medicare-monthly-enrollment,2026-06,[source: CMS Medicare Monthly Enrollment 2026-06; ORGNL_MDCR_BENES]
TX,Knox,Medicare FFS (Original Medicare),Medicare FFS,Medicare (Federal),FIPS 48275,,,570,https://data.cms.gov/summary-statistics-on-beneficiary-enrollment/medicare-and-medicaid-reports/medicare-monthly-enrollment,2026-06,[source: CMS Medicare Monthly Enrollment 2026-06; ORGNL_MDCR_BENES]
TX,La Salle,Medicare FFS (Original Medicare),Medicare FFS,Medicare (Federal),FIPS 48283,,,412,https://data.cms.gov/summary-statistics-on-beneficiary-enrollment/medicare-and-medicaid-reports/medicare-monthly-enrollment,2026-06,[source: CMS Medicare Monthly Enrollment 2026-06; ORGNL_MDCR_BENES]
TX,Lamar,Medicare FFS (Original Medicare),Medicare FFS,Medicare (Federal),FIPS 48277,,,7411,https://data.cms.gov/summary-statistics-on-beneficiary-enrollment/medicare-and-medicaid-reports/medicare-monthly-enrollment,2026-06,[source: CMS Medicare Monthly Enrollment 2026-06; ORGNL_MDCR_BENES]
TX,Lamb,Medicare FFS (Original Medicare),Medicare FFS,Medicare (Federal),FIPS 48279,,,1378,https://data.cms.gov/summary-statistics-on-beneficiary-enrollment/medicare-and-medicaid-reports/medicare-monthly-enrollment,2026-06,[source: CMS Medicare Monthly Enrollment 2026-06; ORGNL_MDCR_BENES]
TX,Lampasas,Medicare FFS (Original Medicare),Medicare FFS,Medicare (Federal),FIPS 48281,,,3437,https://data.cms.gov/summary-statistics-on-beneficiary-enrollment/medicare-and-medicaid-reports/medicare-monthly-enrollment,2026-06,[source: CMS Medicare Monthly Enrollment 2026-06; ORGNL_MDCR_BENES]
TX,Lavaca,Medicare FFS (Original Medicare),Medicare FFS,Medicare (Federal),FIPS 48285,,,3854,https://data.cms.gov/summary-statistics-on-beneficiary-enrollment/medicare-and-medicaid-reports/medicare-monthly-enrollment,2026-06,[source: CMS Medicare Monthly Enrollment 2026-06; ORGNL_MDCR_BENES]
TX,Lee,Medicare FFS (Original Medicare),Medicare FFS,Medicare (Federal),FIPS 48287,,,2201,https://data.cms.gov/summary-statistics-on-beneficiary-enrollment/medicare-and-medicaid-reports/medicare-monthly-enrollment,2026-06,[source: CMS Medicare Monthly Enrollment 2026-06; ORGNL_MDCR_BENES]
TX,Leon,Medicare FFS (Original Medicare),Medicare FFS,Medicare (Federal),FIPS 48289,,,2873,https://data.cms.gov/summary-statistics-on-beneficiary-enrollment/medicare-and-medicaid-reports/medicare-monthly-enrollment,2026-06,[source: CMS Medicare Monthly Enrollment 2026-06; ORGNL_MDCR_BENES]
TX,Liberty,Medicare FFS (Original Medicare),Medicare FFS,Medicare (Federal),FIPS 48291,,,6203,https://data.cms.gov/summary-statistics-on-beneficiary-enrollment/medicare-and-medicaid-reports/medicare-monthly-enrollment,2026-06,[source: CMS Medicare Monthly Enrollment 2026-06; ORGNL_MDCR_BENES]
TX,Limestone,Medicare FFS (Original Medicare),Medicare FFS,Medicare (Federal),FIPS 48293,,,2623,https://data.cms.gov/summary-statistics-on-beneficiary-enrollment/medicare-and-medicaid-reports/medicare-monthly-enrollment,2026-06,[source: CMS Medicare Monthly Enrollment 2026-06; ORGNL_MDCR_BENES]
TX,Lipscomb,Medicare FFS (Original Medicare),Medicare FFS,Medicare (Federal),FIPS 48295,,,489,https://data.cms.gov/summary-statistics-on-beneficiary-enrollment/medicare-and-medicaid-reports/medicare-monthly-enrollment,2026-06,[source: CMS Medicare Monthly Enrollment 2026-06; ORGNL_MDCR_BENES]
TX,Live Oak,Medicare FFS (Original Medicare),Medicare FFS,Medicare (Federal),FIPS 48297,,,1202,https://data.cms.gov/summary-statistics-on-beneficiary-enrollment/medicare-and-medicaid-reports/medicare-monthly-enrollment,2026-06,[source: CMS Medicare Monthly Enrollment 2026-06; ORGNL_MDCR_BENES]
TX,Llano,Medicare FFS (Original Medicare),Medicare FFS,Medicare (Federal),FIPS 48299,,,5082,https://data.cms.gov/summary-statistics-on-beneficiary-enrollment/medicare-and-medicaid-reports/medicare-monthly-enrollment,2026-06,[source: CMS Medicare Monthly Enrollment 2026-06; ORGNL_MDCR_BENES]
TX,Lubbock,Medicare FFS (Original Medicare),Medicare FFS,Medicare (Federal),FIPS 48303,,,26084,https://data.cms.gov/summary-statistics-on-beneficiary-enrollment/medicare-and-medicaid-reports/medicare-monthly-enrollment,2026-06,[source: CMS Medicare Monthly Enrollment 2026-06; ORGNL_MDCR_BENES]
TX,Lynn,Medicare FFS (Original Medicare),Medicare FFS,Medicare (Federal),FIPS 48305,,,545,https://data.cms.gov/summary-statistics-on-beneficiary-enrollment/medicare-and-medicaid-reports/medicare-monthly-enrollment,2026-06,[source: CMS Medicare Monthly Enrollment 2026-06; ORGNL_MDCR_BENES]
TX,Madison,Medicare FFS (Original Medicare),Medicare FFS,Medicare (Federal),FIPS 48313,,,1225,https://data.cms.gov/summary-statistics-on-beneficiary-enrollment/medicare-and-medicaid-reports/medicare-monthly-enrollment,2026-06,[source: CMS Medicare Monthly Enrollment 2026-06; ORGNL_MDCR_BENES]
TX,Marion,Medicare FFS (Original Medicare),Medicare FFS,Medicare (Federal),FIPS 48315,,,1412,https://data.cms.gov/summary-statistics-on-beneficiary-enrollment/medicare-and-medicaid-reports/medicare-monthly-enrollment,2026-06,[source: CMS Medicare Monthly Enrollment 2026-06; ORGNL_MDCR_BENES]
TX,Martin,Medicare FFS (Original Medicare),Medicare FFS,Medicare (Federal),FIPS 48317,,,501,https://data.cms.gov/summary-statistics-on-beneficiary-enrollment/medicare-and-medicaid-reports/medicare-monthly-enrollment,2026-06,[source: CMS Medicare Monthly Enrollment 2026-06; ORGNL_MDCR_BENES]
TX,Mason,Medicare FFS (Original Medicare),Medicare FFS,Medicare (Federal),FIPS 48319,,,918,https://data.cms.gov/summary-statistics-on-beneficiary-enrollment/medicare-and-medicaid-reports/medicare-monthly-enrollment,2026-06,[source: CMS Medicare Monthly Enrollment 2026-06; ORGNL_MDCR_BENES]
TX,Matagorda,Medicare FFS (Original Medicare),Medicare FFS,Medicare (Federal),FIPS 48321,,,3772,https://data.cms.gov/summary-statistics-on-beneficiary-enrollment/medicare-and-medicaid-reports/medicare-monthly-enrollment,2026-06,[source: CMS Medicare Monthly Enrollment 2026-06; ORGNL_MDCR_BENES]
TX,Maverick,Medicare FFS (Original Medicare),Medicare FFS,Medicare (Federal),FIPS 48323,,,2773,https://data.cms.gov/summary-statistics-on-beneficiary-enrollment/medicare-and-medicaid-reports/medicare-monthly-enrollment,2026-06,[source: CMS Medicare Monthly Enrollment 2026-06; ORGNL_MDCR_BENES]
TX,McCulloch,Medicare FFS (Original Medicare),Medicare FFS,Medicare (Federal),FIPS 48307,,,1375,https://data.cms.gov/summary-statistics-on-beneficiary-enrollment/medicare-and-medicaid-reports/medicare-monthly-enrollment,2026-06,[source: CMS Medicare Monthly Enrollment 2026-06; ORGNL_MDCR_BENES]
TX,McLennan,Medicare FFS (Original Medicare),Medicare FFS,Medicare (Federal),FIPS 48309,,,23148,https://data.cms.gov/summary-statistics-on-beneficiary-enrollment/medicare-and-medicaid-reports/medicare-monthly-enrollment,2026-06,[source: CMS Medicare Monthly Enrollment 2026-06; ORGNL_MDCR_BENES]
TX,McMullen,Medicare FFS (Original Medicare),Medicare FFS,Medicare (Federal),FIPS 48311,,,100,https://data.cms.gov/summary-statistics-on-beneficiary-enrollment/medicare-and-medicaid-reports/medicare-monthly-enrollment,2026-06,[source: CMS Medicare Monthly Enrollment 2026-06; ORGNL_MDCR_BENES]
TX,Medina,Medicare FFS (Original Medicare),Medicare FFS,Medicare (Federal),FIPS 48325,,,5033,https://data.cms.gov/summary-statistics-on-beneficiary-enrollment/medicare-and-medicaid-reports/medicare-monthly-enrollment,2026-06,[source: CMS Medicare Monthly Enrollment 2026-06; ORGNL_MDCR_BENES]
TX,Menard,Medicare FFS (Original Medicare),Medicare FFS,Medicare (Federal),FIPS 48327,,,420,https://data.cms.gov/summary-statistics-on-beneficiary-enrollment/medicare-and-medicaid-reports/medicare-monthly-enrollment,2026-06,[source: CMS Medicare Monthly Enrollment 2026-06; ORGNL_MDCR_BENES]
TX,Midland,Medicare FFS (Original Medicare),Medicare FFS,Medicare (Federal),FIPS 48329,,,13140,https://data.cms.gov/summary-statistics-on-beneficiary-enrollment/medicare-and-medicaid-reports/medicare-monthly-enrollment,2026-06,[source: CMS Medicare Monthly Enrollment 2026-06; ORGNL_MDCR_BENES]
TX,Milam,Medicare FFS (Original Medicare),Medicare FFS,Medicare (Federal),FIPS 48331,,,2670,https://data.cms.gov/summary-statistics-on-beneficiary-enrollment/medicare-and-medicaid-reports/medicare-monthly-enrollment,2026-06,[source: CMS Medicare Monthly Enrollment 2026-06; ORGNL_MDCR_BENES]
TX,Mills,Medicare FFS (Original Medicare),Medicare FFS,Medicare (Federal),FIPS 48333,,,898,https://data.cms.gov/summary-statistics-on-beneficiary-enrollment/medicare-and-medicaid-reports/medicare-monthly-enrollment,2026-06,[source: CMS Medicare Monthly Enrollment 2026-06; ORGNL_MDCR_BENES]
TX,Mitchell,Medicare FFS (Original Medicare),Medicare FFS,Medicare (Federal),FIPS 48335,,,916,https://data.cms.gov/summary-statistics-on-beneficiary-enrollment/medicare-and-medicaid-reports/medicare-monthly-enrollment,2026-06,[source: CMS Medicare Monthly Enrollment 2026-06; ORGNL_MDCR_BENES]
TX,Montague,Medicare FFS (Original Medicare),Medicare FFS,Medicare (Federal),FIPS 48337,,,3833,https://data.cms.gov/summary-statistics-on-beneficiary-enrollment/medicare-and-medicaid-reports/medicare-monthly-enrollment,2026-06,[source: CMS Medicare Monthly Enrollment 2026-06; ORGNL_MDCR_BENES]
TX,Montgomery,Medicare FFS (Original Medicare),Medicare FFS,Medicare (Federal),FIPS 48339,,,58322,https://data.cms.gov/summary-statistics-on-beneficiary-enrollment/medicare-and-medicaid-reports/medicare-monthly-enrollment,2026-06,[source: CMS Medicare Monthly Enrollment 2026-06; ORGNL_MDCR_BENES]
TX,Moore,Medicare FFS (Original Medicare),Medicare FFS,Medicare (Federal),FIPS 48341,,,1668,https://data.cms.gov/summary-statistics-on-beneficiary-enrollment/medicare-and-medicaid-reports/medicare-monthly-enrollment,2026-06,[source: CMS Medicare Monthly Enrollment 2026-06; ORGNL_MDCR_BENES]
TX,Morris,Medicare FFS (Original Medicare),Medicare FFS,Medicare (Federal),FIPS 48343,,,1660,https://data.cms.gov/summary-statistics-on-beneficiary-enrollment/medicare-and-medicaid-reports/medicare-monthly-enrollment,2026-06,[source: CMS Medicare Monthly Enrollment 2026-06; ORGNL_MDCR_BENES]
TX,Motley,Medicare FFS (Original Medicare),Medicare FFS,Medicare (Federal),FIPS 48345,,,236,https://data.cms.gov/summary-statistics-on-beneficiary-enrollment/medicare-and-medicaid-reports/medicare-monthly-enrollment,2026-06,[source: CMS Medicare Monthly Enrollment 2026-06; ORGNL_MDCR_BENES]
TX,Nacogdoches,Medicare FFS (Original Medicare),Medicare FFS,Medicare (Federal),FIPS 48347,,,6304,https://data.cms.gov/summary-statistics-on-beneficiary-enrollment/medicare-and-medicaid-reports/medicare-monthly-enrollment,2026-06,[source: CMS Medicare Monthly Enrollment 2026-06; ORGNL_MDCR_BENES]
TX,Navarro,Medicare FFS (Original Medicare),Medicare FFS,Medicare (Federal),FIPS 48349,,,5453,https://data.cms.gov/summary-statistics-on-beneficiary-enrollment/medicare-and-medicaid-reports/medicare-monthly-enrollment,2026-06,[source: CMS Medicare Monthly Enrollment 2026-06; ORGNL_MDCR_BENES]
TX,Newton,Medicare FFS (Original Medicare),Medicare FFS,Medicare (Federal),FIPS 48351,,,1439,https://data.cms.gov/summary-statistics-on-beneficiary-enrollment/medicare-and-medicaid-reports/medicare-monthly-enrollment,2026-06,[source: CMS Medicare Monthly Enrollment 2026-06; ORGNL_MDCR_BENES]
TX,Nolan,Medicare FFS (Original Medicare),Medicare FFS,Medicare (Federal),FIPS 48353,,,1714,https://data.cms.gov/summary-statistics-on-beneficiary-enrollment/medicare-and-medicaid-reports/medicare-monthly-enrollment,2026-06,[source: CMS Medicare Monthly Enrollment 2026-06; ORGNL_MDCR_BENES]
TX,Nueces,Medicare FFS (Original Medicare),Medicare FFS,Medicare (Federal),FIPS 48355,,,23612,https://data.cms.gov/summary-statistics-on-beneficiary-enrollment/medicare-and-medicaid-reports/medicare-monthly-enrollment,2026-06,[source: CMS Medicare Monthly Enrollment 2026-06; ORGNL_MDCR_BENES]
TX,Ochiltree,Medicare FFS (Original Medicare),Medicare FFS,Medicare (Federal),FIPS 48357,,,1098,https://data.cms.gov/summary-statistics-on-beneficiary-enrollment/medicare-and-medicaid-reports/medicare-monthly-enrollment,2026-06,[source: CMS Medicare Monthly Enrollment 2026-06; ORGNL_MDCR_BENES]
TX,Oldham,Medicare FFS (Original Medicare),Medicare FFS,Medicare (Federal),FIPS 48359,,,312,https://data.cms.gov/summary-statistics-on-beneficiary-enrollment/medicare-and-medicaid-reports/medicare-monthly-enrollment,2026-06,[source: CMS Medicare Monthly Enrollment 2026-06; ORGNL_MDCR_BENES]
TX,Orange,Medicare FFS (Original Medicare),Medicare FFS,Medicare (Federal),FIPS 48361,,,7651,https://data.cms.gov/summary-statistics-on-beneficiary-enrollment/medicare-and-medicaid-reports/medicare-monthly-enrollment,2026-06,[source: CMS Medicare Monthly Enrollment 2026-06; ORGNL_MDCR_BENES]
TX,Palo Pinto,Medicare FFS (Original Medicare),Medicare FFS,Medicare (Federal),FIPS 48363,,,3962,https://data.cms.gov/summary-statistics-on-beneficiary-enrollment/medicare-and-medicaid-reports/medicare-monthly-enrollment,2026-06,[source: CMS Medicare Monthly Enrollment 2026-06; ORGNL_MDCR_BENES]
TX,Panola,Medicare FFS (Original Medicare),Medicare FFS,Medicare (Federal),FIPS 48365,,,2868,https://data.cms.gov/summary-statistics-on-beneficiary-enrollment/medicare-and-medicaid-reports/medicare-monthly-enrollment,2026-06,[source: CMS Medicare Monthly Enrollment 2026-06; ORGNL_MDCR_BENES]
TX,Parker,Medicare FFS (Original Medicare),Medicare FFS,Medicare (Federal),FIPS 48367,,,18794,https://data.cms.gov/summary-statistics-on-beneficiary-enrollment/medicare-and-medicaid-reports/medicare-monthly-enrollment,2026-06,[source: CMS Medicare Monthly Enrollment 2026-06; ORGNL_MDCR_BENES]
TX,Parmer,Medicare FFS (Original Medicare),Medicare FFS,Medicare (Federal),FIPS 48369,,,1100,https://data.cms.gov/summary-statistics-on-beneficiary-enrollment/medicare-and-medicaid-reports/medicare-monthly-enrollment,2026-06,[source: CMS Medicare Monthly Enrollment 2026-06; ORGNL_MDCR_BENES]
TX,Pecos,Medicare FFS (Original Medicare),Medicare FFS,Medicare (Federal),FIPS 48371,,,1279,https://data.cms.gov/summary-statistics-on-beneficiary-enrollment/medicare-and-medicaid-reports/medicare-monthly-enrollment,2026-06,[source: CMS Medicare Monthly Enrollment 2026-06; ORGNL_MDCR_BENES]
TX,Polk,Medicare FFS (Original Medicare),Medicare FFS,Medicare (Federal),FIPS 48373,,,9360,https://data.cms.gov/summary-statistics-on-beneficiary-enrollment/medicare-and-medicaid-reports/medicare-monthly-enrollment,2026-06,[source: CMS Medicare Monthly Enrollment 2026-06; ORGNL_MDCR_BENES]
TX,Potter,Medicare FFS (Original Medicare),Medicare FFS,Medicare (Federal),FIPS 48375,,,10086,https://data.cms.gov/summary-statistics-on-beneficiary-enrollment/medicare-and-medicaid-reports/medicare-monthly-enrollment,2026-06,[source: CMS Medicare Monthly Enrollment 2026-06; ORGNL_MDCR_BENES]
TX,Presidio,Medicare FFS (Original Medicare),Medicare FFS,Medicare (Federal),FIPS 48377,,,915,https://data.cms.gov/summary-statistics-on-beneficiary-enrollment/medicare-and-medicaid-reports/medicare-monthly-enrollment,2026-06,[source: CMS Medicare Monthly Enrollment 2026-06; ORGNL_MDCR_BENES]
TX,Rains,Medicare FFS (Original Medicare),Medicare FFS,Medicare (Federal),FIPS 48379,,,1930,https://data.cms.gov/summary-statistics-on-beneficiary-enrollment/medicare-and-medicaid-reports/medicare-monthly-enrollment,2026-06,[source: CMS Medicare Monthly Enrollment 2026-06; ORGNL_MDCR_BENES]
TX,Randall,Medicare FFS (Original Medicare),Medicare FFS,Medicare (Federal),FIPS 48381,,,16349,https://data.cms.gov/summary-statistics-on-beneficiary-enrollment/medicare-and-medicaid-reports/medicare-monthly-enrollment,2026-06,[source: CMS Medicare Monthly Enrollment 2026-06; ORGNL_MDCR_BENES]
TX,Reagan,Medicare FFS (Original Medicare),Medicare FFS,Medicare (Federal),FIPS 48383,,,304,https://data.cms.gov/summary-statistics-on-beneficiary-enrollment/medicare-and-medicaid-reports/medicare-monthly-enrollment,2026-06,[source: CMS Medicare Monthly Enrollment 2026-06; ORGNL_MDCR_BENES]
TX,Real,Medicare FFS (Original Medicare),Medicare FFS,Medicare (Federal),FIPS 48385,,,781,https://data.cms.gov/summary-statistics-on-beneficiary-enrollment/medicare-and-medicaid-reports/medicare-monthly-enrollment,2026-06,[source: CMS Medicare Monthly Enrollment 2026-06; ORGNL_MDCR_BENES]
TX,Red River,Medicare FFS (Original Medicare),Medicare FFS,Medicare (Federal),FIPS 48387,,,2007,https://data.cms.gov/summary-statistics-on-beneficiary-enrollment/medicare-and-medicaid-reports/medicare-monthly-enrollment,2026-06,[source: CMS Medicare Monthly Enrollment 2026-06; ORGNL_MDCR_BENES]
TX,Reeves,Medicare FFS (Original Medicare),Medicare FFS,Medicare (Federal),FIPS 48389,,,1364,https://data.cms.gov/summary-statistics-on-beneficiary-enrollment/medicare-and-medicaid-reports/medicare-monthly-enrollment,2026-06,[source: CMS Medicare Monthly Enrollment 2026-06; ORGNL_MDCR_BENES]
TX,Refugio,Medicare FFS (Original Medicare),Medicare FFS,Medicare (Federal),FIPS 48391,,,775,https://data.cms.gov/summary-statistics-on-beneficiary-enrollment/medicare-and-medicaid-reports/medicare-monthly-enrollment,2026-06,[source: CMS Medicare Monthly Enrollment 2026-06; ORGNL_MDCR_BENES]
TX,Roberts,Medicare FFS (Original Medicare),Medicare FFS,Medicare (Federal),FIPS 48393,,,132,https://data.cms.gov/summary-statistics-on-beneficiary-enrollment/medicare-and-medicaid-reports/medicare-monthly-enrollment,2026-06,[source: CMS Medicare Monthly Enrollment 2026-06; ORGNL_MDCR_BENES]
TX,Robertson,Medicare FFS (Original Medicare),Medicare FFS,Medicare (Federal),FIPS 48395,,,2068,https://data.cms.gov/summary-statistics-on-beneficiary-enrollment/medicare-and-medicaid-reports/medicare-monthly-enrollment,2026-06,[source: CMS Medicare Monthly Enrollment 2026-06; ORGNL_MDCR_BENES]
TX,Rockwall,Medicare FFS (Original Medicare),Medicare FFS,Medicare (Federal),FIPS 48397,,,12282,https://data.cms.gov/summary-statistics-on-beneficiary-enrollment/medicare-and-medicaid-reports/medicare-monthly-enrollment,2026-06,[source: CMS Medicare Monthly Enrollment 2026-06; ORGNL_MDCR_BENES]
TX,Runnels,Medicare FFS (Original Medicare),Medicare FFS,Medicare (Federal),FIPS 48399,,,1827,https://data.cms.gov/summary-statistics-on-beneficiary-enrollment/medicare-and-medicaid-reports/medicare-monthly-enrollment,2026-06,[source: CMS Medicare Monthly Enrollment 2026-06; ORGNL_MDCR_BENES]
TX,Rusk,Medicare FFS (Original Medicare),Medicare FFS,Medicare (Federal),FIPS 48401,,,4931,https://data.cms.gov/summary-statistics-on-beneficiary-enrollment/medicare-and-medicaid-reports/medicare-monthly-enrollment,2026-06,[source: CMS Medicare Monthly Enrollment 2026-06; ORGNL_MDCR_BENES]
TX,Sabine,Medicare FFS (Original Medicare),Medicare FFS,Medicare (Federal),FIPS 48403,,,2236,https://data.cms.gov/summary-statistics-on-beneficiary-enrollment/medicare-and-medicaid-reports/medicare-monthly-enrollment,2026-06,[source: CMS Medicare Monthly Enrollment 2026-06; ORGNL_MDCR_BENES]
TX,San Augustine,Medicare FFS (Original Medicare),Medicare FFS,Medicare (Federal),FIPS 48405,,,1240,https://data.cms.gov/summary-statistics-on-beneficiary-enrollment/medicare-and-medicaid-reports/medicare-monthly-enrollment,2026-06,[source: CMS Medicare Monthly Enrollment 2026-06; ORGNL_MDCR_BENES]
TX,San Jacinto,Medicare FFS (Original Medicare),Medicare FFS,Medicare (Federal),FIPS 48407,,,2667,https://data.cms.gov/summary-statistics-on-beneficiary-enrollment/medicare-and-medicaid-reports/medicare-monthly-enrollment,2026-06,[source: CMS Medicare Monthly Enrollment 2026-06; ORGNL_MDCR_BENES]
TX,San Patricio,Medicare FFS (Original Medicare),Medicare FFS,Medicare (Federal),FIPS 48409,,,4690,https://data.cms.gov/summary-statistics-on-beneficiary-enrollment/medicare-and-medicaid-reports/medicare-monthly-enrollment,2026-06,[source: CMS Medicare Monthly Enrollment 2026-06; ORGNL_MDCR_BENES]
TX,San Saba,Medicare FFS (Original Medicare),Medicare FFS,Medicare (Federal),FIPS 48411,,,931,https://data.cms.gov/summary-statistics-on-beneficiary-enrollment/medicare-and-medicaid-reports/medicare-monthly-enrollment,2026-06,[source: CMS Medicare Monthly Enrollment 2026-06; ORGNL_MDCR_BENES]
TX,Schleicher,Medicare FFS (Original Medicare),Medicare FFS,Medicare (Federal),FIPS 48413,,,421,https://data.cms.gov/summary-statistics-on-beneficiary-enrollment/medicare-and-medicaid-reports/medicare-monthly-enrollment,2026-06,[source: CMS Medicare Monthly Enrollment 2026-06; ORGNL_MDCR_BENES]
TX,Scurry,Medicare FFS (Original Medicare),Medicare FFS,Medicare (Federal),FIPS 48415,,,1819,https://data.cms.gov/summary-statistics-on-beneficiary-enrollment/medicare-and-medicaid-reports/medicare-monthly-enrollment,2026-06,[source: CMS Medicare Monthly Enrollment 2026-06; ORGNL_MDCR_BENES]
TX,Shackelford,Medicare FFS (Original Medicare),Medicare FFS,Medicare (Federal),FIPS 48417,,,528,https://data.cms.gov/summary-statistics-on-beneficiary-enrollment/medicare-and-medicaid-reports/medicare-monthly-enrollment,2026-06,[source: CMS Medicare Monthly Enrollment 2026-06; ORGNL_MDCR_BENES]
TX,Shelby,Medicare FFS (Original Medicare),Medicare FFS,Medicare (Federal),FIPS 48419,,,2542,https://data.cms.gov/summary-statistics-on-beneficiary-enrollment/medicare-and-medicaid-reports/medicare-monthly-enrollment,2026-06,[source: CMS Medicare Monthly Enrollment 2026-06; ORGNL_MDCR_BENES]
TX,Sherman,Medicare FFS (Original Medicare),Medicare FFS,Medicare (Federal),FIPS 48421,,,266,https://data.cms.gov/summary-statistics-on-beneficiary-enrollment/medicare-and-medicaid-reports/medicare-monthly-enrollment,2026-06,[source: CMS Medicare Monthly Enrollment 2026-06; ORGNL_MDCR_BENES]
TX,Smith,Medicare FFS (Original Medicare),Medicare FFS,Medicare (Federal),FIPS 48423,,,26626,https://data.cms.gov/summary-statistics-on-beneficiary-enrollment/medicare-and-medicaid-reports/medicare-monthly-enrollment,2026-06,[source: CMS Medicare Monthly Enrollment 2026-06; ORGNL_MDCR_BENES]
TX,Somervell,Medicare FFS (Original Medicare),Medicare FFS,Medicare (Federal),FIPS 48425,,,1253,https://data.cms.gov/summary-statistics-on-beneficiary-enrollment/medicare-and-medicaid-reports/medicare-monthly-enrollment,2026-06,[source: CMS Medicare Monthly Enrollment 2026-06; ORGNL_MDCR_BENES]
TX,Starr,Medicare FFS (Original Medicare),Medicare FFS,Medicare (Federal),FIPS 48427,,,1662,https://data.cms.gov/summary-statistics-on-beneficiary-enrollment/medicare-and-medicaid-reports/medicare-monthly-enrollment,2026-06,[source: CMS Medicare Monthly Enrollment 2026-06; ORGNL_MDCR_BENES]
TX,Stephens,Medicare FFS (Original Medicare),Medicare FFS,Medicare (Federal),FIPS 48429,,,1269,https://data.cms.gov/summary-statistics-on-beneficiary-enrollment/medicare-and-medicaid-reports/medicare-monthly-enrollment,2026-06,[source: CMS Medicare Monthly Enrollment 2026-06; ORGNL_MDCR_BENES]
TX,Sterling,Medicare FFS (Original Medicare),Medicare FFS,Medicare (Federal),FIPS 48431,,,179,https://data.cms.gov/summary-statistics-on-beneficiary-enrollment/medicare-and-medicaid-reports/medicare-monthly-enrollment,2026-06,[source: CMS Medicare Monthly Enrollment 2026-06; ORGNL_MDCR_BENES]
TX,Stonewall,Medicare FFS (Original Medicare),Medicare FFS,Medicare (Federal),FIPS 48433,,,298,https://data.cms.gov/summary-statistics-on-beneficiary-enrollment/medicare-and-medicaid-reports/medicare-monthly-enrollment,2026-06,[source: CMS Medicare Monthly Enrollment 2026-06; ORGNL_MDCR_BENES]
TX,Sutton,Medicare FFS (Original Medicare),Medicare FFS,Medicare (Federal),FIPS 48435,,,616,https://data.cms.gov/summary-statistics-on-beneficiary-enrollment/medicare-and-medicaid-reports/medicare-monthly-enrollment,2026-06,[source: CMS Medicare Monthly Enrollment 2026-06; ORGNL_MDCR_BENES]
TX,Swisher,Medicare FFS (Original Medicare),Medicare FFS,Medicare (Federal),FIPS 48437,,,839,https://data.cms.gov/summary-statistics-on-beneficiary-enrollment/medicare-and-medicaid-reports/medicare-monthly-enrollment,2026-06,[source: CMS Medicare Monthly Enrollment 2026-06; ORGNL_MDCR_BENES]
TX,Tarrant,Medicare FFS (Original Medicare),Medicare FFS,Medicare (Federal),FIPS 48439,,,144327,https://data.cms.gov/summary-statistics-on-beneficiary-enrollment/medicare-and-medicaid-reports/medicare-monthly-enrollment,2026-06,[source: CMS Medicare Monthly Enrollment 2026-06; ORGNL_MDCR_BENES]
TX,Taylor,Medicare FFS (Original Medicare),Medicare FFS,Medicare (Federal),FIPS 48441,,,16155,https://data.cms.gov/summary-statistics-on-beneficiary-enrollment/medicare-and-medicaid-reports/medicare-monthly-enrollment,2026-06,[source: CMS Medicare Monthly Enrollment 2026-06; ORGNL_MDCR_BENES]
TX,Terrell,Medicare FFS (Original Medicare),Medicare FFS,Medicare (Federal),FIPS 48443,,,126,https://data.cms.gov/summary-statistics-on-beneficiary-enrollment/medicare-and-medicaid-reports/medicare-monthly-enrollment,2026-06,[source: CMS Medicare Monthly Enrollment 2026-06; ORGNL_MDCR_BENES]
TX,Terry,Medicare FFS (Original Medicare),Medicare FFS,Medicare (Federal),FIPS 48445,,,870,https://data.cms.gov/summary-statistics-on-beneficiary-enrollment/medicare-and-medicaid-reports/medicare-monthly-enrollment,2026-06,[source: CMS Medicare Monthly Enrollment 2026-06; ORGNL_MDCR_BENES]
TX,Throckmorton,Medicare FFS (Original Medicare),Medicare FFS,Medicare (Federal),FIPS 48447,,,259,https://data.cms.gov/summary-statistics-on-beneficiary-enrollment/medicare-and-medicaid-reports/medicare-monthly-enrollment,2026-06,[source: CMS Medicare Monthly Enrollment 2026-06; ORGNL_MDCR_BENES]
TX,Titus,Medicare FFS (Original Medicare),Medicare FFS,Medicare (Federal),FIPS 48449,,,3085,https://data.cms.gov/summary-statistics-on-beneficiary-enrollment/medicare-and-medicaid-reports/medicare-monthly-enrollment,2026-06,[source: CMS Medicare Monthly Enrollment 2026-06; ORGNL_MDCR_BENES]
TX,Tom Green,Medicare FFS (Original Medicare),Medicare FFS,Medicare (Federal),FIPS 48451,,,12721,https://data.cms.gov/summary-statistics-on-beneficiary-enrollment/medicare-and-medicaid-reports/medicare-monthly-enrollment,2026-06,[source: CMS Medicare Monthly Enrollment 2026-06; ORGNL_MDCR_BENES]
TX,Travis,Medicare FFS (Original Medicare),Medicare FFS,Medicare (Federal),FIPS 48453,,,84515,https://data.cms.gov/summary-statistics-on-beneficiary-enrollment/medicare-and-medicaid-reports/medicare-monthly-enrollment,2026-06,[source: CMS Medicare Monthly Enrollment 2026-06; ORGNL_MDCR_BENES]
TX,Trinity,Medicare FFS (Original Medicare),Medicare FFS,Medicare (Federal),FIPS 48455,,,1912,https://data.cms.gov/summary-statistics-on-beneficiary-enrollment/medicare-and-medicaid-reports/medicare-monthly-enrollment,2026-06,[source: CMS Medicare Monthly Enrollment 2026-06; ORGNL_MDCR_BENES]
TX,Tyler,Medicare FFS (Original Medicare),Medicare FFS,Medicare (Federal),FIPS 48457,,,2527,https://data.cms.gov/summary-statistics-on-beneficiary-enrollment/medicare-and-medicaid-reports/medicare-monthly-enrollment,2026-06,[source: CMS Medicare Monthly Enrollment 2026-06; ORGNL_MDCR_BENES]
TX,Upshur,Medicare FFS (Original Medicare),Medicare FFS,Medicare (Federal),FIPS 48459,,,4509,https://data.cms.gov/summary-statistics-on-beneficiary-enrollment/medicare-and-medicaid-reports/medicare-monthly-enrollment,2026-06,[source: CMS Medicare Monthly Enrollment 2026-06; ORGNL_MDCR_BENES]
TX,Upton,Medicare FFS (Original Medicare),Medicare FFS,Medicare (Federal),FIPS 48461,,,365,https://data.cms.gov/summary-statistics-on-beneficiary-enrollment/medicare-and-medicaid-reports/medicare-monthly-enrollment,2026-06,[source: CMS Medicare Monthly Enrollment 2026-06; ORGNL_MDCR_BENES]
TX,Uvalde,Medicare FFS (Original Medicare),Medicare FFS,Medicare (Federal),FIPS 48463,,,2443,https://data.cms.gov/summary-statistics-on-beneficiary-enrollment/medicare-and-medicaid-reports/medicare-monthly-enrollment,2026-06,[source: CMS Medicare Monthly Enrollment 2026-06; ORGNL_MDCR_BENES]
TX,Val Verde,Medicare FFS (Original Medicare),Medicare FFS,Medicare (Federal),FIPS 48465,,,3634,https://data.cms.gov/summary-statistics-on-beneficiary-enrollment/medicare-and-medicaid-reports/medicare-monthly-enrollment,2026-06,[source: CMS Medicare Monthly Enrollment 2026-06; ORGNL_MDCR_BENES]
TX,Van Zandt,Medicare FFS (Original Medicare),Medicare FFS,Medicare (Federal),FIPS 48467,,,6913,https://data.cms.gov/summary-statistics-on-beneficiary-enrollment/medicare-and-medicaid-reports/medicare-monthly-enrollment,2026-06,[source: CMS Medicare Monthly Enrollment 2026-06; ORGNL_MDCR_BENES]
TX,Victoria,Medicare FFS (Original Medicare),Medicare FFS,Medicare (Federal),FIPS 48469,,,9187,https://data.cms.gov/summary-statistics-on-beneficiary-enrollment/medicare-and-medicaid-reports/medicare-monthly-enrollment,2026-06,[source: CMS Medicare Monthly Enrollment 2026-06; ORGNL_MDCR_BENES]
TX,Walker,Medicare FFS (Original Medicare),Medicare FFS,Medicare (Federal),FIPS 48471,,,5558,https://data.cms.gov/summary-statistics-on-beneficiary-enrollment/medicare-and-medicaid-reports/medicare-monthly-enrollment,2026-06,[source: CMS Medicare Monthly Enrollment 2026-06; ORGNL_MDCR_BENES]
TX,Waller,Medicare FFS (Original Medicare),Medicare FFS,Medicare (Federal),FIPS 48473,,,4215,https://data.cms.gov/summary-statistics-on-beneficiary-enrollment/medicare-and-medicaid-reports/medicare-monthly-enrollment,2026-06,[source: CMS Medicare Monthly Enrollment 2026-06; ORGNL_MDCR_BENES]
TX,Ward,Medicare FFS (Original Medicare),Medicare FFS,Medicare (Federal),FIPS 48475,,,1130,https://data.cms.gov/summary-statistics-on-beneficiary-enrollment/medicare-and-medicaid-reports/medicare-monthly-enrollment,2026-06,[source: CMS Medicare Monthly Enrollment 2026-06; ORGNL_MDCR_BENES]
TX,Washington,Medicare FFS (Original Medicare),Medicare FFS,Medicare (Federal),FIPS 48477,,,6055,https://data.cms.gov/summary-statistics-on-beneficiary-enrollment/medicare-and-medicaid-reports/medicare-monthly-enrollment,2026-06,[source: CMS Medicare Monthly Enrollment 2026-06; ORGNL_MDCR_BENES]
TX,Webb,Medicare FFS (Original Medicare),Medicare FFS,Medicare (Federal),FIPS 48479,,,13721,https://data.cms.gov/summary-statistics-on-beneficiary-enrollment/medicare-and-medicaid-reports/medicare-monthly-enrollment,2026-06,[source: CMS Medicare Monthly Enrollment 2026-06; ORGNL_MDCR_BENES]
TX,Wharton,Medicare FFS (Original Medicare),Medicare FFS,Medicare (Federal),FIPS 48481,,,4892,https://data.cms.gov/summary-statistics-on-beneficiary-enrollment/medicare-and-medicaid-reports/medicare-monthly-enrollment,2026-06,[source: CMS Medicare Monthly Enrollment 2026-06; ORGNL_MDCR_BENES]
TX,Wheeler,Medicare FFS (Original Medicare),Medicare FFS,Medicare (Federal),FIPS 48483,,,852,https://data.cms.gov/summary-statistics-on-beneficiary-enrollment/medicare-and-medicaid-reports/medicare-monthly-enrollment,2026-06,[source: CMS Medicare Monthly Enrollment 2026-06; ORGNL_MDCR_BENES]
TX,Wichita,Medicare FFS (Original Medicare),Medicare FFS,Medicare (Federal),FIPS 48485,,,17238,https://data.cms.gov/summary-statistics-on-beneficiary-enrollment/medicare-and-medicaid-reports/medicare-monthly-enrollment,2026-06,[source: CMS Medicare Monthly Enrollment 2026-06; ORGNL_MDCR_BENES]
TX,Wilbarger,Medicare FFS (Original Medicare),Medicare FFS,Medicare (Federal),FIPS 48487,,,1742,https://data.cms.gov/summary-statistics-on-beneficiary-enrollment/medicare-and-medicaid-reports/medicare-monthly-enrollment,2026-06,[source: CMS Medicare Monthly Enrollment 2026-06; ORGNL_MDCR_BENES]
TX,Willacy,Medicare FFS (Original Medicare),Medicare FFS,Medicare (Federal),FIPS 48489,,,776,https://data.cms.gov/summary-statistics-on-beneficiary-enrollment/medicare-and-medicaid-reports/medicare-monthly-enrollment,2026-06,[source: CMS Medicare Monthly Enrollment 2026-06; ORGNL_MDCR_BENES]
TX,Williamson,Medicare FFS (Original Medicare),Medicare FFS,Medicare (Federal),FIPS 48491,,,56675,https://data.cms.gov/summary-statistics-on-beneficiary-enrollment/medicare-and-medicaid-reports/medicare-monthly-enrollment,2026-06,[source: CMS Medicare Monthly Enrollment 2026-06; ORGNL_MDCR_BENES]
TX,Wilson,Medicare FFS (Original Medicare),Medicare FFS,Medicare (Federal),FIPS 48493,,,5639,https://data.cms.gov/summary-statistics-on-beneficiary-enrollment/medicare-and-medicaid-reports/medicare-monthly-enrollment,2026-06,[source: CMS Medicare Monthly Enrollment 2026-06; ORGNL_MDCR_BENES]
TX,Winkler,Medicare FFS (Original Medicare),Medicare FFS,Medicare (Federal),FIPS 48495,,,619,https://data.cms.gov/summary-statistics-on-beneficiary-enrollment/medicare-and-medicaid-reports/medicare-monthly-enrollment,2026-06,[source: CMS Medicare Monthly Enrollment 2026-06; ORGNL_MDCR_BENES]
TX,Wise,Medicare FFS (Original Medicare),Medicare FFS,Medicare (Federal),FIPS 48497,,,7751,https://data.cms.gov/summary-statistics-on-beneficiary-enrollment/medicare-and-medicaid-reports/medicare-monthly-enrollment,2026-06,[source: CMS Medicare Monthly Enrollment 2026-06; ORGNL_MDCR_BENES]
TX,Wood,Medicare FFS (Original Medicare),Medicare FFS,Medicare (Federal),FIPS 48499,,,8445,https://data.cms.gov/summary-statistics-on-beneficiary-enrollment/medicare-and-medicaid-reports/medicare-monthly-enrollment,2026-06,[source: CMS Medicare Monthly Enrollment 2026-06; ORGNL_MDCR_BENES]
TX,Yoakum,Medicare FFS (Original Medicare),Medicare FFS,Medicare (Federal),FIPS 48501,,,805,https://data.cms.gov/summary-statistics-on-beneficiary-enrollment/medicare-and-medicaid-reports/medicare-monthly-enrollment,2026-06,[source: CMS Medicare Monthly Enrollment 2026-06; ORGNL_MDCR_BENES]
TX,Young,Medicare FFS (Original Medicare),Medicare FFS,Medicare (Federal),FIPS 48503,,,3368,https://data.cms.gov/summary-statistics-on-beneficiary-enrollment/medicare-and-medicaid-reports/medicare-monthly-enrollment,2026-06,[source: CMS Medicare Monthly Enrollment 2026-06; ORGNL_MDCR_BENES]
TX,Zapata,Medicare FFS (Original Medicare),Medicare FFS,Medicare (Federal),FIPS 48505,,,547,https://data.cms.gov/summary-statistics-on-beneficiary-enrollment/medicare-and-medicaid-reports/medicare-monthly-enrollment,2026-06,[source: CMS Medicare Monthly Enrollment 2026-06; ORGNL_MDCR_BENES]
TX,Zavala,Medicare FFS (Original Medicare),Medicare FFS,Medicare (Federal),FIPS 48507,,,543,https://data.cms.gov/summary-statistics-on-beneficiary-enrollment/medicare-and-medicaid-reports/medicare-monthly-enrollment,2026-06,[source: CMS Medicare Monthly Enrollment 2026-06; ORGNL_MDCR_BENES]
UT,Beaver,Medicare FFS (Original Medicare),Medicare FFS,Medicare (Federal),FIPS 49001,,,939,https://data.cms.gov/summary-statistics-on-beneficiary-enrollment/medicare-and-medicaid-reports/medicare-monthly-enrollment,2026-06,[source: CMS Medicare Monthly Enrollment 2026-06; ORGNL_MDCR_BENES]
UT,Box Elder,Medicare FFS (Original Medicare),Medicare FFS,Medicare (Federal),FIPS 49003,,,4139,https://data.cms.gov/summary-statistics-on-beneficiary-enrollment/medicare-and-medicaid-reports/medicare-monthly-enrollment,2026-06,[source: CMS Medicare Monthly Enrollment 2026-06; ORGNL_MDCR_BENES]
UT,Cache,Medicare FFS (Original Medicare),Medicare FFS,Medicare (Federal),FIPS 49005,,,6616,https://data.cms.gov/summary-statistics-on-beneficiary-enrollment/medicare-and-medicaid-reports/medicare-monthly-enrollment,2026-06,[source: CMS Medicare Monthly Enrollment 2026-06; ORGNL_MDCR_BENES]
UT,Carbon,Medicare FFS (Original Medicare),Medicare FFS,Medicare (Federal),FIPS 49007,,,2814,https://data.cms.gov/summary-statistics-on-beneficiary-enrollment/medicare-and-medicaid-reports/medicare-monthly-enrollment,2026-06,[source: CMS Medicare Monthly Enrollment 2026-06; ORGNL_MDCR_BENES]
UT,Daggett,Medicare FFS (Original Medicare),Medicare FFS,Medicare (Federal),FIPS 49009,,,240,https://data.cms.gov/summary-statistics-on-beneficiary-enrollment/medicare-and-medicaid-reports/medicare-monthly-enrollment,2026-06,[source: CMS Medicare Monthly Enrollment 2026-06; ORGNL_MDCR_BENES]
UT,Davis,Medicare FFS (Original Medicare),Medicare FFS,Medicare (Federal),FIPS 49011,,,22481,https://data.cms.gov/summary-statistics-on-beneficiary-enrollment/medicare-and-medicaid-reports/medicare-monthly-enrollment,2026-06,[source: CMS Medicare Monthly Enrollment 2026-06; ORGNL_MDCR_BENES]
UT,Duchesne,Medicare FFS (Original Medicare),Medicare FFS,Medicare (Federal),FIPS 49013,,,1786,https://data.cms.gov/summary-statistics-on-beneficiary-enrollment/medicare-and-medicaid-reports/medicare-monthly-enrollment,2026-06,[source: CMS Medicare Monthly Enrollment 2026-06; ORGNL_MDCR_BENES]
UT,Emery,Medicare FFS (Original Medicare),Medicare FFS,Medicare (Federal),FIPS 49015,,,1412,https://data.cms.gov/summary-statistics-on-beneficiary-enrollment/medicare-and-medicaid-reports/medicare-monthly-enrollment,2026-06,[source: CMS Medicare Monthly Enrollment 2026-06; ORGNL_MDCR_BENES]
UT,Garfield,Medicare FFS (Original Medicare),Medicare FFS,Medicare (Federal),FIPS 49017,,,936,https://data.cms.gov/summary-statistics-on-beneficiary-enrollment/medicare-and-medicaid-reports/medicare-monthly-enrollment,2026-06,[source: CMS Medicare Monthly Enrollment 2026-06; ORGNL_MDCR_BENES]
UT,Grand,Medicare FFS (Original Medicare),Medicare FFS,Medicare (Federal),FIPS 49019,,,1762,https://data.cms.gov/summary-statistics-on-beneficiary-enrollment/medicare-and-medicaid-reports/medicare-monthly-enrollment,2026-06,[source: CMS Medicare Monthly Enrollment 2026-06; ORGNL_MDCR_BENES]
UT,Iron,Medicare FFS (Original Medicare),Medicare FFS,Medicare (Federal),FIPS 49021,,,5806,https://data.cms.gov/summary-statistics-on-beneficiary-enrollment/medicare-and-medicaid-reports/medicare-monthly-enrollment,2026-06,[source: CMS Medicare Monthly Enrollment 2026-06; ORGNL_MDCR_BENES]
UT,Juab,Medicare FFS (Original Medicare),Medicare FFS,Medicare (Federal),FIPS 49023,,,1064,https://data.cms.gov/summary-statistics-on-beneficiary-enrollment/medicare-and-medicaid-reports/medicare-monthly-enrollment,2026-06,[source: CMS Medicare Monthly Enrollment 2026-06; ORGNL_MDCR_BENES]
UT,Kane,Medicare FFS (Original Medicare),Medicare FFS,Medicare (Federal),FIPS 49025,,,1719,https://data.cms.gov/summary-statistics-on-beneficiary-enrollment/medicare-and-medicaid-reports/medicare-monthly-enrollment,2026-06,[source: CMS Medicare Monthly Enrollment 2026-06; ORGNL_MDCR_BENES]
UT,Millard,Medicare FFS (Original Medicare),Medicare FFS,Medicare (Federal),FIPS 49027,,,1774,https://data.cms.gov/summary-statistics-on-beneficiary-enrollment/medicare-and-medicaid-reports/medicare-monthly-enrollment,2026-06,[source: CMS Medicare Monthly Enrollment 2026-06; ORGNL_MDCR_BENES]
UT,Morgan,Medicare FFS (Original Medicare),Medicare FFS,Medicare (Federal),FIPS 49029,,,955,https://data.cms.gov/summary-statistics-on-beneficiary-enrollment/medicare-and-medicaid-reports/medicare-monthly-enrollment,2026-06,[source: CMS Medicare Monthly Enrollment 2026-06; ORGNL_MDCR_BENES]
UT,Piute,Medicare FFS (Original Medicare),Medicare FFS,Medicare (Federal),FIPS 49031,,,286,https://data.cms.gov/summary-statistics-on-beneficiary-enrollment/medicare-and-medicaid-reports/medicare-monthly-enrollment,2026-06,[source: CMS Medicare Monthly Enrollment 2026-06; ORGNL_MDCR_BENES]
UT,Rich,Medicare FFS (Original Medicare),Medicare FFS,Medicare (Federal),FIPS 49033,,,314,https://data.cms.gov/summary-statistics-on-beneficiary-enrollment/medicare-and-medicaid-reports/medicare-monthly-enrollment,2026-06,[source: CMS Medicare Monthly Enrollment 2026-06; ORGNL_MDCR_BENES]
UT,Salt Lake,Medicare FFS (Original Medicare),Medicare FFS,Medicare (Federal),FIPS 49035,,,70136,https://data.cms.gov/summary-statistics-on-beneficiary-enrollment/medicare-and-medicaid-reports/medicare-monthly-enrollment,2026-06,[source: CMS Medicare Monthly Enrollment 2026-06; ORGNL_MDCR_BENES]
UT,San Juan,Medicare FFS (Original Medicare),Medicare FFS,Medicare (Federal),FIPS 49037,,,2083,https://data.cms.gov/summary-statistics-on-beneficiary-enrollment/medicare-and-medicaid-reports/medicare-monthly-enrollment,2026-06,[source: CMS Medicare Monthly Enrollment 2026-06; ORGNL_MDCR_BENES]
UT,Sanpete,Medicare FFS (Original Medicare),Medicare FFS,Medicare (Federal),FIPS 49039,,,2692,https://data.cms.gov/summary-statistics-on-beneficiary-enrollment/medicare-and-medicaid-reports/medicare-monthly-enrollment,2026-06,[source: CMS Medicare Monthly Enrollment 2026-06; ORGNL_MDCR_BENES]
UT,Sevier,Medicare FFS (Original Medicare),Medicare FFS,Medicare (Federal),FIPS 49041,,,2415,https://data.cms.gov/summary-statistics-on-beneficiary-enrollment/medicare-and-medicaid-reports/medicare-monthly-enrollment,2026-06,[source: CMS Medicare Monthly Enrollment 2026-06; ORGNL_MDCR_BENES]
UT,Summit,Medicare FFS (Original Medicare),Medicare FFS,Medicare (Federal),FIPS 49043,,,5053,https://data.cms.gov/summary-statistics-on-beneficiary-enrollment/medicare-and-medicaid-reports/medicare-monthly-enrollment,2026-06,[source: CMS Medicare Monthly Enrollment 2026-06; ORGNL_MDCR_BENES]
UT,Tooele,Medicare FFS (Original Medicare),Medicare FFS,Medicare (Federal),FIPS 49045,,,4768,https://data.cms.gov/summary-statistics-on-beneficiary-enrollment/medicare-and-medicaid-reports/medicare-monthly-enrollment,2026-06,[source: CMS Medicare Monthly Enrollment 2026-06; ORGNL_MDCR_BENES]
UT,Uintah,Medicare FFS (Original Medicare),Medicare FFS,Medicare (Federal),FIPS 49047,,,2899,https://data.cms.gov/summary-statistics-on-beneficiary-enrollment/medicare-and-medicaid-reports/medicare-monthly-enrollment,2026-06,[source: CMS Medicare Monthly Enrollment 2026-06; ORGNL_MDCR_BENES]
UT,Utah,Medicare FFS (Original Medicare),Medicare FFS,Medicare (Federal),FIPS 49049,,,30398,https://data.cms.gov/summary-statistics-on-beneficiary-enrollment/medicare-and-medicaid-reports/medicare-monthly-enrollment,2026-06,[source: CMS Medicare Monthly Enrollment 2026-06; ORGNL_MDCR_BENES]
UT,Wasatch,Medicare FFS (Original Medicare),Medicare FFS,Medicare (Federal),FIPS 49051,,,3094,https://data.cms.gov/summary-statistics-on-beneficiary-enrollment/medicare-and-medicaid-reports/medicare-monthly-enrollment,2026-06,[source: CMS Medicare Monthly Enrollment 2026-06; ORGNL_MDCR_BENES]
UT,Washington,Medicare FFS (Original Medicare),Medicare FFS,Medicare (Federal),FIPS 49053,,,23103,https://data.cms.gov/summary-statistics-on-beneficiary-enrollment/medicare-and-medicaid-reports/medicare-monthly-enrollment,2026-06,[source: CMS Medicare Monthly Enrollment 2026-06; ORGNL_MDCR_BENES]
UT,Wayne,Medicare FFS (Original Medicare),Medicare FFS,Medicare (Federal),FIPS 49055,,,514,https://data.cms.gov/summary-statistics-on-beneficiary-enrollment/medicare-and-medicaid-reports/medicare-monthly-enrollment,2026-06,[source: CMS Medicare Monthly Enrollment 2026-06; ORGNL_MDCR_BENES]
UT,Weber,Medicare FFS (Original Medicare),Medicare FFS,Medicare (Federal),FIPS 49057,,,18811,https://data.cms.gov/summary-statistics-on-beneficiary-enrollment/medicare-and-medicaid-reports/medicare-monthly-enrollment,2026-06,[source: CMS Medicare Monthly Enrollment 2026-06; ORGNL_MDCR_BENES]
VA,Accomack,Medicare FFS (Original Medicare),Medicare FFS,Medicare (Federal),FIPS 51001,,,6221,https://data.cms.gov/summary-statistics-on-beneficiary-enrollment/medicare-and-medicaid-reports/medicare-monthly-enrollment,2026-06,[source: CMS Medicare Monthly Enrollment 2026-06; ORGNL_MDCR_BENES]
VA,Albemarle,Medicare FFS (Original Medicare),Medicare FFS,Medicare (Federal),FIPS 51003,,,19589,https://data.cms.gov/summary-statistics-on-beneficiary-enrollment/medicare-and-medicaid-reports/medicare-monthly-enrollment,2026-06,[source: CMS Medicare Monthly Enrollment 2026-06; ORGNL_MDCR_BENES]
VA,Alexandria,Medicare FFS (Original Medicare),Medicare FFS,Medicare (Federal),FIPS 51510,,,14802,https://data.cms.gov/summary-statistics-on-beneficiary-enrollment/medicare-and-medicaid-reports/medicare-monthly-enrollment,2026-06,[source: CMS Medicare Monthly Enrollment 2026-06; ORGNL_MDCR_BENES]
VA,Alleghany,Medicare FFS (Original Medicare),Medicare FFS,Medicare (Federal),FIPS 51005,,,2552,https://data.cms.gov/summary-statistics-on-beneficiary-enrollment/medicare-and-medicaid-reports/medicare-monthly-enrollment,2026-06,[source: CMS Medicare Monthly Enrollment 2026-06; ORGNL_MDCR_BENES]
VA,Amelia,Medicare FFS (Original Medicare),Medicare FFS,Medicare (Federal),FIPS 51007,,,2025,https://data.cms.gov/summary-statistics-on-beneficiary-enrollment/medicare-and-medicaid-reports/medicare-monthly-enrollment,2026-06,[source: CMS Medicare Monthly Enrollment 2026-06; ORGNL_MDCR_BENES]
VA,Amherst,Medicare FFS (Original Medicare),Medicare FFS,Medicare (Federal),FIPS 51009,,,4856,https://data.cms.gov/summary-statistics-on-beneficiary-enrollment/medicare-and-medicaid-reports/medicare-monthly-enrollment,2026-06,[source: CMS Medicare Monthly Enrollment 2026-06; ORGNL_MDCR_BENES]
VA,Appomattox,Medicare FFS (Original Medicare),Medicare FFS,Medicare (Federal),FIPS 51011,,,2630,https://data.cms.gov/summary-statistics-on-beneficiary-enrollment/medicare-and-medicaid-reports/medicare-monthly-enrollment,2026-06,[source: CMS Medicare Monthly Enrollment 2026-06; ORGNL_MDCR_BENES]
VA,Arlington,Medicare FFS (Original Medicare),Medicare FFS,Medicare (Federal),FIPS 51013,,,20065,https://data.cms.gov/summary-statistics-on-beneficiary-enrollment/medicare-and-medicaid-reports/medicare-monthly-enrollment,2026-06,[source: CMS Medicare Monthly Enrollment 2026-06; ORGNL_MDCR_BENES]
VA,Augusta,Medicare FFS (Original Medicare),Medicare FFS,Medicare (Federal),FIPS 51015,,,12944,https://data.cms.gov/summary-statistics-on-beneficiary-enrollment/medicare-and-medicaid-reports/medicare-monthly-enrollment,2026-06,[source: CMS Medicare Monthly Enrollment 2026-06; ORGNL_MDCR_BENES]
VA,Bath,Medicare FFS (Original Medicare),Medicare FFS,Medicare (Federal),FIPS 51017,,,1053,https://data.cms.gov/summary-statistics-on-beneficiary-enrollment/medicare-and-medicaid-reports/medicare-monthly-enrollment,2026-06,[source: CMS Medicare Monthly Enrollment 2026-06; ORGNL_MDCR_BENES]
VA,Bedford,Medicare FFS (Original Medicare),Medicare FFS,Medicare (Federal),FIPS 51019,,,14366,https://data.cms.gov/summary-statistics-on-beneficiary-enrollment/medicare-and-medicaid-reports/medicare-monthly-enrollment,2026-06,[source: CMS Medicare Monthly Enrollment 2026-06; ORGNL_MDCR_BENES]
VA,Bland,Medicare FFS (Original Medicare),Medicare FFS,Medicare (Federal),FIPS 51021,,,999,https://data.cms.gov/summary-statistics-on-beneficiary-enrollment/medicare-and-medicaid-reports/medicare-monthly-enrollment,2026-06,[source: CMS Medicare Monthly Enrollment 2026-06; ORGNL_MDCR_BENES]
VA,Botetourt,Medicare FFS (Original Medicare),Medicare FFS,Medicare (Federal),FIPS 51023,,,5960,https://data.cms.gov/summary-statistics-on-beneficiary-enrollment/medicare-and-medicaid-reports/medicare-monthly-enrollment,2026-06,[source: CMS Medicare Monthly Enrollment 2026-06; ORGNL_MDCR_BENES]
VA,Bristol,Medicare FFS (Original Medicare),Medicare FFS,Medicare (Federal),FIPS 51520,,,1593,https://data.cms.gov/summary-statistics-on-beneficiary-enrollment/medicare-and-medicaid-reports/medicare-monthly-enrollment,2026-06,[source: CMS Medicare Monthly Enrollment 2026-06; ORGNL_MDCR_BENES]
VA,Brunswick,Medicare FFS (Original Medicare),Medicare FFS,Medicare (Federal),FIPS 51025,,,2202,https://data.cms.gov/summary-statistics-on-beneficiary-enrollment/medicare-and-medicaid-reports/medicare-monthly-enrollment,2026-06,[source: CMS Medicare Monthly Enrollment 2026-06; ORGNL_MDCR_BENES]
VA,Buchanan,Medicare FFS (Original Medicare),Medicare FFS,Medicare (Federal),FIPS 51027,,,2371,https://data.cms.gov/summary-statistics-on-beneficiary-enrollment/medicare-and-medicaid-reports/medicare-monthly-enrollment,2026-06,[source: CMS Medicare Monthly Enrollment 2026-06; ORGNL_MDCR_BENES]
VA,Buckingham,Medicare FFS (Original Medicare),Medicare FFS,Medicare (Federal),FIPS 51029,,,2093,https://data.cms.gov/summary-statistics-on-beneficiary-enrollment/medicare-and-medicaid-reports/medicare-monthly-enrollment,2026-06,[source: CMS Medicare Monthly Enrollment 2026-06; ORGNL_MDCR_BENES]
VA,Buena Vista,Medicare FFS (Original Medicare),Medicare FFS,Medicare (Federal),FIPS 51530,,,910,https://data.cms.gov/summary-statistics-on-beneficiary-enrollment/medicare-and-medicaid-reports/medicare-monthly-enrollment,2026-06,[source: CMS Medicare Monthly Enrollment 2026-06; ORGNL_MDCR_BENES]
VA,Campbell,Medicare FFS (Original Medicare),Medicare FFS,Medicare (Federal),FIPS 51031,,,7345,https://data.cms.gov/summary-statistics-on-beneficiary-enrollment/medicare-and-medicaid-reports/medicare-monthly-enrollment,2026-06,[source: CMS Medicare Monthly Enrollment 2026-06; ORGNL_MDCR_BENES]
VA,Caroline,Medicare FFS (Original Medicare),Medicare FFS,Medicare (Federal),FIPS 51033,,,3977,https://data.cms.gov/summary-statistics-on-beneficiary-enrollment/medicare-and-medicaid-reports/medicare-monthly-enrollment,2026-06,[source: CMS Medicare Monthly Enrollment 2026-06; ORGNL_MDCR_BENES]
VA,Carroll,Medicare FFS (Original Medicare),Medicare FFS,Medicare (Federal),FIPS 51035,,,5020,https://data.cms.gov/summary-statistics-on-beneficiary-enrollment/medicare-and-medicaid-reports/medicare-monthly-enrollment,2026-06,[source: CMS Medicare Monthly Enrollment 2026-06; ORGNL_MDCR_BENES]
VA,Charles City,Medicare FFS (Original Medicare),Medicare FFS,Medicare (Federal),FIPS 51036,,,1085,https://data.cms.gov/summary-statistics-on-beneficiary-enrollment/medicare-and-medicaid-reports/medicare-monthly-enrollment,2026-06,[source: CMS Medicare Monthly Enrollment 2026-06; ORGNL_MDCR_BENES]
VA,Charlotte,Medicare FFS (Original Medicare),Medicare FFS,Medicare (Federal),FIPS 51037,,,2003,https://data.cms.gov/summary-statistics-on-beneficiary-enrollment/medicare-and-medicaid-reports/medicare-monthly-enrollment,2026-06,[source: CMS Medicare Monthly Enrollment 2026-06; ORGNL_MDCR_BENES]
VA,Charlottesville,Medicare FFS (Original Medicare),Medicare FFS,Medicare (Federal),FIPS 51540,,,5335,https://data.cms.gov/summary-statistics-on-beneficiary-enrollment/medicare-and-medicaid-reports/medicare-monthly-enrollment,2026-06,[source: CMS Medicare Monthly Enrollment 2026-06; ORGNL_MDCR_BENES]
VA,Chesapeake,Medicare FFS (Original Medicare),Medicare FFS,Medicare (Federal),FIPS 51550,,,29058,https://data.cms.gov/summary-statistics-on-beneficiary-enrollment/medicare-and-medicaid-reports/medicare-monthly-enrollment,2026-06,[source: CMS Medicare Monthly Enrollment 2026-06; ORGNL_MDCR_BENES]
VA,Chesterfield,Medicare FFS (Original Medicare),Medicare FFS,Medicare (Federal),FIPS 51041,,,46967,https://data.cms.gov/summary-statistics-on-beneficiary-enrollment/medicare-and-medicaid-reports/medicare-monthly-enrollment,2026-06,[source: CMS Medicare Monthly Enrollment 2026-06; ORGNL_MDCR_BENES]
VA,Clarke,Medicare FFS (Original Medicare),Medicare FFS,Medicare (Federal),FIPS 51043,,,2944,https://data.cms.gov/summary-statistics-on-beneficiary-enrollment/medicare-and-medicaid-reports/medicare-monthly-enrollment,2026-06,[source: CMS Medicare Monthly Enrollment 2026-06; ORGNL_MDCR_BENES]
VA,Colonial Heights,Medicare FFS (Original Medicare),Medicare FFS,Medicare (Federal),FIPS 51570,,,2860,https://data.cms.gov/summary-statistics-on-beneficiary-enrollment/medicare-and-medicaid-reports/medicare-monthly-enrollment,2026-06,[source: CMS Medicare Monthly Enrollment 2026-06; ORGNL_MDCR_BENES]
VA,Covington,Medicare FFS (Original Medicare),Medicare FFS,Medicare (Federal),FIPS 51580,,,1115,https://data.cms.gov/summary-statistics-on-beneficiary-enrollment/medicare-and-medicaid-reports/medicare-monthly-enrollment,2026-06,[source: CMS Medicare Monthly Enrollment 2026-06; ORGNL_MDCR_BENES]
VA,Craig,Medicare FFS (Original Medicare),Medicare FFS,Medicare (Federal),FIPS 51045,,,789,https://data.cms.gov/summary-statistics-on-beneficiary-enrollment/medicare-and-medicaid-reports/medicare-monthly-enrollment,2026-06,[source: CMS Medicare Monthly Enrollment 2026-06; ORGNL_MDCR_BENES]
VA,Culpeper,Medicare FFS (Original Medicare),Medicare FFS,Medicare (Federal),FIPS 51047,,,7836,https://data.cms.gov/summary-statistics-on-beneficiary-enrollment/medicare-and-medicaid-reports/medicare-monthly-enrollment,2026-06,[source: CMS Medicare Monthly Enrollment 2026-06; ORGNL_MDCR_BENES]
VA,Cumberland,Medicare FFS (Original Medicare),Medicare FFS,Medicare (Federal),FIPS 51049,,,1273,https://data.cms.gov/summary-statistics-on-beneficiary-enrollment/medicare-and-medicaid-reports/medicare-monthly-enrollment,2026-06,[source: CMS Medicare Monthly Enrollment 2026-06; ORGNL_MDCR_BENES]
VA,Danville,Medicare FFS (Original Medicare),Medicare FFS,Medicare (Federal),FIPS 51590,,,5070,https://data.cms.gov/summary-statistics-on-beneficiary-enrollment/medicare-and-medicaid-reports/medicare-monthly-enrollment,2026-06,[source: CMS Medicare Monthly Enrollment 2026-06; ORGNL_MDCR_BENES]
VA,Dickenson,Medicare FFS (Original Medicare),Medicare FFS,Medicare (Federal),FIPS 51051,,,1245,https://data.cms.gov/summary-statistics-on-beneficiary-enrollment/medicare-and-medicaid-reports/medicare-monthly-enrollment,2026-06,[source: CMS Medicare Monthly Enrollment 2026-06; ORGNL_MDCR_BENES]
VA,Dinwiddie,Medicare FFS (Original Medicare),Medicare FFS,Medicare (Federal),FIPS 51053,,,3325,https://data.cms.gov/summary-statistics-on-beneficiary-enrollment/medicare-and-medicaid-reports/medicare-monthly-enrollment,2026-06,[source: CMS Medicare Monthly Enrollment 2026-06; ORGNL_MDCR_BENES]
VA,Emporia,Medicare FFS (Original Medicare),Medicare FFS,Medicare (Federal),FIPS 51595,,,543,https://data.cms.gov/summary-statistics-on-beneficiary-enrollment/medicare-and-medicaid-reports/medicare-monthly-enrollment,2026-06,[source: CMS Medicare Monthly Enrollment 2026-06; ORGNL_MDCR_BENES]
VA,Essex,Medicare FFS (Original Medicare),Medicare FFS,Medicare (Federal),FIPS 51057,,,1978,https://data.cms.gov/summary-statistics-on-beneficiary-enrollment/medicare-and-medicaid-reports/medicare-monthly-enrollment,2026-06,[source: CMS Medicare Monthly Enrollment 2026-06; ORGNL_MDCR_BENES]
VA,Fairfax,Medicare FFS (Original Medicare),Medicare FFS,Medicare (Federal),FIPS 51059,,,126576,https://data.cms.gov/summary-statistics-on-beneficiary-enrollment/medicare-and-medicaid-reports/medicare-monthly-enrollment,2026-06,[source: CMS Medicare Monthly Enrollment 2026-06; ORGNL_MDCR_BENES]
VA,Fairfax,Medicare FFS (Original Medicare),Medicare FFS,Medicare (Federal),FIPS 51600,,,3878,https://data.cms.gov/summary-statistics-on-beneficiary-enrollment/medicare-and-medicaid-reports/medicare-monthly-enrollment,2026-06,[source: CMS Medicare Monthly Enrollment 2026-06; ORGNL_MDCR_BENES]
VA,Falls Church,Medicare FFS (Original Medicare),Medicare FFS,Medicare (Federal),FIPS 51610,,,2004,https://data.cms.gov/summary-statistics-on-beneficiary-enrollment/medicare-and-medicaid-reports/medicare-monthly-enrollment,2026-06,[source: CMS Medicare Monthly Enrollment 2026-06; ORGNL_MDCR_BENES]
VA,Fauquier,Medicare FFS (Original Medicare),Medicare FFS,Medicare (Federal),FIPS 51061,,,11078,https://data.cms.gov/summary-statistics-on-beneficiary-enrollment/medicare-and-medicaid-reports/medicare-monthly-enrollment,2026-06,[source: CMS Medicare Monthly Enrollment 2026-06; ORGNL_MDCR_BENES]
VA,Floyd,Medicare FFS (Original Medicare),Medicare FFS,Medicare (Federal),FIPS 51063,,,2743,https://data.cms.gov/summary-statistics-on-beneficiary-enrollment/medicare-and-medicaid-reports/medicare-monthly-enrollment,2026-06,[source: CMS Medicare Monthly Enrollment 2026-06; ORGNL_MDCR_BENES]
VA,Fluvanna,Medicare FFS (Original Medicare),Medicare FFS,Medicare (Federal),FIPS 51065,,,5106,https://data.cms.gov/summary-statistics-on-beneficiary-enrollment/medicare-and-medicaid-reports/medicare-monthly-enrollment,2026-06,[source: CMS Medicare Monthly Enrollment 2026-06; ORGNL_MDCR_BENES]
VA,Franklin,Medicare FFS (Original Medicare),Medicare FFS,Medicare (Federal),FIPS 51067,,,8887,https://data.cms.gov/summary-statistics-on-beneficiary-enrollment/medicare-and-medicaid-reports/medicare-monthly-enrollment,2026-06,[source: CMS Medicare Monthly Enrollment 2026-06; ORGNL_MDCR_BENES]
VA,Franklin,Medicare FFS (Original Medicare),Medicare FFS,Medicare (Federal),FIPS 51620,,,1365,https://data.cms.gov/summary-statistics-on-beneficiary-enrollment/medicare-and-medicaid-reports/medicare-monthly-enrollment,2026-06,[source: CMS Medicare Monthly Enrollment 2026-06; ORGNL_MDCR_BENES]
VA,Frederick,Medicare FFS (Original Medicare),Medicare FFS,Medicare (Federal),FIPS 51069,,,14270,https://data.cms.gov/summary-statistics-on-beneficiary-enrollment/medicare-and-medicaid-reports/medicare-monthly-enrollment,2026-06,[source: CMS Medicare Monthly Enrollment 2026-06; ORGNL_MDCR_BENES]
VA,Fredericksburg,Medicare FFS (Original Medicare),Medicare FFS,Medicare (Federal),FIPS 51630,,,3120,https://data.cms.gov/summary-statistics-on-beneficiary-enrollment/medicare-and-medicaid-reports/medicare-monthly-enrollment,2026-06,[source: CMS Medicare Monthly Enrollment 2026-06; ORGNL_MDCR_BENES]
VA,Galax,Medicare FFS (Original Medicare),Medicare FFS,Medicare (Federal),FIPS 51640,,,1409,https://data.cms.gov/summary-statistics-on-beneficiary-enrollment/medicare-and-medicaid-reports/medicare-monthly-enrollment,2026-06,[source: CMS Medicare Monthly Enrollment 2026-06; ORGNL_MDCR_BENES]
VA,Giles,Medicare FFS (Original Medicare),Medicare FFS,Medicare (Federal),FIPS 51071,,,2679,https://data.cms.gov/summary-statistics-on-beneficiary-enrollment/medicare-and-medicaid-reports/medicare-monthly-enrollment,2026-06,[source: CMS Medicare Monthly Enrollment 2026-06; ORGNL_MDCR_BENES]
VA,Gloucester,Medicare FFS (Original Medicare),Medicare FFS,Medicare (Federal),FIPS 51073,,,7004,https://data.cms.gov/summary-statistics-on-beneficiary-enrollment/medicare-and-medicaid-reports/medicare-monthly-enrollment,2026-06,[source: CMS Medicare Monthly Enrollment 2026-06; ORGNL_MDCR_BENES]
VA,Goochland,Medicare FFS (Original Medicare),Medicare FFS,Medicare (Federal),FIPS 51075,,,5666,https://data.cms.gov/summary-statistics-on-beneficiary-enrollment/medicare-and-medicaid-reports/medicare-monthly-enrollment,2026-06,[source: CMS Medicare Monthly Enrollment 2026-06; ORGNL_MDCR_BENES]
VA,Grayson,Medicare FFS (Original Medicare),Medicare FFS,Medicare (Federal),FIPS 51077,,,2644,https://data.cms.gov/summary-statistics-on-beneficiary-enrollment/medicare-and-medicaid-reports/medicare-monthly-enrollment,2026-06,[source: CMS Medicare Monthly Enrollment 2026-06; ORGNL_MDCR_BENES]
VA,Greene,Medicare FFS (Original Medicare),Medicare FFS,Medicare (Federal),FIPS 51079,,,3408,https://data.cms.gov/summary-statistics-on-beneficiary-enrollment/medicare-and-medicaid-reports/medicare-monthly-enrollment,2026-06,[source: CMS Medicare Monthly Enrollment 2026-06; ORGNL_MDCR_BENES]
VA,Greensville,Medicare FFS (Original Medicare),Medicare FFS,Medicare (Federal),FIPS 51081,,,1106,https://data.cms.gov/summary-statistics-on-beneficiary-enrollment/medicare-and-medicaid-reports/medicare-monthly-enrollment,2026-06,[source: CMS Medicare Monthly Enrollment 2026-06; ORGNL_MDCR_BENES]
VA,Halifax,Medicare FFS (Original Medicare),Medicare FFS,Medicare (Federal),FIPS 51083,,,5829,https://data.cms.gov/summary-statistics-on-beneficiary-enrollment/medicare-and-medicaid-reports/medicare-monthly-enrollment,2026-06,[source: CMS Medicare Monthly Enrollment 2026-06; ORGNL_MDCR_BENES]
VA,Hampton,Medicare FFS (Original Medicare),Medicare FFS,Medicare (Federal),FIPS 51650,,,14533,https://data.cms.gov/summary-statistics-on-beneficiary-enrollment/medicare-and-medicaid-reports/medicare-monthly-enrollment,2026-06,[source: CMS Medicare Monthly Enrollment 2026-06; ORGNL_MDCR_BENES]
VA,Hanover,Medicare FFS (Original Medicare),Medicare FFS,Medicare (Federal),FIPS 51085,,,17203,https://data.cms.gov/summary-statistics-on-beneficiary-enrollment/medicare-and-medicaid-reports/medicare-monthly-enrollment,2026-06,[source: CMS Medicare Monthly Enrollment 2026-06; ORGNL_MDCR_BENES]
VA,Harrisonburg,Medicare FFS (Original Medicare),Medicare FFS,Medicare (Federal),FIPS 51660,,,4927,https://data.cms.gov/summary-statistics-on-beneficiary-enrollment/medicare-and-medicaid-reports/medicare-monthly-enrollment,2026-06,[source: CMS Medicare Monthly Enrollment 2026-06; ORGNL_MDCR_BENES]
VA,Henrico,Medicare FFS (Original Medicare),Medicare FFS,Medicare (Federal),FIPS 51087,,,40126,https://data.cms.gov/summary-statistics-on-beneficiary-enrollment/medicare-and-medicaid-reports/medicare-monthly-enrollment,2026-06,[source: CMS Medicare Monthly Enrollment 2026-06; ORGNL_MDCR_BENES]
VA,Henry,Medicare FFS (Original Medicare),Medicare FFS,Medicare (Federal),FIPS 51089,,,6343,https://data.cms.gov/summary-statistics-on-beneficiary-enrollment/medicare-and-medicaid-reports/medicare-monthly-enrollment,2026-06,[source: CMS Medicare Monthly Enrollment 2026-06; ORGNL_MDCR_BENES]
VA,Highland,Medicare FFS (Original Medicare),Medicare FFS,Medicare (Federal),FIPS 51091,,,650,https://data.cms.gov/summary-statistics-on-beneficiary-enrollment/medicare-and-medicaid-reports/medicare-monthly-enrollment,2026-06,[source: CMS Medicare Monthly Enrollment 2026-06; ORGNL_MDCR_BENES]
VA,Hopewell,Medicare FFS (Original Medicare),Medicare FFS,Medicare (Federal),FIPS 51670,,,2581,https://data.cms.gov/summary-statistics-on-beneficiary-enrollment/medicare-and-medicaid-reports/medicare-monthly-enrollment,2026-06,[source: CMS Medicare Monthly Enrollment 2026-06; ORGNL_MDCR_BENES]
VA,Isle of Wight,Medicare FFS (Original Medicare),Medicare FFS,Medicare (Federal),FIPS 51093,,,6564,https://data.cms.gov/summary-statistics-on-beneficiary-enrollment/medicare-and-medicaid-reports/medicare-monthly-enrollment,2026-06,[source: CMS Medicare Monthly Enrollment 2026-06; ORGNL_MDCR_BENES]
VA,James City,Medicare FFS (Original Medicare),Medicare FFS,Medicare (Federal),FIPS 51095,,,18976,https://data.cms.gov/summary-statistics-on-beneficiary-enrollment/medicare-and-medicaid-reports/medicare-monthly-enrollment,2026-06,[source: CMS Medicare Monthly Enrollment 2026-06; ORGNL_MDCR_BENES]
VA,King George,Medicare FFS (Original Medicare),Medicare FFS,Medicare (Federal),FIPS 51099,,,3601,https://data.cms.gov/summary-statistics-on-beneficiary-enrollment/medicare-and-medicaid-reports/medicare-monthly-enrollment,2026-06,[source: CMS Medicare Monthly Enrollment 2026-06; ORGNL_MDCR_BENES]
VA,King William,Medicare FFS (Original Medicare),Medicare FFS,Medicare (Federal),FIPS 51101,,,2615,https://data.cms.gov/summary-statistics-on-beneficiary-enrollment/medicare-and-medicaid-reports/medicare-monthly-enrollment,2026-06,[source: CMS Medicare Monthly Enrollment 2026-06; ORGNL_MDCR_BENES]
VA,King and Queen,Medicare FFS (Original Medicare),Medicare FFS,Medicare (Federal),FIPS 51097,,,1148,https://data.cms.gov/summary-statistics-on-beneficiary-enrollment/medicare-and-medicaid-reports/medicare-monthly-enrollment,2026-06,[source: CMS Medicare Monthly Enrollment 2026-06; ORGNL_MDCR_BENES]
VA,Lancaster,Medicare FFS (Original Medicare),Medicare FFS,Medicare (Federal),FIPS 51103,,,3398,https://data.cms.gov/summary-statistics-on-beneficiary-enrollment/medicare-and-medicaid-reports/medicare-monthly-enrollment,2026-06,[source: CMS Medicare Monthly Enrollment 2026-06; ORGNL_MDCR_BENES]
VA,Lee,Medicare FFS (Original Medicare),Medicare FFS,Medicare (Federal),FIPS 51105,,,1861,https://data.cms.gov/summary-statistics-on-beneficiary-enrollment/medicare-and-medicaid-reports/medicare-monthly-enrollment,2026-06,[source: CMS Medicare Monthly Enrollment 2026-06; ORGNL_MDCR_BENES]
VA,Lexington,Medicare FFS (Original Medicare),Medicare FFS,Medicare (Federal),FIPS 51678,,,1444,https://data.cms.gov/summary-statistics-on-beneficiary-enrollment/medicare-and-medicaid-reports/medicare-monthly-enrollment,2026-06,[source: CMS Medicare Monthly Enrollment 2026-06; ORGNL_MDCR_BENES]
VA,Loudoun,Medicare FFS (Original Medicare),Medicare FFS,Medicare (Federal),FIPS 51107,,,36762,https://data.cms.gov/summary-statistics-on-beneficiary-enrollment/medicare-and-medicaid-reports/medicare-monthly-enrollment,2026-06,[source: CMS Medicare Monthly Enrollment 2026-06; ORGNL_MDCR_BENES]
VA,Louisa,Medicare FFS (Original Medicare),Medicare FFS,Medicare (Federal),FIPS 51109,,,6421,https://data.cms.gov/summary-statistics-on-beneficiary-enrollment/medicare-and-medicaid-reports/medicare-monthly-enrollment,2026-06,[source: CMS Medicare Monthly Enrollment 2026-06; ORGNL_MDCR_BENES]
VA,Lunenburg,Medicare FFS (Original Medicare),Medicare FFS,Medicare (Federal),FIPS 51111,,,1634,https://data.cms.gov/summary-statistics-on-beneficiary-enrollment/medicare-and-medicaid-reports/medicare-monthly-enrollment,2026-06,[source: CMS Medicare Monthly Enrollment 2026-06; ORGNL_MDCR_BENES]
VA,Lynchburg,Medicare FFS (Original Medicare),Medicare FFS,Medicare (Federal),FIPS 51680,,,9238,https://data.cms.gov/summary-statistics-on-beneficiary-enrollment/medicare-and-medicaid-reports/medicare-monthly-enrollment,2026-06,[source: CMS Medicare Monthly Enrollment 2026-06; ORGNL_MDCR_BENES]
VA,Madison,Medicare FFS (Original Medicare),Medicare FFS,Medicare (Federal),FIPS 51113,,,2550,https://data.cms.gov/summary-statistics-on-beneficiary-enrollment/medicare-and-medicaid-reports/medicare-monthly-enrollment,2026-06,[source: CMS Medicare Monthly Enrollment 2026-06; ORGNL_MDCR_BENES]
VA,Manassas,Medicare FFS (Original Medicare),Medicare FFS,Medicare (Federal),FIPS 51683,,,3505,https://data.cms.gov/summary-statistics-on-beneficiary-enrollment/medicare-and-medicaid-reports/medicare-monthly-enrollment,2026-06,[source: CMS Medicare Monthly Enrollment 2026-06; ORGNL_MDCR_BENES]
VA,Manassas Park,Medicare FFS (Original Medicare),Medicare FFS,Medicare (Federal),FIPS 51685,,,740,https://data.cms.gov/summary-statistics-on-beneficiary-enrollment/medicare-and-medicaid-reports/medicare-monthly-enrollment,2026-06,[source: CMS Medicare Monthly Enrollment 2026-06; ORGNL_MDCR_BENES]
VA,Martinsville,Medicare FFS (Original Medicare),Medicare FFS,Medicare (Federal),FIPS 51690,,,2063,https://data.cms.gov/summary-statistics-on-beneficiary-enrollment/medicare-and-medicaid-reports/medicare-monthly-enrollment,2026-06,[source: CMS Medicare Monthly Enrollment 2026-06; ORGNL_MDCR_BENES]
VA,Mathews,Medicare FFS (Original Medicare),Medicare FFS,Medicare (Federal),FIPS 51115,,,2166,https://data.cms.gov/summary-statistics-on-beneficiary-enrollment/medicare-and-medicaid-reports/medicare-monthly-enrollment,2026-06,[source: CMS Medicare Monthly Enrollment 2026-06; ORGNL_MDCR_BENES]
VA,Mecklenburg,Medicare FFS (Original Medicare),Medicare FFS,Medicare (Federal),FIPS 51117,,,5464,https://data.cms.gov/summary-statistics-on-beneficiary-enrollment/medicare-and-medicaid-reports/medicare-monthly-enrollment,2026-06,[source: CMS Medicare Monthly Enrollment 2026-06; ORGNL_MDCR_BENES]
VA,Middlesex,Medicare FFS (Original Medicare),Medicare FFS,Medicare (Federal),FIPS 51119,,,2679,https://data.cms.gov/summary-statistics-on-beneficiary-enrollment/medicare-and-medicaid-reports/medicare-monthly-enrollment,2026-06,[source: CMS Medicare Monthly Enrollment 2026-06; ORGNL_MDCR_BENES]
VA,Montgomery,Medicare FFS (Original Medicare),Medicare FFS,Medicare (Federal),FIPS 51121,,,10106,https://data.cms.gov/summary-statistics-on-beneficiary-enrollment/medicare-and-medicaid-reports/medicare-monthly-enrollment,2026-06,[source: CMS Medicare Monthly Enrollment 2026-06; ORGNL_MDCR_BENES]
VA,Nelson,Medicare FFS (Original Medicare),Medicare FFS,Medicare (Federal),FIPS 51125,,,3623,https://data.cms.gov/summary-statistics-on-beneficiary-enrollment/medicare-and-medicaid-reports/medicare-monthly-enrollment,2026-06,[source: CMS Medicare Monthly Enrollment 2026-06; ORGNL_MDCR_BENES]
VA,New Kent,Medicare FFS (Original Medicare),Medicare FFS,Medicare (Federal),FIPS 51127,,,4633,https://data.cms.gov/summary-statistics-on-beneficiary-enrollment/medicare-and-medicaid-reports/medicare-monthly-enrollment,2026-06,[source: CMS Medicare Monthly Enrollment 2026-06; ORGNL_MDCR_BENES]
VA,Newport News,Medicare FFS (Original Medicare),Medicare FFS,Medicare (Federal),FIPS 51700,,,16653,https://data.cms.gov/summary-statistics-on-beneficiary-enrollment/medicare-and-medicaid-reports/medicare-monthly-enrollment,2026-06,[source: CMS Medicare Monthly Enrollment 2026-06; ORGNL_MDCR_BENES]
VA,Norfolk,Medicare FFS (Original Medicare),Medicare FFS,Medicare (Federal),FIPS 51710,,,19085,https://data.cms.gov/summary-statistics-on-beneficiary-enrollment/medicare-and-medicaid-reports/medicare-monthly-enrollment,2026-06,[source: CMS Medicare Monthly Enrollment 2026-06; ORGNL_MDCR_BENES]
VA,Northampton,Medicare FFS (Original Medicare),Medicare FFS,Medicare (Federal),FIPS 51131,,,2464,https://data.cms.gov/summary-statistics-on-beneficiary-enrollment/medicare-and-medicaid-reports/medicare-monthly-enrollment,2026-06,[source: CMS Medicare Monthly Enrollment 2026-06; ORGNL_MDCR_BENES]
VA,Northumberland,Medicare FFS (Original Medicare),Medicare FFS,Medicare (Federal),FIPS 51133,,,3378,https://data.cms.gov/summary-statistics-on-beneficiary-enrollment/medicare-and-medicaid-reports/medicare-monthly-enrollment,2026-06,[source: CMS Medicare Monthly Enrollment 2026-06; ORGNL_MDCR_BENES]
VA,Norton,Medicare FFS (Original Medicare),Medicare FFS,Medicare (Federal),FIPS 51720,,,386,https://data.cms.gov/summary-statistics-on-beneficiary-enrollment/medicare-and-medicaid-reports/medicare-monthly-enrollment,2026-06,[source: CMS Medicare Monthly Enrollment 2026-06; ORGNL_MDCR_BENES]
VA,Nottoway,Medicare FFS (Original Medicare),Medicare FFS,Medicare (Federal),FIPS 51135,,,2113,https://data.cms.gov/summary-statistics-on-beneficiary-enrollment/medicare-and-medicaid-reports/medicare-monthly-enrollment,2026-06,[source: CMS Medicare Monthly Enrollment 2026-06; ORGNL_MDCR_BENES]
VA,Orange,Medicare FFS (Original Medicare),Medicare FFS,Medicare (Federal),FIPS 51137,,,7086,https://data.cms.gov/summary-statistics-on-beneficiary-enrollment/medicare-and-medicaid-reports/medicare-monthly-enrollment,2026-06,[source: CMS Medicare Monthly Enrollment 2026-06; ORGNL_MDCR_BENES]
VA,Page,Medicare FFS (Original Medicare),Medicare FFS,Medicare (Federal),FIPS 51139,,,4230,https://data.cms.gov/summary-statistics-on-beneficiary-enrollment/medicare-and-medicaid-reports/medicare-monthly-enrollment,2026-06,[source: CMS Medicare Monthly Enrollment 2026-06; ORGNL_MDCR_BENES]
VA,Patrick,Medicare FFS (Original Medicare),Medicare FFS,Medicare (Federal),FIPS 51141,,,2993,https://data.cms.gov/summary-statistics-on-beneficiary-enrollment/medicare-and-medicaid-reports/medicare-monthly-enrollment,2026-06,[source: CMS Medicare Monthly Enrollment 2026-06; ORGNL_MDCR_BENES]
VA,Petersburg,Medicare FFS (Original Medicare),Medicare FFS,Medicare (Federal),FIPS 51730,,,3678,https://data.cms.gov/summary-statistics-on-beneficiary-enrollment/medicare-and-medicaid-reports/medicare-monthly-enrollment,2026-06,[source: CMS Medicare Monthly Enrollment 2026-06; ORGNL_MDCR_BENES]
VA,Pittsylvania,Medicare FFS (Original Medicare),Medicare FFS,Medicare (Federal),FIPS 51143,,,8235,https://data.cms.gov/summary-statistics-on-beneficiary-enrollment/medicare-and-medicaid-reports/medicare-monthly-enrollment,2026-06,[source: CMS Medicare Monthly Enrollment 2026-06; ORGNL_MDCR_BENES]
VA,Poquoson,Medicare FFS (Original Medicare),Medicare FFS,Medicare (Federal),FIPS 51735,,,2231,https://data.cms.gov/summary-statistics-on-beneficiary-enrollment/medicare-and-medicaid-reports/medicare-monthly-enrollment,2026-06,[source: CMS Medicare Monthly Enrollment 2026-06; ORGNL_MDCR_BENES]
VA,Portsmouth,Medicare FFS (Original Medicare),Medicare FFS,Medicare (Federal),FIPS 51740,,,9349,https://data.cms.gov/summary-statistics-on-beneficiary-enrollment/medicare-and-medicaid-reports/medicare-monthly-enrollment,2026-06,[source: CMS Medicare Monthly Enrollment 2026-06; ORGNL_MDCR_BENES]
VA,Powhatan,Medicare FFS (Original Medicare),Medicare FFS,Medicare (Federal),FIPS 51145,,,5129,https://data.cms.gov/summary-statistics-on-beneficiary-enrollment/medicare-and-medicaid-reports/medicare-monthly-enrollment,2026-06,[source: CMS Medicare Monthly Enrollment 2026-06; ORGNL_MDCR_BENES]
VA,Prince Edward,Medicare FFS (Original Medicare),Medicare FFS,Medicare (Federal),FIPS 51147,,,2917,https://data.cms.gov/summary-statistics-on-beneficiary-enrollment/medicare-and-medicaid-reports/medicare-monthly-enrollment,2026-06,[source: CMS Medicare Monthly Enrollment 2026-06; ORGNL_MDCR_BENES]
VA,Prince George,Medicare FFS (Original Medicare),Medicare FFS,Medicare (Federal),FIPS 51149,,,4477,https://data.cms.gov/summary-statistics-on-beneficiary-enrollment/medicare-and-medicaid-reports/medicare-monthly-enrollment,2026-06,[source: CMS Medicare Monthly Enrollment 2026-06; ORGNL_MDCR_BENES]
VA,Prince William,Medicare FFS (Original Medicare),Medicare FFS,Medicare (Federal),FIPS 51153,,,41647,https://data.cms.gov/summary-statistics-on-beneficiary-enrollment/medicare-and-medicaid-reports/medicare-monthly-enrollment,2026-06,[source: CMS Medicare Monthly Enrollment 2026-06; ORGNL_MDCR_BENES]
VA,Pulaski,Medicare FFS (Original Medicare),Medicare FFS,Medicare (Federal),FIPS 51155,,,4893,https://data.cms.gov/summary-statistics-on-beneficiary-enrollment/medicare-and-medicaid-reports/medicare-monthly-enrollment,2026-06,[source: CMS Medicare Monthly Enrollment 2026-06; ORGNL_MDCR_BENES]
VA,Radford,Medicare FFS (Original Medicare),Medicare FFS,Medicare (Federal),FIPS 51750,,,1549,https://data.cms.gov/summary-statistics-on-beneficiary-enrollment/medicare-and-medicaid-reports/medicare-monthly-enrollment,2026-06,[source: CMS Medicare Monthly Enrollment 2026-06; ORGNL_MDCR_BENES]
VA,Rappahannock,Medicare FFS (Original Medicare),Medicare FFS,Medicare (Federal),FIPS 51157,,,1615,https://data.cms.gov/summary-statistics-on-beneficiary-enrollment/medicare-and-medicaid-reports/medicare-monthly-enrollment,2026-06,[source: CMS Medicare Monthly Enrollment 2026-06; ORGNL_MDCR_BENES]
VA,Richmond,Medicare FFS (Original Medicare),Medicare FFS,Medicare (Federal),FIPS 51159,,,1351,https://data.cms.gov/summary-statistics-on-beneficiary-enrollment/medicare-and-medicaid-reports/medicare-monthly-enrollment,2026-06,[source: CMS Medicare Monthly Enrollment 2026-06; ORGNL_MDCR_BENES]
VA,Richmond,Medicare FFS (Original Medicare),Medicare FFS,Medicare (Federal),FIPS 51760,,,16741,https://data.cms.gov/summary-statistics-on-beneficiary-enrollment/medicare-and-medicaid-reports/medicare-monthly-enrollment,2026-06,[source: CMS Medicare Monthly Enrollment 2026-06; ORGNL_MDCR_BENES]
VA,Roanoke,Medicare FFS (Original Medicare),Medicare FFS,Medicare (Federal),FIPS 51161,,,15726,https://data.cms.gov/summary-statistics-on-beneficiary-enrollment/medicare-and-medicaid-reports/medicare-monthly-enrollment,2026-06,[source: CMS Medicare Monthly Enrollment 2026-06; ORGNL_MDCR_BENES]
VA,Roanoke,Medicare FFS (Original Medicare),Medicare FFS,Medicare (Federal),FIPS 51770,,,10646,https://data.cms.gov/summary-statistics-on-beneficiary-enrollment/medicare-and-medicaid-reports/medicare-monthly-enrollment,2026-06,[source: CMS Medicare Monthly Enrollment 2026-06; ORGNL_MDCR_BENES]
VA,Rockbridge,Medicare FFS (Original Medicare),Medicare FFS,Medicare (Federal),FIPS 51163,,,4133,https://data.cms.gov/summary-statistics-on-beneficiary-enrollment/medicare-and-medicaid-reports/medicare-monthly-enrollment,2026-06,[source: CMS Medicare Monthly Enrollment 2026-06; ORGNL_MDCR_BENES]
VA,Rockingham,Medicare FFS (Original Medicare),Medicare FFS,Medicare (Federal),FIPS 51165,,,13245,https://data.cms.gov/summary-statistics-on-beneficiary-enrollment/medicare-and-medicaid-reports/medicare-monthly-enrollment,2026-06,[source: CMS Medicare Monthly Enrollment 2026-06; ORGNL_MDCR_BENES]
VA,Russell,Medicare FFS (Original Medicare),Medicare FFS,Medicare (Federal),FIPS 51167,,,2763,https://data.cms.gov/summary-statistics-on-beneficiary-enrollment/medicare-and-medicaid-reports/medicare-monthly-enrollment,2026-06,[source: CMS Medicare Monthly Enrollment 2026-06; ORGNL_MDCR_BENES]
VA,Salem,Medicare FFS (Original Medicare),Medicare FFS,Medicare (Federal),FIPS 51775,,,4323,https://data.cms.gov/summary-statistics-on-beneficiary-enrollment/medicare-and-medicaid-reports/medicare-monthly-enrollment,2026-06,[source: CMS Medicare Monthly Enrollment 2026-06; ORGNL_MDCR_BENES]
VA,Scott,Medicare FFS (Original Medicare),Medicare FFS,Medicare (Federal),FIPS 51169,,,1945,https://data.cms.gov/summary-statistics-on-beneficiary-enrollment/medicare-and-medicaid-reports/medicare-monthly-enrollment,2026-06,[source: CMS Medicare Monthly Enrollment 2026-06; ORGNL_MDCR_BENES]
VA,Shenandoah,Medicare FFS (Original Medicare),Medicare FFS,Medicare (Federal),FIPS 51171,,,7648,https://data.cms.gov/summary-statistics-on-beneficiary-enrollment/medicare-and-medicaid-reports/medicare-monthly-enrollment,2026-06,[source: CMS Medicare Monthly Enrollment 2026-06; ORGNL_MDCR_BENES]
VA,Smyth,Medicare FFS (Original Medicare),Medicare FFS,Medicare (Federal),FIPS 51173,,,3954,https://data.cms.gov/summary-statistics-on-beneficiary-enrollment/medicare-and-medicaid-reports/medicare-monthly-enrollment,2026-06,[source: CMS Medicare Monthly Enrollment 2026-06; ORGNL_MDCR_BENES]
VA,Southampton,Medicare FFS (Original Medicare),Medicare FFS,Medicare (Federal),FIPS 51175,,,2535,https://data.cms.gov/summary-statistics-on-beneficiary-enrollment/medicare-and-medicaid-reports/medicare-monthly-enrollment,2026-06,[source: CMS Medicare Monthly Enrollment 2026-06; ORGNL_MDCR_BENES]
VA,Spotsylvania,Medicare FFS (Original Medicare),Medicare FFS,Medicare (Federal),FIPS 51177,,,17900,https://data.cms.gov/summary-statistics-on-beneficiary-enrollment/medicare-and-medicaid-reports/medicare-monthly-enrollment,2026-06,[source: CMS Medicare Monthly Enrollment 2026-06; ORGNL_MDCR_BENES]
VA,Stafford,Medicare FFS (Original Medicare),Medicare FFS,Medicare (Federal),FIPS 51179,,,16228,https://data.cms.gov/summary-statistics-on-beneficiary-enrollment/medicare-and-medicaid-reports/medicare-monthly-enrollment,2026-06,[source: CMS Medicare Monthly Enrollment 2026-06; ORGNL_MDCR_BENES]
VA,Staunton,Medicare FFS (Original Medicare),Medicare FFS,Medicare (Federal),FIPS 51790,,,4856,https://data.cms.gov/summary-statistics-on-beneficiary-enrollment/medicare-and-medicaid-reports/medicare-monthly-enrollment,2026-06,[source: CMS Medicare Monthly Enrollment 2026-06; ORGNL_MDCR_BENES]
VA,Suffolk,Medicare FFS (Original Medicare),Medicare FFS,Medicare (Federal),FIPS 51800,,,12203,https://data.cms.gov/summary-statistics-on-beneficiary-enrollment/medicare-and-medicaid-reports/medicare-monthly-enrollment,2026-06,[source: CMS Medicare Monthly Enrollment 2026-06; ORGNL_MDCR_BENES]
VA,Surry,Medicare FFS (Original Medicare),Medicare FFS,Medicare (Federal),FIPS 51181,,,1091,https://data.cms.gov/summary-statistics-on-beneficiary-enrollment/medicare-and-medicaid-reports/medicare-monthly-enrollment,2026-06,[source: CMS Medicare Monthly Enrollment 2026-06; ORGNL_MDCR_BENES]
VA,Sussex,Medicare FFS (Original Medicare),Medicare FFS,Medicare (Federal),FIPS 51183,,,1329,https://data.cms.gov/summary-statistics-on-beneficiary-enrollment/medicare-and-medicaid-reports/medicare-monthly-enrollment,2026-06,[source: CMS Medicare Monthly Enrollment 2026-06; ORGNL_MDCR_BENES]
VA,Tazewell,Medicare FFS (Original Medicare),Medicare FFS,Medicare (Federal),FIPS 51185,,,4988,https://data.cms.gov/summary-statistics-on-beneficiary-enrollment/medicare-and-medicaid-reports/medicare-monthly-enrollment,2026-06,[source: CMS Medicare Monthly Enrollment 2026-06; ORGNL_MDCR_BENES]
VA,Virginia Beach,Medicare FFS (Original Medicare),Medicare FFS,Medicare (Federal),FIPS 51810,,,56603,https://data.cms.gov/summary-statistics-on-beneficiary-enrollment/medicare-and-medicaid-reports/medicare-monthly-enrollment,2026-06,[source: CMS Medicare Monthly Enrollment 2026-06; ORGNL_MDCR_BENES]
VA,Warren,Medicare FFS (Original Medicare),Medicare FFS,Medicare (Federal),FIPS 51187,,,6186,https://data.cms.gov/summary-statistics-on-beneficiary-enrollment/medicare-and-medicaid-reports/medicare-monthly-enrollment,2026-06,[source: CMS Medicare Monthly Enrollment 2026-06; ORGNL_MDCR_BENES]
VA,Washington,Medicare FFS (Original Medicare),Medicare FFS,Medicare (Federal),FIPS 51191,,,7272,https://data.cms.gov/summary-statistics-on-beneficiary-enrollment/medicare-and-medicaid-reports/medicare-monthly-enrollment,2026-06,[source: CMS Medicare Monthly Enrollment 2026-06; ORGNL_MDCR_BENES]
VA,Waynesboro,Medicare FFS (Original Medicare),Medicare FFS,Medicare (Federal),FIPS 51820,,,3890,https://data.cms.gov/summary-statistics-on-beneficiary-enrollment/medicare-and-medicaid-reports/medicare-monthly-enrollment,2026-06,[source: CMS Medicare Monthly Enrollment 2026-06; ORGNL_MDCR_BENES]
VA,Westmoreland,Medicare FFS (Original Medicare),Medicare FFS,Medicare (Federal),FIPS 51193,,,3799,https://data.cms.gov/summary-statistics-on-beneficiary-enrollment/medicare-and-medicaid-reports/medicare-monthly-enrollment,2026-06,[source: CMS Medicare Monthly Enrollment 2026-06; ORGNL_MDCR_BENES]
VA,Williamsburg,Medicare FFS (Original Medicare),Medicare FFS,Medicare (Federal),FIPS 51830,,,1612,https://data.cms.gov/summary-statistics-on-beneficiary-enrollment/medicare-and-medicaid-reports/medicare-monthly-enrollment,2026-06,[source: CMS Medicare Monthly Enrollment 2026-06; ORGNL_MDCR_BENES]
VA,Winchester,Medicare FFS (Original Medicare),Medicare FFS,Medicare (Federal),FIPS 51840,,,3893,https://data.cms.gov/summary-statistics-on-beneficiary-enrollment/medicare-and-medicaid-reports/medicare-monthly-enrollment,2026-06,[source: CMS Medicare Monthly Enrollment 2026-06; ORGNL_MDCR_BENES]
VA,Wise,Medicare FFS (Original Medicare),Medicare FFS,Medicare (Federal),FIPS 51195,,,3215,https://data.cms.gov/summary-statistics-on-beneficiary-enrollment/medicare-and-medicaid-reports/medicare-monthly-enrollment,2026-06,[source: CMS Medicare Monthly Enrollment 2026-06; ORGNL_MDCR_BENES]
VA,Wythe,Medicare FFS (Original Medicare),Medicare FFS,Medicare (Federal),FIPS 51197,,,4097,https://data.cms.gov/summary-statistics-on-beneficiary-enrollment/medicare-and-medicaid-reports/medicare-monthly-enrollment,2026-06,[source: CMS Medicare Monthly Enrollment 2026-06; ORGNL_MDCR_BENES]
VA,York,Medicare FFS (Original Medicare),Medicare FFS,Medicare (Federal),FIPS 51199,,,10436,https://data.cms.gov/summary-statistics-on-beneficiary-enrollment/medicare-and-medicaid-reports/medicare-monthly-enrollment,2026-06,[source: CMS Medicare Monthly Enrollment 2026-06; ORGNL_MDCR_BENES]
WA,Adams,Medicare FFS (Original Medicare),Medicare FFS,Medicare (Federal),FIPS 53001,,,1946,https://data.cms.gov/summary-statistics-on-beneficiary-enrollment/medicare-and-medicaid-reports/medicare-monthly-enrollment,2026-06,[source: CMS Medicare Monthly Enrollment 2026-06; ORGNL_MDCR_BENES]
WA,Asotin,Medicare FFS (Original Medicare),Medicare FFS,Medicare (Federal),FIPS 53003,,,5068,https://data.cms.gov/summary-statistics-on-beneficiary-enrollment/medicare-and-medicaid-reports/medicare-monthly-enrollment,2026-06,[source: CMS Medicare Monthly Enrollment 2026-06; ORGNL_MDCR_BENES]
WA,Benton,Medicare FFS (Original Medicare),Medicare FFS,Medicare (Federal),FIPS 53005,,,28264,https://data.cms.gov/summary-statistics-on-beneficiary-enrollment/medicare-and-medicaid-reports/medicare-monthly-enrollment,2026-06,[source: CMS Medicare Monthly Enrollment 2026-06; ORGNL_MDCR_BENES]
WA,Chelan,Medicare FFS (Original Medicare),Medicare FFS,Medicare (Federal),FIPS 53007,,,12034,https://data.cms.gov/summary-statistics-on-beneficiary-enrollment/medicare-and-medicaid-reports/medicare-monthly-enrollment,2026-06,[source: CMS Medicare Monthly Enrollment 2026-06; ORGNL_MDCR_BENES]
WA,Clallam,Medicare FFS (Original Medicare),Medicare FFS,Medicare (Federal),FIPS 53009,,,22774,https://data.cms.gov/summary-statistics-on-beneficiary-enrollment/medicare-and-medicaid-reports/medicare-monthly-enrollment,2026-06,[source: CMS Medicare Monthly Enrollment 2026-06; ORGNL_MDCR_BENES]
WA,Clark,Medicare FFS (Original Medicare),Medicare FFS,Medicare (Federal),FIPS 53011,,,35562,https://data.cms.gov/summary-statistics-on-beneficiary-enrollment/medicare-and-medicaid-reports/medicare-monthly-enrollment,2026-06,[source: CMS Medicare Monthly Enrollment 2026-06; ORGNL_MDCR_BENES]
WA,Columbia,Medicare FFS (Original Medicare),Medicare FFS,Medicare (Federal),FIPS 53013,,,1048,https://data.cms.gov/summary-statistics-on-beneficiary-enrollment/medicare-and-medicaid-reports/medicare-monthly-enrollment,2026-06,[source: CMS Medicare Monthly Enrollment 2026-06; ORGNL_MDCR_BENES]
WA,Cowlitz,Medicare FFS (Original Medicare),Medicare FFS,Medicare (Federal),FIPS 53015,,,9471,https://data.cms.gov/summary-statistics-on-beneficiary-enrollment/medicare-and-medicaid-reports/medicare-monthly-enrollment,2026-06,[source: CMS Medicare Monthly Enrollment 2026-06; ORGNL_MDCR_BENES]
WA,Douglas,Medicare FFS (Original Medicare),Medicare FFS,Medicare (Federal),FIPS 53017,,,5668,https://data.cms.gov/summary-statistics-on-beneficiary-enrollment/medicare-and-medicaid-reports/medicare-monthly-enrollment,2026-06,[source: CMS Medicare Monthly Enrollment 2026-06; ORGNL_MDCR_BENES]
WA,Ferry,Medicare FFS (Original Medicare),Medicare FFS,Medicare (Federal),FIPS 53019,,,1825,https://data.cms.gov/summary-statistics-on-beneficiary-enrollment/medicare-and-medicaid-reports/medicare-monthly-enrollment,2026-06,[source: CMS Medicare Monthly Enrollment 2026-06; ORGNL_MDCR_BENES]
WA,Franklin,Medicare FFS (Original Medicare),Medicare FFS,Medicare (Federal),FIPS 53021,,,8050,https://data.cms.gov/summary-statistics-on-beneficiary-enrollment/medicare-and-medicaid-reports/medicare-monthly-enrollment,2026-06,[source: CMS Medicare Monthly Enrollment 2026-06; ORGNL_MDCR_BENES]
WA,Garfield,Medicare FFS (Original Medicare),Medicare FFS,Medicare (Federal),FIPS 53023,,,645,https://data.cms.gov/summary-statistics-on-beneficiary-enrollment/medicare-and-medicaid-reports/medicare-monthly-enrollment,2026-06,[source: CMS Medicare Monthly Enrollment 2026-06; ORGNL_MDCR_BENES]
WA,Grant,Medicare FFS (Original Medicare),Medicare FFS,Medicare (Federal),FIPS 53025,,,11483,https://data.cms.gov/summary-statistics-on-beneficiary-enrollment/medicare-and-medicaid-reports/medicare-monthly-enrollment,2026-06,[source: CMS Medicare Monthly Enrollment 2026-06; ORGNL_MDCR_BENES]
WA,Grays Harbor,Medicare FFS (Original Medicare),Medicare FFS,Medicare (Federal),FIPS 53027,,,16846,https://data.cms.gov/summary-statistics-on-beneficiary-enrollment/medicare-and-medicaid-reports/medicare-monthly-enrollment,2026-06,[source: CMS Medicare Monthly Enrollment 2026-06; ORGNL_MDCR_BENES]
WA,Island,Medicare FFS (Original Medicare),Medicare FFS,Medicare (Federal),FIPS 53029,,,15944,https://data.cms.gov/summary-statistics-on-beneficiary-enrollment/medicare-and-medicaid-reports/medicare-monthly-enrollment,2026-06,[source: CMS Medicare Monthly Enrollment 2026-06; ORGNL_MDCR_BENES]
WA,Jefferson,Medicare FFS (Original Medicare),Medicare FFS,Medicare (Federal),FIPS 53031,,,12507,https://data.cms.gov/summary-statistics-on-beneficiary-enrollment/medicare-and-medicaid-reports/medicare-monthly-enrollment,2026-06,[source: CMS Medicare Monthly Enrollment 2026-06; ORGNL_MDCR_BENES]
WA,King,Medicare FFS (Original Medicare),Medicare FFS,Medicare (Federal),FIPS 53033,,,170775,https://data.cms.gov/summary-statistics-on-beneficiary-enrollment/medicare-and-medicaid-reports/medicare-monthly-enrollment,2026-06,[source: CMS Medicare Monthly Enrollment 2026-06; ORGNL_MDCR_BENES]
WA,Kitsap,Medicare FFS (Original Medicare),Medicare FFS,Medicare (Federal),FIPS 53035,,,40066,https://data.cms.gov/summary-statistics-on-beneficiary-enrollment/medicare-and-medicaid-reports/medicare-monthly-enrollment,2026-06,[source: CMS Medicare Monthly Enrollment 2026-06; ORGNL_MDCR_BENES]
WA,Kittitas,Medicare FFS (Original Medicare),Medicare FFS,Medicare (Federal),FIPS 53037,,,7807,https://data.cms.gov/summary-statistics-on-beneficiary-enrollment/medicare-and-medicaid-reports/medicare-monthly-enrollment,2026-06,[source: CMS Medicare Monthly Enrollment 2026-06; ORGNL_MDCR_BENES]
WA,Klickitat,Medicare FFS (Original Medicare),Medicare FFS,Medicare (Federal),FIPS 53039,,,6316,https://data.cms.gov/summary-statistics-on-beneficiary-enrollment/medicare-and-medicaid-reports/medicare-monthly-enrollment,2026-06,[source: CMS Medicare Monthly Enrollment 2026-06; ORGNL_MDCR_BENES]
WA,Lewis,Medicare FFS (Original Medicare),Medicare FFS,Medicare (Federal),FIPS 53041,,,10073,https://data.cms.gov/summary-statistics-on-beneficiary-enrollment/medicare-and-medicaid-reports/medicare-monthly-enrollment,2026-06,[source: CMS Medicare Monthly Enrollment 2026-06; ORGNL_MDCR_BENES]
WA,Lincoln,Medicare FFS (Original Medicare),Medicare FFS,Medicare (Federal),FIPS 53043,,,3039,https://data.cms.gov/summary-statistics-on-beneficiary-enrollment/medicare-and-medicaid-reports/medicare-monthly-enrollment,2026-06,[source: CMS Medicare Monthly Enrollment 2026-06; ORGNL_MDCR_BENES]
WA,Mason,Medicare FFS (Original Medicare),Medicare FFS,Medicare (Federal),FIPS 53045,,,10930,https://data.cms.gov/summary-statistics-on-beneficiary-enrollment/medicare-and-medicaid-reports/medicare-monthly-enrollment,2026-06,[source: CMS Medicare Monthly Enrollment 2026-06; ORGNL_MDCR_BENES]
WA,Okanogan,Medicare FFS (Original Medicare),Medicare FFS,Medicare (Federal),FIPS 53047,,,8591,https://data.cms.gov/summary-statistics-on-beneficiary-enrollment/medicare-and-medicaid-reports/medicare-monthly-enrollment,2026-06,[source: CMS Medicare Monthly Enrollment 2026-06; ORGNL_MDCR_BENES]
WA,Pacific,Medicare FFS (Original Medicare),Medicare FFS,Medicare (Federal),FIPS 53049,,,7241,https://data.cms.gov/summary-statistics-on-beneficiary-enrollment/medicare-and-medicaid-reports/medicare-monthly-enrollment,2026-06,[source: CMS Medicare Monthly Enrollment 2026-06; ORGNL_MDCR_BENES]
WA,Pend Oreille,Medicare FFS (Original Medicare),Medicare FFS,Medicare (Federal),FIPS 53051,,,3245,https://data.cms.gov/summary-statistics-on-beneficiary-enrollment/medicare-and-medicaid-reports/medicare-monthly-enrollment,2026-06,[source: CMS Medicare Monthly Enrollment 2026-06; ORGNL_MDCR_BENES]
WA,Pierce,Medicare FFS (Original Medicare),Medicare FFS,Medicare (Federal),FIPS 53053,,,84591,https://data.cms.gov/summary-statistics-on-beneficiary-enrollment/medicare-and-medicaid-reports/medicare-monthly-enrollment,2026-06,[source: CMS Medicare Monthly Enrollment 2026-06; ORGNL_MDCR_BENES]
WA,San Juan,Medicare FFS (Original Medicare),Medicare FFS,Medicare (Federal),FIPS 53055,,,5563,https://data.cms.gov/summary-statistics-on-beneficiary-enrollment/medicare-and-medicaid-reports/medicare-monthly-enrollment,2026-06,[source: CMS Medicare Monthly Enrollment 2026-06; ORGNL_MDCR_BENES]
WA,Skagit,Medicare FFS (Original Medicare),Medicare FFS,Medicare (Federal),FIPS 53057,,,19689,https://data.cms.gov/summary-statistics-on-beneficiary-enrollment/medicare-and-medicaid-reports/medicare-monthly-enrollment,2026-06,[source: CMS Medicare Monthly Enrollment 2026-06; ORGNL_MDCR_BENES]
WA,Skamania,Medicare FFS (Original Medicare),Medicare FFS,Medicare (Federal),FIPS 53059,,,2250,https://data.cms.gov/summary-statistics-on-beneficiary-enrollment/medicare-and-medicaid-reports/medicare-monthly-enrollment,2026-06,[source: CMS Medicare Monthly Enrollment 2026-06; ORGNL_MDCR_BENES]
WA,Snohomish,Medicare FFS (Original Medicare),Medicare FFS,Medicare (Federal),FIPS 53061,,,61664,https://data.cms.gov/summary-statistics-on-beneficiary-enrollment/medicare-and-medicaid-reports/medicare-monthly-enrollment,2026-06,[source: CMS Medicare Monthly Enrollment 2026-06; ORGNL_MDCR_BENES]
WA,Spokane,Medicare FFS (Original Medicare),Medicare FFS,Medicare (Federal),FIPS 53063,,,52690,https://data.cms.gov/summary-statistics-on-beneficiary-enrollment/medicare-and-medicaid-reports/medicare-monthly-enrollment,2026-06,[source: CMS Medicare Monthly Enrollment 2026-06; ORGNL_MDCR_BENES]
WA,Stevens,Medicare FFS (Original Medicare),Medicare FFS,Medicare (Federal),FIPS 53065,,,9390,https://data.cms.gov/summary-statistics-on-beneficiary-enrollment/medicare-and-medicaid-reports/medicare-monthly-enrollment,2026-06,[source: CMS Medicare Monthly Enrollment 2026-06; ORGNL_MDCR_BENES]
WA,Thurston,Medicare FFS (Original Medicare),Medicare FFS,Medicare (Federal),FIPS 53067,,,33215,https://data.cms.gov/summary-statistics-on-beneficiary-enrollment/medicare-and-medicaid-reports/medicare-monthly-enrollment,2026-06,[source: CMS Medicare Monthly Enrollment 2026-06; ORGNL_MDCR_BENES]
WA,Wahkiakum,Medicare FFS (Original Medicare),Medicare FFS,Medicare (Federal),FIPS 53069,,,952,https://data.cms.gov/summary-statistics-on-beneficiary-enrollment/medicare-and-medicaid-reports/medicare-monthly-enrollment,2026-06,[source: CMS Medicare Monthly Enrollment 2026-06; ORGNL_MDCR_BENES]
WA,Walla Walla,Medicare FFS (Original Medicare),Medicare FFS,Medicare (Federal),FIPS 53071,,,9978,https://data.cms.gov/summary-statistics-on-beneficiary-enrollment/medicare-and-medicaid-reports/medicare-monthly-enrollment,2026-06,[source: CMS Medicare Monthly Enrollment 2026-06; ORGNL_MDCR_BENES]
WA,Whatcom,Medicare FFS (Original Medicare),Medicare FFS,Medicare (Federal),FIPS 53073,,,28783,https://data.cms.gov/summary-statistics-on-beneficiary-enrollment/medicare-and-medicaid-reports/medicare-monthly-enrollment,2026-06,[source: CMS Medicare Monthly Enrollment 2026-06; ORGNL_MDCR_BENES]
WA,Whitman,Medicare FFS (Original Medicare),Medicare FFS,Medicare (Federal),FIPS 53075,,,5027,https://data.cms.gov/summary-statistics-on-beneficiary-enrollment/medicare-and-medicaid-reports/medicare-monthly-enrollment,2026-06,[source: CMS Medicare Monthly Enrollment 2026-06; ORGNL_MDCR_BENES]
WA,Yakima,Medicare FFS (Original Medicare),Medicare FFS,Medicare (Federal),FIPS 53077,,,25139,https://data.cms.gov/summary-statistics-on-beneficiary-enrollment/medicare-and-medicaid-reports/medicare-monthly-enrollment,2026-06,[source: CMS Medicare Monthly Enrollment 2026-06; ORGNL_MDCR_BENES]
WI,Adams,Medicare FFS (Original Medicare),Medicare FFS,Medicare (Federal),FIPS 55001,,,3863,https://data.cms.gov/summary-statistics-on-beneficiary-enrollment/medicare-and-medicaid-reports/medicare-monthly-enrollment,2026-06,[source: CMS Medicare Monthly Enrollment 2026-06; ORGNL_MDCR_BENES]
WI,Ashland,Medicare FFS (Original Medicare),Medicare FFS,Medicare (Federal),FIPS 55003,,,2505,https://data.cms.gov/summary-statistics-on-beneficiary-enrollment/medicare-and-medicaid-reports/medicare-monthly-enrollment,2026-06,[source: CMS Medicare Monthly Enrollment 2026-06; ORGNL_MDCR_BENES]
WI,Barron,Medicare FFS (Original Medicare),Medicare FFS,Medicare (Federal),FIPS 55005,,,6520,https://data.cms.gov/summary-statistics-on-beneficiary-enrollment/medicare-and-medicaid-reports/medicare-monthly-enrollment,2026-06,[source: CMS Medicare Monthly Enrollment 2026-06; ORGNL_MDCR_BENES]
WI,Bayfield,Medicare FFS (Original Medicare),Medicare FFS,Medicare (Federal),FIPS 55007,,,3360,https://data.cms.gov/summary-statistics-on-beneficiary-enrollment/medicare-and-medicaid-reports/medicare-monthly-enrollment,2026-06,[source: CMS Medicare Monthly Enrollment 2026-06; ORGNL_MDCR_BENES]
WI,Brown,Medicare FFS (Original Medicare),Medicare FFS,Medicare (Federal),FIPS 55009,,,16461,https://data.cms.gov/summary-statistics-on-beneficiary-enrollment/medicare-and-medicaid-reports/medicare-monthly-enrollment,2026-06,[source: CMS Medicare Monthly Enrollment 2026-06; ORGNL_MDCR_BENES]
WI,Buffalo,Medicare FFS (Original Medicare),Medicare FFS,Medicare (Federal),FIPS 55011,,,2302,https://data.cms.gov/summary-statistics-on-beneficiary-enrollment/medicare-and-medicaid-reports/medicare-monthly-enrollment,2026-06,[source: CMS Medicare Monthly Enrollment 2026-06; ORGNL_MDCR_BENES]
WI,Burnett,Medicare FFS (Original Medicare),Medicare FFS,Medicare (Federal),FIPS 55013,,,3181,https://data.cms.gov/summary-statistics-on-beneficiary-enrollment/medicare-and-medicaid-reports/medicare-monthly-enrollment,2026-06,[source: CMS Medicare Monthly Enrollment 2026-06; ORGNL_MDCR_BENES]
WI,Calumet,Medicare FFS (Original Medicare),Medicare FFS,Medicare (Federal),FIPS 55015,,,2562,https://data.cms.gov/summary-statistics-on-beneficiary-enrollment/medicare-and-medicaid-reports/medicare-monthly-enrollment,2026-06,[source: CMS Medicare Monthly Enrollment 2026-06; ORGNL_MDCR_BENES]
WI,Chippewa,Medicare FFS (Original Medicare),Medicare FFS,Medicare (Federal),FIPS 55017,,,8263,https://data.cms.gov/summary-statistics-on-beneficiary-enrollment/medicare-and-medicaid-reports/medicare-monthly-enrollment,2026-06,[source: CMS Medicare Monthly Enrollment 2026-06; ORGNL_MDCR_BENES]
WI,Clark,Medicare FFS (Original Medicare),Medicare FFS,Medicare (Federal),FIPS 55019,,,2991,https://data.cms.gov/summary-statistics-on-beneficiary-enrollment/medicare-and-medicaid-reports/medicare-monthly-enrollment,2026-06,[source: CMS Medicare Monthly Enrollment 2026-06; ORGNL_MDCR_BENES]
WI,Columbia,Medicare FFS (Original Medicare),Medicare FFS,Medicare (Federal),FIPS 55021,,,8734,https://data.cms.gov/summary-statistics-on-beneficiary-enrollment/medicare-and-medicaid-reports/medicare-monthly-enrollment,2026-06,[source: CMS Medicare Monthly Enrollment 2026-06; ORGNL_MDCR_BENES]
WI,Crawford,Medicare FFS (Original Medicare),Medicare FFS,Medicare (Federal),FIPS 55023,,,3219,https://data.cms.gov/summary-statistics-on-beneficiary-enrollment/medicare-and-medicaid-reports/medicare-monthly-enrollment,2026-06,[source: CMS Medicare Monthly Enrollment 2026-06; ORGNL_MDCR_BENES]
WI,Dane,Medicare FFS (Original Medicare),Medicare FFS,Medicare (Federal),FIPS 55025,,,65102,https://data.cms.gov/summary-statistics-on-beneficiary-enrollment/medicare-and-medicaid-reports/medicare-monthly-enrollment,2026-06,[source: CMS Medicare Monthly Enrollment 2026-06; ORGNL_MDCR_BENES]
WI,Dodge,Medicare FFS (Original Medicare),Medicare FFS,Medicare (Federal),FIPS 55027,,,9746,https://data.cms.gov/summary-statistics-on-beneficiary-enrollment/medicare-and-medicaid-reports/medicare-monthly-enrollment,2026-06,[source: CMS Medicare Monthly Enrollment 2026-06; ORGNL_MDCR_BENES]
WI,Door,Medicare FFS (Original Medicare),Medicare FFS,Medicare (Federal),FIPS 55029,,,5959,https://data.cms.gov/summary-statistics-on-beneficiary-enrollment/medicare-and-medicaid-reports/medicare-monthly-enrollment,2026-06,[source: CMS Medicare Monthly Enrollment 2026-06; ORGNL_MDCR_BENES]
WI,Douglas,Medicare FFS (Original Medicare),Medicare FFS,Medicare (Federal),FIPS 55031,,,4301,https://data.cms.gov/summary-statistics-on-beneficiary-enrollment/medicare-and-medicaid-reports/medicare-monthly-enrollment,2026-06,[source: CMS Medicare Monthly Enrollment 2026-06; ORGNL_MDCR_BENES]
WI,Dunn,Medicare FFS (Original Medicare),Medicare FFS,Medicare (Federal),FIPS 55033,,,5576,https://data.cms.gov/summary-statistics-on-beneficiary-enrollment/medicare-and-medicaid-reports/medicare-monthly-enrollment,2026-06,[source: CMS Medicare Monthly Enrollment 2026-06; ORGNL_MDCR_BENES]
WI,Eau Claire,Medicare FFS (Original Medicare),Medicare FFS,Medicare (Federal),FIPS 55035,,,11898,https://data.cms.gov/summary-statistics-on-beneficiary-enrollment/medicare-and-medicaid-reports/medicare-monthly-enrollment,2026-06,[source: CMS Medicare Monthly Enrollment 2026-06; ORGNL_MDCR_BENES]
WI,Florence,Medicare FFS (Original Medicare),Medicare FFS,Medicare (Federal),FIPS 55037,,,855,https://data.cms.gov/summary-statistics-on-beneficiary-enrollment/medicare-and-medicaid-reports/medicare-monthly-enrollment,2026-06,[source: CMS Medicare Monthly Enrollment 2026-06; ORGNL_MDCR_BENES]
WI,Fond du Lac,Medicare FFS (Original Medicare),Medicare FFS,Medicare (Federal),FIPS 55039,,,7676,https://data.cms.gov/summary-statistics-on-beneficiary-enrollment/medicare-and-medicaid-reports/medicare-monthly-enrollment,2026-06,[source: CMS Medicare Monthly Enrollment 2026-06; ORGNL_MDCR_BENES]
WI,Forest,Medicare FFS (Original Medicare),Medicare FFS,Medicare (Federal),FIPS 55041,,,1405,https://data.cms.gov/summary-statistics-on-beneficiary-enrollment/medicare-and-medicaid-reports/medicare-monthly-enrollment,2026-06,[source: CMS Medicare Monthly Enrollment 2026-06; ORGNL_MDCR_BENES]
WI,Grant,Medicare FFS (Original Medicare),Medicare FFS,Medicare (Federal),FIPS 55043,,,6238,https://data.cms.gov/summary-statistics-on-beneficiary-enrollment/medicare-and-medicaid-reports/medicare-monthly-enrollment,2026-06,[source: CMS Medicare Monthly Enrollment 2026-06; ORGNL_MDCR_BENES]
WI,Green,Medicare FFS (Original Medicare),Medicare FFS,Medicare (Federal),FIPS 55045,,,6243,https://data.cms.gov/summary-statistics-on-beneficiary-enrollment/medicare-and-medicaid-reports/medicare-monthly-enrollment,2026-06,[source: CMS Medicare Monthly Enrollment 2026-06; ORGNL_MDCR_BENES]
WI,Green Lake,Medicare FFS (Original Medicare),Medicare FFS,Medicare (Federal),FIPS 55047,,,1991,https://data.cms.gov/summary-statistics-on-beneficiary-enrollment/medicare-and-medicaid-reports/medicare-monthly-enrollment,2026-06,[source: CMS Medicare Monthly Enrollment 2026-06; ORGNL_MDCR_BENES]
WI,Iowa,Medicare FFS (Original Medicare),Medicare FFS,Medicare (Federal),FIPS 55049,,,4014,https://data.cms.gov/summary-statistics-on-beneficiary-enrollment/medicare-and-medicaid-reports/medicare-monthly-enrollment,2026-06,[source: CMS Medicare Monthly Enrollment 2026-06; ORGNL_MDCR_BENES]
WI,Iron,Medicare FFS (Original Medicare),Medicare FFS,Medicare (Federal),FIPS 55051,,,1013,https://data.cms.gov/summary-statistics-on-beneficiary-enrollment/medicare-and-medicaid-reports/medicare-monthly-enrollment,2026-06,[source: CMS Medicare Monthly Enrollment 2026-06; ORGNL_MDCR_BENES]
WI,Jackson,Medicare FFS (Original Medicare),Medicare FFS,Medicare (Federal),FIPS 55053,,,2815,https://data.cms.gov/summary-statistics-on-beneficiary-enrollment/medicare-and-medicaid-reports/medicare-monthly-enrollment,2026-06,[source: CMS Medicare Monthly Enrollment 2026-06; ORGNL_MDCR_BENES]
WI,Jefferson,Medicare FFS (Original Medicare),Medicare FFS,Medicare (Federal),FIPS 55055,,,10633,https://data.cms.gov/summary-statistics-on-beneficiary-enrollment/medicare-and-medicaid-reports/medicare-monthly-enrollment,2026-06,[source: CMS Medicare Monthly Enrollment 2026-06; ORGNL_MDCR_BENES]
WI,Juneau,Medicare FFS (Original Medicare),Medicare FFS,Medicare (Federal),FIPS 55057,,,4502,https://data.cms.gov/summary-statistics-on-beneficiary-enrollment/medicare-and-medicaid-reports/medicare-monthly-enrollment,2026-06,[source: CMS Medicare Monthly Enrollment 2026-06; ORGNL_MDCR_BENES]
WI,Kenosha,Medicare FFS (Original Medicare),Medicare FFS,Medicare (Federal),FIPS 55059,,,15802,https://data.cms.gov/summary-statistics-on-beneficiary-enrollment/medicare-and-medicaid-reports/medicare-monthly-enrollment,2026-06,[source: CMS Medicare Monthly Enrollment 2026-06; ORGNL_MDCR_BENES]
WI,Kewaunee,Medicare FFS (Original Medicare),Medicare FFS,Medicare (Federal),FIPS 55061,,,1650,https://data.cms.gov/summary-statistics-on-beneficiary-enrollment/medicare-and-medicaid-reports/medicare-monthly-enrollment,2026-06,[source: CMS Medicare Monthly Enrollment 2026-06; ORGNL_MDCR_BENES]
WI,La Crosse,Medicare FFS (Original Medicare),Medicare FFS,Medicare (Federal),FIPS 55063,,,13228,https://data.cms.gov/summary-statistics-on-beneficiary-enrollment/medicare-and-medicaid-reports/medicare-monthly-enrollment,2026-06,[source: CMS Medicare Monthly Enrollment 2026-06; ORGNL_MDCR_BENES]
WI,Lafayette,Medicare FFS (Original Medicare),Medicare FFS,Medicare (Federal),FIPS 55065,,,2311,https://data.cms.gov/summary-statistics-on-beneficiary-enrollment/medicare-and-medicaid-reports/medicare-monthly-enrollment,2026-06,[source: CMS Medicare Monthly Enrollment 2026-06; ORGNL_MDCR_BENES]
WI,Langlade,Medicare FFS (Original Medicare),Medicare FFS,Medicare (Federal),FIPS 55067,,,2174,https://data.cms.gov/summary-statistics-on-beneficiary-enrollment/medicare-and-medicaid-reports/medicare-monthly-enrollment,2026-06,[source: CMS Medicare Monthly Enrollment 2026-06; ORGNL_MDCR_BENES]
WI,Lincoln,Medicare FFS (Original Medicare),Medicare FFS,Medicare (Federal),FIPS 55069,,,3372,https://data.cms.gov/summary-statistics-on-beneficiary-enrollment/medicare-and-medicaid-reports/medicare-monthly-enrollment,2026-06,[source: CMS Medicare Monthly Enrollment 2026-06; ORGNL_MDCR_BENES]
WI,Manitowoc,Medicare FFS (Original Medicare),Medicare FFS,Medicare (Federal),FIPS 55071,,,7958,https://data.cms.gov/summary-statistics-on-beneficiary-enrollment/medicare-and-medicaid-reports/medicare-monthly-enrollment,2026-06,[source: CMS Medicare Monthly Enrollment 2026-06; ORGNL_MDCR_BENES]
WI,Marathon,Medicare FFS (Original Medicare),Medicare FFS,Medicare (Federal),FIPS 55073,,,11063,https://data.cms.gov/summary-statistics-on-beneficiary-enrollment/medicare-and-medicaid-reports/medicare-monthly-enrollment,2026-06,[source: CMS Medicare Monthly Enrollment 2026-06; ORGNL_MDCR_BENES]
WI,Marinette,Medicare FFS (Original Medicare),Medicare FFS,Medicare (Federal),FIPS 55075,,,4727,https://data.cms.gov/summary-statistics-on-beneficiary-enrollment/medicare-and-medicaid-reports/medicare-monthly-enrollment,2026-06,[source: CMS Medicare Monthly Enrollment 2026-06; ORGNL_MDCR_BENES]
WI,Marquette,Medicare FFS (Original Medicare),Medicare FFS,Medicare (Federal),FIPS 55077,,,2475,https://data.cms.gov/summary-statistics-on-beneficiary-enrollment/medicare-and-medicaid-reports/medicare-monthly-enrollment,2026-06,[source: CMS Medicare Monthly Enrollment 2026-06; ORGNL_MDCR_BENES]
WI,Menominee,Medicare FFS (Original Medicare),Medicare FFS,Medicare (Federal),FIPS 55078,,,349,https://data.cms.gov/summary-statistics-on-beneficiary-enrollment/medicare-and-medicaid-reports/medicare-monthly-enrollment,2026-06,[source: CMS Medicare Monthly Enrollment 2026-06; ORGNL_MDCR_BENES]
WI,Milwaukee,Medicare FFS (Original Medicare),Medicare FFS,Medicare (Federal),FIPS 55079,,,53693,https://data.cms.gov/summary-statistics-on-beneficiary-enrollment/medicare-and-medicaid-reports/medicare-monthly-enrollment,2026-06,[source: CMS Medicare Monthly Enrollment 2026-06; ORGNL_MDCR_BENES]
WI,Monroe,Medicare FFS (Original Medicare),Medicare FFS,Medicare (Federal),FIPS 55081,,,6492,https://data.cms.gov/summary-statistics-on-beneficiary-enrollment/medicare-and-medicaid-reports/medicare-monthly-enrollment,2026-06,[source: CMS Medicare Monthly Enrollment 2026-06; ORGNL_MDCR_BENES]
WI,Oconto,Medicare FFS (Original Medicare),Medicare FFS,Medicare (Federal),FIPS 55083,,,2819,https://data.cms.gov/summary-statistics-on-beneficiary-enrollment/medicare-and-medicaid-reports/medicare-monthly-enrollment,2026-06,[source: CMS Medicare Monthly Enrollment 2026-06; ORGNL_MDCR_BENES]
WI,Oneida,Medicare FFS (Original Medicare),Medicare FFS,Medicare (Federal),FIPS 55085,,,6739,https://data.cms.gov/summary-statistics-on-beneficiary-enrollment/medicare-and-medicaid-reports/medicare-monthly-enrollment,2026-06,[source: CMS Medicare Monthly Enrollment 2026-06; ORGNL_MDCR_BENES]
WI,Outagamie,Medicare FFS (Original Medicare),Medicare FFS,Medicare (Federal),FIPS 55087,,,11363,https://data.cms.gov/summary-statistics-on-beneficiary-enrollment/medicare-and-medicaid-reports/medicare-monthly-enrollment,2026-06,[source: CMS Medicare Monthly Enrollment 2026-06; ORGNL_MDCR_BENES]
WI,Ozaukee,Medicare FFS (Original Medicare),Medicare FFS,Medicare (Federal),FIPS 55089,,,10889,https://data.cms.gov/summary-statistics-on-beneficiary-enrollment/medicare-and-medicaid-reports/medicare-monthly-enrollment,2026-06,[source: CMS Medicare Monthly Enrollment 2026-06; ORGNL_MDCR_BENES]
WI,Pepin,Medicare FFS (Original Medicare),Medicare FFS,Medicare (Federal),FIPS 55091,,,1351,https://data.cms.gov/summary-statistics-on-beneficiary-enrollment/medicare-and-medicaid-reports/medicare-monthly-enrollment,2026-06,[source: CMS Medicare Monthly Enrollment 2026-06; ORGNL_MDCR_BENES]
WI,Pierce,Medicare FFS (Original Medicare),Medicare FFS,Medicare (Federal),FIPS 55093,,,4752,https://data.cms.gov/summary-statistics-on-beneficiary-enrollment/medicare-and-medicaid-reports/medicare-monthly-enrollment,2026-06,[source: CMS Medicare Monthly Enrollment 2026-06; ORGNL_MDCR_BENES]
WI,Polk,Medicare FFS (Original Medicare),Medicare FFS,Medicare (Federal),FIPS 55095,,,6355,https://data.cms.gov/summary-statistics-on-beneficiary-enrollment/medicare-and-medicaid-reports/medicare-monthly-enrollment,2026-06,[source: CMS Medicare Monthly Enrollment 2026-06; ORGNL_MDCR_BENES]
WI,Portage,Medicare FFS (Original Medicare),Medicare FFS,Medicare (Federal),FIPS 55097,,,7419,https://data.cms.gov/summary-statistics-on-beneficiary-enrollment/medicare-and-medicaid-reports/medicare-monthly-enrollment,2026-06,[source: CMS Medicare Monthly Enrollment 2026-06; ORGNL_MDCR_BENES]
WI,Price,Medicare FFS (Original Medicare),Medicare FFS,Medicare (Federal),FIPS 55099,,,2377,https://data.cms.gov/summary-statistics-on-beneficiary-enrollment/medicare-and-medicaid-reports/medicare-monthly-enrollment,2026-06,[source: CMS Medicare Monthly Enrollment 2026-06; ORGNL_MDCR_BENES]
WI,Racine,Medicare FFS (Original Medicare),Medicare FFS,Medicare (Federal),FIPS 55101,,,17500,https://data.cms.gov/summary-statistics-on-beneficiary-enrollment/medicare-and-medicaid-reports/medicare-monthly-enrollment,2026-06,[source: CMS Medicare Monthly Enrollment 2026-06; ORGNL_MDCR_BENES]
WI,Richland,Medicare FFS (Original Medicare),Medicare FFS,Medicare (Federal),FIPS 55103,,,3217,https://data.cms.gov/summary-statistics-on-beneficiary-enrollment/medicare-and-medicaid-reports/medicare-monthly-enrollment,2026-06,[source: CMS Medicare Monthly Enrollment 2026-06; ORGNL_MDCR_BENES]
WI,Rock,Medicare FFS (Original Medicare),Medicare FFS,Medicare (Federal),FIPS 55105,,,19080,https://data.cms.gov/summary-statistics-on-beneficiary-enrollment/medicare-and-medicaid-reports/medicare-monthly-enrollment,2026-06,[source: CMS Medicare Monthly Enrollment 2026-06; ORGNL_MDCR_BENES]
WI,Rusk,Medicare FFS (Original Medicare),Medicare FFS,Medicare (Federal),FIPS 55107,,,1921,https://data.cms.gov/summary-statistics-on-beneficiary-enrollment/medicare-and-medicaid-reports/medicare-monthly-enrollment,2026-06,[source: CMS Medicare Monthly Enrollment 2026-06; ORGNL_MDCR_BENES]
WI,Sauk,Medicare FFS (Original Medicare),Medicare FFS,Medicare (Federal),FIPS 55111,,,10040,https://data.cms.gov/summary-statistics-on-beneficiary-enrollment/medicare-and-medicaid-reports/medicare-monthly-enrollment,2026-06,[source: CMS Medicare Monthly Enrollment 2026-06; ORGNL_MDCR_BENES]
WI,Sawyer,Medicare FFS (Original Medicare),Medicare FFS,Medicare (Federal),FIPS 55113,,,3371,https://data.cms.gov/summary-statistics-on-beneficiary-enrollment/medicare-and-medicaid-reports/medicare-monthly-enrollment,2026-06,[source: CMS Medicare Monthly Enrollment 2026-06; ORGNL_MDCR_BENES]
WI,Shawano,Medicare FFS (Original Medicare),Medicare FFS,Medicare (Federal),FIPS 55115,,,2997,https://data.cms.gov/summary-statistics-on-beneficiary-enrollment/medicare-and-medicaid-reports/medicare-monthly-enrollment,2026-06,[source: CMS Medicare Monthly Enrollment 2026-06; ORGNL_MDCR_BENES]
WI,Sheboygan,Medicare FFS (Original Medicare),Medicare FFS,Medicare (Federal),FIPS 55117,,,11584,https://data.cms.gov/summary-statistics-on-beneficiary-enrollment/medicare-and-medicaid-reports/medicare-monthly-enrollment,2026-06,[source: CMS Medicare Monthly Enrollment 2026-06; ORGNL_MDCR_BENES]
WI,St. Croix,Medicare FFS (Original Medicare),Medicare FFS,Medicare (Federal),FIPS 55109,,,10091,https://data.cms.gov/summary-statistics-on-beneficiary-enrollment/medicare-and-medicaid-reports/medicare-monthly-enrollment,2026-06,[source: CMS Medicare Monthly Enrollment 2026-06; ORGNL_MDCR_BENES]
WI,Taylor,Medicare FFS (Original Medicare),Medicare FFS,Medicare (Federal),FIPS 55119,,,1838,https://data.cms.gov/summary-statistics-on-beneficiary-enrollment/medicare-and-medicaid-reports/medicare-monthly-enrollment,2026-06,[source: CMS Medicare Monthly Enrollment 2026-06; ORGNL_MDCR_BENES]
WI,Trempealeau,Medicare FFS (Original Medicare),Medicare FFS,Medicare (Federal),FIPS 55121,,,3751,https://data.cms.gov/summary-statistics-on-beneficiary-enrollment/medicare-and-medicaid-reports/medicare-monthly-enrollment,2026-06,[source: CMS Medicare Monthly Enrollment 2026-06; ORGNL_MDCR_BENES]
WI,Vernon,Medicare FFS (Original Medicare),Medicare FFS,Medicare (Federal),FIPS 55123,,,4485,https://data.cms.gov/summary-statistics-on-beneficiary-enrollment/medicare-and-medicaid-reports/medicare-monthly-enrollment,2026-06,[source: CMS Medicare Monthly Enrollment 2026-06; ORGNL_MDCR_BENES]
WI,Vilas,Medicare FFS (Original Medicare),Medicare FFS,Medicare (Federal),FIPS 55125,,,5160,https://data.cms.gov/summary-statistics-on-beneficiary-enrollment/medicare-and-medicaid-reports/medicare-monthly-enrollment,2026-06,[source: CMS Medicare Monthly Enrollment 2026-06; ORGNL_MDCR_BENES]
WI,Walworth,Medicare FFS (Original Medicare),Medicare FFS,Medicare (Federal),FIPS 55127,,,13763,https://data.cms.gov/summary-statistics-on-beneficiary-enrollment/medicare-and-medicaid-reports/medicare-monthly-enrollment,2026-06,[source: CMS Medicare Monthly Enrollment 2026-06; ORGNL_MDCR_BENES]
WI,Washburn,Medicare FFS (Original Medicare),Medicare FFS,Medicare (Federal),FIPS 55129,,,3219,https://data.cms.gov/summary-statistics-on-beneficiary-enrollment/medicare-and-medicaid-reports/medicare-monthly-enrollment,2026-06,[source: CMS Medicare Monthly Enrollment 2026-06; ORGNL_MDCR_BENES]
WI,Washington,Medicare FFS (Original Medicare),Medicare FFS,Medicare (Federal),FIPS 55131,,,12509,https://data.cms.gov/summary-statistics-on-beneficiary-enrollment/medicare-and-medicaid-reports/medicare-monthly-enrollment,2026-06,[source: CMS Medicare Monthly Enrollment 2026-06; ORGNL_MDCR_BENES]
WI,Waukesha,Medicare FFS (Original Medicare),Medicare FFS,Medicare (Federal),FIPS 55133,,,42580,https://data.cms.gov/summary-statistics-on-beneficiary-enrollment/medicare-and-medicaid-reports/medicare-monthly-enrollment,2026-06,[source: CMS Medicare Monthly Enrollment 2026-06; ORGNL_MDCR_BENES]
WI,Waupaca,Medicare FFS (Original Medicare),Medicare FFS,Medicare (Federal),FIPS 55135,,,4439,https://data.cms.gov/summary-statistics-on-beneficiary-enrollment/medicare-and-medicaid-reports/medicare-monthly-enrollment,2026-06,[source: CMS Medicare Monthly Enrollment 2026-06; ORGNL_MDCR_BENES]
WI,Waushara,Medicare FFS (Original Medicare),Medicare FFS,Medicare (Federal),FIPS 55137,,,2361,https://data.cms.gov/summary-statistics-on-beneficiary-enrollment/medicare-and-medicaid-reports/medicare-monthly-enrollment,2026-06,[source: CMS Medicare Monthly Enrollment 2026-06; ORGNL_MDCR_BENES]
WI,Winnebago,Medicare FFS (Original Medicare),Medicare FFS,Medicare (Federal),FIPS 55139,,,10864,https://data.cms.gov/summary-statistics-on-beneficiary-enrollment/medicare-and-medicaid-reports/medicare-monthly-enrollment,2026-06,[source: CMS Medicare Monthly Enrollment 2026-06; ORGNL_MDCR_BENES]
WI,Wood,Medicare FFS (Original Medicare),Medicare FFS,Medicare (Federal),FIPS 55141,,,7166,https://data.cms.gov/summary-statistics-on-beneficiary-enrollment/medicare-and-medicaid-reports/medicare-monthly-enrollment,2026-06,[source: CMS Medicare Monthly Enrollment 2026-06; ORGNL_MDCR_BENES]
