state,county,program_type,plan_name,parent_org,geographic_region,medicaid_enrollment,dual_enrollment,total_enrollment,source_url,source_year,notes
AZ,Apache,Dual-Eligible (Medicare + Medicaid),Dual-Eligible,Dual-Eligible (Medicare/Medicaid),FIPS 04001,,5331,5331,https://data.cms.gov/summary-statistics-on-beneficiary-enrollment/medicare-and-medicaid-reports/medicare-monthly-enrollment,2026-02,[source: CMS Medicare Monthly Enrollment 2026-02; DUAL_TOT_BENES]
AZ,Cochise,Dual-Eligible (Medicare + Medicaid),Dual-Eligible,Dual-Eligible (Medicare/Medicaid),FIPS 04003,,8051,8051,https://data.cms.gov/summary-statistics-on-beneficiary-enrollment/medicare-and-medicaid-reports/medicare-monthly-enrollment,2026-02,[source: CMS Medicare Monthly Enrollment 2026-02; DUAL_TOT_BENES]
AZ,Coconino,Dual-Eligible (Medicare + Medicaid),Dual-Eligible,Dual-Eligible (Medicare/Medicaid),FIPS 04005,,4463,4463,https://data.cms.gov/summary-statistics-on-beneficiary-enrollment/medicare-and-medicaid-reports/medicare-monthly-enrollment,2026-02,[source: CMS Medicare Monthly Enrollment 2026-02; DUAL_TOT_BENES]
AZ,Gila,Dual-Eligible (Medicare + Medicaid),Dual-Eligible,Dual-Eligible (Medicare/Medicaid),FIPS 04007,,2996,2996,https://data.cms.gov/summary-statistics-on-beneficiary-enrollment/medicare-and-medicaid-reports/medicare-monthly-enrollment,2026-02,[source: CMS Medicare Monthly Enrollment 2026-02; DUAL_TOT_BENES]
AZ,Graham,Dual-Eligible (Medicare + Medicaid),Dual-Eligible,Dual-Eligible (Medicare/Medicaid),FIPS 04009,,1384,1384,https://data.cms.gov/summary-statistics-on-beneficiary-enrollment/medicare-and-medicaid-reports/medicare-monthly-enrollment,2026-02,[source: CMS Medicare Monthly Enrollment 2026-02; DUAL_TOT_BENES]
AZ,Greenlee,Dual-Eligible (Medicare + Medicaid),Dual-Eligible,Dual-Eligible (Medicare/Medicaid),FIPS 04011,,226,226,https://data.cms.gov/summary-statistics-on-beneficiary-enrollment/medicare-and-medicaid-reports/medicare-monthly-enrollment,2026-02,[source: CMS Medicare Monthly Enrollment 2026-02; DUAL_TOT_BENES]
AZ,La Paz,Dual-Eligible (Medicare + Medicaid),Dual-Eligible,Dual-Eligible (Medicare/Medicaid),FIPS 04012,,1411,1411,https://data.cms.gov/summary-statistics-on-beneficiary-enrollment/medicare-and-medicaid-reports/medicare-monthly-enrollment,2026-02,[source: CMS Medicare Monthly Enrollment 2026-02; DUAL_TOT_BENES]
AZ,Maricopa,Dual-Eligible (Medicare + Medicaid),Dual-Eligible,Dual-Eligible (Medicare/Medicaid),FIPS 04013,,117153,117153,https://data.cms.gov/summary-statistics-on-beneficiary-enrollment/medicare-and-medicaid-reports/medicare-monthly-enrollment,2026-02,[source: CMS Medicare Monthly Enrollment 2026-02; DUAL_TOT_BENES]
AZ,Mohave,Dual-Eligible (Medicare + Medicaid),Dual-Eligible,Dual-Eligible (Medicare/Medicaid),FIPS 04015,,13155,13155,https://data.cms.gov/summary-statistics-on-beneficiary-enrollment/medicare-and-medicaid-reports/medicare-monthly-enrollment,2026-02,[source: CMS Medicare Monthly Enrollment 2026-02; DUAL_TOT_BENES]
AZ,Navajo,Dual-Eligible (Medicare + Medicaid),Dual-Eligible,Dual-Eligible (Medicare/Medicaid),FIPS 04017,,6954,6954,https://data.cms.gov/summary-statistics-on-beneficiary-enrollment/medicare-and-medicaid-reports/medicare-monthly-enrollment,2026-02,[source: CMS Medicare Monthly Enrollment 2026-02; DUAL_TOT_BENES]
AZ,Pima,Dual-Eligible (Medicare + Medicaid),Dual-Eligible,Dual-Eligible (Medicare/Medicaid),FIPS 04019,,44133,44133,https://data.cms.gov/summary-statistics-on-beneficiary-enrollment/medicare-and-medicaid-reports/medicare-monthly-enrollment,2026-02,[source: CMS Medicare Monthly Enrollment 2026-02; DUAL_TOT_BENES]
AZ,Pinal,Dual-Eligible (Medicare + Medicaid),Dual-Eligible,Dual-Eligible (Medicare/Medicaid),FIPS 04021,,15107,15107,https://data.cms.gov/summary-statistics-on-beneficiary-enrollment/medicare-and-medicaid-reports/medicare-monthly-enrollment,2026-02,[source: CMS Medicare Monthly Enrollment 2026-02; DUAL_TOT_BENES]
AZ,Santa Cruz,Dual-Eligible (Medicare + Medicaid),Dual-Eligible,Dual-Eligible (Medicare/Medicaid),FIPS 04023,,4401,4401,https://data.cms.gov/summary-statistics-on-beneficiary-enrollment/medicare-and-medicaid-reports/medicare-monthly-enrollment,2026-02,[source: CMS Medicare Monthly Enrollment 2026-02; DUAL_TOT_BENES]
AZ,Yavapai,Dual-Eligible (Medicare + Medicaid),Dual-Eligible,Dual-Eligible (Medicare/Medicaid),FIPS 04025,,10461,10461,https://data.cms.gov/summary-statistics-on-beneficiary-enrollment/medicare-and-medicaid-reports/medicare-monthly-enrollment,2026-02,[source: CMS Medicare Monthly Enrollment 2026-02; DUAL_TOT_BENES]
AZ,Yuma,Dual-Eligible (Medicare + Medicaid),Dual-Eligible,Dual-Eligible (Medicare/Medicaid),FIPS 04027,,14967,14967,https://data.cms.gov/summary-statistics-on-beneficiary-enrollment/medicare-and-medicaid-reports/medicare-monthly-enrollment,2026-02,[source: CMS Medicare Monthly Enrollment 2026-02; DUAL_TOT_BENES]
CA,Alameda,Dual-Eligible (Medicare + Medicaid),Dual-Eligible,Dual-Eligible (Medicare/Medicaid),FIPS 06001,,68435,68435,https://data.cms.gov/summary-statistics-on-beneficiary-enrollment/medicare-and-medicaid-reports/medicare-monthly-enrollment,2026-02,[source: CMS Medicare Monthly Enrollment 2026-02; DUAL_TOT_BENES]
CA,Amador,Dual-Eligible (Medicare + Medicaid),Dual-Eligible,Dual-Eligible (Medicare/Medicaid),FIPS 06005,,1703,1703,https://data.cms.gov/summary-statistics-on-beneficiary-enrollment/medicare-and-medicaid-reports/medicare-monthly-enrollment,2026-02,[source: CMS Medicare Monthly Enrollment 2026-02; DUAL_TOT_BENES]
CA,Butte,Dual-Eligible (Medicare + Medicaid),Dual-Eligible,Dual-Eligible (Medicare/Medicaid),FIPS 06007,,12308,12308,https://data.cms.gov/summary-statistics-on-beneficiary-enrollment/medicare-and-medicaid-reports/medicare-monthly-enrollment,2026-02,[source: CMS Medicare Monthly Enrollment 2026-02; DUAL_TOT_BENES]
CA,Calaveras,Dual-Eligible (Medicare + Medicaid),Dual-Eligible,Dual-Eligible (Medicare/Medicaid),FIPS 06009,,2220,2220,https://data.cms.gov/summary-statistics-on-beneficiary-enrollment/medicare-and-medicaid-reports/medicare-monthly-enrollment,2026-02,[source: CMS Medicare Monthly Enrollment 2026-02; DUAL_TOT_BENES]
CA,Colusa,Dual-Eligible (Medicare + Medicaid),Dual-Eligible,Dual-Eligible (Medicare/Medicaid),FIPS 06011,,1383,1383,https://data.cms.gov/summary-statistics-on-beneficiary-enrollment/medicare-and-medicaid-reports/medicare-monthly-enrollment,2026-02,[source: CMS Medicare Monthly Enrollment 2026-02; DUAL_TOT_BENES]
CA,Contra Costa,Dual-Eligible (Medicare + Medicaid),Dual-Eligible,Dual-Eligible (Medicare/Medicaid),FIPS 06013,,39146,39146,https://data.cms.gov/summary-statistics-on-beneficiary-enrollment/medicare-and-medicaid-reports/medicare-monthly-enrollment,2026-02,[source: CMS Medicare Monthly Enrollment 2026-02; DUAL_TOT_BENES]
CA,Del Norte,Dual-Eligible (Medicare + Medicaid),Dual-Eligible,Dual-Eligible (Medicare/Medicaid),FIPS 06015,,2062,2062,https://data.cms.gov/summary-statistics-on-beneficiary-enrollment/medicare-and-medicaid-reports/medicare-monthly-enrollment,2026-02,[source: CMS Medicare Monthly Enrollment 2026-02; DUAL_TOT_BENES]
CA,El Dorado,Dual-Eligible (Medicare + Medicaid),Dual-Eligible,Dual-Eligible (Medicare/Medicaid),FIPS 06017,,5940,5940,https://data.cms.gov/summary-statistics-on-beneficiary-enrollment/medicare-and-medicaid-reports/medicare-monthly-enrollment,2026-02,[source: CMS Medicare Monthly Enrollment 2026-02; DUAL_TOT_BENES]
CA,Fresno,Dual-Eligible (Medicare + Medicaid),Dual-Eligible,Dual-Eligible (Medicare/Medicaid),FIPS 06019,,51286,51286,https://data.cms.gov/summary-statistics-on-beneficiary-enrollment/medicare-and-medicaid-reports/medicare-monthly-enrollment,2026-02,[source: CMS Medicare Monthly Enrollment 2026-02; DUAL_TOT_BENES]
CA,Glenn,Dual-Eligible (Medicare + Medicaid),Dual-Eligible,Dual-Eligible (Medicare/Medicaid),FIPS 06021,,1836,1836,https://data.cms.gov/summary-statistics-on-beneficiary-enrollment/medicare-and-medicaid-reports/medicare-monthly-enrollment,2026-02,[source: CMS Medicare Monthly Enrollment 2026-02; DUAL_TOT_BENES]
CA,Humboldt,Dual-Eligible (Medicare + Medicaid),Dual-Eligible,Dual-Eligible (Medicare/Medicaid),FIPS 06023,,8207,8207,https://data.cms.gov/summary-statistics-on-beneficiary-enrollment/medicare-and-medicaid-reports/medicare-monthly-enrollment,2026-02,[source: CMS Medicare Monthly Enrollment 2026-02; DUAL_TOT_BENES]
CA,Imperial,Dual-Eligible (Medicare + Medicaid),Dual-Eligible,Dual-Eligible (Medicare/Medicaid),FIPS 06025,,17503,17503,https://data.cms.gov/summary-statistics-on-beneficiary-enrollment/medicare-and-medicaid-reports/medicare-monthly-enrollment,2026-02,[source: CMS Medicare Monthly Enrollment 2026-02; DUAL_TOT_BENES]
CA,Inyo,Dual-Eligible (Medicare + Medicaid),Dual-Eligible,Dual-Eligible (Medicare/Medicaid),FIPS 06027,,847,847,https://data.cms.gov/summary-statistics-on-beneficiary-enrollment/medicare-and-medicaid-reports/medicare-monthly-enrollment,2026-02,[source: CMS Medicare Monthly Enrollment 2026-02; DUAL_TOT_BENES]
CA,Kern,Dual-Eligible (Medicare + Medicaid),Dual-Eligible,Dual-Eligible (Medicare/Medicaid),FIPS 06029,,43949,43949,https://data.cms.gov/summary-statistics-on-beneficiary-enrollment/medicare-and-medicaid-reports/medicare-monthly-enrollment,2026-02,[source: CMS Medicare Monthly Enrollment 2026-02; DUAL_TOT_BENES]
CA,Kings,Dual-Eligible (Medicare + Medicaid),Dual-Eligible,Dual-Eligible (Medicare/Medicaid),FIPS 06031,,6478,6478,https://data.cms.gov/summary-statistics-on-beneficiary-enrollment/medicare-and-medicaid-reports/medicare-monthly-enrollment,2026-02,[source: CMS Medicare Monthly Enrollment 2026-02; DUAL_TOT_BENES]
CA,Lake,Dual-Eligible (Medicare + Medicaid),Dual-Eligible,Dual-Eligible (Medicare/Medicaid),FIPS 06033,,5771,5771,https://data.cms.gov/summary-statistics-on-beneficiary-enrollment/medicare-and-medicaid-reports/medicare-monthly-enrollment,2026-02,[source: CMS Medicare Monthly Enrollment 2026-02; DUAL_TOT_BENES]
CA,Lassen,Dual-Eligible (Medicare + Medicaid),Dual-Eligible,Dual-Eligible (Medicare/Medicaid),FIPS 06035,,1199,1199,https://data.cms.gov/summary-statistics-on-beneficiary-enrollment/medicare-and-medicaid-reports/medicare-monthly-enrollment,2026-02,[source: CMS Medicare Monthly Enrollment 2026-02; DUAL_TOT_BENES]
CA,Los Angeles,Dual-Eligible (Medicare + Medicaid),Dual-Eligible,Dual-Eligible (Medicare/Medicaid),FIPS 06037,,546077,546077,https://data.cms.gov/summary-statistics-on-beneficiary-enrollment/medicare-and-medicaid-reports/medicare-monthly-enrollment,2026-02,[source: CMS Medicare Monthly Enrollment 2026-02; DUAL_TOT_BENES]
CA,Madera,Dual-Eligible (Medicare + Medicaid),Dual-Eligible,Dual-Eligible (Medicare/Medicaid),FIPS 06039,,7171,7171,https://data.cms.gov/summary-statistics-on-beneficiary-enrollment/medicare-and-medicaid-reports/medicare-monthly-enrollment,2026-02,[source: CMS Medicare Monthly Enrollment 2026-02; DUAL_TOT_BENES]
CA,Marin,Dual-Eligible (Medicare + Medicaid),Dual-Eligible,Dual-Eligible (Medicare/Medicaid),FIPS 06041,,6230,6230,https://data.cms.gov/summary-statistics-on-beneficiary-enrollment/medicare-and-medicaid-reports/medicare-monthly-enrollment,2026-02,[source: CMS Medicare Monthly Enrollment 2026-02; DUAL_TOT_BENES]
CA,Mariposa,Dual-Eligible (Medicare + Medicaid),Dual-Eligible,Dual-Eligible (Medicare/Medicaid),FIPS 06043,,962,962,https://data.cms.gov/summary-statistics-on-beneficiary-enrollment/medicare-and-medicaid-reports/medicare-monthly-enrollment,2026-02,[source: CMS Medicare Monthly Enrollment 2026-02; DUAL_TOT_BENES]
CA,Mendocino,Dual-Eligible (Medicare + Medicaid),Dual-Eligible,Dual-Eligible (Medicare/Medicaid),FIPS 06045,,6524,6524,https://data.cms.gov/summary-statistics-on-beneficiary-enrollment/medicare-and-medicaid-reports/medicare-monthly-enrollment,2026-02,[source: CMS Medicare Monthly Enrollment 2026-02; DUAL_TOT_BENES]
CA,Merced,Dual-Eligible (Medicare + Medicaid),Dual-Eligible,Dual-Eligible (Medicare/Medicaid),FIPS 06047,,14571,14571,https://data.cms.gov/summary-statistics-on-beneficiary-enrollment/medicare-and-medicaid-reports/medicare-monthly-enrollment,2026-02,[source: CMS Medicare Monthly Enrollment 2026-02; DUAL_TOT_BENES]
CA,Modoc,Dual-Eligible (Medicare + Medicaid),Dual-Eligible,Dual-Eligible (Medicare/Medicaid),FIPS 06049,,730,730,https://data.cms.gov/summary-statistics-on-beneficiary-enrollment/medicare-and-medicaid-reports/medicare-monthly-enrollment,2026-02,[source: CMS Medicare Monthly Enrollment 2026-02; DUAL_TOT_BENES]
CA,Mono,Dual-Eligible (Medicare + Medicaid),Dual-Eligible,Dual-Eligible (Medicare/Medicaid),FIPS 06051,,252,252,https://data.cms.gov/summary-statistics-on-beneficiary-enrollment/medicare-and-medicaid-reports/medicare-monthly-enrollment,2026-02,[source: CMS Medicare Monthly Enrollment 2026-02; DUAL_TOT_BENES]
CA,Monterey,Dual-Eligible (Medicare + Medicaid),Dual-Eligible,Dual-Eligible (Medicare/Medicaid),FIPS 06053,,16629,16629,https://data.cms.gov/summary-statistics-on-beneficiary-enrollment/medicare-and-medicaid-reports/medicare-monthly-enrollment,2026-02,[source: CMS Medicare Monthly Enrollment 2026-02; DUAL_TOT_BENES]
CA,Napa,Dual-Eligible (Medicare + Medicaid),Dual-Eligible,Dual-Eligible (Medicare/Medicaid),FIPS 06055,,5505,5505,https://data.cms.gov/summary-statistics-on-beneficiary-enrollment/medicare-and-medicaid-reports/medicare-monthly-enrollment,2026-02,[source: CMS Medicare Monthly Enrollment 2026-02; DUAL_TOT_BENES]
CA,Nevada,Dual-Eligible (Medicare + Medicaid),Dual-Eligible,Dual-Eligible (Medicare/Medicaid),FIPS 06057,,4370,4370,https://data.cms.gov/summary-statistics-on-beneficiary-enrollment/medicare-and-medicaid-reports/medicare-monthly-enrollment,2026-02,[source: CMS Medicare Monthly Enrollment 2026-02; DUAL_TOT_BENES]
CA,Orange,Dual-Eligible (Medicare + Medicaid),Dual-Eligible,Dual-Eligible (Medicare/Medicaid),FIPS 06059,,129639,129639,https://data.cms.gov/summary-statistics-on-beneficiary-enrollment/medicare-and-medicaid-reports/medicare-monthly-enrollment,2026-02,[source: CMS Medicare Monthly Enrollment 2026-02; DUAL_TOT_BENES]
CA,Placer,Dual-Eligible (Medicare + Medicaid),Dual-Eligible,Dual-Eligible (Medicare/Medicaid),FIPS 06061,,10932,10932,https://data.cms.gov/summary-statistics-on-beneficiary-enrollment/medicare-and-medicaid-reports/medicare-monthly-enrollment,2026-02,[source: CMS Medicare Monthly Enrollment 2026-02; DUAL_TOT_BENES]
CA,Plumas,Dual-Eligible (Medicare + Medicaid),Dual-Eligible,Dual-Eligible (Medicare/Medicaid),FIPS 06063,,1125,1125,https://data.cms.gov/summary-statistics-on-beneficiary-enrollment/medicare-and-medicaid-reports/medicare-monthly-enrollment,2026-02,[source: CMS Medicare Monthly Enrollment 2026-02; DUAL_TOT_BENES]
CA,Riverside,Dual-Eligible (Medicare + Medicaid),Dual-Eligible,Dual-Eligible (Medicare/Medicaid),FIPS 06065,,104935,104935,https://data.cms.gov/summary-statistics-on-beneficiary-enrollment/medicare-and-medicaid-reports/medicare-monthly-enrollment,2026-02,[source: CMS Medicare Monthly Enrollment 2026-02; DUAL_TOT_BENES]
CA,Sacramento,Dual-Eligible (Medicare + Medicaid),Dual-Eligible,Dual-Eligible (Medicare/Medicaid),FIPS 06067,,76957,76957,https://data.cms.gov/summary-statistics-on-beneficiary-enrollment/medicare-and-medicaid-reports/medicare-monthly-enrollment,2026-02,[source: CMS Medicare Monthly Enrollment 2026-02; DUAL_TOT_BENES]
CA,San Benito,Dual-Eligible (Medicare + Medicaid),Dual-Eligible,Dual-Eligible (Medicare/Medicaid),FIPS 06069,,2160,2160,https://data.cms.gov/summary-statistics-on-beneficiary-enrollment/medicare-and-medicaid-reports/medicare-monthly-enrollment,2026-02,[source: CMS Medicare Monthly Enrollment 2026-02; DUAL_TOT_BENES]
CA,San Bernardino,Dual-Eligible (Medicare + Medicaid),Dual-Eligible,Dual-Eligible (Medicare/Medicaid),FIPS 06071,,99987,99987,https://data.cms.gov/summary-statistics-on-beneficiary-enrollment/medicare-and-medicaid-reports/medicare-monthly-enrollment,2026-02,[source: CMS Medicare Monthly Enrollment 2026-02; DUAL_TOT_BENES]
CA,San Diego,Dual-Eligible (Medicare + Medicaid),Dual-Eligible,Dual-Eligible (Medicare/Medicaid),FIPS 06073,,126146,126146,https://data.cms.gov/summary-statistics-on-beneficiary-enrollment/medicare-and-medicaid-reports/medicare-monthly-enrollment,2026-02,[source: CMS Medicare Monthly Enrollment 2026-02; DUAL_TOT_BENES]
CA,San Francisco,Dual-Eligible (Medicare + Medicaid),Dual-Eligible,Dual-Eligible (Medicare/Medicaid),FIPS 06075,,55933,55933,https://data.cms.gov/summary-statistics-on-beneficiary-enrollment/medicare-and-medicaid-reports/medicare-monthly-enrollment,2026-02,[source: CMS Medicare Monthly Enrollment 2026-02; DUAL_TOT_BENES]
CA,San Joaquin,Dual-Eligible (Medicare + Medicaid),Dual-Eligible,Dual-Eligible (Medicare/Medicaid),FIPS 06077,,33800,33800,https://data.cms.gov/summary-statistics-on-beneficiary-enrollment/medicare-and-medicaid-reports/medicare-monthly-enrollment,2026-02,[source: CMS Medicare Monthly Enrollment 2026-02; DUAL_TOT_BENES]
CA,San Luis Obispo,Dual-Eligible (Medicare + Medicaid),Dual-Eligible,Dual-Eligible (Medicare/Medicaid),FIPS 06079,,9207,9207,https://data.cms.gov/summary-statistics-on-beneficiary-enrollment/medicare-and-medicaid-reports/medicare-monthly-enrollment,2026-02,[source: CMS Medicare Monthly Enrollment 2026-02; DUAL_TOT_BENES]
CA,San Mateo,Dual-Eligible (Medicare + Medicaid),Dual-Eligible,Dual-Eligible (Medicare/Medicaid),FIPS 06081,,20814,20814,https://data.cms.gov/summary-statistics-on-beneficiary-enrollment/medicare-and-medicaid-reports/medicare-monthly-enrollment,2026-02,[source: CMS Medicare Monthly Enrollment 2026-02; DUAL_TOT_BENES]
CA,Santa Barbara,Dual-Eligible (Medicare + Medicaid),Dual-Eligible,Dual-Eligible (Medicare/Medicaid),FIPS 06083,,15955,15955,https://data.cms.gov/summary-statistics-on-beneficiary-enrollment/medicare-and-medicaid-reports/medicare-monthly-enrollment,2026-02,[source: CMS Medicare Monthly Enrollment 2026-02; DUAL_TOT_BENES]
CA,Santa Clara,Dual-Eligible (Medicare + Medicaid),Dual-Eligible,Dual-Eligible (Medicare/Medicaid),FIPS 06085,,70907,70907,https://data.cms.gov/summary-statistics-on-beneficiary-enrollment/medicare-and-medicaid-reports/medicare-monthly-enrollment,2026-02,[source: CMS Medicare Monthly Enrollment 2026-02; DUAL_TOT_BENES]
CA,Santa Cruz,Dual-Eligible (Medicare + Medicaid),Dual-Eligible,Dual-Eligible (Medicare/Medicaid),FIPS 06087,,10485,10485,https://data.cms.gov/summary-statistics-on-beneficiary-enrollment/medicare-and-medicaid-reports/medicare-monthly-enrollment,2026-02,[source: CMS Medicare Monthly Enrollment 2026-02; DUAL_TOT_BENES]
CA,Shasta,Dual-Eligible (Medicare + Medicaid),Dual-Eligible,Dual-Eligible (Medicare/Medicaid),FIPS 06089,,11858,11858,https://data.cms.gov/summary-statistics-on-beneficiary-enrollment/medicare-and-medicaid-reports/medicare-monthly-enrollment,2026-02,[source: CMS Medicare Monthly Enrollment 2026-02; DUAL_TOT_BENES]
CA,Sierra,Dual-Eligible (Medicare + Medicaid),Dual-Eligible,Dual-Eligible (Medicare/Medicaid),FIPS 06091,,188,188,https://data.cms.gov/summary-statistics-on-beneficiary-enrollment/medicare-and-medicaid-reports/medicare-monthly-enrollment,2026-02,[source: CMS Medicare Monthly Enrollment 2026-02; DUAL_TOT_BENES]
CA,Siskiyou,Dual-Eligible (Medicare + Medicaid),Dual-Eligible,Dual-Eligible (Medicare/Medicaid),FIPS 06093,,3456,3456,https://data.cms.gov/summary-statistics-on-beneficiary-enrollment/medicare-and-medicaid-reports/medicare-monthly-enrollment,2026-02,[source: CMS Medicare Monthly Enrollment 2026-02; DUAL_TOT_BENES]
CA,Solano,Dual-Eligible (Medicare + Medicaid),Dual-Eligible,Dual-Eligible (Medicare/Medicaid),FIPS 06095,,16717,16717,https://data.cms.gov/summary-statistics-on-beneficiary-enrollment/medicare-and-medicaid-reports/medicare-monthly-enrollment,2026-02,[source: CMS Medicare Monthly Enrollment 2026-02; DUAL_TOT_BENES]
CA,Sonoma,Dual-Eligible (Medicare + Medicaid),Dual-Eligible,Dual-Eligible (Medicare/Medicaid),FIPS 06097,,17122,17122,https://data.cms.gov/summary-statistics-on-beneficiary-enrollment/medicare-and-medicaid-reports/medicare-monthly-enrollment,2026-02,[source: CMS Medicare Monthly Enrollment 2026-02; DUAL_TOT_BENES]
CA,Stanislaus,Dual-Eligible (Medicare + Medicaid),Dual-Eligible,Dual-Eligible (Medicare/Medicaid),FIPS 06099,,26428,26428,https://data.cms.gov/summary-statistics-on-beneficiary-enrollment/medicare-and-medicaid-reports/medicare-monthly-enrollment,2026-02,[source: CMS Medicare Monthly Enrollment 2026-02; DUAL_TOT_BENES]
CA,Sutter,Dual-Eligible (Medicare + Medicaid),Dual-Eligible,Dual-Eligible (Medicare/Medicaid),FIPS 06101,,5697,5697,https://data.cms.gov/summary-statistics-on-beneficiary-enrollment/medicare-and-medicaid-reports/medicare-monthly-enrollment,2026-02,[source: CMS Medicare Monthly Enrollment 2026-02; DUAL_TOT_BENES]
CA,Tehama,Dual-Eligible (Medicare + Medicaid),Dual-Eligible,Dual-Eligible (Medicare/Medicaid),FIPS 06103,,4091,4091,https://data.cms.gov/summary-statistics-on-beneficiary-enrollment/medicare-and-medicaid-reports/medicare-monthly-enrollment,2026-02,[source: CMS Medicare Monthly Enrollment 2026-02; DUAL_TOT_BENES]
CA,Trinity,Dual-Eligible (Medicare + Medicaid),Dual-Eligible,Dual-Eligible (Medicare/Medicaid),FIPS 06105,,987,987,https://data.cms.gov/summary-statistics-on-beneficiary-enrollment/medicare-and-medicaid-reports/medicare-monthly-enrollment,2026-02,[source: CMS Medicare Monthly Enrollment 2026-02; DUAL_TOT_BENES]
CA,Tulare,Dual-Eligible (Medicare + Medicaid),Dual-Eligible,Dual-Eligible (Medicare/Medicaid),FIPS 06107,,26050,26050,https://data.cms.gov/summary-statistics-on-beneficiary-enrollment/medicare-and-medicaid-reports/medicare-monthly-enrollment,2026-02,[source: CMS Medicare Monthly Enrollment 2026-02; DUAL_TOT_BENES]
CA,Tuolumne,Dual-Eligible (Medicare + Medicaid),Dual-Eligible,Dual-Eligible (Medicare/Medicaid),FIPS 06109,,2751,2751,https://data.cms.gov/summary-statistics-on-beneficiary-enrollment/medicare-and-medicaid-reports/medicare-monthly-enrollment,2026-02,[source: CMS Medicare Monthly Enrollment 2026-02; DUAL_TOT_BENES]
CA,Ventura,Dual-Eligible (Medicare + Medicaid),Dual-Eligible,Dual-Eligible (Medicare/Medicaid),FIPS 06111,,29916,29916,https://data.cms.gov/summary-statistics-on-beneficiary-enrollment/medicare-and-medicaid-reports/medicare-monthly-enrollment,2026-02,[source: CMS Medicare Monthly Enrollment 2026-02; DUAL_TOT_BENES]
CA,Yolo,Dual-Eligible (Medicare + Medicaid),Dual-Eligible,Dual-Eligible (Medicare/Medicaid),FIPS 06113,,7527,7527,https://data.cms.gov/summary-statistics-on-beneficiary-enrollment/medicare-and-medicaid-reports/medicare-monthly-enrollment,2026-02,[source: CMS Medicare Monthly Enrollment 2026-02; DUAL_TOT_BENES]
CA,Yuba,Dual-Eligible (Medicare + Medicaid),Dual-Eligible,Dual-Eligible (Medicare/Medicaid),FIPS 06115,,4559,4559,https://data.cms.gov/summary-statistics-on-beneficiary-enrollment/medicare-and-medicaid-reports/medicare-monthly-enrollment,2026-02,[source: CMS Medicare Monthly Enrollment 2026-02; DUAL_TOT_BENES]
CO,Adams,Dual-Eligible (Medicare + Medicaid),Dual-Eligible,Dual-Eligible (Medicare/Medicaid),FIPS 08001,,10886,10886,https://data.cms.gov/summary-statistics-on-beneficiary-enrollment/medicare-and-medicaid-reports/medicare-monthly-enrollment,2026-02,[source: CMS Medicare Monthly Enrollment 2026-02; DUAL_TOT_BENES]
CO,Alamosa,Dual-Eligible (Medicare + Medicaid),Dual-Eligible,Dual-Eligible (Medicare/Medicaid),FIPS 08003,,808,808,https://data.cms.gov/summary-statistics-on-beneficiary-enrollment/medicare-and-medicaid-reports/medicare-monthly-enrollment,2026-02,[source: CMS Medicare Monthly Enrollment 2026-02; DUAL_TOT_BENES]
CO,Arapahoe,Dual-Eligible (Medicare + Medicaid),Dual-Eligible,Dual-Eligible (Medicare/Medicaid),FIPS 08005,,13191,13191,https://data.cms.gov/summary-statistics-on-beneficiary-enrollment/medicare-and-medicaid-reports/medicare-monthly-enrollment,2026-02,[source: CMS Medicare Monthly Enrollment 2026-02; DUAL_TOT_BENES]
CO,Archuleta,Dual-Eligible (Medicare + Medicaid),Dual-Eligible,Dual-Eligible (Medicare/Medicaid),FIPS 08007,,382,382,https://data.cms.gov/summary-statistics-on-beneficiary-enrollment/medicare-and-medicaid-reports/medicare-monthly-enrollment,2026-02,[source: CMS Medicare Monthly Enrollment 2026-02; DUAL_TOT_BENES]
CO,Baca,Dual-Eligible (Medicare + Medicaid),Dual-Eligible,Dual-Eligible (Medicare/Medicaid),FIPS 08009,,196,196,https://data.cms.gov/summary-statistics-on-beneficiary-enrollment/medicare-and-medicaid-reports/medicare-monthly-enrollment,2026-02,[source: CMS Medicare Monthly Enrollment 2026-02; DUAL_TOT_BENES]
CO,Bent,Dual-Eligible (Medicare + Medicaid),Dual-Eligible,Dual-Eligible (Medicare/Medicaid),FIPS 08011,,319,319,https://data.cms.gov/summary-statistics-on-beneficiary-enrollment/medicare-and-medicaid-reports/medicare-monthly-enrollment,2026-02,[source: CMS Medicare Monthly Enrollment 2026-02; DUAL_TOT_BENES]
CO,Boulder,Dual-Eligible (Medicare + Medicaid),Dual-Eligible,Dual-Eligible (Medicare/Medicaid),FIPS 08013,,4999,4999,https://data.cms.gov/summary-statistics-on-beneficiary-enrollment/medicare-and-medicaid-reports/medicare-monthly-enrollment,2026-02,[source: CMS Medicare Monthly Enrollment 2026-02; DUAL_TOT_BENES]
CO,Broomfield,Dual-Eligible (Medicare + Medicaid),Dual-Eligible,Dual-Eligible (Medicare/Medicaid),FIPS 08014,,843,843,https://data.cms.gov/summary-statistics-on-beneficiary-enrollment/medicare-and-medicaid-reports/medicare-monthly-enrollment,2026-02,[source: CMS Medicare Monthly Enrollment 2026-02; DUAL_TOT_BENES]
CO,Chaffee,Dual-Eligible (Medicare + Medicaid),Dual-Eligible,Dual-Eligible (Medicare/Medicaid),FIPS 08015,,535,535,https://data.cms.gov/summary-statistics-on-beneficiary-enrollment/medicare-and-medicaid-reports/medicare-monthly-enrollment,2026-02,[source: CMS Medicare Monthly Enrollment 2026-02; DUAL_TOT_BENES]
CO,Cheyenne,Dual-Eligible (Medicare + Medicaid),Dual-Eligible,Dual-Eligible (Medicare/Medicaid),FIPS 08017,,56,56,https://data.cms.gov/summary-statistics-on-beneficiary-enrollment/medicare-and-medicaid-reports/medicare-monthly-enrollment,2026-02,[source: CMS Medicare Monthly Enrollment 2026-02; DUAL_TOT_BENES]
CO,Clear Creek,Dual-Eligible (Medicare + Medicaid),Dual-Eligible,Dual-Eligible (Medicare/Medicaid),FIPS 08019,,160,160,https://data.cms.gov/summary-statistics-on-beneficiary-enrollment/medicare-and-medicaid-reports/medicare-monthly-enrollment,2026-02,[source: CMS Medicare Monthly Enrollment 2026-02; DUAL_TOT_BENES]
CO,Conejos,Dual-Eligible (Medicare + Medicaid),Dual-Eligible,Dual-Eligible (Medicare/Medicaid),FIPS 08021,,527,527,https://data.cms.gov/summary-statistics-on-beneficiary-enrollment/medicare-and-medicaid-reports/medicare-monthly-enrollment,2026-02,[source: CMS Medicare Monthly Enrollment 2026-02; DUAL_TOT_BENES]
CO,Costilla,Dual-Eligible (Medicare + Medicaid),Dual-Eligible,Dual-Eligible (Medicare/Medicaid),FIPS 08023,,358,358,https://data.cms.gov/summary-statistics-on-beneficiary-enrollment/medicare-and-medicaid-reports/medicare-monthly-enrollment,2026-02,[source: CMS Medicare Monthly Enrollment 2026-02; DUAL_TOT_BENES]
CO,Crowley,Dual-Eligible (Medicare + Medicaid),Dual-Eligible,Dual-Eligible (Medicare/Medicaid),FIPS 08025,,263,263,https://data.cms.gov/summary-statistics-on-beneficiary-enrollment/medicare-and-medicaid-reports/medicare-monthly-enrollment,2026-02,[source: CMS Medicare Monthly Enrollment 2026-02; DUAL_TOT_BENES]
CO,Custer,Dual-Eligible (Medicare + Medicaid),Dual-Eligible,Dual-Eligible (Medicare/Medicaid),FIPS 08027,,162,162,https://data.cms.gov/summary-statistics-on-beneficiary-enrollment/medicare-and-medicaid-reports/medicare-monthly-enrollment,2026-02,[source: CMS Medicare Monthly Enrollment 2026-02; DUAL_TOT_BENES]
CO,Delta,Dual-Eligible (Medicare + Medicaid),Dual-Eligible,Dual-Eligible (Medicare/Medicaid),FIPS 08029,,1255,1255,https://data.cms.gov/summary-statistics-on-beneficiary-enrollment/medicare-and-medicaid-reports/medicare-monthly-enrollment,2026-02,[source: CMS Medicare Monthly Enrollment 2026-02; DUAL_TOT_BENES]
CO,Denver,Dual-Eligible (Medicare + Medicaid),Dual-Eligible,Dual-Eligible (Medicare/Medicaid),FIPS 08031,,18854,18854,https://data.cms.gov/summary-statistics-on-beneficiary-enrollment/medicare-and-medicaid-reports/medicare-monthly-enrollment,2026-02,[source: CMS Medicare Monthly Enrollment 2026-02; DUAL_TOT_BENES]
CO,Dolores,Dual-Eligible (Medicare + Medicaid),Dual-Eligible,Dual-Eligible (Medicare/Medicaid),FIPS 08033,,67,67,https://data.cms.gov/summary-statistics-on-beneficiary-enrollment/medicare-and-medicaid-reports/medicare-monthly-enrollment,2026-02,[source: CMS Medicare Monthly Enrollment 2026-02; DUAL_TOT_BENES]
CO,Douglas,Dual-Eligible (Medicare + Medicaid),Dual-Eligible,Dual-Eligible (Medicare/Medicaid),FIPS 08035,,2835,2835,https://data.cms.gov/summary-statistics-on-beneficiary-enrollment/medicare-and-medicaid-reports/medicare-monthly-enrollment,2026-02,[source: CMS Medicare Monthly Enrollment 2026-02; DUAL_TOT_BENES]
CO,Eagle,Dual-Eligible (Medicare + Medicaid),Dual-Eligible,Dual-Eligible (Medicare/Medicaid),FIPS 08037,,403,403,https://data.cms.gov/summary-statistics-on-beneficiary-enrollment/medicare-and-medicaid-reports/medicare-monthly-enrollment,2026-02,[source: CMS Medicare Monthly Enrollment 2026-02; DUAL_TOT_BENES]
CO,El Paso,Dual-Eligible (Medicare + Medicaid),Dual-Eligible,Dual-Eligible (Medicare/Medicaid),FIPS 08041,,14928,14928,https://data.cms.gov/summary-statistics-on-beneficiary-enrollment/medicare-and-medicaid-reports/medicare-monthly-enrollment,2026-02,[source: CMS Medicare Monthly Enrollment 2026-02; DUAL_TOT_BENES]
CO,Elbert,Dual-Eligible (Medicare + Medicaid),Dual-Eligible,Dual-Eligible (Medicare/Medicaid),FIPS 08039,,270,270,https://data.cms.gov/summary-statistics-on-beneficiary-enrollment/medicare-and-medicaid-reports/medicare-monthly-enrollment,2026-02,[source: CMS Medicare Monthly Enrollment 2026-02; DUAL_TOT_BENES]
CO,Fremont,Dual-Eligible (Medicare + Medicaid),Dual-Eligible,Dual-Eligible (Medicare/Medicaid),FIPS 08043,,2159,2159,https://data.cms.gov/summary-statistics-on-beneficiary-enrollment/medicare-and-medicaid-reports/medicare-monthly-enrollment,2026-02,[source: CMS Medicare Monthly Enrollment 2026-02; DUAL_TOT_BENES]
CO,Garfield,Dual-Eligible (Medicare + Medicaid),Dual-Eligible,Dual-Eligible (Medicare/Medicaid),FIPS 08045,,1240,1240,https://data.cms.gov/summary-statistics-on-beneficiary-enrollment/medicare-and-medicaid-reports/medicare-monthly-enrollment,2026-02,[source: CMS Medicare Monthly Enrollment 2026-02; DUAL_TOT_BENES]
CO,Gilpin,Dual-Eligible (Medicare + Medicaid),Dual-Eligible,Dual-Eligible (Medicare/Medicaid),FIPS 08047,,103,103,https://data.cms.gov/summary-statistics-on-beneficiary-enrollment/medicare-and-medicaid-reports/medicare-monthly-enrollment,2026-02,[source: CMS Medicare Monthly Enrollment 2026-02; DUAL_TOT_BENES]
CO,Grand,Dual-Eligible (Medicare + Medicaid),Dual-Eligible,Dual-Eligible (Medicare/Medicaid),FIPS 08049,,180,180,https://data.cms.gov/summary-statistics-on-beneficiary-enrollment/medicare-and-medicaid-reports/medicare-monthly-enrollment,2026-02,[source: CMS Medicare Monthly Enrollment 2026-02; DUAL_TOT_BENES]
CO,Gunnison,Dual-Eligible (Medicare + Medicaid),Dual-Eligible,Dual-Eligible (Medicare/Medicaid),FIPS 08051,,240,240,https://data.cms.gov/summary-statistics-on-beneficiary-enrollment/medicare-and-medicaid-reports/medicare-monthly-enrollment,2026-02,[source: CMS Medicare Monthly Enrollment 2026-02; DUAL_TOT_BENES]
CO,Huerfano,Dual-Eligible (Medicare + Medicaid),Dual-Eligible,Dual-Eligible (Medicare/Medicaid),FIPS 08055,,517,517,https://data.cms.gov/summary-statistics-on-beneficiary-enrollment/medicare-and-medicaid-reports/medicare-monthly-enrollment,2026-02,[source: CMS Medicare Monthly Enrollment 2026-02; DUAL_TOT_BENES]
CO,Jefferson,Dual-Eligible (Medicare + Medicaid),Dual-Eligible,Dual-Eligible (Medicare/Medicaid),FIPS 08059,,9882,9882,https://data.cms.gov/summary-statistics-on-beneficiary-enrollment/medicare-and-medicaid-reports/medicare-monthly-enrollment,2026-02,[source: CMS Medicare Monthly Enrollment 2026-02; DUAL_TOT_BENES]
CO,Kiowa,Dual-Eligible (Medicare + Medicaid),Dual-Eligible,Dual-Eligible (Medicare/Medicaid),FIPS 08061,,61,61,https://data.cms.gov/summary-statistics-on-beneficiary-enrollment/medicare-and-medicaid-reports/medicare-monthly-enrollment,2026-02,[source: CMS Medicare Monthly Enrollment 2026-02; DUAL_TOT_BENES]
CO,Kit Carson,Dual-Eligible (Medicare + Medicaid),Dual-Eligible,Dual-Eligible (Medicare/Medicaid),FIPS 08063,,217,217,https://data.cms.gov/summary-statistics-on-beneficiary-enrollment/medicare-and-medicaid-reports/medicare-monthly-enrollment,2026-02,[source: CMS Medicare Monthly Enrollment 2026-02; DUAL_TOT_BENES]
CO,La Plata,Dual-Eligible (Medicare + Medicaid),Dual-Eligible,Dual-Eligible (Medicare/Medicaid),FIPS 08067,,1050,1050,https://data.cms.gov/summary-statistics-on-beneficiary-enrollment/medicare-and-medicaid-reports/medicare-monthly-enrollment,2026-02,[source: CMS Medicare Monthly Enrollment 2026-02; DUAL_TOT_BENES]
CO,Lake,Dual-Eligible (Medicare + Medicaid),Dual-Eligible,Dual-Eligible (Medicare/Medicaid),FIPS 08065,,112,112,https://data.cms.gov/summary-statistics-on-beneficiary-enrollment/medicare-and-medicaid-reports/medicare-monthly-enrollment,2026-02,[source: CMS Medicare Monthly Enrollment 2026-02; DUAL_TOT_BENES]
CO,Larimer,Dual-Eligible (Medicare + Medicaid),Dual-Eligible,Dual-Eligible (Medicare/Medicaid),FIPS 08069,,6514,6514,https://data.cms.gov/summary-statistics-on-beneficiary-enrollment/medicare-and-medicaid-reports/medicare-monthly-enrollment,2026-02,[source: CMS Medicare Monthly Enrollment 2026-02; DUAL_TOT_BENES]
CO,Las Animas,Dual-Eligible (Medicare + Medicaid),Dual-Eligible,Dual-Eligible (Medicare/Medicaid),FIPS 08071,,884,884,https://data.cms.gov/summary-statistics-on-beneficiary-enrollment/medicare-and-medicaid-reports/medicare-monthly-enrollment,2026-02,[source: CMS Medicare Monthly Enrollment 2026-02; DUAL_TOT_BENES]
CO,Lincoln,Dual-Eligible (Medicare + Medicaid),Dual-Eligible,Dual-Eligible (Medicare/Medicaid),FIPS 08073,,171,171,https://data.cms.gov/summary-statistics-on-beneficiary-enrollment/medicare-and-medicaid-reports/medicare-monthly-enrollment,2026-02,[source: CMS Medicare Monthly Enrollment 2026-02; DUAL_TOT_BENES]
CO,Logan,Dual-Eligible (Medicare + Medicaid),Dual-Eligible,Dual-Eligible (Medicare/Medicaid),FIPS 08075,,763,763,https://data.cms.gov/summary-statistics-on-beneficiary-enrollment/medicare-and-medicaid-reports/medicare-monthly-enrollment,2026-02,[source: CMS Medicare Monthly Enrollment 2026-02; DUAL_TOT_BENES]
CO,Mesa,Dual-Eligible (Medicare + Medicaid),Dual-Eligible,Dual-Eligible (Medicare/Medicaid),FIPS 08077,,5322,5322,https://data.cms.gov/summary-statistics-on-beneficiary-enrollment/medicare-and-medicaid-reports/medicare-monthly-enrollment,2026-02,[source: CMS Medicare Monthly Enrollment 2026-02; DUAL_TOT_BENES]
CO,Moffat,Dual-Eligible (Medicare + Medicaid),Dual-Eligible,Dual-Eligible (Medicare/Medicaid),FIPS 08081,,354,354,https://data.cms.gov/summary-statistics-on-beneficiary-enrollment/medicare-and-medicaid-reports/medicare-monthly-enrollment,2026-02,[source: CMS Medicare Monthly Enrollment 2026-02; DUAL_TOT_BENES]
CO,Montezuma,Dual-Eligible (Medicare + Medicaid),Dual-Eligible,Dual-Eligible (Medicare/Medicaid),FIPS 08083,,1150,1150,https://data.cms.gov/summary-statistics-on-beneficiary-enrollment/medicare-and-medicaid-reports/medicare-monthly-enrollment,2026-02,[source: CMS Medicare Monthly Enrollment 2026-02; DUAL_TOT_BENES]
CO,Montrose,Dual-Eligible (Medicare + Medicaid),Dual-Eligible,Dual-Eligible (Medicare/Medicaid),FIPS 08085,,1574,1574,https://data.cms.gov/summary-statistics-on-beneficiary-enrollment/medicare-and-medicaid-reports/medicare-monthly-enrollment,2026-02,[source: CMS Medicare Monthly Enrollment 2026-02; DUAL_TOT_BENES]
CO,Morgan,Dual-Eligible (Medicare + Medicaid),Dual-Eligible,Dual-Eligible (Medicare/Medicaid),FIPS 08087,,940,940,https://data.cms.gov/summary-statistics-on-beneficiary-enrollment/medicare-and-medicaid-reports/medicare-monthly-enrollment,2026-02,[source: CMS Medicare Monthly Enrollment 2026-02; DUAL_TOT_BENES]
CO,Otero,Dual-Eligible (Medicare + Medicaid),Dual-Eligible,Dual-Eligible (Medicare/Medicaid),FIPS 08089,,1242,1242,https://data.cms.gov/summary-statistics-on-beneficiary-enrollment/medicare-and-medicaid-reports/medicare-monthly-enrollment,2026-02,[source: CMS Medicare Monthly Enrollment 2026-02; DUAL_TOT_BENES]
CO,Ouray,Dual-Eligible (Medicare + Medicaid),Dual-Eligible,Dual-Eligible (Medicare/Medicaid),FIPS 08091,,82,82,https://data.cms.gov/summary-statistics-on-beneficiary-enrollment/medicare-and-medicaid-reports/medicare-monthly-enrollment,2026-02,[source: CMS Medicare Monthly Enrollment 2026-02; DUAL_TOT_BENES]
CO,Park,Dual-Eligible (Medicare + Medicaid),Dual-Eligible,Dual-Eligible (Medicare/Medicaid),FIPS 08093,,375,375,https://data.cms.gov/summary-statistics-on-beneficiary-enrollment/medicare-and-medicaid-reports/medicare-monthly-enrollment,2026-02,[source: CMS Medicare Monthly Enrollment 2026-02; DUAL_TOT_BENES]
CO,Phillips,Dual-Eligible (Medicare + Medicaid),Dual-Eligible,Dual-Eligible (Medicare/Medicaid),FIPS 08095,,169,169,https://data.cms.gov/summary-statistics-on-beneficiary-enrollment/medicare-and-medicaid-reports/medicare-monthly-enrollment,2026-02,[source: CMS Medicare Monthly Enrollment 2026-02; DUAL_TOT_BENES]
CO,Pitkin,Dual-Eligible (Medicare + Medicaid),Dual-Eligible,Dual-Eligible (Medicare/Medicaid),FIPS 08097,,128,128,https://data.cms.gov/summary-statistics-on-beneficiary-enrollment/medicare-and-medicaid-reports/medicare-monthly-enrollment,2026-02,[source: CMS Medicare Monthly Enrollment 2026-02; DUAL_TOT_BENES]
CO,Prowers,Dual-Eligible (Medicare + Medicaid),Dual-Eligible,Dual-Eligible (Medicare/Medicaid),FIPS 08099,,610,610,https://data.cms.gov/summary-statistics-on-beneficiary-enrollment/medicare-and-medicaid-reports/medicare-monthly-enrollment,2026-02,[source: CMS Medicare Monthly Enrollment 2026-02; DUAL_TOT_BENES]
CO,Pueblo,Dual-Eligible (Medicare + Medicaid),Dual-Eligible,Dual-Eligible (Medicare/Medicaid),FIPS 08101,,8604,8604,https://data.cms.gov/summary-statistics-on-beneficiary-enrollment/medicare-and-medicaid-reports/medicare-monthly-enrollment,2026-02,[source: CMS Medicare Monthly Enrollment 2026-02; DUAL_TOT_BENES]
CO,Rio Blanco,Dual-Eligible (Medicare + Medicaid),Dual-Eligible,Dual-Eligible (Medicare/Medicaid),FIPS 08103,,170,170,https://data.cms.gov/summary-statistics-on-beneficiary-enrollment/medicare-and-medicaid-reports/medicare-monthly-enrollment,2026-02,[source: CMS Medicare Monthly Enrollment 2026-02; DUAL_TOT_BENES]
CO,Rio Grande,Dual-Eligible (Medicare + Medicaid),Dual-Eligible,Dual-Eligible (Medicare/Medicaid),FIPS 08105,,793,793,https://data.cms.gov/summary-statistics-on-beneficiary-enrollment/medicare-and-medicaid-reports/medicare-monthly-enrollment,2026-02,[source: CMS Medicare Monthly Enrollment 2026-02; DUAL_TOT_BENES]
CO,Routt,Dual-Eligible (Medicare + Medicaid),Dual-Eligible,Dual-Eligible (Medicare/Medicaid),FIPS 08107,,234,234,https://data.cms.gov/summary-statistics-on-beneficiary-enrollment/medicare-and-medicaid-reports/medicare-monthly-enrollment,2026-02,[source: CMS Medicare Monthly Enrollment 2026-02; DUAL_TOT_BENES]
CO,Saguache,Dual-Eligible (Medicare + Medicaid),Dual-Eligible,Dual-Eligible (Medicare/Medicaid),FIPS 08109,,334,334,https://data.cms.gov/summary-statistics-on-beneficiary-enrollment/medicare-and-medicaid-reports/medicare-monthly-enrollment,2026-02,[source: CMS Medicare Monthly Enrollment 2026-02; DUAL_TOT_BENES]
CO,San Miguel,Dual-Eligible (Medicare + Medicaid),Dual-Eligible,Dual-Eligible (Medicare/Medicaid),FIPS 08113,,101,101,https://data.cms.gov/summary-statistics-on-beneficiary-enrollment/medicare-and-medicaid-reports/medicare-monthly-enrollment,2026-02,[source: CMS Medicare Monthly Enrollment 2026-02; DUAL_TOT_BENES]
CO,Sedgwick,Dual-Eligible (Medicare + Medicaid),Dual-Eligible,Dual-Eligible (Medicare/Medicaid),FIPS 08115,,123,123,https://data.cms.gov/summary-statistics-on-beneficiary-enrollment/medicare-and-medicaid-reports/medicare-monthly-enrollment,2026-02,[source: CMS Medicare Monthly Enrollment 2026-02; DUAL_TOT_BENES]
CO,Summit,Dual-Eligible (Medicare + Medicaid),Dual-Eligible,Dual-Eligible (Medicare/Medicaid),FIPS 08117,,140,140,https://data.cms.gov/summary-statistics-on-beneficiary-enrollment/medicare-and-medicaid-reports/medicare-monthly-enrollment,2026-02,[source: CMS Medicare Monthly Enrollment 2026-02; DUAL_TOT_BENES]
CO,Teller,Dual-Eligible (Medicare + Medicaid),Dual-Eligible,Dual-Eligible (Medicare/Medicaid),FIPS 08119,,631,631,https://data.cms.gov/summary-statistics-on-beneficiary-enrollment/medicare-and-medicaid-reports/medicare-monthly-enrollment,2026-02,[source: CMS Medicare Monthly Enrollment 2026-02; DUAL_TOT_BENES]
CO,Washington,Dual-Eligible (Medicare + Medicaid),Dual-Eligible,Dual-Eligible (Medicare/Medicaid),FIPS 08121,,158,158,https://data.cms.gov/summary-statistics-on-beneficiary-enrollment/medicare-and-medicaid-reports/medicare-monthly-enrollment,2026-02,[source: CMS Medicare Monthly Enrollment 2026-02; DUAL_TOT_BENES]
CO,Weld,Dual-Eligible (Medicare + Medicaid),Dual-Eligible,Dual-Eligible (Medicare/Medicaid),FIPS 08123,,7190,7190,https://data.cms.gov/summary-statistics-on-beneficiary-enrollment/medicare-and-medicaid-reports/medicare-monthly-enrollment,2026-02,[source: CMS Medicare Monthly Enrollment 2026-02; DUAL_TOT_BENES]
CO,Yuma,Dual-Eligible (Medicare + Medicaid),Dual-Eligible,Dual-Eligible (Medicare/Medicaid),FIPS 08125,,274,274,https://data.cms.gov/summary-statistics-on-beneficiary-enrollment/medicare-and-medicaid-reports/medicare-monthly-enrollment,2026-02,[source: CMS Medicare Monthly Enrollment 2026-02; DUAL_TOT_BENES]
DC,District of Columbia,Dual-Eligible (Medicare + Medicaid),Dual-Eligible,Dual-Eligible (Medicare/Medicaid),FIPS 11001,,28414,28414,https://data.cms.gov/summary-statistics-on-beneficiary-enrollment/medicare-and-medicaid-reports/medicare-monthly-enrollment,2026-02,[source: CMS Medicare Monthly Enrollment 2026-02; DUAL_TOT_BENES]
FL,Alachua,Dual-Eligible (Medicare + Medicaid),Dual-Eligible,Dual-Eligible (Medicare/Medicaid),FIPS 12001,,8481,8481,https://data.cms.gov/summary-statistics-on-beneficiary-enrollment/medicare-and-medicaid-reports/medicare-monthly-enrollment,2026-02,[source: CMS Medicare Monthly Enrollment 2026-02; DUAL_TOT_BENES]
FL,Baker,Dual-Eligible (Medicare + Medicaid),Dual-Eligible,Dual-Eligible (Medicare/Medicaid),FIPS 12003,,988,988,https://data.cms.gov/summary-statistics-on-beneficiary-enrollment/medicare-and-medicaid-reports/medicare-monthly-enrollment,2026-02,[source: CMS Medicare Monthly Enrollment 2026-02; DUAL_TOT_BENES]
FL,Bay,Dual-Eligible (Medicare + Medicaid),Dual-Eligible,Dual-Eligible (Medicare/Medicaid),FIPS 12005,,5655,5655,https://data.cms.gov/summary-statistics-on-beneficiary-enrollment/medicare-and-medicaid-reports/medicare-monthly-enrollment,2026-02,[source: CMS Medicare Monthly Enrollment 2026-02; DUAL_TOT_BENES]
FL,Bradford,Dual-Eligible (Medicare + Medicaid),Dual-Eligible,Dual-Eligible (Medicare/Medicaid),FIPS 12007,,1215,1215,https://data.cms.gov/summary-statistics-on-beneficiary-enrollment/medicare-and-medicaid-reports/medicare-monthly-enrollment,2026-02,[source: CMS Medicare Monthly Enrollment 2026-02; DUAL_TOT_BENES]
FL,Brevard,Dual-Eligible (Medicare + Medicaid),Dual-Eligible,Dual-Eligible (Medicare/Medicaid),FIPS 12009,,20017,20017,https://data.cms.gov/summary-statistics-on-beneficiary-enrollment/medicare-and-medicaid-reports/medicare-monthly-enrollment,2026-02,[source: CMS Medicare Monthly Enrollment 2026-02; DUAL_TOT_BENES]
FL,Broward,Dual-Eligible (Medicare + Medicaid),Dual-Eligible,Dual-Eligible (Medicare/Medicaid),FIPS 12011,,84376,84376,https://data.cms.gov/summary-statistics-on-beneficiary-enrollment/medicare-and-medicaid-reports/medicare-monthly-enrollment,2026-02,[source: CMS Medicare Monthly Enrollment 2026-02; DUAL_TOT_BENES]
FL,Calhoun,Dual-Eligible (Medicare + Medicaid),Dual-Eligible,Dual-Eligible (Medicare/Medicaid),FIPS 12013,,729,729,https://data.cms.gov/summary-statistics-on-beneficiary-enrollment/medicare-and-medicaid-reports/medicare-monthly-enrollment,2026-02,[source: CMS Medicare Monthly Enrollment 2026-02; DUAL_TOT_BENES]
FL,Charlotte,Dual-Eligible (Medicare + Medicaid),Dual-Eligible,Dual-Eligible (Medicare/Medicaid),FIPS 12015,,6297,6297,https://data.cms.gov/summary-statistics-on-beneficiary-enrollment/medicare-and-medicaid-reports/medicare-monthly-enrollment,2026-02,[source: CMS Medicare Monthly Enrollment 2026-02; DUAL_TOT_BENES]
FL,Citrus,Dual-Eligible (Medicare + Medicaid),Dual-Eligible,Dual-Eligible (Medicare/Medicaid),FIPS 12017,,7580,7580,https://data.cms.gov/summary-statistics-on-beneficiary-enrollment/medicare-and-medicaid-reports/medicare-monthly-enrollment,2026-02,[source: CMS Medicare Monthly Enrollment 2026-02; DUAL_TOT_BENES]
FL,Clay,Dual-Eligible (Medicare + Medicaid),Dual-Eligible,Dual-Eligible (Medicare/Medicaid),FIPS 12019,,5461,5461,https://data.cms.gov/summary-statistics-on-beneficiary-enrollment/medicare-and-medicaid-reports/medicare-monthly-enrollment,2026-02,[source: CMS Medicare Monthly Enrollment 2026-02; DUAL_TOT_BENES]
FL,Collier,Dual-Eligible (Medicare + Medicaid),Dual-Eligible,Dual-Eligible (Medicare/Medicaid),FIPS 12021,,8974,8974,https://data.cms.gov/summary-statistics-on-beneficiary-enrollment/medicare-and-medicaid-reports/medicare-monthly-enrollment,2026-02,[source: CMS Medicare Monthly Enrollment 2026-02; DUAL_TOT_BENES]
FL,Columbia,Dual-Eligible (Medicare + Medicaid),Dual-Eligible,Dual-Eligible (Medicare/Medicaid),FIPS 12023,,3952,3952,https://data.cms.gov/summary-statistics-on-beneficiary-enrollment/medicare-and-medicaid-reports/medicare-monthly-enrollment,2026-02,[source: CMS Medicare Monthly Enrollment 2026-02; DUAL_TOT_BENES]
FL,DeSoto,Dual-Eligible (Medicare + Medicaid),Dual-Eligible,Dual-Eligible (Medicare/Medicaid),FIPS 12027,,1473,1473,https://data.cms.gov/summary-statistics-on-beneficiary-enrollment/medicare-and-medicaid-reports/medicare-monthly-enrollment,2026-02,[source: CMS Medicare Monthly Enrollment 2026-02; DUAL_TOT_BENES]
FL,Dixie,Dual-Eligible (Medicare + Medicaid),Dual-Eligible,Dual-Eligible (Medicare/Medicaid),FIPS 12029,,1151,1151,https://data.cms.gov/summary-statistics-on-beneficiary-enrollment/medicare-and-medicaid-reports/medicare-monthly-enrollment,2026-02,[source: CMS Medicare Monthly Enrollment 2026-02; DUAL_TOT_BENES]
FL,Duval,Dual-Eligible (Medicare + Medicaid),Dual-Eligible,Dual-Eligible (Medicare/Medicaid),FIPS 12031,,36711,36711,https://data.cms.gov/summary-statistics-on-beneficiary-enrollment/medicare-and-medicaid-reports/medicare-monthly-enrollment,2026-02,[source: CMS Medicare Monthly Enrollment 2026-02; DUAL_TOT_BENES]
FL,Escambia,Dual-Eligible (Medicare + Medicaid),Dual-Eligible,Dual-Eligible (Medicare/Medicaid),FIPS 12033,,13039,13039,https://data.cms.gov/summary-statistics-on-beneficiary-enrollment/medicare-and-medicaid-reports/medicare-monthly-enrollment,2026-02,[source: CMS Medicare Monthly Enrollment 2026-02; DUAL_TOT_BENES]
FL,Flagler,Dual-Eligible (Medicare + Medicaid),Dual-Eligible,Dual-Eligible (Medicare/Medicaid),FIPS 12035,,3788,3788,https://data.cms.gov/summary-statistics-on-beneficiary-enrollment/medicare-and-medicaid-reports/medicare-monthly-enrollment,2026-02,[source: CMS Medicare Monthly Enrollment 2026-02; DUAL_TOT_BENES]
FL,Franklin,Dual-Eligible (Medicare + Medicaid),Dual-Eligible,Dual-Eligible (Medicare/Medicaid),FIPS 12037,,466,466,https://data.cms.gov/summary-statistics-on-beneficiary-enrollment/medicare-and-medicaid-reports/medicare-monthly-enrollment,2026-02,[source: CMS Medicare Monthly Enrollment 2026-02; DUAL_TOT_BENES]
FL,Gadsden,Dual-Eligible (Medicare + Medicaid),Dual-Eligible,Dual-Eligible (Medicare/Medicaid),FIPS 12039,,2659,2659,https://data.cms.gov/summary-statistics-on-beneficiary-enrollment/medicare-and-medicaid-reports/medicare-monthly-enrollment,2026-02,[source: CMS Medicare Monthly Enrollment 2026-02; DUAL_TOT_BENES]
FL,Gilchrist,Dual-Eligible (Medicare + Medicaid),Dual-Eligible,Dual-Eligible (Medicare/Medicaid),FIPS 12041,,832,832,https://data.cms.gov/summary-statistics-on-beneficiary-enrollment/medicare-and-medicaid-reports/medicare-monthly-enrollment,2026-02,[source: CMS Medicare Monthly Enrollment 2026-02; DUAL_TOT_BENES]
FL,Glades,Dual-Eligible (Medicare + Medicaid),Dual-Eligible,Dual-Eligible (Medicare/Medicaid),FIPS 12043,,420,420,https://data.cms.gov/summary-statistics-on-beneficiary-enrollment/medicare-and-medicaid-reports/medicare-monthly-enrollment,2026-02,[source: CMS Medicare Monthly Enrollment 2026-02; DUAL_TOT_BENES]
FL,Gulf,Dual-Eligible (Medicare + Medicaid),Dual-Eligible,Dual-Eligible (Medicare/Medicaid),FIPS 12045,,638,638,https://data.cms.gov/summary-statistics-on-beneficiary-enrollment/medicare-and-medicaid-reports/medicare-monthly-enrollment,2026-02,[source: CMS Medicare Monthly Enrollment 2026-02; DUAL_TOT_BENES]
FL,Hamilton,Dual-Eligible (Medicare + Medicaid),Dual-Eligible,Dual-Eligible (Medicare/Medicaid),FIPS 12047,,816,816,https://data.cms.gov/summary-statistics-on-beneficiary-enrollment/medicare-and-medicaid-reports/medicare-monthly-enrollment,2026-02,[source: CMS Medicare Monthly Enrollment 2026-02; DUAL_TOT_BENES]
FL,Hardee,Dual-Eligible (Medicare + Medicaid),Dual-Eligible,Dual-Eligible (Medicare/Medicaid),FIPS 12049,,1234,1234,https://data.cms.gov/summary-statistics-on-beneficiary-enrollment/medicare-and-medicaid-reports/medicare-monthly-enrollment,2026-02,[source: CMS Medicare Monthly Enrollment 2026-02; DUAL_TOT_BENES]
FL,Hendry,Dual-Eligible (Medicare + Medicaid),Dual-Eligible,Dual-Eligible (Medicare/Medicaid),FIPS 12051,,2293,2293,https://data.cms.gov/summary-statistics-on-beneficiary-enrollment/medicare-and-medicaid-reports/medicare-monthly-enrollment,2026-02,[source: CMS Medicare Monthly Enrollment 2026-02; DUAL_TOT_BENES]
FL,Hernando,Dual-Eligible (Medicare + Medicaid),Dual-Eligible,Dual-Eligible (Medicare/Medicaid),FIPS 12053,,8301,8301,https://data.cms.gov/summary-statistics-on-beneficiary-enrollment/medicare-and-medicaid-reports/medicare-monthly-enrollment,2026-02,[source: CMS Medicare Monthly Enrollment 2026-02; DUAL_TOT_BENES]
FL,Highlands,Dual-Eligible (Medicare + Medicaid),Dual-Eligible,Dual-Eligible (Medicare/Medicaid),FIPS 12055,,5906,5906,https://data.cms.gov/summary-statistics-on-beneficiary-enrollment/medicare-and-medicaid-reports/medicare-monthly-enrollment,2026-02,[source: CMS Medicare Monthly Enrollment 2026-02; DUAL_TOT_BENES]
FL,Hillsborough,Dual-Eligible (Medicare + Medicaid),Dual-Eligible,Dual-Eligible (Medicare/Medicaid),FIPS 12057,,56679,56679,https://data.cms.gov/summary-statistics-on-beneficiary-enrollment/medicare-and-medicaid-reports/medicare-monthly-enrollment,2026-02,[source: CMS Medicare Monthly Enrollment 2026-02; DUAL_TOT_BENES]
FL,Holmes,Dual-Eligible (Medicare + Medicaid),Dual-Eligible,Dual-Eligible (Medicare/Medicaid),FIPS 12059,,1167,1167,https://data.cms.gov/summary-statistics-on-beneficiary-enrollment/medicare-and-medicaid-reports/medicare-monthly-enrollment,2026-02,[source: CMS Medicare Monthly Enrollment 2026-02; DUAL_TOT_BENES]
FL,Indian River,Dual-Eligible (Medicare + Medicaid),Dual-Eligible,Dual-Eligible (Medicare/Medicaid),FIPS 12061,,5553,5553,https://data.cms.gov/summary-statistics-on-beneficiary-enrollment/medicare-and-medicaid-reports/medicare-monthly-enrollment,2026-02,[source: CMS Medicare Monthly Enrollment 2026-02; DUAL_TOT_BENES]
FL,Jackson,Dual-Eligible (Medicare + Medicaid),Dual-Eligible,Dual-Eligible (Medicare/Medicaid),FIPS 12063,,2603,2603,https://data.cms.gov/summary-statistics-on-beneficiary-enrollment/medicare-and-medicaid-reports/medicare-monthly-enrollment,2026-02,[source: CMS Medicare Monthly Enrollment 2026-02; DUAL_TOT_BENES]
FL,Jefferson,Dual-Eligible (Medicare + Medicaid),Dual-Eligible,Dual-Eligible (Medicare/Medicaid),FIPS 12065,,700,700,https://data.cms.gov/summary-statistics-on-beneficiary-enrollment/medicare-and-medicaid-reports/medicare-monthly-enrollment,2026-02,[source: CMS Medicare Monthly Enrollment 2026-02; DUAL_TOT_BENES]
FL,Lafayette,Dual-Eligible (Medicare + Medicaid),Dual-Eligible,Dual-Eligible (Medicare/Medicaid),FIPS 12067,,300,300,https://data.cms.gov/summary-statistics-on-beneficiary-enrollment/medicare-and-medicaid-reports/medicare-monthly-enrollment,2026-02,[source: CMS Medicare Monthly Enrollment 2026-02; DUAL_TOT_BENES]
FL,Lake,Dual-Eligible (Medicare + Medicaid),Dual-Eligible,Dual-Eligible (Medicare/Medicaid),FIPS 12069,,13764,13764,https://data.cms.gov/summary-statistics-on-beneficiary-enrollment/medicare-and-medicaid-reports/medicare-monthly-enrollment,2026-02,[source: CMS Medicare Monthly Enrollment 2026-02; DUAL_TOT_BENES]
FL,Lee,Dual-Eligible (Medicare + Medicaid),Dual-Eligible,Dual-Eligible (Medicare/Medicaid),FIPS 12071,,23824,23824,https://data.cms.gov/summary-statistics-on-beneficiary-enrollment/medicare-and-medicaid-reports/medicare-monthly-enrollment,2026-02,[source: CMS Medicare Monthly Enrollment 2026-02; DUAL_TOT_BENES]
FL,Leon,Dual-Eligible (Medicare + Medicaid),Dual-Eligible,Dual-Eligible (Medicare/Medicaid),FIPS 12073,,7139,7139,https://data.cms.gov/summary-statistics-on-beneficiary-enrollment/medicare-and-medicaid-reports/medicare-monthly-enrollment,2026-02,[source: CMS Medicare Monthly Enrollment 2026-02; DUAL_TOT_BENES]
FL,Levy,Dual-Eligible (Medicare + Medicaid),Dual-Eligible,Dual-Eligible (Medicare/Medicaid),FIPS 12075,,2617,2617,https://data.cms.gov/summary-statistics-on-beneficiary-enrollment/medicare-and-medicaid-reports/medicare-monthly-enrollment,2026-02,[source: CMS Medicare Monthly Enrollment 2026-02; DUAL_TOT_BENES]
FL,Liberty,Dual-Eligible (Medicare + Medicaid),Dual-Eligible,Dual-Eligible (Medicare/Medicaid),FIPS 12077,,352,352,https://data.cms.gov/summary-statistics-on-beneficiary-enrollment/medicare-and-medicaid-reports/medicare-monthly-enrollment,2026-02,[source: CMS Medicare Monthly Enrollment 2026-02; DUAL_TOT_BENES]
FL,Madison,Dual-Eligible (Medicare + Medicaid),Dual-Eligible,Dual-Eligible (Medicare/Medicaid),FIPS 12079,,1089,1089,https://data.cms.gov/summary-statistics-on-beneficiary-enrollment/medicare-and-medicaid-reports/medicare-monthly-enrollment,2026-02,[source: CMS Medicare Monthly Enrollment 2026-02; DUAL_TOT_BENES]
FL,Manatee,Dual-Eligible (Medicare + Medicaid),Dual-Eligible,Dual-Eligible (Medicare/Medicaid),FIPS 12081,,10419,10419,https://data.cms.gov/summary-statistics-on-beneficiary-enrollment/medicare-and-medicaid-reports/medicare-monthly-enrollment,2026-02,[source: CMS Medicare Monthly Enrollment 2026-02; DUAL_TOT_BENES]
FL,Marion,Dual-Eligible (Medicare + Medicaid),Dual-Eligible,Dual-Eligible (Medicare/Medicaid),FIPS 12083,,18540,18540,https://data.cms.gov/summary-statistics-on-beneficiary-enrollment/medicare-and-medicaid-reports/medicare-monthly-enrollment,2026-02,[source: CMS Medicare Monthly Enrollment 2026-02; DUAL_TOT_BENES]
FL,Martin,Dual-Eligible (Medicare + Medicaid),Dual-Eligible,Dual-Eligible (Medicare/Medicaid),FIPS 12085,,3514,3514,https://data.cms.gov/summary-statistics-on-beneficiary-enrollment/medicare-and-medicaid-reports/medicare-monthly-enrollment,2026-02,[source: CMS Medicare Monthly Enrollment 2026-02; DUAL_TOT_BENES]
FL,Miami-Dade,Dual-Eligible (Medicare + Medicaid),Dual-Eligible,Dual-Eligible (Medicare/Medicaid),FIPS 12086,,226504,226504,https://data.cms.gov/summary-statistics-on-beneficiary-enrollment/medicare-and-medicaid-reports/medicare-monthly-enrollment,2026-02,[source: CMS Medicare Monthly Enrollment 2026-02; DUAL_TOT_BENES]
FL,Monroe,Dual-Eligible (Medicare + Medicaid),Dual-Eligible,Dual-Eligible (Medicare/Medicaid),FIPS 12087,,2069,2069,https://data.cms.gov/summary-statistics-on-beneficiary-enrollment/medicare-and-medicaid-reports/medicare-monthly-enrollment,2026-02,[source: CMS Medicare Monthly Enrollment 2026-02; DUAL_TOT_BENES]
FL,Nassau,Dual-Eligible (Medicare + Medicaid),Dual-Eligible,Dual-Eligible (Medicare/Medicaid),FIPS 12089,,2284,2284,https://data.cms.gov/summary-statistics-on-beneficiary-enrollment/medicare-and-medicaid-reports/medicare-monthly-enrollment,2026-02,[source: CMS Medicare Monthly Enrollment 2026-02; DUAL_TOT_BENES]
FL,Okaloosa,Dual-Eligible (Medicare + Medicaid),Dual-Eligible,Dual-Eligible (Medicare/Medicaid),FIPS 12091,,4834,4834,https://data.cms.gov/summary-statistics-on-beneficiary-enrollment/medicare-and-medicaid-reports/medicare-monthly-enrollment,2026-02,[source: CMS Medicare Monthly Enrollment 2026-02; DUAL_TOT_BENES]
FL,Okeechobee,Dual-Eligible (Medicare + Medicaid),Dual-Eligible,Dual-Eligible (Medicare/Medicaid),FIPS 12093,,2021,2021,https://data.cms.gov/summary-statistics-on-beneficiary-enrollment/medicare-and-medicaid-reports/medicare-monthly-enrollment,2026-02,[source: CMS Medicare Monthly Enrollment 2026-02; DUAL_TOT_BENES]
FL,Orange,Dual-Eligible (Medicare + Medicaid),Dual-Eligible,Dual-Eligible (Medicare/Medicaid),FIPS 12095,,51009,51009,https://data.cms.gov/summary-statistics-on-beneficiary-enrollment/medicare-and-medicaid-reports/medicare-monthly-enrollment,2026-02,[source: CMS Medicare Monthly Enrollment 2026-02; DUAL_TOT_BENES]
FL,Osceola,Dual-Eligible (Medicare + Medicaid),Dual-Eligible,Dual-Eligible (Medicare/Medicaid),FIPS 12097,,21233,21233,https://data.cms.gov/summary-statistics-on-beneficiary-enrollment/medicare-and-medicaid-reports/medicare-monthly-enrollment,2026-02,[source: CMS Medicare Monthly Enrollment 2026-02; DUAL_TOT_BENES]
FL,Palm Beach,Dual-Eligible (Medicare + Medicaid),Dual-Eligible,Dual-Eligible (Medicare/Medicaid),FIPS 12099,,47839,47839,https://data.cms.gov/summary-statistics-on-beneficiary-enrollment/medicare-and-medicaid-reports/medicare-monthly-enrollment,2026-02,[source: CMS Medicare Monthly Enrollment 2026-02; DUAL_TOT_BENES]
FL,Pasco,Dual-Eligible (Medicare + Medicaid),Dual-Eligible,Dual-Eligible (Medicare/Medicaid),FIPS 12101,,23641,23641,https://data.cms.gov/summary-statistics-on-beneficiary-enrollment/medicare-and-medicaid-reports/medicare-monthly-enrollment,2026-02,[source: CMS Medicare Monthly Enrollment 2026-02; DUAL_TOT_BENES]
FL,Pinellas,Dual-Eligible (Medicare + Medicaid),Dual-Eligible,Dual-Eligible (Medicare/Medicaid),FIPS 12103,,36182,36182,https://data.cms.gov/summary-statistics-on-beneficiary-enrollment/medicare-and-medicaid-reports/medicare-monthly-enrollment,2026-02,[source: CMS Medicare Monthly Enrollment 2026-02; DUAL_TOT_BENES]
FL,Polk,Dual-Eligible (Medicare + Medicaid),Dual-Eligible,Dual-Eligible (Medicare/Medicaid),FIPS 12105,,36471,36471,https://data.cms.gov/summary-statistics-on-beneficiary-enrollment/medicare-and-medicaid-reports/medicare-monthly-enrollment,2026-02,[source: CMS Medicare Monthly Enrollment 2026-02; DUAL_TOT_BENES]
FL,Putnam,Dual-Eligible (Medicare + Medicaid),Dual-Eligible,Dual-Eligible (Medicare/Medicaid),FIPS 12107,,4586,4586,https://data.cms.gov/summary-statistics-on-beneficiary-enrollment/medicare-and-medicaid-reports/medicare-monthly-enrollment,2026-02,[source: CMS Medicare Monthly Enrollment 2026-02; DUAL_TOT_BENES]
FL,Santa Rosa,Dual-Eligible (Medicare + Medicaid),Dual-Eligible,Dual-Eligible (Medicare/Medicaid),FIPS 12113,,4413,4413,https://data.cms.gov/summary-statistics-on-beneficiary-enrollment/medicare-and-medicaid-reports/medicare-monthly-enrollment,2026-02,[source: CMS Medicare Monthly Enrollment 2026-02; DUAL_TOT_BENES]
FL,Sarasota,Dual-Eligible (Medicare + Medicaid),Dual-Eligible,Dual-Eligible (Medicare/Medicaid),FIPS 12115,,11125,11125,https://data.cms.gov/summary-statistics-on-beneficiary-enrollment/medicare-and-medicaid-reports/medicare-monthly-enrollment,2026-02,[source: CMS Medicare Monthly Enrollment 2026-02; DUAL_TOT_BENES]
FL,Seminole,Dual-Eligible (Medicare + Medicaid),Dual-Eligible,Dual-Eligible (Medicare/Medicaid),FIPS 12117,,12254,12254,https://data.cms.gov/summary-statistics-on-beneficiary-enrollment/medicare-and-medicaid-reports/medicare-monthly-enrollment,2026-02,[source: CMS Medicare Monthly Enrollment 2026-02; DUAL_TOT_BENES]
FL,St. Johns,Dual-Eligible (Medicare + Medicaid),Dual-Eligible,Dual-Eligible (Medicare/Medicaid),FIPS 12109,,4901,4901,https://data.cms.gov/summary-statistics-on-beneficiary-enrollment/medicare-and-medicaid-reports/medicare-monthly-enrollment,2026-02,[source: CMS Medicare Monthly Enrollment 2026-02; DUAL_TOT_BENES]
FL,St. Lucie,Dual-Eligible (Medicare + Medicaid),Dual-Eligible,Dual-Eligible (Medicare/Medicaid),FIPS 12111,,13178,13178,https://data.cms.gov/summary-statistics-on-beneficiary-enrollment/medicare-and-medicaid-reports/medicare-monthly-enrollment,2026-02,[source: CMS Medicare Monthly Enrollment 2026-02; DUAL_TOT_BENES]
FL,Sumter,Dual-Eligible (Medicare + Medicaid),Dual-Eligible,Dual-Eligible (Medicare/Medicaid),FIPS 12119,,3489,3489,https://data.cms.gov/summary-statistics-on-beneficiary-enrollment/medicare-and-medicaid-reports/medicare-monthly-enrollment,2026-02,[source: CMS Medicare Monthly Enrollment 2026-02; DUAL_TOT_BENES]
FL,Suwannee,Dual-Eligible (Medicare + Medicaid),Dual-Eligible,Dual-Eligible (Medicare/Medicaid),FIPS 12121,,2515,2515,https://data.cms.gov/summary-statistics-on-beneficiary-enrollment/medicare-and-medicaid-reports/medicare-monthly-enrollment,2026-02,[source: CMS Medicare Monthly Enrollment 2026-02; DUAL_TOT_BENES]
FL,Taylor,Dual-Eligible (Medicare + Medicaid),Dual-Eligible,Dual-Eligible (Medicare/Medicaid),FIPS 12123,,988,988,https://data.cms.gov/summary-statistics-on-beneficiary-enrollment/medicare-and-medicaid-reports/medicare-monthly-enrollment,2026-02,[source: CMS Medicare Monthly Enrollment 2026-02; DUAL_TOT_BENES]
FL,Union,Dual-Eligible (Medicare + Medicaid),Dual-Eligible,Dual-Eligible (Medicare/Medicaid),FIPS 12125,,499,499,https://data.cms.gov/summary-statistics-on-beneficiary-enrollment/medicare-and-medicaid-reports/medicare-monthly-enrollment,2026-02,[source: CMS Medicare Monthly Enrollment 2026-02; DUAL_TOT_BENES]
FL,Volusia,Dual-Eligible (Medicare + Medicaid),Dual-Eligible,Dual-Eligible (Medicare/Medicaid),FIPS 12127,,22690,22690,https://data.cms.gov/summary-statistics-on-beneficiary-enrollment/medicare-and-medicaid-reports/medicare-monthly-enrollment,2026-02,[source: CMS Medicare Monthly Enrollment 2026-02; DUAL_TOT_BENES]
FL,Wakulla,Dual-Eligible (Medicare + Medicaid),Dual-Eligible,Dual-Eligible (Medicare/Medicaid),FIPS 12129,,1017,1017,https://data.cms.gov/summary-statistics-on-beneficiary-enrollment/medicare-and-medicaid-reports/medicare-monthly-enrollment,2026-02,[source: CMS Medicare Monthly Enrollment 2026-02; DUAL_TOT_BENES]
FL,Walton,Dual-Eligible (Medicare + Medicaid),Dual-Eligible,Dual-Eligible (Medicare/Medicaid),FIPS 12131,,1903,1903,https://data.cms.gov/summary-statistics-on-beneficiary-enrollment/medicare-and-medicaid-reports/medicare-monthly-enrollment,2026-02,[source: CMS Medicare Monthly Enrollment 2026-02; DUAL_TOT_BENES]
FL,Washington,Dual-Eligible (Medicare + Medicaid),Dual-Eligible,Dual-Eligible (Medicare/Medicaid),FIPS 12133,,1267,1267,https://data.cms.gov/summary-statistics-on-beneficiary-enrollment/medicare-and-medicaid-reports/medicare-monthly-enrollment,2026-02,[source: CMS Medicare Monthly Enrollment 2026-02; DUAL_TOT_BENES]
GA,Appling,Dual-Eligible (Medicare + Medicaid),Dual-Eligible,Dual-Eligible (Medicare/Medicaid),FIPS 13001,,1071,1071,https://data.cms.gov/summary-statistics-on-beneficiary-enrollment/medicare-and-medicaid-reports/medicare-monthly-enrollment,2026-02,[source: CMS Medicare Monthly Enrollment 2026-02; DUAL_TOT_BENES]
GA,Atkinson,Dual-Eligible (Medicare + Medicaid),Dual-Eligible,Dual-Eligible (Medicare/Medicaid),FIPS 13003,,528,528,https://data.cms.gov/summary-statistics-on-beneficiary-enrollment/medicare-and-medicaid-reports/medicare-monthly-enrollment,2026-02,[source: CMS Medicare Monthly Enrollment 2026-02; DUAL_TOT_BENES]
GA,Bacon,Dual-Eligible (Medicare + Medicaid),Dual-Eligible,Dual-Eligible (Medicare/Medicaid),FIPS 13005,,595,595,https://data.cms.gov/summary-statistics-on-beneficiary-enrollment/medicare-and-medicaid-reports/medicare-monthly-enrollment,2026-02,[source: CMS Medicare Monthly Enrollment 2026-02; DUAL_TOT_BENES]
GA,Baker,Dual-Eligible (Medicare + Medicaid),Dual-Eligible,Dual-Eligible (Medicare/Medicaid),FIPS 13007,,238,238,https://data.cms.gov/summary-statistics-on-beneficiary-enrollment/medicare-and-medicaid-reports/medicare-monthly-enrollment,2026-02,[source: CMS Medicare Monthly Enrollment 2026-02; DUAL_TOT_BENES]
GA,Baldwin,Dual-Eligible (Medicare + Medicaid),Dual-Eligible,Dual-Eligible (Medicare/Medicaid),FIPS 13009,,2132,2132,https://data.cms.gov/summary-statistics-on-beneficiary-enrollment/medicare-and-medicaid-reports/medicare-monthly-enrollment,2026-02,[source: CMS Medicare Monthly Enrollment 2026-02; DUAL_TOT_BENES]
GA,Banks,Dual-Eligible (Medicare + Medicaid),Dual-Eligible,Dual-Eligible (Medicare/Medicaid),FIPS 13011,,953,953,https://data.cms.gov/summary-statistics-on-beneficiary-enrollment/medicare-and-medicaid-reports/medicare-monthly-enrollment,2026-02,[source: CMS Medicare Monthly Enrollment 2026-02; DUAL_TOT_BENES]
GA,Barrow,Dual-Eligible (Medicare + Medicaid),Dual-Eligible,Dual-Eligible (Medicare/Medicaid),FIPS 13013,,3108,3108,https://data.cms.gov/summary-statistics-on-beneficiary-enrollment/medicare-and-medicaid-reports/medicare-monthly-enrollment,2026-02,[source: CMS Medicare Monthly Enrollment 2026-02; DUAL_TOT_BENES]
GA,Bartow,Dual-Eligible (Medicare + Medicaid),Dual-Eligible,Dual-Eligible (Medicare/Medicaid),FIPS 13015,,3790,3790,https://data.cms.gov/summary-statistics-on-beneficiary-enrollment/medicare-and-medicaid-reports/medicare-monthly-enrollment,2026-02,[source: CMS Medicare Monthly Enrollment 2026-02; DUAL_TOT_BENES]
GA,Ben Hill,Dual-Eligible (Medicare + Medicaid),Dual-Eligible,Dual-Eligible (Medicare/Medicaid),FIPS 13017,,1332,1332,https://data.cms.gov/summary-statistics-on-beneficiary-enrollment/medicare-and-medicaid-reports/medicare-monthly-enrollment,2026-02,[source: CMS Medicare Monthly Enrollment 2026-02; DUAL_TOT_BENES]
GA,Berrien,Dual-Eligible (Medicare + Medicaid),Dual-Eligible,Dual-Eligible (Medicare/Medicaid),FIPS 13019,,1289,1289,https://data.cms.gov/summary-statistics-on-beneficiary-enrollment/medicare-and-medicaid-reports/medicare-monthly-enrollment,2026-02,[source: CMS Medicare Monthly Enrollment 2026-02; DUAL_TOT_BENES]
GA,Bibb,Dual-Eligible (Medicare + Medicaid),Dual-Eligible,Dual-Eligible (Medicare/Medicaid),FIPS 13021,,9632,9632,https://data.cms.gov/summary-statistics-on-beneficiary-enrollment/medicare-and-medicaid-reports/medicare-monthly-enrollment,2026-02,[source: CMS Medicare Monthly Enrollment 2026-02; DUAL_TOT_BENES]
GA,Bleckley,Dual-Eligible (Medicare + Medicaid),Dual-Eligible,Dual-Eligible (Medicare/Medicaid),FIPS 13023,,651,651,https://data.cms.gov/summary-statistics-on-beneficiary-enrollment/medicare-and-medicaid-reports/medicare-monthly-enrollment,2026-02,[source: CMS Medicare Monthly Enrollment 2026-02; DUAL_TOT_BENES]
GA,Brantley,Dual-Eligible (Medicare + Medicaid),Dual-Eligible,Dual-Eligible (Medicare/Medicaid),FIPS 13025,,916,916,https://data.cms.gov/summary-statistics-on-beneficiary-enrollment/medicare-and-medicaid-reports/medicare-monthly-enrollment,2026-02,[source: CMS Medicare Monthly Enrollment 2026-02; DUAL_TOT_BENES]
GA,Brooks,Dual-Eligible (Medicare + Medicaid),Dual-Eligible,Dual-Eligible (Medicare/Medicaid),FIPS 13027,,1185,1185,https://data.cms.gov/summary-statistics-on-beneficiary-enrollment/medicare-and-medicaid-reports/medicare-monthly-enrollment,2026-02,[source: CMS Medicare Monthly Enrollment 2026-02; DUAL_TOT_BENES]
GA,Bryan,Dual-Eligible (Medicare + Medicaid),Dual-Eligible,Dual-Eligible (Medicare/Medicaid),FIPS 13029,,1155,1155,https://data.cms.gov/summary-statistics-on-beneficiary-enrollment/medicare-and-medicaid-reports/medicare-monthly-enrollment,2026-02,[source: CMS Medicare Monthly Enrollment 2026-02; DUAL_TOT_BENES]
GA,Bulloch,Dual-Eligible (Medicare + Medicaid),Dual-Eligible,Dual-Eligible (Medicare/Medicaid),FIPS 13031,,2717,2717,https://data.cms.gov/summary-statistics-on-beneficiary-enrollment/medicare-and-medicaid-reports/medicare-monthly-enrollment,2026-02,[source: CMS Medicare Monthly Enrollment 2026-02; DUAL_TOT_BENES]
GA,Burke,Dual-Eligible (Medicare + Medicaid),Dual-Eligible,Dual-Eligible (Medicare/Medicaid),FIPS 13033,,1553,1553,https://data.cms.gov/summary-statistics-on-beneficiary-enrollment/medicare-and-medicaid-reports/medicare-monthly-enrollment,2026-02,[source: CMS Medicare Monthly Enrollment 2026-02; DUAL_TOT_BENES]
GA,Butts,Dual-Eligible (Medicare + Medicaid),Dual-Eligible,Dual-Eligible (Medicare/Medicaid),FIPS 13035,,1261,1261,https://data.cms.gov/summary-statistics-on-beneficiary-enrollment/medicare-and-medicaid-reports/medicare-monthly-enrollment,2026-02,[source: CMS Medicare Monthly Enrollment 2026-02; DUAL_TOT_BENES]
GA,Calhoun,Dual-Eligible (Medicare + Medicaid),Dual-Eligible,Dual-Eligible (Medicare/Medicaid),FIPS 13037,,450,450,https://data.cms.gov/summary-statistics-on-beneficiary-enrollment/medicare-and-medicaid-reports/medicare-monthly-enrollment,2026-02,[source: CMS Medicare Monthly Enrollment 2026-02; DUAL_TOT_BENES]
GA,Camden,Dual-Eligible (Medicare + Medicaid),Dual-Eligible,Dual-Eligible (Medicare/Medicaid),FIPS 13039,,1540,1540,https://data.cms.gov/summary-statistics-on-beneficiary-enrollment/medicare-and-medicaid-reports/medicare-monthly-enrollment,2026-02,[source: CMS Medicare Monthly Enrollment 2026-02; DUAL_TOT_BENES]
GA,Candler,Dual-Eligible (Medicare + Medicaid),Dual-Eligible,Dual-Eligible (Medicare/Medicaid),FIPS 13043,,703,703,https://data.cms.gov/summary-statistics-on-beneficiary-enrollment/medicare-and-medicaid-reports/medicare-monthly-enrollment,2026-02,[source: CMS Medicare Monthly Enrollment 2026-02; DUAL_TOT_BENES]
GA,Carroll,Dual-Eligible (Medicare + Medicaid),Dual-Eligible,Dual-Eligible (Medicare/Medicaid),FIPS 13045,,5050,5050,https://data.cms.gov/summary-statistics-on-beneficiary-enrollment/medicare-and-medicaid-reports/medicare-monthly-enrollment,2026-02,[source: CMS Medicare Monthly Enrollment 2026-02; DUAL_TOT_BENES]
GA,Catoosa,Dual-Eligible (Medicare + Medicaid),Dual-Eligible,Dual-Eligible (Medicare/Medicaid),FIPS 13047,,1967,1967,https://data.cms.gov/summary-statistics-on-beneficiary-enrollment/medicare-and-medicaid-reports/medicare-monthly-enrollment,2026-02,[source: CMS Medicare Monthly Enrollment 2026-02; DUAL_TOT_BENES]
GA,Charlton,Dual-Eligible (Medicare + Medicaid),Dual-Eligible,Dual-Eligible (Medicare/Medicaid),FIPS 13049,,605,605,https://data.cms.gov/summary-statistics-on-beneficiary-enrollment/medicare-and-medicaid-reports/medicare-monthly-enrollment,2026-02,[source: CMS Medicare Monthly Enrollment 2026-02; DUAL_TOT_BENES]
GA,Chatham,Dual-Eligible (Medicare + Medicaid),Dual-Eligible,Dual-Eligible (Medicare/Medicaid),FIPS 13051,,9643,9643,https://data.cms.gov/summary-statistics-on-beneficiary-enrollment/medicare-and-medicaid-reports/medicare-monthly-enrollment,2026-02,[source: CMS Medicare Monthly Enrollment 2026-02; DUAL_TOT_BENES]
GA,Chattahoochee,Dual-Eligible (Medicare + Medicaid),Dual-Eligible,Dual-Eligible (Medicare/Medicaid),FIPS 13053,,195,195,https://data.cms.gov/summary-statistics-on-beneficiary-enrollment/medicare-and-medicaid-reports/medicare-monthly-enrollment,2026-02,[source: CMS Medicare Monthly Enrollment 2026-02; DUAL_TOT_BENES]
GA,Chattooga,Dual-Eligible (Medicare + Medicaid),Dual-Eligible,Dual-Eligible (Medicare/Medicaid),FIPS 13055,,1719,1719,https://data.cms.gov/summary-statistics-on-beneficiary-enrollment/medicare-and-medicaid-reports/medicare-monthly-enrollment,2026-02,[source: CMS Medicare Monthly Enrollment 2026-02; DUAL_TOT_BENES]
GA,Cherokee,Dual-Eligible (Medicare + Medicaid),Dual-Eligible,Dual-Eligible (Medicare/Medicaid),FIPS 13057,,4300,4300,https://data.cms.gov/summary-statistics-on-beneficiary-enrollment/medicare-and-medicaid-reports/medicare-monthly-enrollment,2026-02,[source: CMS Medicare Monthly Enrollment 2026-02; DUAL_TOT_BENES]
GA,Clarke,Dual-Eligible (Medicare + Medicaid),Dual-Eligible,Dual-Eligible (Medicare/Medicaid),FIPS 13059,,3924,3924,https://data.cms.gov/summary-statistics-on-beneficiary-enrollment/medicare-and-medicaid-reports/medicare-monthly-enrollment,2026-02,[source: CMS Medicare Monthly Enrollment 2026-02; DUAL_TOT_BENES]
GA,Clay,Dual-Eligible (Medicare + Medicaid),Dual-Eligible,Dual-Eligible (Medicare/Medicaid),FIPS 13061,,263,263,https://data.cms.gov/summary-statistics-on-beneficiary-enrollment/medicare-and-medicaid-reports/medicare-monthly-enrollment,2026-02,[source: CMS Medicare Monthly Enrollment 2026-02; DUAL_TOT_BENES]
GA,Clayton,Dual-Eligible (Medicare + Medicaid),Dual-Eligible,Dual-Eligible (Medicare/Medicaid),FIPS 13063,,10664,10664,https://data.cms.gov/summary-statistics-on-beneficiary-enrollment/medicare-and-medicaid-reports/medicare-monthly-enrollment,2026-02,[source: CMS Medicare Monthly Enrollment 2026-02; DUAL_TOT_BENES]
GA,Clinch,Dual-Eligible (Medicare + Medicaid),Dual-Eligible,Dual-Eligible (Medicare/Medicaid),FIPS 13065,,498,498,https://data.cms.gov/summary-statistics-on-beneficiary-enrollment/medicare-and-medicaid-reports/medicare-monthly-enrollment,2026-02,[source: CMS Medicare Monthly Enrollment 2026-02; DUAL_TOT_BENES]
GA,Cobb,Dual-Eligible (Medicare + Medicaid),Dual-Eligible,Dual-Eligible (Medicare/Medicaid),FIPS 13067,,13588,13588,https://data.cms.gov/summary-statistics-on-beneficiary-enrollment/medicare-and-medicaid-reports/medicare-monthly-enrollment,2026-02,[source: CMS Medicare Monthly Enrollment 2026-02; DUAL_TOT_BENES]
GA,Coffee,Dual-Eligible (Medicare + Medicaid),Dual-Eligible,Dual-Eligible (Medicare/Medicaid),FIPS 13069,,2374,2374,https://data.cms.gov/summary-statistics-on-beneficiary-enrollment/medicare-and-medicaid-reports/medicare-monthly-enrollment,2026-02,[source: CMS Medicare Monthly Enrollment 2026-02; DUAL_TOT_BENES]
GA,Colquitt,Dual-Eligible (Medicare + Medicaid),Dual-Eligible,Dual-Eligible (Medicare/Medicaid),FIPS 13071,,2839,2839,https://data.cms.gov/summary-statistics-on-beneficiary-enrollment/medicare-and-medicaid-reports/medicare-monthly-enrollment,2026-02,[source: CMS Medicare Monthly Enrollment 2026-02; DUAL_TOT_BENES]
GA,Columbia,Dual-Eligible (Medicare + Medicaid),Dual-Eligible,Dual-Eligible (Medicare/Medicaid),FIPS 13073,,2900,2900,https://data.cms.gov/summary-statistics-on-beneficiary-enrollment/medicare-and-medicaid-reports/medicare-monthly-enrollment,2026-02,[source: CMS Medicare Monthly Enrollment 2026-02; DUAL_TOT_BENES]
GA,Cook,Dual-Eligible (Medicare + Medicaid),Dual-Eligible,Dual-Eligible (Medicare/Medicaid),FIPS 13075,,1185,1185,https://data.cms.gov/summary-statistics-on-beneficiary-enrollment/medicare-and-medicaid-reports/medicare-monthly-enrollment,2026-02,[source: CMS Medicare Monthly Enrollment 2026-02; DUAL_TOT_BENES]
GA,Coweta,Dual-Eligible (Medicare + Medicaid),Dual-Eligible,Dual-Eligible (Medicare/Medicaid),FIPS 13077,,3505,3505,https://data.cms.gov/summary-statistics-on-beneficiary-enrollment/medicare-and-medicaid-reports/medicare-monthly-enrollment,2026-02,[source: CMS Medicare Monthly Enrollment 2026-02; DUAL_TOT_BENES]
GA,Crawford,Dual-Eligible (Medicare + Medicaid),Dual-Eligible,Dual-Eligible (Medicare/Medicaid),FIPS 13079,,541,541,https://data.cms.gov/summary-statistics-on-beneficiary-enrollment/medicare-and-medicaid-reports/medicare-monthly-enrollment,2026-02,[source: CMS Medicare Monthly Enrollment 2026-02; DUAL_TOT_BENES]
GA,Crisp,Dual-Eligible (Medicare + Medicaid),Dual-Eligible,Dual-Eligible (Medicare/Medicaid),FIPS 13081,,1525,1525,https://data.cms.gov/summary-statistics-on-beneficiary-enrollment/medicare-and-medicaid-reports/medicare-monthly-enrollment,2026-02,[source: CMS Medicare Monthly Enrollment 2026-02; DUAL_TOT_BENES]
GA,Dade,Dual-Eligible (Medicare + Medicaid),Dual-Eligible,Dual-Eligible (Medicare/Medicaid),FIPS 13083,,727,727,https://data.cms.gov/summary-statistics-on-beneficiary-enrollment/medicare-and-medicaid-reports/medicare-monthly-enrollment,2026-02,[source: CMS Medicare Monthly Enrollment 2026-02; DUAL_TOT_BENES]
GA,Dawson,Dual-Eligible (Medicare + Medicaid),Dual-Eligible,Dual-Eligible (Medicare/Medicaid),FIPS 13085,,824,824,https://data.cms.gov/summary-statistics-on-beneficiary-enrollment/medicare-and-medicaid-reports/medicare-monthly-enrollment,2026-02,[source: CMS Medicare Monthly Enrollment 2026-02; DUAL_TOT_BENES]
GA,DeKalb,Dual-Eligible (Medicare + Medicaid),Dual-Eligible,Dual-Eligible (Medicare/Medicaid),FIPS 13089,,23870,23870,https://data.cms.gov/summary-statistics-on-beneficiary-enrollment/medicare-and-medicaid-reports/medicare-monthly-enrollment,2026-02,[source: CMS Medicare Monthly Enrollment 2026-02; DUAL_TOT_BENES]
GA,Decatur,Dual-Eligible (Medicare + Medicaid),Dual-Eligible,Dual-Eligible (Medicare/Medicaid),FIPS 13087,,1686,1686,https://data.cms.gov/summary-statistics-on-beneficiary-enrollment/medicare-and-medicaid-reports/medicare-monthly-enrollment,2026-02,[source: CMS Medicare Monthly Enrollment 2026-02; DUAL_TOT_BENES]
GA,Dodge,Dual-Eligible (Medicare + Medicaid),Dual-Eligible,Dual-Eligible (Medicare/Medicaid),FIPS 13091,,1268,1268,https://data.cms.gov/summary-statistics-on-beneficiary-enrollment/medicare-and-medicaid-reports/medicare-monthly-enrollment,2026-02,[source: CMS Medicare Monthly Enrollment 2026-02; DUAL_TOT_BENES]
GA,Dooly,Dual-Eligible (Medicare + Medicaid),Dual-Eligible,Dual-Eligible (Medicare/Medicaid),FIPS 13093,,735,735,https://data.cms.gov/summary-statistics-on-beneficiary-enrollment/medicare-and-medicaid-reports/medicare-monthly-enrollment,2026-02,[source: CMS Medicare Monthly Enrollment 2026-02; DUAL_TOT_BENES]
GA,Dougherty,Dual-Eligible (Medicare + Medicaid),Dual-Eligible,Dual-Eligible (Medicare/Medicaid),FIPS 13095,,6008,6008,https://data.cms.gov/summary-statistics-on-beneficiary-enrollment/medicare-and-medicaid-reports/medicare-monthly-enrollment,2026-02,[source: CMS Medicare Monthly Enrollment 2026-02; DUAL_TOT_BENES]
GA,Douglas,Dual-Eligible (Medicare + Medicaid),Dual-Eligible,Dual-Eligible (Medicare/Medicaid),FIPS 13097,,4441,4441,https://data.cms.gov/summary-statistics-on-beneficiary-enrollment/medicare-and-medicaid-reports/medicare-monthly-enrollment,2026-02,[source: CMS Medicare Monthly Enrollment 2026-02; DUAL_TOT_BENES]
GA,Early,Dual-Eligible (Medicare + Medicaid),Dual-Eligible,Dual-Eligible (Medicare/Medicaid),FIPS 13099,,807,807,https://data.cms.gov/summary-statistics-on-beneficiary-enrollment/medicare-and-medicaid-reports/medicare-monthly-enrollment,2026-02,[source: CMS Medicare Monthly Enrollment 2026-02; DUAL_TOT_BENES]
GA,Echols,Dual-Eligible (Medicare + Medicaid),Dual-Eligible,Dual-Eligible (Medicare/Medicaid),FIPS 13101,,111,111,https://data.cms.gov/summary-statistics-on-beneficiary-enrollment/medicare-and-medicaid-reports/medicare-monthly-enrollment,2026-02,[source: CMS Medicare Monthly Enrollment 2026-02; DUAL_TOT_BENES]
GA,Effingham,Dual-Eligible (Medicare + Medicaid),Dual-Eligible,Dual-Eligible (Medicare/Medicaid),FIPS 13103,,1676,1676,https://data.cms.gov/summary-statistics-on-beneficiary-enrollment/medicare-and-medicaid-reports/medicare-monthly-enrollment,2026-02,[source: CMS Medicare Monthly Enrollment 2026-02; DUAL_TOT_BENES]
GA,Elbert,Dual-Eligible (Medicare + Medicaid),Dual-Eligible,Dual-Eligible (Medicare/Medicaid),FIPS 13105,,1399,1399,https://data.cms.gov/summary-statistics-on-beneficiary-enrollment/medicare-and-medicaid-reports/medicare-monthly-enrollment,2026-02,[source: CMS Medicare Monthly Enrollment 2026-02; DUAL_TOT_BENES]
GA,Emanuel,Dual-Eligible (Medicare + Medicaid),Dual-Eligible,Dual-Eligible (Medicare/Medicaid),FIPS 13107,,1703,1703,https://data.cms.gov/summary-statistics-on-beneficiary-enrollment/medicare-and-medicaid-reports/medicare-monthly-enrollment,2026-02,[source: CMS Medicare Monthly Enrollment 2026-02; DUAL_TOT_BENES]
GA,Evans,Dual-Eligible (Medicare + Medicaid),Dual-Eligible,Dual-Eligible (Medicare/Medicaid),FIPS 13109,,602,602,https://data.cms.gov/summary-statistics-on-beneficiary-enrollment/medicare-and-medicaid-reports/medicare-monthly-enrollment,2026-02,[source: CMS Medicare Monthly Enrollment 2026-02; DUAL_TOT_BENES]
GA,Fannin,Dual-Eligible (Medicare + Medicaid),Dual-Eligible,Dual-Eligible (Medicare/Medicaid),FIPS 13111,,1270,1270,https://data.cms.gov/summary-statistics-on-beneficiary-enrollment/medicare-and-medicaid-reports/medicare-monthly-enrollment,2026-02,[source: CMS Medicare Monthly Enrollment 2026-02; DUAL_TOT_BENES]
GA,Fayette,Dual-Eligible (Medicare + Medicaid),Dual-Eligible,Dual-Eligible (Medicare/Medicaid),FIPS 13113,,2006,2006,https://data.cms.gov/summary-statistics-on-beneficiary-enrollment/medicare-and-medicaid-reports/medicare-monthly-enrollment,2026-02,[source: CMS Medicare Monthly Enrollment 2026-02; DUAL_TOT_BENES]
GA,Floyd,Dual-Eligible (Medicare + Medicaid),Dual-Eligible,Dual-Eligible (Medicare/Medicaid),FIPS 13115,,4619,4619,https://data.cms.gov/summary-statistics-on-beneficiary-enrollment/medicare-and-medicaid-reports/medicare-monthly-enrollment,2026-02,[source: CMS Medicare Monthly Enrollment 2026-02; DUAL_TOT_BENES]
GA,Forsyth,Dual-Eligible (Medicare + Medicaid),Dual-Eligible,Dual-Eligible (Medicare/Medicaid),FIPS 13117,,2630,2630,https://data.cms.gov/summary-statistics-on-beneficiary-enrollment/medicare-and-medicaid-reports/medicare-monthly-enrollment,2026-02,[source: CMS Medicare Monthly Enrollment 2026-02; DUAL_TOT_BENES]
GA,Franklin,Dual-Eligible (Medicare + Medicaid),Dual-Eligible,Dual-Eligible (Medicare/Medicaid),FIPS 13119,,1424,1424,https://data.cms.gov/summary-statistics-on-beneficiary-enrollment/medicare-and-medicaid-reports/medicare-monthly-enrollment,2026-02,[source: CMS Medicare Monthly Enrollment 2026-02; DUAL_TOT_BENES]
GA,Fulton,Dual-Eligible (Medicare + Medicaid),Dual-Eligible,Dual-Eligible (Medicare/Medicaid),FIPS 13121,,33468,33468,https://data.cms.gov/summary-statistics-on-beneficiary-enrollment/medicare-and-medicaid-reports/medicare-monthly-enrollment,2026-02,[source: CMS Medicare Monthly Enrollment 2026-02; DUAL_TOT_BENES]
GA,Gilmer,Dual-Eligible (Medicare + Medicaid),Dual-Eligible,Dual-Eligible (Medicare/Medicaid),FIPS 13123,,1242,1242,https://data.cms.gov/summary-statistics-on-beneficiary-enrollment/medicare-and-medicaid-reports/medicare-monthly-enrollment,2026-02,[source: CMS Medicare Monthly Enrollment 2026-02; DUAL_TOT_BENES]
GA,Glascock,Dual-Eligible (Medicare + Medicaid),Dual-Eligible,Dual-Eligible (Medicare/Medicaid),FIPS 13125,,183,183,https://data.cms.gov/summary-statistics-on-beneficiary-enrollment/medicare-and-medicaid-reports/medicare-monthly-enrollment,2026-02,[source: CMS Medicare Monthly Enrollment 2026-02; DUAL_TOT_BENES]
GA,Glynn,Dual-Eligible (Medicare + Medicaid),Dual-Eligible,Dual-Eligible (Medicare/Medicaid),FIPS 13127,,3034,3034,https://data.cms.gov/summary-statistics-on-beneficiary-enrollment/medicare-and-medicaid-reports/medicare-monthly-enrollment,2026-02,[source: CMS Medicare Monthly Enrollment 2026-02; DUAL_TOT_BENES]
GA,Gordon,Dual-Eligible (Medicare + Medicaid),Dual-Eligible,Dual-Eligible (Medicare/Medicaid),FIPS 13129,,2619,2619,https://data.cms.gov/summary-statistics-on-beneficiary-enrollment/medicare-and-medicaid-reports/medicare-monthly-enrollment,2026-02,[source: CMS Medicare Monthly Enrollment 2026-02; DUAL_TOT_BENES]
GA,Grady,Dual-Eligible (Medicare + Medicaid),Dual-Eligible,Dual-Eligible (Medicare/Medicaid),FIPS 13131,,1523,1523,https://data.cms.gov/summary-statistics-on-beneficiary-enrollment/medicare-and-medicaid-reports/medicare-monthly-enrollment,2026-02,[source: CMS Medicare Monthly Enrollment 2026-02; DUAL_TOT_BENES]
GA,Greene,Dual-Eligible (Medicare + Medicaid),Dual-Eligible,Dual-Eligible (Medicare/Medicaid),FIPS 13133,,983,983,https://data.cms.gov/summary-statistics-on-beneficiary-enrollment/medicare-and-medicaid-reports/medicare-monthly-enrollment,2026-02,[source: CMS Medicare Monthly Enrollment 2026-02; DUAL_TOT_BENES]
GA,Gwinnett,Dual-Eligible (Medicare + Medicaid),Dual-Eligible,Dual-Eligible (Medicare/Medicaid),FIPS 13135,,23018,23018,https://data.cms.gov/summary-statistics-on-beneficiary-enrollment/medicare-and-medicaid-reports/medicare-monthly-enrollment,2026-02,[source: CMS Medicare Monthly Enrollment 2026-02; DUAL_TOT_BENES]
GA,Habersham,Dual-Eligible (Medicare + Medicaid),Dual-Eligible,Dual-Eligible (Medicare/Medicaid),FIPS 13137,,1997,1997,https://data.cms.gov/summary-statistics-on-beneficiary-enrollment/medicare-and-medicaid-reports/medicare-monthly-enrollment,2026-02,[source: CMS Medicare Monthly Enrollment 2026-02; DUAL_TOT_BENES]
GA,Hall,Dual-Eligible (Medicare + Medicaid),Dual-Eligible,Dual-Eligible (Medicare/Medicaid),FIPS 13139,,5756,5756,https://data.cms.gov/summary-statistics-on-beneficiary-enrollment/medicare-and-medicaid-reports/medicare-monthly-enrollment,2026-02,[source: CMS Medicare Monthly Enrollment 2026-02; DUAL_TOT_BENES]
GA,Hancock,Dual-Eligible (Medicare + Medicaid),Dual-Eligible,Dual-Eligible (Medicare/Medicaid),FIPS 13141,,695,695,https://data.cms.gov/summary-statistics-on-beneficiary-enrollment/medicare-and-medicaid-reports/medicare-monthly-enrollment,2026-02,[source: CMS Medicare Monthly Enrollment 2026-02; DUAL_TOT_BENES]
GA,Haralson,Dual-Eligible (Medicare + Medicaid),Dual-Eligible,Dual-Eligible (Medicare/Medicaid),FIPS 13143,,1555,1555,https://data.cms.gov/summary-statistics-on-beneficiary-enrollment/medicare-and-medicaid-reports/medicare-monthly-enrollment,2026-02,[source: CMS Medicare Monthly Enrollment 2026-02; DUAL_TOT_BENES]
GA,Harris,Dual-Eligible (Medicare + Medicaid),Dual-Eligible,Dual-Eligible (Medicare/Medicaid),FIPS 13145,,926,926,https://data.cms.gov/summary-statistics-on-beneficiary-enrollment/medicare-and-medicaid-reports/medicare-monthly-enrollment,2026-02,[source: CMS Medicare Monthly Enrollment 2026-02; DUAL_TOT_BENES]
GA,Hart,Dual-Eligible (Medicare + Medicaid),Dual-Eligible,Dual-Eligible (Medicare/Medicaid),FIPS 13147,,1309,1309,https://data.cms.gov/summary-statistics-on-beneficiary-enrollment/medicare-and-medicaid-reports/medicare-monthly-enrollment,2026-02,[source: CMS Medicare Monthly Enrollment 2026-02; DUAL_TOT_BENES]
GA,Heard,Dual-Eligible (Medicare + Medicaid),Dual-Eligible,Dual-Eligible (Medicare/Medicaid),FIPS 13149,,584,584,https://data.cms.gov/summary-statistics-on-beneficiary-enrollment/medicare-and-medicaid-reports/medicare-monthly-enrollment,2026-02,[source: CMS Medicare Monthly Enrollment 2026-02; DUAL_TOT_BENES]
GA,Henry,Dual-Eligible (Medicare + Medicaid),Dual-Eligible,Dual-Eligible (Medicare/Medicaid),FIPS 13151,,7262,7262,https://data.cms.gov/summary-statistics-on-beneficiary-enrollment/medicare-and-medicaid-reports/medicare-monthly-enrollment,2026-02,[source: CMS Medicare Monthly Enrollment 2026-02; DUAL_TOT_BENES]
GA,Houston,Dual-Eligible (Medicare + Medicaid),Dual-Eligible,Dual-Eligible (Medicare/Medicaid),FIPS 13153,,4959,4959,https://data.cms.gov/summary-statistics-on-beneficiary-enrollment/medicare-and-medicaid-reports/medicare-monthly-enrollment,2026-02,[source: CMS Medicare Monthly Enrollment 2026-02; DUAL_TOT_BENES]
GA,Irwin,Dual-Eligible (Medicare + Medicaid),Dual-Eligible,Dual-Eligible (Medicare/Medicaid),FIPS 13155,,568,568,https://data.cms.gov/summary-statistics-on-beneficiary-enrollment/medicare-and-medicaid-reports/medicare-monthly-enrollment,2026-02,[source: CMS Medicare Monthly Enrollment 2026-02; DUAL_TOT_BENES]
GA,Jackson,Dual-Eligible (Medicare + Medicaid),Dual-Eligible,Dual-Eligible (Medicare/Medicaid),FIPS 13157,,2593,2593,https://data.cms.gov/summary-statistics-on-beneficiary-enrollment/medicare-and-medicaid-reports/medicare-monthly-enrollment,2026-02,[source: CMS Medicare Monthly Enrollment 2026-02; DUAL_TOT_BENES]
GA,Jasper,Dual-Eligible (Medicare + Medicaid),Dual-Eligible,Dual-Eligible (Medicare/Medicaid),FIPS 13159,,645,645,https://data.cms.gov/summary-statistics-on-beneficiary-enrollment/medicare-and-medicaid-reports/medicare-monthly-enrollment,2026-02,[source: CMS Medicare Monthly Enrollment 2026-02; DUAL_TOT_BENES]
GA,Jeff Davis,Dual-Eligible (Medicare + Medicaid),Dual-Eligible,Dual-Eligible (Medicare/Medicaid),FIPS 13161,,809,809,https://data.cms.gov/summary-statistics-on-beneficiary-enrollment/medicare-and-medicaid-reports/medicare-monthly-enrollment,2026-02,[source: CMS Medicare Monthly Enrollment 2026-02; DUAL_TOT_BENES]
GA,Jefferson,Dual-Eligible (Medicare + Medicaid),Dual-Eligible,Dual-Eligible (Medicare/Medicaid),FIPS 13163,,1256,1256,https://data.cms.gov/summary-statistics-on-beneficiary-enrollment/medicare-and-medicaid-reports/medicare-monthly-enrollment,2026-02,[source: CMS Medicare Monthly Enrollment 2026-02; DUAL_TOT_BENES]
GA,Jenkins,Dual-Eligible (Medicare + Medicaid),Dual-Eligible,Dual-Eligible (Medicare/Medicaid),FIPS 13165,,607,607,https://data.cms.gov/summary-statistics-on-beneficiary-enrollment/medicare-and-medicaid-reports/medicare-monthly-enrollment,2026-02,[source: CMS Medicare Monthly Enrollment 2026-02; DUAL_TOT_BENES]
GA,Johnson,Dual-Eligible (Medicare + Medicaid),Dual-Eligible,Dual-Eligible (Medicare/Medicaid),FIPS 13167,,677,677,https://data.cms.gov/summary-statistics-on-beneficiary-enrollment/medicare-and-medicaid-reports/medicare-monthly-enrollment,2026-02,[source: CMS Medicare Monthly Enrollment 2026-02; DUAL_TOT_BENES]
GA,Jones,Dual-Eligible (Medicare + Medicaid),Dual-Eligible,Dual-Eligible (Medicare/Medicaid),FIPS 13169,,833,833,https://data.cms.gov/summary-statistics-on-beneficiary-enrollment/medicare-and-medicaid-reports/medicare-monthly-enrollment,2026-02,[source: CMS Medicare Monthly Enrollment 2026-02; DUAL_TOT_BENES]
GA,Lamar,Dual-Eligible (Medicare + Medicaid),Dual-Eligible,Dual-Eligible (Medicare/Medicaid),FIPS 13171,,993,993,https://data.cms.gov/summary-statistics-on-beneficiary-enrollment/medicare-and-medicaid-reports/medicare-monthly-enrollment,2026-02,[source: CMS Medicare Monthly Enrollment 2026-02; DUAL_TOT_BENES]
GA,Lanier,Dual-Eligible (Medicare + Medicaid),Dual-Eligible,Dual-Eligible (Medicare/Medicaid),FIPS 13173,,485,485,https://data.cms.gov/summary-statistics-on-beneficiary-enrollment/medicare-and-medicaid-reports/medicare-monthly-enrollment,2026-02,[source: CMS Medicare Monthly Enrollment 2026-02; DUAL_TOT_BENES]
GA,Laurens,Dual-Eligible (Medicare + Medicaid),Dual-Eligible,Dual-Eligible (Medicare/Medicaid),FIPS 13175,,2933,2933,https://data.cms.gov/summary-statistics-on-beneficiary-enrollment/medicare-and-medicaid-reports/medicare-monthly-enrollment,2026-02,[source: CMS Medicare Monthly Enrollment 2026-02; DUAL_TOT_BENES]
GA,Lee,Dual-Eligible (Medicare + Medicaid),Dual-Eligible,Dual-Eligible (Medicare/Medicaid),FIPS 13177,,951,951,https://data.cms.gov/summary-statistics-on-beneficiary-enrollment/medicare-and-medicaid-reports/medicare-monthly-enrollment,2026-02,[source: CMS Medicare Monthly Enrollment 2026-02; DUAL_TOT_BENES]
GA,Liberty,Dual-Eligible (Medicare + Medicaid),Dual-Eligible,Dual-Eligible (Medicare/Medicaid),FIPS 13179,,2070,2070,https://data.cms.gov/summary-statistics-on-beneficiary-enrollment/medicare-and-medicaid-reports/medicare-monthly-enrollment,2026-02,[source: CMS Medicare Monthly Enrollment 2026-02; DUAL_TOT_BENES]
GA,Lincoln,Dual-Eligible (Medicare + Medicaid),Dual-Eligible,Dual-Eligible (Medicare/Medicaid),FIPS 13181,,538,538,https://data.cms.gov/summary-statistics-on-beneficiary-enrollment/medicare-and-medicaid-reports/medicare-monthly-enrollment,2026-02,[source: CMS Medicare Monthly Enrollment 2026-02; DUAL_TOT_BENES]
GA,Long,Dual-Eligible (Medicare + Medicaid),Dual-Eligible,Dual-Eligible (Medicare/Medicaid),FIPS 13183,,479,479,https://data.cms.gov/summary-statistics-on-beneficiary-enrollment/medicare-and-medicaid-reports/medicare-monthly-enrollment,2026-02,[source: CMS Medicare Monthly Enrollment 2026-02; DUAL_TOT_BENES]
GA,Lowndes,Dual-Eligible (Medicare + Medicaid),Dual-Eligible,Dual-Eligible (Medicare/Medicaid),FIPS 13185,,5363,5363,https://data.cms.gov/summary-statistics-on-beneficiary-enrollment/medicare-and-medicaid-reports/medicare-monthly-enrollment,2026-02,[source: CMS Medicare Monthly Enrollment 2026-02; DUAL_TOT_BENES]
GA,Lumpkin,Dual-Eligible (Medicare + Medicaid),Dual-Eligible,Dual-Eligible (Medicare/Medicaid),FIPS 13187,,1140,1140,https://data.cms.gov/summary-statistics-on-beneficiary-enrollment/medicare-and-medicaid-reports/medicare-monthly-enrollment,2026-02,[source: CMS Medicare Monthly Enrollment 2026-02; DUAL_TOT_BENES]
GA,Macon,Dual-Eligible (Medicare + Medicaid),Dual-Eligible,Dual-Eligible (Medicare/Medicaid),FIPS 13193,,909,909,https://data.cms.gov/summary-statistics-on-beneficiary-enrollment/medicare-and-medicaid-reports/medicare-monthly-enrollment,2026-02,[source: CMS Medicare Monthly Enrollment 2026-02; DUAL_TOT_BENES]
GA,Madison,Dual-Eligible (Medicare + Medicaid),Dual-Eligible,Dual-Eligible (Medicare/Medicaid),FIPS 13195,,1440,1440,https://data.cms.gov/summary-statistics-on-beneficiary-enrollment/medicare-and-medicaid-reports/medicare-monthly-enrollment,2026-02,[source: CMS Medicare Monthly Enrollment 2026-02; DUAL_TOT_BENES]
GA,Marion,Dual-Eligible (Medicare + Medicaid),Dual-Eligible,Dual-Eligible (Medicare/Medicaid),FIPS 13197,,483,483,https://data.cms.gov/summary-statistics-on-beneficiary-enrollment/medicare-and-medicaid-reports/medicare-monthly-enrollment,2026-02,[source: CMS Medicare Monthly Enrollment 2026-02; DUAL_TOT_BENES]
GA,McDuffie,Dual-Eligible (Medicare + Medicaid),Dual-Eligible,Dual-Eligible (Medicare/Medicaid),FIPS 13189,,1405,1405,https://data.cms.gov/summary-statistics-on-beneficiary-enrollment/medicare-and-medicaid-reports/medicare-monthly-enrollment,2026-02,[source: CMS Medicare Monthly Enrollment 2026-02; DUAL_TOT_BENES]
GA,McIntosh,Dual-Eligible (Medicare + Medicaid),Dual-Eligible,Dual-Eligible (Medicare/Medicaid),FIPS 13191,,724,724,https://data.cms.gov/summary-statistics-on-beneficiary-enrollment/medicare-and-medicaid-reports/medicare-monthly-enrollment,2026-02,[source: CMS Medicare Monthly Enrollment 2026-02; DUAL_TOT_BENES]
GA,Meriwether,Dual-Eligible (Medicare + Medicaid),Dual-Eligible,Dual-Eligible (Medicare/Medicaid),FIPS 13199,,1432,1432,https://data.cms.gov/summary-statistics-on-beneficiary-enrollment/medicare-and-medicaid-reports/medicare-monthly-enrollment,2026-02,[source: CMS Medicare Monthly Enrollment 2026-02; DUAL_TOT_BENES]
GA,Miller,Dual-Eligible (Medicare + Medicaid),Dual-Eligible,Dual-Eligible (Medicare/Medicaid),FIPS 13201,,426,426,https://data.cms.gov/summary-statistics-on-beneficiary-enrollment/medicare-and-medicaid-reports/medicare-monthly-enrollment,2026-02,[source: CMS Medicare Monthly Enrollment 2026-02; DUAL_TOT_BENES]
GA,Mitchell,Dual-Eligible (Medicare + Medicaid),Dual-Eligible,Dual-Eligible (Medicare/Medicaid),FIPS 13205,,1620,1620,https://data.cms.gov/summary-statistics-on-beneficiary-enrollment/medicare-and-medicaid-reports/medicare-monthly-enrollment,2026-02,[source: CMS Medicare Monthly Enrollment 2026-02; DUAL_TOT_BENES]
GA,Monroe,Dual-Eligible (Medicare + Medicaid),Dual-Eligible,Dual-Eligible (Medicare/Medicaid),FIPS 13207,,1154,1154,https://data.cms.gov/summary-statistics-on-beneficiary-enrollment/medicare-and-medicaid-reports/medicare-monthly-enrollment,2026-02,[source: CMS Medicare Monthly Enrollment 2026-02; DUAL_TOT_BENES]
GA,Montgomery,Dual-Eligible (Medicare + Medicaid),Dual-Eligible,Dual-Eligible (Medicare/Medicaid),FIPS 13209,,554,554,https://data.cms.gov/summary-statistics-on-beneficiary-enrollment/medicare-and-medicaid-reports/medicare-monthly-enrollment,2026-02,[source: CMS Medicare Monthly Enrollment 2026-02; DUAL_TOT_BENES]
GA,Morgan,Dual-Eligible (Medicare + Medicaid),Dual-Eligible,Dual-Eligible (Medicare/Medicaid),FIPS 13211,,785,785,https://data.cms.gov/summary-statistics-on-beneficiary-enrollment/medicare-and-medicaid-reports/medicare-monthly-enrollment,2026-02,[source: CMS Medicare Monthly Enrollment 2026-02; DUAL_TOT_BENES]
GA,Murray,Dual-Eligible (Medicare + Medicaid),Dual-Eligible,Dual-Eligible (Medicare/Medicaid),FIPS 13213,,2256,2256,https://data.cms.gov/summary-statistics-on-beneficiary-enrollment/medicare-and-medicaid-reports/medicare-monthly-enrollment,2026-02,[source: CMS Medicare Monthly Enrollment 2026-02; DUAL_TOT_BENES]
GA,Muscogee,Dual-Eligible (Medicare + Medicaid),Dual-Eligible,Dual-Eligible (Medicare/Medicaid),FIPS 13215,,9457,9457,https://data.cms.gov/summary-statistics-on-beneficiary-enrollment/medicare-and-medicaid-reports/medicare-monthly-enrollment,2026-02,[source: CMS Medicare Monthly Enrollment 2026-02; DUAL_TOT_BENES]
GA,Newton,Dual-Eligible (Medicare + Medicaid),Dual-Eligible,Dual-Eligible (Medicare/Medicaid),FIPS 13217,,4529,4529,https://data.cms.gov/summary-statistics-on-beneficiary-enrollment/medicare-and-medicaid-reports/medicare-monthly-enrollment,2026-02,[source: CMS Medicare Monthly Enrollment 2026-02; DUAL_TOT_BENES]
GA,Oconee,Dual-Eligible (Medicare + Medicaid),Dual-Eligible,Dual-Eligible (Medicare/Medicaid),FIPS 13219,,591,591,https://data.cms.gov/summary-statistics-on-beneficiary-enrollment/medicare-and-medicaid-reports/medicare-monthly-enrollment,2026-02,[source: CMS Medicare Monthly Enrollment 2026-02; DUAL_TOT_BENES]
GA,Oglethorpe,Dual-Eligible (Medicare + Medicaid),Dual-Eligible,Dual-Eligible (Medicare/Medicaid),FIPS 13221,,596,596,https://data.cms.gov/summary-statistics-on-beneficiary-enrollment/medicare-and-medicaid-reports/medicare-monthly-enrollment,2026-02,[source: CMS Medicare Monthly Enrollment 2026-02; DUAL_TOT_BENES]
GA,Paulding,Dual-Eligible (Medicare + Medicaid),Dual-Eligible,Dual-Eligible (Medicare/Medicaid),FIPS 13223,,3379,3379,https://data.cms.gov/summary-statistics-on-beneficiary-enrollment/medicare-and-medicaid-reports/medicare-monthly-enrollment,2026-02,[source: CMS Medicare Monthly Enrollment 2026-02; DUAL_TOT_BENES]
GA,Peach,Dual-Eligible (Medicare + Medicaid),Dual-Eligible,Dual-Eligible (Medicare/Medicaid),FIPS 13225,,1622,1622,https://data.cms.gov/summary-statistics-on-beneficiary-enrollment/medicare-and-medicaid-reports/medicare-monthly-enrollment,2026-02,[source: CMS Medicare Monthly Enrollment 2026-02; DUAL_TOT_BENES]
GA,Pickens,Dual-Eligible (Medicare + Medicaid),Dual-Eligible,Dual-Eligible (Medicare/Medicaid),FIPS 13227,,1162,1162,https://data.cms.gov/summary-statistics-on-beneficiary-enrollment/medicare-and-medicaid-reports/medicare-monthly-enrollment,2026-02,[source: CMS Medicare Monthly Enrollment 2026-02; DUAL_TOT_BENES]
GA,Pierce,Dual-Eligible (Medicare + Medicaid),Dual-Eligible,Dual-Eligible (Medicare/Medicaid),FIPS 13229,,1109,1109,https://data.cms.gov/summary-statistics-on-beneficiary-enrollment/medicare-and-medicaid-reports/medicare-monthly-enrollment,2026-02,[source: CMS Medicare Monthly Enrollment 2026-02; DUAL_TOT_BENES]
GA,Pike,Dual-Eligible (Medicare + Medicaid),Dual-Eligible,Dual-Eligible (Medicare/Medicaid),FIPS 13231,,656,656,https://data.cms.gov/summary-statistics-on-beneficiary-enrollment/medicare-and-medicaid-reports/medicare-monthly-enrollment,2026-02,[source: CMS Medicare Monthly Enrollment 2026-02; DUAL_TOT_BENES]
GA,Polk,Dual-Eligible (Medicare + Medicaid),Dual-Eligible,Dual-Eligible (Medicare/Medicaid),FIPS 13233,,2285,2285,https://data.cms.gov/summary-statistics-on-beneficiary-enrollment/medicare-and-medicaid-reports/medicare-monthly-enrollment,2026-02,[source: CMS Medicare Monthly Enrollment 2026-02; DUAL_TOT_BENES]
GA,Pulaski,Dual-Eligible (Medicare + Medicaid),Dual-Eligible,Dual-Eligible (Medicare/Medicaid),FIPS 13235,,559,559,https://data.cms.gov/summary-statistics-on-beneficiary-enrollment/medicare-and-medicaid-reports/medicare-monthly-enrollment,2026-02,[source: CMS Medicare Monthly Enrollment 2026-02; DUAL_TOT_BENES]
GA,Putnam,Dual-Eligible (Medicare + Medicaid),Dual-Eligible,Dual-Eligible (Medicare/Medicaid),FIPS 13237,,954,954,https://data.cms.gov/summary-statistics-on-beneficiary-enrollment/medicare-and-medicaid-reports/medicare-monthly-enrollment,2026-02,[source: CMS Medicare Monthly Enrollment 2026-02; DUAL_TOT_BENES]
GA,Quitman,Dual-Eligible (Medicare + Medicaid),Dual-Eligible,Dual-Eligible (Medicare/Medicaid),FIPS 13239,,251,251,https://data.cms.gov/summary-statistics-on-beneficiary-enrollment/medicare-and-medicaid-reports/medicare-monthly-enrollment,2026-02,[source: CMS Medicare Monthly Enrollment 2026-02; DUAL_TOT_BENES]
GA,Rabun,Dual-Eligible (Medicare + Medicaid),Dual-Eligible,Dual-Eligible (Medicare/Medicaid),FIPS 13241,,831,831,https://data.cms.gov/summary-statistics-on-beneficiary-enrollment/medicare-and-medicaid-reports/medicare-monthly-enrollment,2026-02,[source: CMS Medicare Monthly Enrollment 2026-02; DUAL_TOT_BENES]
GA,Randolph,Dual-Eligible (Medicare + Medicaid),Dual-Eligible,Dual-Eligible (Medicare/Medicaid),FIPS 13243,,655,655,https://data.cms.gov/summary-statistics-on-beneficiary-enrollment/medicare-and-medicaid-reports/medicare-monthly-enrollment,2026-02,[source: CMS Medicare Monthly Enrollment 2026-02; DUAL_TOT_BENES]
GA,Richmond,Dual-Eligible (Medicare + Medicaid),Dual-Eligible,Dual-Eligible (Medicare/Medicaid),FIPS 13245,,9787,9787,https://data.cms.gov/summary-statistics-on-beneficiary-enrollment/medicare-and-medicaid-reports/medicare-monthly-enrollment,2026-02,[source: CMS Medicare Monthly Enrollment 2026-02; DUAL_TOT_BENES]
GA,Rockdale,Dual-Eligible (Medicare + Medicaid),Dual-Eligible,Dual-Eligible (Medicare/Medicaid),FIPS 13247,,3252,3252,https://data.cms.gov/summary-statistics-on-beneficiary-enrollment/medicare-and-medicaid-reports/medicare-monthly-enrollment,2026-02,[source: CMS Medicare Monthly Enrollment 2026-02; DUAL_TOT_BENES]
GA,Schley,Dual-Eligible (Medicare + Medicaid),Dual-Eligible,Dual-Eligible (Medicare/Medicaid),FIPS 13249,,240,240,https://data.cms.gov/summary-statistics-on-beneficiary-enrollment/medicare-and-medicaid-reports/medicare-monthly-enrollment,2026-02,[source: CMS Medicare Monthly Enrollment 2026-02; DUAL_TOT_BENES]
GA,Screven,Dual-Eligible (Medicare + Medicaid),Dual-Eligible,Dual-Eligible (Medicare/Medicaid),FIPS 13251,,1048,1048,https://data.cms.gov/summary-statistics-on-beneficiary-enrollment/medicare-and-medicaid-reports/medicare-monthly-enrollment,2026-02,[source: CMS Medicare Monthly Enrollment 2026-02; DUAL_TOT_BENES]
GA,Seminole,Dual-Eligible (Medicare + Medicaid),Dual-Eligible,Dual-Eligible (Medicare/Medicaid),FIPS 13253,,616,616,https://data.cms.gov/summary-statistics-on-beneficiary-enrollment/medicare-and-medicaid-reports/medicare-monthly-enrollment,2026-02,[source: CMS Medicare Monthly Enrollment 2026-02; DUAL_TOT_BENES]
GA,Spalding,Dual-Eligible (Medicare + Medicaid),Dual-Eligible,Dual-Eligible (Medicare/Medicaid),FIPS 13255,,3769,3769,https://data.cms.gov/summary-statistics-on-beneficiary-enrollment/medicare-and-medicaid-reports/medicare-monthly-enrollment,2026-02,[source: CMS Medicare Monthly Enrollment 2026-02; DUAL_TOT_BENES]
GA,Stephens,Dual-Eligible (Medicare + Medicaid),Dual-Eligible,Dual-Eligible (Medicare/Medicaid),FIPS 13257,,1947,1947,https://data.cms.gov/summary-statistics-on-beneficiary-enrollment/medicare-and-medicaid-reports/medicare-monthly-enrollment,2026-02,[source: CMS Medicare Monthly Enrollment 2026-02; DUAL_TOT_BENES]
GA,Stewart,Dual-Eligible (Medicare + Medicaid),Dual-Eligible,Dual-Eligible (Medicare/Medicaid),FIPS 13259,,474,474,https://data.cms.gov/summary-statistics-on-beneficiary-enrollment/medicare-and-medicaid-reports/medicare-monthly-enrollment,2026-02,[source: CMS Medicare Monthly Enrollment 2026-02; DUAL_TOT_BENES]
GA,Sumter,Dual-Eligible (Medicare + Medicaid),Dual-Eligible,Dual-Eligible (Medicare/Medicaid),FIPS 13261,,2059,2059,https://data.cms.gov/summary-statistics-on-beneficiary-enrollment/medicare-and-medicaid-reports/medicare-monthly-enrollment,2026-02,[source: CMS Medicare Monthly Enrollment 2026-02; DUAL_TOT_BENES]
GA,Talbot,Dual-Eligible (Medicare + Medicaid),Dual-Eligible,Dual-Eligible (Medicare/Medicaid),FIPS 13263,,510,510,https://data.cms.gov/summary-statistics-on-beneficiary-enrollment/medicare-and-medicaid-reports/medicare-monthly-enrollment,2026-02,[source: CMS Medicare Monthly Enrollment 2026-02; DUAL_TOT_BENES]
GA,Taliaferro,Dual-Eligible (Medicare + Medicaid),Dual-Eligible,Dual-Eligible (Medicare/Medicaid),FIPS 13265,,180,180,https://data.cms.gov/summary-statistics-on-beneficiary-enrollment/medicare-and-medicaid-reports/medicare-monthly-enrollment,2026-02,[source: CMS Medicare Monthly Enrollment 2026-02; DUAL_TOT_BENES]
GA,Tattnall,Dual-Eligible (Medicare + Medicaid),Dual-Eligible,Dual-Eligible (Medicare/Medicaid),FIPS 13267,,1244,1244,https://data.cms.gov/summary-statistics-on-beneficiary-enrollment/medicare-and-medicaid-reports/medicare-monthly-enrollment,2026-02,[source: CMS Medicare Monthly Enrollment 2026-02; DUAL_TOT_BENES]
GA,Taylor,Dual-Eligible (Medicare + Medicaid),Dual-Eligible,Dual-Eligible (Medicare/Medicaid),FIPS 13269,,602,602,https://data.cms.gov/summary-statistics-on-beneficiary-enrollment/medicare-and-medicaid-reports/medicare-monthly-enrollment,2026-02,[source: CMS Medicare Monthly Enrollment 2026-02; DUAL_TOT_BENES]
GA,Telfair,Dual-Eligible (Medicare + Medicaid),Dual-Eligible,Dual-Eligible (Medicare/Medicaid),FIPS 13271,,844,844,https://data.cms.gov/summary-statistics-on-beneficiary-enrollment/medicare-and-medicaid-reports/medicare-monthly-enrollment,2026-02,[source: CMS Medicare Monthly Enrollment 2026-02; DUAL_TOT_BENES]
GA,Terrell,Dual-Eligible (Medicare + Medicaid),Dual-Eligible,Dual-Eligible (Medicare/Medicaid),FIPS 13273,,812,812,https://data.cms.gov/summary-statistics-on-beneficiary-enrollment/medicare-and-medicaid-reports/medicare-monthly-enrollment,2026-02,[source: CMS Medicare Monthly Enrollment 2026-02; DUAL_TOT_BENES]
GA,Thomas,Dual-Eligible (Medicare + Medicaid),Dual-Eligible,Dual-Eligible (Medicare/Medicaid),FIPS 13275,,2987,2987,https://data.cms.gov/summary-statistics-on-beneficiary-enrollment/medicare-and-medicaid-reports/medicare-monthly-enrollment,2026-02,[source: CMS Medicare Monthly Enrollment 2026-02; DUAL_TOT_BENES]
GA,Tift,Dual-Eligible (Medicare + Medicaid),Dual-Eligible,Dual-Eligible (Medicare/Medicaid),FIPS 13277,,2531,2531,https://data.cms.gov/summary-statistics-on-beneficiary-enrollment/medicare-and-medicaid-reports/medicare-monthly-enrollment,2026-02,[source: CMS Medicare Monthly Enrollment 2026-02; DUAL_TOT_BENES]
GA,Toombs,Dual-Eligible (Medicare + Medicaid),Dual-Eligible,Dual-Eligible (Medicare/Medicaid),FIPS 13279,,1874,1874,https://data.cms.gov/summary-statistics-on-beneficiary-enrollment/medicare-and-medicaid-reports/medicare-monthly-enrollment,2026-02,[source: CMS Medicare Monthly Enrollment 2026-02; DUAL_TOT_BENES]
GA,Towns,Dual-Eligible (Medicare + Medicaid),Dual-Eligible,Dual-Eligible (Medicare/Medicaid),FIPS 13281,,594,594,https://data.cms.gov/summary-statistics-on-beneficiary-enrollment/medicare-and-medicaid-reports/medicare-monthly-enrollment,2026-02,[source: CMS Medicare Monthly Enrollment 2026-02; DUAL_TOT_BENES]
GA,Treutlen,Dual-Eligible (Medicare + Medicaid),Dual-Eligible,Dual-Eligible (Medicare/Medicaid),FIPS 13283,,472,472,https://data.cms.gov/summary-statistics-on-beneficiary-enrollment/medicare-and-medicaid-reports/medicare-monthly-enrollment,2026-02,[source: CMS Medicare Monthly Enrollment 2026-02; DUAL_TOT_BENES]
GA,Troup,Dual-Eligible (Medicare + Medicaid),Dual-Eligible,Dual-Eligible (Medicare/Medicaid),FIPS 13285,,3424,3424,https://data.cms.gov/summary-statistics-on-beneficiary-enrollment/medicare-and-medicaid-reports/medicare-monthly-enrollment,2026-02,[source: CMS Medicare Monthly Enrollment 2026-02; DUAL_TOT_BENES]
GA,Turner,Dual-Eligible (Medicare + Medicaid),Dual-Eligible,Dual-Eligible (Medicare/Medicaid),FIPS 13287,,743,743,https://data.cms.gov/summary-statistics-on-beneficiary-enrollment/medicare-and-medicaid-reports/medicare-monthly-enrollment,2026-02,[source: CMS Medicare Monthly Enrollment 2026-02; DUAL_TOT_BENES]
GA,Twiggs,Dual-Eligible (Medicare + Medicaid),Dual-Eligible,Dual-Eligible (Medicare/Medicaid),FIPS 13289,,588,588,https://data.cms.gov/summary-statistics-on-beneficiary-enrollment/medicare-and-medicaid-reports/medicare-monthly-enrollment,2026-02,[source: CMS Medicare Monthly Enrollment 2026-02; DUAL_TOT_BENES]
GA,Union,Dual-Eligible (Medicare + Medicaid),Dual-Eligible,Dual-Eligible (Medicare/Medicaid),FIPS 13291,,1044,1044,https://data.cms.gov/summary-statistics-on-beneficiary-enrollment/medicare-and-medicaid-reports/medicare-monthly-enrollment,2026-02,[source: CMS Medicare Monthly Enrollment 2026-02; DUAL_TOT_BENES]
GA,Upson,Dual-Eligible (Medicare + Medicaid),Dual-Eligible,Dual-Eligible (Medicare/Medicaid),FIPS 13293,,1868,1868,https://data.cms.gov/summary-statistics-on-beneficiary-enrollment/medicare-and-medicaid-reports/medicare-monthly-enrollment,2026-02,[source: CMS Medicare Monthly Enrollment 2026-02; DUAL_TOT_BENES]
GA,Walker,Dual-Eligible (Medicare + Medicaid),Dual-Eligible,Dual-Eligible (Medicare/Medicaid),FIPS 13295,,3550,3550,https://data.cms.gov/summary-statistics-on-beneficiary-enrollment/medicare-and-medicaid-reports/medicare-monthly-enrollment,2026-02,[source: CMS Medicare Monthly Enrollment 2026-02; DUAL_TOT_BENES]
GA,Walton,Dual-Eligible (Medicare + Medicaid),Dual-Eligible,Dual-Eligible (Medicare/Medicaid),FIPS 13297,,3719,3719,https://data.cms.gov/summary-statistics-on-beneficiary-enrollment/medicare-and-medicaid-reports/medicare-monthly-enrollment,2026-02,[source: CMS Medicare Monthly Enrollment 2026-02; DUAL_TOT_BENES]
GA,Ware,Dual-Eligible (Medicare + Medicaid),Dual-Eligible,Dual-Eligible (Medicare/Medicaid),FIPS 13299,,2421,2421,https://data.cms.gov/summary-statistics-on-beneficiary-enrollment/medicare-and-medicaid-reports/medicare-monthly-enrollment,2026-02,[source: CMS Medicare Monthly Enrollment 2026-02; DUAL_TOT_BENES]
GA,Warren,Dual-Eligible (Medicare + Medicaid),Dual-Eligible,Dual-Eligible (Medicare/Medicaid),FIPS 13301,,540,540,https://data.cms.gov/summary-statistics-on-beneficiary-enrollment/medicare-and-medicaid-reports/medicare-monthly-enrollment,2026-02,[source: CMS Medicare Monthly Enrollment 2026-02; DUAL_TOT_BENES]
GA,Washington,Dual-Eligible (Medicare + Medicaid),Dual-Eligible,Dual-Eligible (Medicare/Medicaid),FIPS 13303,,1365,1365,https://data.cms.gov/summary-statistics-on-beneficiary-enrollment/medicare-and-medicaid-reports/medicare-monthly-enrollment,2026-02,[source: CMS Medicare Monthly Enrollment 2026-02; DUAL_TOT_BENES]
GA,Wayne,Dual-Eligible (Medicare + Medicaid),Dual-Eligible,Dual-Eligible (Medicare/Medicaid),FIPS 13305,,1534,1534,https://data.cms.gov/summary-statistics-on-beneficiary-enrollment/medicare-and-medicaid-reports/medicare-monthly-enrollment,2026-02,[source: CMS Medicare Monthly Enrollment 2026-02; DUAL_TOT_BENES]
GA,Webster,Dual-Eligible (Medicare + Medicaid),Dual-Eligible,Dual-Eligible (Medicare/Medicaid),FIPS 13307,,162,162,https://data.cms.gov/summary-statistics-on-beneficiary-enrollment/medicare-and-medicaid-reports/medicare-monthly-enrollment,2026-02,[source: CMS Medicare Monthly Enrollment 2026-02; DUAL_TOT_BENES]
GA,Wheeler,Dual-Eligible (Medicare + Medicaid),Dual-Eligible,Dual-Eligible (Medicare/Medicaid),FIPS 13309,,340,340,https://data.cms.gov/summary-statistics-on-beneficiary-enrollment/medicare-and-medicaid-reports/medicare-monthly-enrollment,2026-02,[source: CMS Medicare Monthly Enrollment 2026-02; DUAL_TOT_BENES]
GA,White,Dual-Eligible (Medicare + Medicaid),Dual-Eligible,Dual-Eligible (Medicare/Medicaid),FIPS 13311,,1405,1405,https://data.cms.gov/summary-statistics-on-beneficiary-enrollment/medicare-and-medicaid-reports/medicare-monthly-enrollment,2026-02,[source: CMS Medicare Monthly Enrollment 2026-02; DUAL_TOT_BENES]
GA,Whitfield,Dual-Eligible (Medicare + Medicaid),Dual-Eligible,Dual-Eligible (Medicare/Medicaid),FIPS 13313,,4408,4408,https://data.cms.gov/summary-statistics-on-beneficiary-enrollment/medicare-and-medicaid-reports/medicare-monthly-enrollment,2026-02,[source: CMS Medicare Monthly Enrollment 2026-02; DUAL_TOT_BENES]
GA,Wilcox,Dual-Eligible (Medicare + Medicaid),Dual-Eligible,Dual-Eligible (Medicare/Medicaid),FIPS 13315,,620,620,https://data.cms.gov/summary-statistics-on-beneficiary-enrollment/medicare-and-medicaid-reports/medicare-monthly-enrollment,2026-02,[source: CMS Medicare Monthly Enrollment 2026-02; DUAL_TOT_BENES]
GA,Wilkes,Dual-Eligible (Medicare + Medicaid),Dual-Eligible,Dual-Eligible (Medicare/Medicaid),FIPS 13317,,813,813,https://data.cms.gov/summary-statistics-on-beneficiary-enrollment/medicare-and-medicaid-reports/medicare-monthly-enrollment,2026-02,[source: CMS Medicare Monthly Enrollment 2026-02; DUAL_TOT_BENES]
GA,Wilkinson,Dual-Eligible (Medicare + Medicaid),Dual-Eligible,Dual-Eligible (Medicare/Medicaid),FIPS 13319,,558,558,https://data.cms.gov/summary-statistics-on-beneficiary-enrollment/medicare-and-medicaid-reports/medicare-monthly-enrollment,2026-02,[source: CMS Medicare Monthly Enrollment 2026-02; DUAL_TOT_BENES]
GA,Worth,Dual-Eligible (Medicare + Medicaid),Dual-Eligible,Dual-Eligible (Medicare/Medicaid),FIPS 13321,,1126,1126,https://data.cms.gov/summary-statistics-on-beneficiary-enrollment/medicare-and-medicaid-reports/medicare-monthly-enrollment,2026-02,[source: CMS Medicare Monthly Enrollment 2026-02; DUAL_TOT_BENES]
IL,Adams,Dual-Eligible (Medicare + Medicaid),Dual-Eligible,Dual-Eligible (Medicare/Medicaid),FIPS 17001,,2311,2311,https://data.cms.gov/summary-statistics-on-beneficiary-enrollment/medicare-and-medicaid-reports/medicare-monthly-enrollment,2026-02,[source: CMS Medicare Monthly Enrollment 2026-02; DUAL_TOT_BENES]
IL,Alexander,Dual-Eligible (Medicare + Medicaid),Dual-Eligible,Dual-Eligible (Medicare/Medicaid),FIPS 17003,,439,439,https://data.cms.gov/summary-statistics-on-beneficiary-enrollment/medicare-and-medicaid-reports/medicare-monthly-enrollment,2026-02,[source: CMS Medicare Monthly Enrollment 2026-02; DUAL_TOT_BENES]
IL,Bond,Dual-Eligible (Medicare + Medicaid),Dual-Eligible,Dual-Eligible (Medicare/Medicaid),FIPS 17005,,537,537,https://data.cms.gov/summary-statistics-on-beneficiary-enrollment/medicare-and-medicaid-reports/medicare-monthly-enrollment,2026-02,[source: CMS Medicare Monthly Enrollment 2026-02; DUAL_TOT_BENES]
IL,Boone,Dual-Eligible (Medicare + Medicaid),Dual-Eligible,Dual-Eligible (Medicare/Medicaid),FIPS 17007,,1363,1363,https://data.cms.gov/summary-statistics-on-beneficiary-enrollment/medicare-and-medicaid-reports/medicare-monthly-enrollment,2026-02,[source: CMS Medicare Monthly Enrollment 2026-02; DUAL_TOT_BENES]
IL,Brown,Dual-Eligible (Medicare + Medicaid),Dual-Eligible,Dual-Eligible (Medicare/Medicaid),FIPS 17009,,171,171,https://data.cms.gov/summary-statistics-on-beneficiary-enrollment/medicare-and-medicaid-reports/medicare-monthly-enrollment,2026-02,[source: CMS Medicare Monthly Enrollment 2026-02; DUAL_TOT_BENES]
IL,Bureau,Dual-Eligible (Medicare + Medicaid),Dual-Eligible,Dual-Eligible (Medicare/Medicaid),FIPS 17011,,1071,1071,https://data.cms.gov/summary-statistics-on-beneficiary-enrollment/medicare-and-medicaid-reports/medicare-monthly-enrollment,2026-02,[source: CMS Medicare Monthly Enrollment 2026-02; DUAL_TOT_BENES]
IL,Calhoun,Dual-Eligible (Medicare + Medicaid),Dual-Eligible,Dual-Eligible (Medicare/Medicaid),FIPS 17013,,144,144,https://data.cms.gov/summary-statistics-on-beneficiary-enrollment/medicare-and-medicaid-reports/medicare-monthly-enrollment,2026-02,[source: CMS Medicare Monthly Enrollment 2026-02; DUAL_TOT_BENES]
IL,Carroll,Dual-Eligible (Medicare + Medicaid),Dual-Eligible,Dual-Eligible (Medicare/Medicaid),FIPS 17015,,611,611,https://data.cms.gov/summary-statistics-on-beneficiary-enrollment/medicare-and-medicaid-reports/medicare-monthly-enrollment,2026-02,[source: CMS Medicare Monthly Enrollment 2026-02; DUAL_TOT_BENES]
IL,Cass,Dual-Eligible (Medicare + Medicaid),Dual-Eligible,Dual-Eligible (Medicare/Medicaid),FIPS 17017,,563,563,https://data.cms.gov/summary-statistics-on-beneficiary-enrollment/medicare-and-medicaid-reports/medicare-monthly-enrollment,2026-02,[source: CMS Medicare Monthly Enrollment 2026-02; DUAL_TOT_BENES]
IL,Champaign,Dual-Eligible (Medicare + Medicaid),Dual-Eligible,Dual-Eligible (Medicare/Medicaid),FIPS 17019,,4772,4772,https://data.cms.gov/summary-statistics-on-beneficiary-enrollment/medicare-and-medicaid-reports/medicare-monthly-enrollment,2026-02,[source: CMS Medicare Monthly Enrollment 2026-02; DUAL_TOT_BENES]
IL,Christian,Dual-Eligible (Medicare + Medicaid),Dual-Eligible,Dual-Eligible (Medicare/Medicaid),FIPS 17021,,1329,1329,https://data.cms.gov/summary-statistics-on-beneficiary-enrollment/medicare-and-medicaid-reports/medicare-monthly-enrollment,2026-02,[source: CMS Medicare Monthly Enrollment 2026-02; DUAL_TOT_BENES]
IL,Clark,Dual-Eligible (Medicare + Medicaid),Dual-Eligible,Dual-Eligible (Medicare/Medicaid),FIPS 17023,,551,551,https://data.cms.gov/summary-statistics-on-beneficiary-enrollment/medicare-and-medicaid-reports/medicare-monthly-enrollment,2026-02,[source: CMS Medicare Monthly Enrollment 2026-02; DUAL_TOT_BENES]
IL,Clay,Dual-Eligible (Medicare + Medicaid),Dual-Eligible,Dual-Eligible (Medicare/Medicaid),FIPS 17025,,624,624,https://data.cms.gov/summary-statistics-on-beneficiary-enrollment/medicare-and-medicaid-reports/medicare-monthly-enrollment,2026-02,[source: CMS Medicare Monthly Enrollment 2026-02; DUAL_TOT_BENES]
IL,Clinton,Dual-Eligible (Medicare + Medicaid),Dual-Eligible,Dual-Eligible (Medicare/Medicaid),FIPS 17027,,993,993,https://data.cms.gov/summary-statistics-on-beneficiary-enrollment/medicare-and-medicaid-reports/medicare-monthly-enrollment,2026-02,[source: CMS Medicare Monthly Enrollment 2026-02; DUAL_TOT_BENES]
IL,Coles,Dual-Eligible (Medicare + Medicaid),Dual-Eligible,Dual-Eligible (Medicare/Medicaid),FIPS 17029,,2058,2058,https://data.cms.gov/summary-statistics-on-beneficiary-enrollment/medicare-and-medicaid-reports/medicare-monthly-enrollment,2026-02,[source: CMS Medicare Monthly Enrollment 2026-02; DUAL_TOT_BENES]
IL,Cook,Dual-Eligible (Medicare + Medicaid),Dual-Eligible,Dual-Eligible (Medicare/Medicaid),FIPS 17031,,187673,187673,https://data.cms.gov/summary-statistics-on-beneficiary-enrollment/medicare-and-medicaid-reports/medicare-monthly-enrollment,2026-02,[source: CMS Medicare Monthly Enrollment 2026-02; DUAL_TOT_BENES]
IL,Crawford,Dual-Eligible (Medicare + Medicaid),Dual-Eligible,Dual-Eligible (Medicare/Medicaid),FIPS 17033,,630,630,https://data.cms.gov/summary-statistics-on-beneficiary-enrollment/medicare-and-medicaid-reports/medicare-monthly-enrollment,2026-02,[source: CMS Medicare Monthly Enrollment 2026-02; DUAL_TOT_BENES]
IL,Cumberland,Dual-Eligible (Medicare + Medicaid),Dual-Eligible,Dual-Eligible (Medicare/Medicaid),FIPS 17035,,356,356,https://data.cms.gov/summary-statistics-on-beneficiary-enrollment/medicare-and-medicaid-reports/medicare-monthly-enrollment,2026-02,[source: CMS Medicare Monthly Enrollment 2026-02; DUAL_TOT_BENES]
IL,De Witt,Dual-Eligible (Medicare + Medicaid),Dual-Eligible,Dual-Eligible (Medicare/Medicaid),FIPS 17039,,533,533,https://data.cms.gov/summary-statistics-on-beneficiary-enrollment/medicare-and-medicaid-reports/medicare-monthly-enrollment,2026-02,[source: CMS Medicare Monthly Enrollment 2026-02; DUAL_TOT_BENES]
IL,DeKalb,Dual-Eligible (Medicare + Medicaid),Dual-Eligible,Dual-Eligible (Medicare/Medicaid),FIPS 17037,,2285,2285,https://data.cms.gov/summary-statistics-on-beneficiary-enrollment/medicare-and-medicaid-reports/medicare-monthly-enrollment,2026-02,[source: CMS Medicare Monthly Enrollment 2026-02; DUAL_TOT_BENES]
IL,Douglas,Dual-Eligible (Medicare + Medicaid),Dual-Eligible,Dual-Eligible (Medicare/Medicaid),FIPS 17041,,543,543,https://data.cms.gov/summary-statistics-on-beneficiary-enrollment/medicare-and-medicaid-reports/medicare-monthly-enrollment,2026-02,[source: CMS Medicare Monthly Enrollment 2026-02; DUAL_TOT_BENES]
IL,DuPage,Dual-Eligible (Medicare + Medicaid),Dual-Eligible,Dual-Eligible (Medicare/Medicaid),FIPS 17043,,17684,17684,https://data.cms.gov/summary-statistics-on-beneficiary-enrollment/medicare-and-medicaid-reports/medicare-monthly-enrollment,2026-02,[source: CMS Medicare Monthly Enrollment 2026-02; DUAL_TOT_BENES]
IL,Edgar,Dual-Eligible (Medicare + Medicaid),Dual-Eligible,Dual-Eligible (Medicare/Medicaid),FIPS 17045,,814,814,https://data.cms.gov/summary-statistics-on-beneficiary-enrollment/medicare-and-medicaid-reports/medicare-monthly-enrollment,2026-02,[source: CMS Medicare Monthly Enrollment 2026-02; DUAL_TOT_BENES]
IL,Edwards,Dual-Eligible (Medicare + Medicaid),Dual-Eligible,Dual-Eligible (Medicare/Medicaid),FIPS 17047,,188,188,https://data.cms.gov/summary-statistics-on-beneficiary-enrollment/medicare-and-medicaid-reports/medicare-monthly-enrollment,2026-02,[source: CMS Medicare Monthly Enrollment 2026-02; DUAL_TOT_BENES]
IL,Effingham,Dual-Eligible (Medicare + Medicaid),Dual-Eligible,Dual-Eligible (Medicare/Medicaid),FIPS 17049,,1005,1005,https://data.cms.gov/summary-statistics-on-beneficiary-enrollment/medicare-and-medicaid-reports/medicare-monthly-enrollment,2026-02,[source: CMS Medicare Monthly Enrollment 2026-02; DUAL_TOT_BENES]
IL,Fayette,Dual-Eligible (Medicare + Medicaid),Dual-Eligible,Dual-Eligible (Medicare/Medicaid),FIPS 17051,,794,794,https://data.cms.gov/summary-statistics-on-beneficiary-enrollment/medicare-and-medicaid-reports/medicare-monthly-enrollment,2026-02,[source: CMS Medicare Monthly Enrollment 2026-02; DUAL_TOT_BENES]
IL,Ford,Dual-Eligible (Medicare + Medicaid),Dual-Eligible,Dual-Eligible (Medicare/Medicaid),FIPS 17053,,456,456,https://data.cms.gov/summary-statistics-on-beneficiary-enrollment/medicare-and-medicaid-reports/medicare-monthly-enrollment,2026-02,[source: CMS Medicare Monthly Enrollment 2026-02; DUAL_TOT_BENES]
IL,Franklin,Dual-Eligible (Medicare + Medicaid),Dual-Eligible,Dual-Eligible (Medicare/Medicaid),FIPS 17055,,2167,2167,https://data.cms.gov/summary-statistics-on-beneficiary-enrollment/medicare-and-medicaid-reports/medicare-monthly-enrollment,2026-02,[source: CMS Medicare Monthly Enrollment 2026-02; DUAL_TOT_BENES]
IL,Fulton,Dual-Eligible (Medicare + Medicaid),Dual-Eligible,Dual-Eligible (Medicare/Medicaid),FIPS 17057,,1289,1289,https://data.cms.gov/summary-statistics-on-beneficiary-enrollment/medicare-and-medicaid-reports/medicare-monthly-enrollment,2026-02,[source: CMS Medicare Monthly Enrollment 2026-02; DUAL_TOT_BENES]
IL,Gallatin,Dual-Eligible (Medicare + Medicaid),Dual-Eligible,Dual-Eligible (Medicare/Medicaid),FIPS 17059,,252,252,https://data.cms.gov/summary-statistics-on-beneficiary-enrollment/medicare-and-medicaid-reports/medicare-monthly-enrollment,2026-02,[source: CMS Medicare Monthly Enrollment 2026-02; DUAL_TOT_BENES]
IL,Greene,Dual-Eligible (Medicare + Medicaid),Dual-Eligible,Dual-Eligible (Medicare/Medicaid),FIPS 17061,,583,583,https://data.cms.gov/summary-statistics-on-beneficiary-enrollment/medicare-and-medicaid-reports/medicare-monthly-enrollment,2026-02,[source: CMS Medicare Monthly Enrollment 2026-02; DUAL_TOT_BENES]
IL,Grundy,Dual-Eligible (Medicare + Medicaid),Dual-Eligible,Dual-Eligible (Medicare/Medicaid),FIPS 17063,,1012,1012,https://data.cms.gov/summary-statistics-on-beneficiary-enrollment/medicare-and-medicaid-reports/medicare-monthly-enrollment,2026-02,[source: CMS Medicare Monthly Enrollment 2026-02; DUAL_TOT_BENES]
IL,Hamilton,Dual-Eligible (Medicare + Medicaid),Dual-Eligible,Dual-Eligible (Medicare/Medicaid),FIPS 17065,,360,360,https://data.cms.gov/summary-statistics-on-beneficiary-enrollment/medicare-and-medicaid-reports/medicare-monthly-enrollment,2026-02,[source: CMS Medicare Monthly Enrollment 2026-02; DUAL_TOT_BENES]
IL,Hancock,Dual-Eligible (Medicare + Medicaid),Dual-Eligible,Dual-Eligible (Medicare/Medicaid),FIPS 17067,,585,585,https://data.cms.gov/summary-statistics-on-beneficiary-enrollment/medicare-and-medicaid-reports/medicare-monthly-enrollment,2026-02,[source: CMS Medicare Monthly Enrollment 2026-02; DUAL_TOT_BENES]
IL,Hardin,Dual-Eligible (Medicare + Medicaid),Dual-Eligible,Dual-Eligible (Medicare/Medicaid),FIPS 17069,,230,230,https://data.cms.gov/summary-statistics-on-beneficiary-enrollment/medicare-and-medicaid-reports/medicare-monthly-enrollment,2026-02,[source: CMS Medicare Monthly Enrollment 2026-02; DUAL_TOT_BENES]
IL,Henderson,Dual-Eligible (Medicare + Medicaid),Dual-Eligible,Dual-Eligible (Medicare/Medicaid),FIPS 17071,,218,218,https://data.cms.gov/summary-statistics-on-beneficiary-enrollment/medicare-and-medicaid-reports/medicare-monthly-enrollment,2026-02,[source: CMS Medicare Monthly Enrollment 2026-02; DUAL_TOT_BENES]
IL,Henry,Dual-Eligible (Medicare + Medicaid),Dual-Eligible,Dual-Eligible (Medicare/Medicaid),FIPS 17073,,1396,1396,https://data.cms.gov/summary-statistics-on-beneficiary-enrollment/medicare-and-medicaid-reports/medicare-monthly-enrollment,2026-02,[source: CMS Medicare Monthly Enrollment 2026-02; DUAL_TOT_BENES]
IL,Iroquois,Dual-Eligible (Medicare + Medicaid),Dual-Eligible,Dual-Eligible (Medicare/Medicaid),FIPS 17075,,1181,1181,https://data.cms.gov/summary-statistics-on-beneficiary-enrollment/medicare-and-medicaid-reports/medicare-monthly-enrollment,2026-02,[source: CMS Medicare Monthly Enrollment 2026-02; DUAL_TOT_BENES]
IL,Jackson,Dual-Eligible (Medicare + Medicaid),Dual-Eligible,Dual-Eligible (Medicare/Medicaid),FIPS 17077,,2152,2152,https://data.cms.gov/summary-statistics-on-beneficiary-enrollment/medicare-and-medicaid-reports/medicare-monthly-enrollment,2026-02,[source: CMS Medicare Monthly Enrollment 2026-02; DUAL_TOT_BENES]
IL,Jasper,Dual-Eligible (Medicare + Medicaid),Dual-Eligible,Dual-Eligible (Medicare/Medicaid),FIPS 17079,,288,288,https://data.cms.gov/summary-statistics-on-beneficiary-enrollment/medicare-and-medicaid-reports/medicare-monthly-enrollment,2026-02,[source: CMS Medicare Monthly Enrollment 2026-02; DUAL_TOT_BENES]
IL,Jefferson,Dual-Eligible (Medicare + Medicaid),Dual-Eligible,Dual-Eligible (Medicare/Medicaid),FIPS 17081,,1672,1672,https://data.cms.gov/summary-statistics-on-beneficiary-enrollment/medicare-and-medicaid-reports/medicare-monthly-enrollment,2026-02,[source: CMS Medicare Monthly Enrollment 2026-02; DUAL_TOT_BENES]
IL,Jersey,Dual-Eligible (Medicare + Medicaid),Dual-Eligible,Dual-Eligible (Medicare/Medicaid),FIPS 17083,,804,804,https://data.cms.gov/summary-statistics-on-beneficiary-enrollment/medicare-and-medicaid-reports/medicare-monthly-enrollment,2026-02,[source: CMS Medicare Monthly Enrollment 2026-02; DUAL_TOT_BENES]
IL,Jo Daviess,Dual-Eligible (Medicare + Medicaid),Dual-Eligible,Dual-Eligible (Medicare/Medicaid),FIPS 17085,,440,440,https://data.cms.gov/summary-statistics-on-beneficiary-enrollment/medicare-and-medicaid-reports/medicare-monthly-enrollment,2026-02,[source: CMS Medicare Monthly Enrollment 2026-02; DUAL_TOT_BENES]
IL,Johnson,Dual-Eligible (Medicare + Medicaid),Dual-Eligible,Dual-Eligible (Medicare/Medicaid),FIPS 17087,,517,517,https://data.cms.gov/summary-statistics-on-beneficiary-enrollment/medicare-and-medicaid-reports/medicare-monthly-enrollment,2026-02,[source: CMS Medicare Monthly Enrollment 2026-02; DUAL_TOT_BENES]
IL,Kane,Dual-Eligible (Medicare + Medicaid),Dual-Eligible,Dual-Eligible (Medicare/Medicaid),FIPS 17089,,10861,10861,https://data.cms.gov/summary-statistics-on-beneficiary-enrollment/medicare-and-medicaid-reports/medicare-monthly-enrollment,2026-02,[source: CMS Medicare Monthly Enrollment 2026-02; DUAL_TOT_BENES]
IL,Kankakee,Dual-Eligible (Medicare + Medicaid),Dual-Eligible,Dual-Eligible (Medicare/Medicaid),FIPS 17091,,4313,4313,https://data.cms.gov/summary-statistics-on-beneficiary-enrollment/medicare-and-medicaid-reports/medicare-monthly-enrollment,2026-02,[source: CMS Medicare Monthly Enrollment 2026-02; DUAL_TOT_BENES]
IL,Kendall,Dual-Eligible (Medicare + Medicaid),Dual-Eligible,Dual-Eligible (Medicare/Medicaid),FIPS 17093,,1857,1857,https://data.cms.gov/summary-statistics-on-beneficiary-enrollment/medicare-and-medicaid-reports/medicare-monthly-enrollment,2026-02,[source: CMS Medicare Monthly Enrollment 2026-02; DUAL_TOT_BENES]
IL,Knox,Dual-Eligible (Medicare + Medicaid),Dual-Eligible,Dual-Eligible (Medicare/Medicaid),FIPS 17095,,2278,2278,https://data.cms.gov/summary-statistics-on-beneficiary-enrollment/medicare-and-medicaid-reports/medicare-monthly-enrollment,2026-02,[source: CMS Medicare Monthly Enrollment 2026-02; DUAL_TOT_BENES]
IL,LaSalle,Dual-Eligible (Medicare + Medicaid),Dual-Eligible,Dual-Eligible (Medicare/Medicaid),FIPS 17099,,3472,3472,https://data.cms.gov/summary-statistics-on-beneficiary-enrollment/medicare-and-medicaid-reports/medicare-monthly-enrollment,2026-02,[source: CMS Medicare Monthly Enrollment 2026-02; DUAL_TOT_BENES]
IL,Lake,Dual-Eligible (Medicare + Medicaid),Dual-Eligible,Dual-Eligible (Medicare/Medicaid),FIPS 17097,,14822,14822,https://data.cms.gov/summary-statistics-on-beneficiary-enrollment/medicare-and-medicaid-reports/medicare-monthly-enrollment,2026-02,[source: CMS Medicare Monthly Enrollment 2026-02; DUAL_TOT_BENES]
IL,Lawrence,Dual-Eligible (Medicare + Medicaid),Dual-Eligible,Dual-Eligible (Medicare/Medicaid),FIPS 17101,,648,648,https://data.cms.gov/summary-statistics-on-beneficiary-enrollment/medicare-and-medicaid-reports/medicare-monthly-enrollment,2026-02,[source: CMS Medicare Monthly Enrollment 2026-02; DUAL_TOT_BENES]
IL,Lee,Dual-Eligible (Medicare + Medicaid),Dual-Eligible,Dual-Eligible (Medicare/Medicaid),FIPS 17103,,1258,1258,https://data.cms.gov/summary-statistics-on-beneficiary-enrollment/medicare-and-medicaid-reports/medicare-monthly-enrollment,2026-02,[source: CMS Medicare Monthly Enrollment 2026-02; DUAL_TOT_BENES]
IL,Livingston,Dual-Eligible (Medicare + Medicaid),Dual-Eligible,Dual-Eligible (Medicare/Medicaid),FIPS 17105,,1182,1182,https://data.cms.gov/summary-statistics-on-beneficiary-enrollment/medicare-and-medicaid-reports/medicare-monthly-enrollment,2026-02,[source: CMS Medicare Monthly Enrollment 2026-02; DUAL_TOT_BENES]
IL,Logan,Dual-Eligible (Medicare + Medicaid),Dual-Eligible,Dual-Eligible (Medicare/Medicaid),FIPS 17107,,870,870,https://data.cms.gov/summary-statistics-on-beneficiary-enrollment/medicare-and-medicaid-reports/medicare-monthly-enrollment,2026-02,[source: CMS Medicare Monthly Enrollment 2026-02; DUAL_TOT_BENES]
IL,Macon,Dual-Eligible (Medicare + Medicaid),Dual-Eligible,Dual-Eligible (Medicare/Medicaid),FIPS 17115,,4510,4510,https://data.cms.gov/summary-statistics-on-beneficiary-enrollment/medicare-and-medicaid-reports/medicare-monthly-enrollment,2026-02,[source: CMS Medicare Monthly Enrollment 2026-02; DUAL_TOT_BENES]
IL,Macoupin,Dual-Eligible (Medicare + Medicaid),Dual-Eligible,Dual-Eligible (Medicare/Medicaid),FIPS 17117,,1762,1762,https://data.cms.gov/summary-statistics-on-beneficiary-enrollment/medicare-and-medicaid-reports/medicare-monthly-enrollment,2026-02,[source: CMS Medicare Monthly Enrollment 2026-02; DUAL_TOT_BENES]
IL,Madison,Dual-Eligible (Medicare + Medicaid),Dual-Eligible,Dual-Eligible (Medicare/Medicaid),FIPS 17119,,8388,8388,https://data.cms.gov/summary-statistics-on-beneficiary-enrollment/medicare-and-medicaid-reports/medicare-monthly-enrollment,2026-02,[source: CMS Medicare Monthly Enrollment 2026-02; DUAL_TOT_BENES]
IL,Marion,Dual-Eligible (Medicare + Medicaid),Dual-Eligible,Dual-Eligible (Medicare/Medicaid),FIPS 17121,,2363,2363,https://data.cms.gov/summary-statistics-on-beneficiary-enrollment/medicare-and-medicaid-reports/medicare-monthly-enrollment,2026-02,[source: CMS Medicare Monthly Enrollment 2026-02; DUAL_TOT_BENES]
IL,Marshall,Dual-Eligible (Medicare + Medicaid),Dual-Eligible,Dual-Eligible (Medicare/Medicaid),FIPS 17123,,353,353,https://data.cms.gov/summary-statistics-on-beneficiary-enrollment/medicare-and-medicaid-reports/medicare-monthly-enrollment,2026-02,[source: CMS Medicare Monthly Enrollment 2026-02; DUAL_TOT_BENES]
IL,Mason,Dual-Eligible (Medicare + Medicaid),Dual-Eligible,Dual-Eligible (Medicare/Medicaid),FIPS 17125,,534,534,https://data.cms.gov/summary-statistics-on-beneficiary-enrollment/medicare-and-medicaid-reports/medicare-monthly-enrollment,2026-02,[source: CMS Medicare Monthly Enrollment 2026-02; DUAL_TOT_BENES]
IL,Massac,Dual-Eligible (Medicare + Medicaid),Dual-Eligible,Dual-Eligible (Medicare/Medicaid),FIPS 17127,,749,749,https://data.cms.gov/summary-statistics-on-beneficiary-enrollment/medicare-and-medicaid-reports/medicare-monthly-enrollment,2026-02,[source: CMS Medicare Monthly Enrollment 2026-02; DUAL_TOT_BENES]
IL,McDonough,Dual-Eligible (Medicare + Medicaid),Dual-Eligible,Dual-Eligible (Medicare/Medicaid),FIPS 17109,,908,908,https://data.cms.gov/summary-statistics-on-beneficiary-enrollment/medicare-and-medicaid-reports/medicare-monthly-enrollment,2026-02,[source: CMS Medicare Monthly Enrollment 2026-02; DUAL_TOT_BENES]
IL,McHenry,Dual-Eligible (Medicare + Medicaid),Dual-Eligible,Dual-Eligible (Medicare/Medicaid),FIPS 17111,,5328,5328,https://data.cms.gov/summary-statistics-on-beneficiary-enrollment/medicare-and-medicaid-reports/medicare-monthly-enrollment,2026-02,[source: CMS Medicare Monthly Enrollment 2026-02; DUAL_TOT_BENES]
IL,McLean,Dual-Eligible (Medicare + Medicaid),Dual-Eligible,Dual-Eligible (Medicare/Medicaid),FIPS 17113,,3419,3419,https://data.cms.gov/summary-statistics-on-beneficiary-enrollment/medicare-and-medicaid-reports/medicare-monthly-enrollment,2026-02,[source: CMS Medicare Monthly Enrollment 2026-02; DUAL_TOT_BENES]
IL,Menard,Dual-Eligible (Medicare + Medicaid),Dual-Eligible,Dual-Eligible (Medicare/Medicaid),FIPS 17129,,331,331,https://data.cms.gov/summary-statistics-on-beneficiary-enrollment/medicare-and-medicaid-reports/medicare-monthly-enrollment,2026-02,[source: CMS Medicare Monthly Enrollment 2026-02; DUAL_TOT_BENES]
IL,Mercer,Dual-Eligible (Medicare + Medicaid),Dual-Eligible,Dual-Eligible (Medicare/Medicaid),FIPS 17131,,388,388,https://data.cms.gov/summary-statistics-on-beneficiary-enrollment/medicare-and-medicaid-reports/medicare-monthly-enrollment,2026-02,[source: CMS Medicare Monthly Enrollment 2026-02; DUAL_TOT_BENES]
IL,Monroe,Dual-Eligible (Medicare + Medicaid),Dual-Eligible,Dual-Eligible (Medicare/Medicaid),FIPS 17133,,467,467,https://data.cms.gov/summary-statistics-on-beneficiary-enrollment/medicare-and-medicaid-reports/medicare-monthly-enrollment,2026-02,[source: CMS Medicare Monthly Enrollment 2026-02; DUAL_TOT_BENES]
IL,Montgomery,Dual-Eligible (Medicare + Medicaid),Dual-Eligible,Dual-Eligible (Medicare/Medicaid),FIPS 17135,,1198,1198,https://data.cms.gov/summary-statistics-on-beneficiary-enrollment/medicare-and-medicaid-reports/medicare-monthly-enrollment,2026-02,[source: CMS Medicare Monthly Enrollment 2026-02; DUAL_TOT_BENES]
IL,Morgan,Dual-Eligible (Medicare + Medicaid),Dual-Eligible,Dual-Eligible (Medicare/Medicaid),FIPS 17137,,1531,1531,https://data.cms.gov/summary-statistics-on-beneficiary-enrollment/medicare-and-medicaid-reports/medicare-monthly-enrollment,2026-02,[source: CMS Medicare Monthly Enrollment 2026-02; DUAL_TOT_BENES]
IL,Moultrie,Dual-Eligible (Medicare + Medicaid),Dual-Eligible,Dual-Eligible (Medicare/Medicaid),FIPS 17139,,436,436,https://data.cms.gov/summary-statistics-on-beneficiary-enrollment/medicare-and-medicaid-reports/medicare-monthly-enrollment,2026-02,[source: CMS Medicare Monthly Enrollment 2026-02; DUAL_TOT_BENES]
IL,Ogle,Dual-Eligible (Medicare + Medicaid),Dual-Eligible,Dual-Eligible (Medicare/Medicaid),FIPS 17141,,1407,1407,https://data.cms.gov/summary-statistics-on-beneficiary-enrollment/medicare-and-medicaid-reports/medicare-monthly-enrollment,2026-02,[source: CMS Medicare Monthly Enrollment 2026-02; DUAL_TOT_BENES]
IL,Peoria,Dual-Eligible (Medicare + Medicaid),Dual-Eligible,Dual-Eligible (Medicare/Medicaid),FIPS 17143,,6435,6435,https://data.cms.gov/summary-statistics-on-beneficiary-enrollment/medicare-and-medicaid-reports/medicare-monthly-enrollment,2026-02,[source: CMS Medicare Monthly Enrollment 2026-02; DUAL_TOT_BENES]
IL,Perry,Dual-Eligible (Medicare + Medicaid),Dual-Eligible,Dual-Eligible (Medicare/Medicaid),FIPS 17145,,809,809,https://data.cms.gov/summary-statistics-on-beneficiary-enrollment/medicare-and-medicaid-reports/medicare-monthly-enrollment,2026-02,[source: CMS Medicare Monthly Enrollment 2026-02; DUAL_TOT_BENES]
IL,Piatt,Dual-Eligible (Medicare + Medicaid),Dual-Eligible,Dual-Eligible (Medicare/Medicaid),FIPS 17147,,372,372,https://data.cms.gov/summary-statistics-on-beneficiary-enrollment/medicare-and-medicaid-reports/medicare-monthly-enrollment,2026-02,[source: CMS Medicare Monthly Enrollment 2026-02; DUAL_TOT_BENES]
IL,Pike,Dual-Eligible (Medicare + Medicaid),Dual-Eligible,Dual-Eligible (Medicare/Medicaid),FIPS 17149,,684,684,https://data.cms.gov/summary-statistics-on-beneficiary-enrollment/medicare-and-medicaid-reports/medicare-monthly-enrollment,2026-02,[source: CMS Medicare Monthly Enrollment 2026-02; DUAL_TOT_BENES]
IL,Pope,Dual-Eligible (Medicare + Medicaid),Dual-Eligible,Dual-Eligible (Medicare/Medicaid),FIPS 17151,,176,176,https://data.cms.gov/summary-statistics-on-beneficiary-enrollment/medicare-and-medicaid-reports/medicare-monthly-enrollment,2026-02,[source: CMS Medicare Monthly Enrollment 2026-02; DUAL_TOT_BENES]
IL,Pulaski,Dual-Eligible (Medicare + Medicaid),Dual-Eligible,Dual-Eligible (Medicare/Medicaid),FIPS 17153,,326,326,https://data.cms.gov/summary-statistics-on-beneficiary-enrollment/medicare-and-medicaid-reports/medicare-monthly-enrollment,2026-02,[source: CMS Medicare Monthly Enrollment 2026-02; DUAL_TOT_BENES]
IL,Putnam,Dual-Eligible (Medicare + Medicaid),Dual-Eligible,Dual-Eligible (Medicare/Medicaid),FIPS 17155,,91,91,https://data.cms.gov/summary-statistics-on-beneficiary-enrollment/medicare-and-medicaid-reports/medicare-monthly-enrollment,2026-02,[source: CMS Medicare Monthly Enrollment 2026-02; DUAL_TOT_BENES]
IL,Randolph,Dual-Eligible (Medicare + Medicaid),Dual-Eligible,Dual-Eligible (Medicare/Medicaid),FIPS 17157,,968,968,https://data.cms.gov/summary-statistics-on-beneficiary-enrollment/medicare-and-medicaid-reports/medicare-monthly-enrollment,2026-02,[source: CMS Medicare Monthly Enrollment 2026-02; DUAL_TOT_BENES]
IL,Richland,Dual-Eligible (Medicare + Medicaid),Dual-Eligible,Dual-Eligible (Medicare/Medicaid),FIPS 17159,,717,717,https://data.cms.gov/summary-statistics-on-beneficiary-enrollment/medicare-and-medicaid-reports/medicare-monthly-enrollment,2026-02,[source: CMS Medicare Monthly Enrollment 2026-02; DUAL_TOT_BENES]
IL,Rock Island,Dual-Eligible (Medicare + Medicaid),Dual-Eligible,Dual-Eligible (Medicare/Medicaid),FIPS 17161,,4732,4732,https://data.cms.gov/summary-statistics-on-beneficiary-enrollment/medicare-and-medicaid-reports/medicare-monthly-enrollment,2026-02,[source: CMS Medicare Monthly Enrollment 2026-02; DUAL_TOT_BENES]
IL,Saline,Dual-Eligible (Medicare + Medicaid),Dual-Eligible,Dual-Eligible (Medicare/Medicaid),FIPS 17165,,1404,1404,https://data.cms.gov/summary-statistics-on-beneficiary-enrollment/medicare-and-medicaid-reports/medicare-monthly-enrollment,2026-02,[source: CMS Medicare Monthly Enrollment 2026-02; DUAL_TOT_BENES]
IL,Sangamon,Dual-Eligible (Medicare + Medicaid),Dual-Eligible,Dual-Eligible (Medicare/Medicaid),FIPS 17167,,6223,6223,https://data.cms.gov/summary-statistics-on-beneficiary-enrollment/medicare-and-medicaid-reports/medicare-monthly-enrollment,2026-02,[source: CMS Medicare Monthly Enrollment 2026-02; DUAL_TOT_BENES]
IL,Schuyler,Dual-Eligible (Medicare + Medicaid),Dual-Eligible,Dual-Eligible (Medicare/Medicaid),FIPS 17169,,229,229,https://data.cms.gov/summary-statistics-on-beneficiary-enrollment/medicare-and-medicaid-reports/medicare-monthly-enrollment,2026-02,[source: CMS Medicare Monthly Enrollment 2026-02; DUAL_TOT_BENES]
IL,Scott,Dual-Eligible (Medicare + Medicaid),Dual-Eligible,Dual-Eligible (Medicare/Medicaid),FIPS 17171,,159,159,https://data.cms.gov/summary-statistics-on-beneficiary-enrollment/medicare-and-medicaid-reports/medicare-monthly-enrollment,2026-02,[source: CMS Medicare Monthly Enrollment 2026-02; DUAL_TOT_BENES]
IL,Shelby,Dual-Eligible (Medicare + Medicaid),Dual-Eligible,Dual-Eligible (Medicare/Medicaid),FIPS 17173,,644,644,https://data.cms.gov/summary-statistics-on-beneficiary-enrollment/medicare-and-medicaid-reports/medicare-monthly-enrollment,2026-02,[source: CMS Medicare Monthly Enrollment 2026-02; DUAL_TOT_BENES]
IL,St. Clair,Dual-Eligible (Medicare + Medicaid),Dual-Eligible,Dual-Eligible (Medicare/Medicaid),FIPS 17163,,9250,9250,https://data.cms.gov/summary-statistics-on-beneficiary-enrollment/medicare-and-medicaid-reports/medicare-monthly-enrollment,2026-02,[source: CMS Medicare Monthly Enrollment 2026-02; DUAL_TOT_BENES]
IL,Stark,Dual-Eligible (Medicare + Medicaid),Dual-Eligible,Dual-Eligible (Medicare/Medicaid),FIPS 17175,,169,169,https://data.cms.gov/summary-statistics-on-beneficiary-enrollment/medicare-and-medicaid-reports/medicare-monthly-enrollment,2026-02,[source: CMS Medicare Monthly Enrollment 2026-02; DUAL_TOT_BENES]
IL,Stephenson,Dual-Eligible (Medicare + Medicaid),Dual-Eligible,Dual-Eligible (Medicare/Medicaid),FIPS 17177,,1651,1651,https://data.cms.gov/summary-statistics-on-beneficiary-enrollment/medicare-and-medicaid-reports/medicare-monthly-enrollment,2026-02,[source: CMS Medicare Monthly Enrollment 2026-02; DUAL_TOT_BENES]
IL,Tazewell,Dual-Eligible (Medicare + Medicaid),Dual-Eligible,Dual-Eligible (Medicare/Medicaid),FIPS 17179,,3609,3609,https://data.cms.gov/summary-statistics-on-beneficiary-enrollment/medicare-and-medicaid-reports/medicare-monthly-enrollment,2026-02,[source: CMS Medicare Monthly Enrollment 2026-02; DUAL_TOT_BENES]
IL,Union,Dual-Eligible (Medicare + Medicaid),Dual-Eligible,Dual-Eligible (Medicare/Medicaid),FIPS 17181,,1080,1080,https://data.cms.gov/summary-statistics-on-beneficiary-enrollment/medicare-and-medicaid-reports/medicare-monthly-enrollment,2026-02,[source: CMS Medicare Monthly Enrollment 2026-02; DUAL_TOT_BENES]
IL,Vermilion,Dual-Eligible (Medicare + Medicaid),Dual-Eligible,Dual-Eligible (Medicare/Medicaid),FIPS 17183,,3576,3576,https://data.cms.gov/summary-statistics-on-beneficiary-enrollment/medicare-and-medicaid-reports/medicare-monthly-enrollment,2026-02,[source: CMS Medicare Monthly Enrollment 2026-02; DUAL_TOT_BENES]
IL,Wabash,Dual-Eligible (Medicare + Medicaid),Dual-Eligible,Dual-Eligible (Medicare/Medicaid),FIPS 17185,,408,408,https://data.cms.gov/summary-statistics-on-beneficiary-enrollment/medicare-and-medicaid-reports/medicare-monthly-enrollment,2026-02,[source: CMS Medicare Monthly Enrollment 2026-02; DUAL_TOT_BENES]
IL,Warren,Dual-Eligible (Medicare + Medicaid),Dual-Eligible,Dual-Eligible (Medicare/Medicaid),FIPS 17187,,561,561,https://data.cms.gov/summary-statistics-on-beneficiary-enrollment/medicare-and-medicaid-reports/medicare-monthly-enrollment,2026-02,[source: CMS Medicare Monthly Enrollment 2026-02; DUAL_TOT_BENES]
IL,Washington,Dual-Eligible (Medicare + Medicaid),Dual-Eligible,Dual-Eligible (Medicare/Medicaid),FIPS 17189,,262,262,https://data.cms.gov/summary-statistics-on-beneficiary-enrollment/medicare-and-medicaid-reports/medicare-monthly-enrollment,2026-02,[source: CMS Medicare Monthly Enrollment 2026-02; DUAL_TOT_BENES]
IL,Wayne,Dual-Eligible (Medicare + Medicaid),Dual-Eligible,Dual-Eligible (Medicare/Medicaid),FIPS 17191,,647,647,https://data.cms.gov/summary-statistics-on-beneficiary-enrollment/medicare-and-medicaid-reports/medicare-monthly-enrollment,2026-02,[source: CMS Medicare Monthly Enrollment 2026-02; DUAL_TOT_BENES]
IL,White,Dual-Eligible (Medicare + Medicaid),Dual-Eligible,Dual-Eligible (Medicare/Medicaid),FIPS 17193,,654,654,https://data.cms.gov/summary-statistics-on-beneficiary-enrollment/medicare-and-medicaid-reports/medicare-monthly-enrollment,2026-02,[source: CMS Medicare Monthly Enrollment 2026-02; DUAL_TOT_BENES]
IL,Whiteside,Dual-Eligible (Medicare + Medicaid),Dual-Eligible,Dual-Eligible (Medicare/Medicaid),FIPS 17195,,2120,2120,https://data.cms.gov/summary-statistics-on-beneficiary-enrollment/medicare-and-medicaid-reports/medicare-monthly-enrollment,2026-02,[source: CMS Medicare Monthly Enrollment 2026-02; DUAL_TOT_BENES]
IL,Will,Dual-Eligible (Medicare + Medicaid),Dual-Eligible,Dual-Eligible (Medicare/Medicaid),FIPS 17197,,13776,13776,https://data.cms.gov/summary-statistics-on-beneficiary-enrollment/medicare-and-medicaid-reports/medicare-monthly-enrollment,2026-02,[source: CMS Medicare Monthly Enrollment 2026-02; DUAL_TOT_BENES]
IL,Williamson,Dual-Eligible (Medicare + Medicaid),Dual-Eligible,Dual-Eligible (Medicare/Medicaid),FIPS 17199,,2940,2940,https://data.cms.gov/summary-statistics-on-beneficiary-enrollment/medicare-and-medicaid-reports/medicare-monthly-enrollment,2026-02,[source: CMS Medicare Monthly Enrollment 2026-02; DUAL_TOT_BENES]
IL,Winnebago,Dual-Eligible (Medicare + Medicaid),Dual-Eligible,Dual-Eligible (Medicare/Medicaid),FIPS 17201,,10655,10655,https://data.cms.gov/summary-statistics-on-beneficiary-enrollment/medicare-and-medicaid-reports/medicare-monthly-enrollment,2026-02,[source: CMS Medicare Monthly Enrollment 2026-02; DUAL_TOT_BENES]
IL,Woodford,Dual-Eligible (Medicare + Medicaid),Dual-Eligible,Dual-Eligible (Medicare/Medicaid),FIPS 17203,,594,594,https://data.cms.gov/summary-statistics-on-beneficiary-enrollment/medicare-and-medicaid-reports/medicare-monthly-enrollment,2026-02,[source: CMS Medicare Monthly Enrollment 2026-02; DUAL_TOT_BENES]
IN,Adams,Dual-Eligible (Medicare + Medicaid),Dual-Eligible,Dual-Eligible (Medicare/Medicaid),FIPS 18001,,899,899,https://data.cms.gov/summary-statistics-on-beneficiary-enrollment/medicare-and-medicaid-reports/medicare-monthly-enrollment,2026-02,[source: CMS Medicare Monthly Enrollment 2026-02; DUAL_TOT_BENES]
IN,Allen,Dual-Eligible (Medicare + Medicaid),Dual-Eligible,Dual-Eligible (Medicare/Medicaid),FIPS 18003,,12417,12417,https://data.cms.gov/summary-statistics-on-beneficiary-enrollment/medicare-and-medicaid-reports/medicare-monthly-enrollment,2026-02,[source: CMS Medicare Monthly Enrollment 2026-02; DUAL_TOT_BENES]
IN,Bartholomew,Dual-Eligible (Medicare + Medicaid),Dual-Eligible,Dual-Eligible (Medicare/Medicaid),FIPS 18005,,2518,2518,https://data.cms.gov/summary-statistics-on-beneficiary-enrollment/medicare-and-medicaid-reports/medicare-monthly-enrollment,2026-02,[source: CMS Medicare Monthly Enrollment 2026-02; DUAL_TOT_BENES]
IN,Benton,Dual-Eligible (Medicare + Medicaid),Dual-Eligible,Dual-Eligible (Medicare/Medicaid),FIPS 18007,,287,287,https://data.cms.gov/summary-statistics-on-beneficiary-enrollment/medicare-and-medicaid-reports/medicare-monthly-enrollment,2026-02,[source: CMS Medicare Monthly Enrollment 2026-02; DUAL_TOT_BENES]
IN,Blackford,Dual-Eligible (Medicare + Medicaid),Dual-Eligible,Dual-Eligible (Medicare/Medicaid),FIPS 18009,,576,576,https://data.cms.gov/summary-statistics-on-beneficiary-enrollment/medicare-and-medicaid-reports/medicare-monthly-enrollment,2026-02,[source: CMS Medicare Monthly Enrollment 2026-02; DUAL_TOT_BENES]
IN,Boone,Dual-Eligible (Medicare + Medicaid),Dual-Eligible,Dual-Eligible (Medicare/Medicaid),FIPS 18011,,1288,1288,https://data.cms.gov/summary-statistics-on-beneficiary-enrollment/medicare-and-medicaid-reports/medicare-monthly-enrollment,2026-02,[source: CMS Medicare Monthly Enrollment 2026-02; DUAL_TOT_BENES]
IN,Brown,Dual-Eligible (Medicare + Medicaid),Dual-Eligible,Dual-Eligible (Medicare/Medicaid),FIPS 18013,,404,404,https://data.cms.gov/summary-statistics-on-beneficiary-enrollment/medicare-and-medicaid-reports/medicare-monthly-enrollment,2026-02,[source: CMS Medicare Monthly Enrollment 2026-02; DUAL_TOT_BENES]
IN,Carroll,Dual-Eligible (Medicare + Medicaid),Dual-Eligible,Dual-Eligible (Medicare/Medicaid),FIPS 18015,,529,529,https://data.cms.gov/summary-statistics-on-beneficiary-enrollment/medicare-and-medicaid-reports/medicare-monthly-enrollment,2026-02,[source: CMS Medicare Monthly Enrollment 2026-02; DUAL_TOT_BENES]
IN,Cass,Dual-Eligible (Medicare + Medicaid),Dual-Eligible,Dual-Eligible (Medicare/Medicaid),FIPS 18017,,1425,1425,https://data.cms.gov/summary-statistics-on-beneficiary-enrollment/medicare-and-medicaid-reports/medicare-monthly-enrollment,2026-02,[source: CMS Medicare Monthly Enrollment 2026-02; DUAL_TOT_BENES]
IN,Clark,Dual-Eligible (Medicare + Medicaid),Dual-Eligible,Dual-Eligible (Medicare/Medicaid),FIPS 18019,,4369,4369,https://data.cms.gov/summary-statistics-on-beneficiary-enrollment/medicare-and-medicaid-reports/medicare-monthly-enrollment,2026-02,[source: CMS Medicare Monthly Enrollment 2026-02; DUAL_TOT_BENES]
IN,Clay,Dual-Eligible (Medicare + Medicaid),Dual-Eligible,Dual-Eligible (Medicare/Medicaid),FIPS 18021,,996,996,https://data.cms.gov/summary-statistics-on-beneficiary-enrollment/medicare-and-medicaid-reports/medicare-monthly-enrollment,2026-02,[source: CMS Medicare Monthly Enrollment 2026-02; DUAL_TOT_BENES]
IN,Clinton,Dual-Eligible (Medicare + Medicaid),Dual-Eligible,Dual-Eligible (Medicare/Medicaid),FIPS 18023,,1060,1060,https://data.cms.gov/summary-statistics-on-beneficiary-enrollment/medicare-and-medicaid-reports/medicare-monthly-enrollment,2026-02,[source: CMS Medicare Monthly Enrollment 2026-02; DUAL_TOT_BENES]
IN,Crawford,Dual-Eligible (Medicare + Medicaid),Dual-Eligible,Dual-Eligible (Medicare/Medicaid),FIPS 18025,,525,525,https://data.cms.gov/summary-statistics-on-beneficiary-enrollment/medicare-and-medicaid-reports/medicare-monthly-enrollment,2026-02,[source: CMS Medicare Monthly Enrollment 2026-02; DUAL_TOT_BENES]
IN,Daviess,Dual-Eligible (Medicare + Medicaid),Dual-Eligible,Dual-Eligible (Medicare/Medicaid),FIPS 18027,,875,875,https://data.cms.gov/summary-statistics-on-beneficiary-enrollment/medicare-and-medicaid-reports/medicare-monthly-enrollment,2026-02,[source: CMS Medicare Monthly Enrollment 2026-02; DUAL_TOT_BENES]
IN,DeKalb,Dual-Eligible (Medicare + Medicaid),Dual-Eligible,Dual-Eligible (Medicare/Medicaid),FIPS 18033,,1352,1352,https://data.cms.gov/summary-statistics-on-beneficiary-enrollment/medicare-and-medicaid-reports/medicare-monthly-enrollment,2026-02,[source: CMS Medicare Monthly Enrollment 2026-02; DUAL_TOT_BENES]
IN,Dearborn,Dual-Eligible (Medicare + Medicaid),Dual-Eligible,Dual-Eligible (Medicare/Medicaid),FIPS 18029,,1472,1472,https://data.cms.gov/summary-statistics-on-beneficiary-enrollment/medicare-and-medicaid-reports/medicare-monthly-enrollment,2026-02,[source: CMS Medicare Monthly Enrollment 2026-02; DUAL_TOT_BENES]
IN,Decatur,Dual-Eligible (Medicare + Medicaid),Dual-Eligible,Dual-Eligible (Medicare/Medicaid),FIPS 18031,,1069,1069,https://data.cms.gov/summary-statistics-on-beneficiary-enrollment/medicare-and-medicaid-reports/medicare-monthly-enrollment,2026-02,[source: CMS Medicare Monthly Enrollment 2026-02; DUAL_TOT_BENES]
IN,Delaware,Dual-Eligible (Medicare + Medicaid),Dual-Eligible,Dual-Eligible (Medicare/Medicaid),FIPS 18035,,4788,4788,https://data.cms.gov/summary-statistics-on-beneficiary-enrollment/medicare-and-medicaid-reports/medicare-monthly-enrollment,2026-02,[source: CMS Medicare Monthly Enrollment 2026-02; DUAL_TOT_BENES]
IN,Dubois,Dual-Eligible (Medicare + Medicaid),Dual-Eligible,Dual-Eligible (Medicare/Medicaid),FIPS 18037,,1041,1041,https://data.cms.gov/summary-statistics-on-beneficiary-enrollment/medicare-and-medicaid-reports/medicare-monthly-enrollment,2026-02,[source: CMS Medicare Monthly Enrollment 2026-02; DUAL_TOT_BENES]
IN,Elkhart,Dual-Eligible (Medicare + Medicaid),Dual-Eligible,Dual-Eligible (Medicare/Medicaid),FIPS 18039,,5349,5349,https://data.cms.gov/summary-statistics-on-beneficiary-enrollment/medicare-and-medicaid-reports/medicare-monthly-enrollment,2026-02,[source: CMS Medicare Monthly Enrollment 2026-02; DUAL_TOT_BENES]
IN,Fayette,Dual-Eligible (Medicare + Medicaid),Dual-Eligible,Dual-Eligible (Medicare/Medicaid),FIPS 18041,,1673,1673,https://data.cms.gov/summary-statistics-on-beneficiary-enrollment/medicare-and-medicaid-reports/medicare-monthly-enrollment,2026-02,[source: CMS Medicare Monthly Enrollment 2026-02; DUAL_TOT_BENES]
IN,Floyd,Dual-Eligible (Medicare + Medicaid),Dual-Eligible,Dual-Eligible (Medicare/Medicaid),FIPS 18043,,2641,2641,https://data.cms.gov/summary-statistics-on-beneficiary-enrollment/medicare-and-medicaid-reports/medicare-monthly-enrollment,2026-02,[source: CMS Medicare Monthly Enrollment 2026-02; DUAL_TOT_BENES]
IN,Fountain,Dual-Eligible (Medicare + Medicaid),Dual-Eligible,Dual-Eligible (Medicare/Medicaid),FIPS 18045,,591,591,https://data.cms.gov/summary-statistics-on-beneficiary-enrollment/medicare-and-medicaid-reports/medicare-monthly-enrollment,2026-02,[source: CMS Medicare Monthly Enrollment 2026-02; DUAL_TOT_BENES]
IN,Franklin,Dual-Eligible (Medicare + Medicaid),Dual-Eligible,Dual-Eligible (Medicare/Medicaid),FIPS 18047,,724,724,https://data.cms.gov/summary-statistics-on-beneficiary-enrollment/medicare-and-medicaid-reports/medicare-monthly-enrollment,2026-02,[source: CMS Medicare Monthly Enrollment 2026-02; DUAL_TOT_BENES]
IN,Fulton,Dual-Eligible (Medicare + Medicaid),Dual-Eligible,Dual-Eligible (Medicare/Medicaid),FIPS 18049,,704,704,https://data.cms.gov/summary-statistics-on-beneficiary-enrollment/medicare-and-medicaid-reports/medicare-monthly-enrollment,2026-02,[source: CMS Medicare Monthly Enrollment 2026-02; DUAL_TOT_BENES]
IN,Gibson,Dual-Eligible (Medicare + Medicaid),Dual-Eligible,Dual-Eligible (Medicare/Medicaid),FIPS 18051,,1151,1151,https://data.cms.gov/summary-statistics-on-beneficiary-enrollment/medicare-and-medicaid-reports/medicare-monthly-enrollment,2026-02,[source: CMS Medicare Monthly Enrollment 2026-02; DUAL_TOT_BENES]
IN,Grant,Dual-Eligible (Medicare + Medicaid),Dual-Eligible,Dual-Eligible (Medicare/Medicaid),FIPS 18053,,3474,3474,https://data.cms.gov/summary-statistics-on-beneficiary-enrollment/medicare-and-medicaid-reports/medicare-monthly-enrollment,2026-02,[source: CMS Medicare Monthly Enrollment 2026-02; DUAL_TOT_BENES]
IN,Greene,Dual-Eligible (Medicare + Medicaid),Dual-Eligible,Dual-Eligible (Medicare/Medicaid),FIPS 18055,,1302,1302,https://data.cms.gov/summary-statistics-on-beneficiary-enrollment/medicare-and-medicaid-reports/medicare-monthly-enrollment,2026-02,[source: CMS Medicare Monthly Enrollment 2026-02; DUAL_TOT_BENES]
IN,Hamilton,Dual-Eligible (Medicare + Medicaid),Dual-Eligible,Dual-Eligible (Medicare/Medicaid),FIPS 18057,,4371,4371,https://data.cms.gov/summary-statistics-on-beneficiary-enrollment/medicare-and-medicaid-reports/medicare-monthly-enrollment,2026-02,[source: CMS Medicare Monthly Enrollment 2026-02; DUAL_TOT_BENES]
IN,Hancock,Dual-Eligible (Medicare + Medicaid),Dual-Eligible,Dual-Eligible (Medicare/Medicaid),FIPS 18059,,1956,1956,https://data.cms.gov/summary-statistics-on-beneficiary-enrollment/medicare-and-medicaid-reports/medicare-monthly-enrollment,2026-02,[source: CMS Medicare Monthly Enrollment 2026-02; DUAL_TOT_BENES]
IN,Harrison,Dual-Eligible (Medicare + Medicaid),Dual-Eligible,Dual-Eligible (Medicare/Medicaid),FIPS 18061,,1336,1336,https://data.cms.gov/summary-statistics-on-beneficiary-enrollment/medicare-and-medicaid-reports/medicare-monthly-enrollment,2026-02,[source: CMS Medicare Monthly Enrollment 2026-02; DUAL_TOT_BENES]
IN,Hendricks,Dual-Eligible (Medicare + Medicaid),Dual-Eligible,Dual-Eligible (Medicare/Medicaid),FIPS 18063,,2888,2888,https://data.cms.gov/summary-statistics-on-beneficiary-enrollment/medicare-and-medicaid-reports/medicare-monthly-enrollment,2026-02,[source: CMS Medicare Monthly Enrollment 2026-02; DUAL_TOT_BENES]
IN,Henry,Dual-Eligible (Medicare + Medicaid),Dual-Eligible,Dual-Eligible (Medicare/Medicaid),FIPS 18065,,2099,2099,https://data.cms.gov/summary-statistics-on-beneficiary-enrollment/medicare-and-medicaid-reports/medicare-monthly-enrollment,2026-02,[source: CMS Medicare Monthly Enrollment 2026-02; DUAL_TOT_BENES]
IN,Howard,Dual-Eligible (Medicare + Medicaid),Dual-Eligible,Dual-Eligible (Medicare/Medicaid),FIPS 18067,,3227,3227,https://data.cms.gov/summary-statistics-on-beneficiary-enrollment/medicare-and-medicaid-reports/medicare-monthly-enrollment,2026-02,[source: CMS Medicare Monthly Enrollment 2026-02; DUAL_TOT_BENES]
IN,Huntington,Dual-Eligible (Medicare + Medicaid),Dual-Eligible,Dual-Eligible (Medicare/Medicaid),FIPS 18069,,1432,1432,https://data.cms.gov/summary-statistics-on-beneficiary-enrollment/medicare-and-medicaid-reports/medicare-monthly-enrollment,2026-02,[source: CMS Medicare Monthly Enrollment 2026-02; DUAL_TOT_BENES]
IN,Jackson,Dual-Eligible (Medicare + Medicaid),Dual-Eligible,Dual-Eligible (Medicare/Medicaid),FIPS 18071,,1644,1644,https://data.cms.gov/summary-statistics-on-beneficiary-enrollment/medicare-and-medicaid-reports/medicare-monthly-enrollment,2026-02,[source: CMS Medicare Monthly Enrollment 2026-02; DUAL_TOT_BENES]
IN,Jasper,Dual-Eligible (Medicare + Medicaid),Dual-Eligible,Dual-Eligible (Medicare/Medicaid),FIPS 18073,,866,866,https://data.cms.gov/summary-statistics-on-beneficiary-enrollment/medicare-and-medicaid-reports/medicare-monthly-enrollment,2026-02,[source: CMS Medicare Monthly Enrollment 2026-02; DUAL_TOT_BENES]
IN,Jay,Dual-Eligible (Medicare + Medicaid),Dual-Eligible,Dual-Eligible (Medicare/Medicaid),FIPS 18075,,839,839,https://data.cms.gov/summary-statistics-on-beneficiary-enrollment/medicare-and-medicaid-reports/medicare-monthly-enrollment,2026-02,[source: CMS Medicare Monthly Enrollment 2026-02; DUAL_TOT_BENES]
IN,Jefferson,Dual-Eligible (Medicare + Medicaid),Dual-Eligible,Dual-Eligible (Medicare/Medicaid),FIPS 18077,,1317,1317,https://data.cms.gov/summary-statistics-on-beneficiary-enrollment/medicare-and-medicaid-reports/medicare-monthly-enrollment,2026-02,[source: CMS Medicare Monthly Enrollment 2026-02; DUAL_TOT_BENES]
IN,Jennings,Dual-Eligible (Medicare + Medicaid),Dual-Eligible,Dual-Eligible (Medicare/Medicaid),FIPS 18079,,1349,1349,https://data.cms.gov/summary-statistics-on-beneficiary-enrollment/medicare-and-medicaid-reports/medicare-monthly-enrollment,2026-02,[source: CMS Medicare Monthly Enrollment 2026-02; DUAL_TOT_BENES]
IN,Johnson,Dual-Eligible (Medicare + Medicaid),Dual-Eligible,Dual-Eligible (Medicare/Medicaid),FIPS 18081,,4000,4000,https://data.cms.gov/summary-statistics-on-beneficiary-enrollment/medicare-and-medicaid-reports/medicare-monthly-enrollment,2026-02,[source: CMS Medicare Monthly Enrollment 2026-02; DUAL_TOT_BENES]
IN,Knox,Dual-Eligible (Medicare + Medicaid),Dual-Eligible,Dual-Eligible (Medicare/Medicaid),FIPS 18083,,1643,1643,https://data.cms.gov/summary-statistics-on-beneficiary-enrollment/medicare-and-medicaid-reports/medicare-monthly-enrollment,2026-02,[source: CMS Medicare Monthly Enrollment 2026-02; DUAL_TOT_BENES]
IN,Kosciusko,Dual-Eligible (Medicare + Medicaid),Dual-Eligible,Dual-Eligible (Medicare/Medicaid),FIPS 18085,,2117,2117,https://data.cms.gov/summary-statistics-on-beneficiary-enrollment/medicare-and-medicaid-reports/medicare-monthly-enrollment,2026-02,[source: CMS Medicare Monthly Enrollment 2026-02; DUAL_TOT_BENES]
IN,LaGrange,Dual-Eligible (Medicare + Medicaid),Dual-Eligible,Dual-Eligible (Medicare/Medicaid),FIPS 18087,,726,726,https://data.cms.gov/summary-statistics-on-beneficiary-enrollment/medicare-and-medicaid-reports/medicare-monthly-enrollment,2026-02,[source: CMS Medicare Monthly Enrollment 2026-02; DUAL_TOT_BENES]
IN,LaPorte,Dual-Eligible (Medicare + Medicaid),Dual-Eligible,Dual-Eligible (Medicare/Medicaid),FIPS 18091,,3880,3880,https://data.cms.gov/summary-statistics-on-beneficiary-enrollment/medicare-and-medicaid-reports/medicare-monthly-enrollment,2026-02,[source: CMS Medicare Monthly Enrollment 2026-02; DUAL_TOT_BENES]
IN,Lake,Dual-Eligible (Medicare + Medicaid),Dual-Eligible,Dual-Eligible (Medicare/Medicaid),FIPS 18089,,16907,16907,https://data.cms.gov/summary-statistics-on-beneficiary-enrollment/medicare-and-medicaid-reports/medicare-monthly-enrollment,2026-02,[source: CMS Medicare Monthly Enrollment 2026-02; DUAL_TOT_BENES]
IN,Lawrence,Dual-Eligible (Medicare + Medicaid),Dual-Eligible,Dual-Eligible (Medicare/Medicaid),FIPS 18093,,1923,1923,https://data.cms.gov/summary-statistics-on-beneficiary-enrollment/medicare-and-medicaid-reports/medicare-monthly-enrollment,2026-02,[source: CMS Medicare Monthly Enrollment 2026-02; DUAL_TOT_BENES]
IN,Madison,Dual-Eligible (Medicare + Medicaid),Dual-Eligible,Dual-Eligible (Medicare/Medicaid),FIPS 18095,,5794,5794,https://data.cms.gov/summary-statistics-on-beneficiary-enrollment/medicare-and-medicaid-reports/medicare-monthly-enrollment,2026-02,[source: CMS Medicare Monthly Enrollment 2026-02; DUAL_TOT_BENES]
IN,Marion,Dual-Eligible (Medicare + Medicaid),Dual-Eligible,Dual-Eligible (Medicare/Medicaid),FIPS 18097,,34832,34832,https://data.cms.gov/summary-statistics-on-beneficiary-enrollment/medicare-and-medicaid-reports/medicare-monthly-enrollment,2026-02,[source: CMS Medicare Monthly Enrollment 2026-02; DUAL_TOT_BENES]
IN,Marshall,Dual-Eligible (Medicare + Medicaid),Dual-Eligible,Dual-Eligible (Medicare/Medicaid),FIPS 18099,,1358,1358,https://data.cms.gov/summary-statistics-on-beneficiary-enrollment/medicare-and-medicaid-reports/medicare-monthly-enrollment,2026-02,[source: CMS Medicare Monthly Enrollment 2026-02; DUAL_TOT_BENES]
IN,Martin,Dual-Eligible (Medicare + Medicaid),Dual-Eligible,Dual-Eligible (Medicare/Medicaid),FIPS 18101,,405,405,https://data.cms.gov/summary-statistics-on-beneficiary-enrollment/medicare-and-medicaid-reports/medicare-monthly-enrollment,2026-02,[source: CMS Medicare Monthly Enrollment 2026-02; DUAL_TOT_BENES]
IN,Miami,Dual-Eligible (Medicare + Medicaid),Dual-Eligible,Dual-Eligible (Medicare/Medicaid),FIPS 18103,,1308,1308,https://data.cms.gov/summary-statistics-on-beneficiary-enrollment/medicare-and-medicaid-reports/medicare-monthly-enrollment,2026-02,[source: CMS Medicare Monthly Enrollment 2026-02; DUAL_TOT_BENES]
IN,Monroe,Dual-Eligible (Medicare + Medicaid),Dual-Eligible,Dual-Eligible (Medicare/Medicaid),FIPS 18105,,3132,3132,https://data.cms.gov/summary-statistics-on-beneficiary-enrollment/medicare-and-medicaid-reports/medicare-monthly-enrollment,2026-02,[source: CMS Medicare Monthly Enrollment 2026-02; DUAL_TOT_BENES]
IN,Montgomery,Dual-Eligible (Medicare + Medicaid),Dual-Eligible,Dual-Eligible (Medicare/Medicaid),FIPS 18107,,1381,1381,https://data.cms.gov/summary-statistics-on-beneficiary-enrollment/medicare-and-medicaid-reports/medicare-monthly-enrollment,2026-02,[source: CMS Medicare Monthly Enrollment 2026-02; DUAL_TOT_BENES]
IN,Morgan,Dual-Eligible (Medicare + Medicaid),Dual-Eligible,Dual-Eligible (Medicare/Medicaid),FIPS 18109,,2310,2310,https://data.cms.gov/summary-statistics-on-beneficiary-enrollment/medicare-and-medicaid-reports/medicare-monthly-enrollment,2026-02,[source: CMS Medicare Monthly Enrollment 2026-02; DUAL_TOT_BENES]
IN,Newton,Dual-Eligible (Medicare + Medicaid),Dual-Eligible,Dual-Eligible (Medicare/Medicaid),FIPS 18111,,450,450,https://data.cms.gov/summary-statistics-on-beneficiary-enrollment/medicare-and-medicaid-reports/medicare-monthly-enrollment,2026-02,[source: CMS Medicare Monthly Enrollment 2026-02; DUAL_TOT_BENES]
IN,Noble,Dual-Eligible (Medicare + Medicaid),Dual-Eligible,Dual-Eligible (Medicare/Medicaid),FIPS 18113,,1457,1457,https://data.cms.gov/summary-statistics-on-beneficiary-enrollment/medicare-and-medicaid-reports/medicare-monthly-enrollment,2026-02,[source: CMS Medicare Monthly Enrollment 2026-02; DUAL_TOT_BENES]
IN,Ohio,Dual-Eligible (Medicare + Medicaid),Dual-Eligible,Dual-Eligible (Medicare/Medicaid),FIPS 18115,,261,261,https://data.cms.gov/summary-statistics-on-beneficiary-enrollment/medicare-and-medicaid-reports/medicare-monthly-enrollment,2026-02,[source: CMS Medicare Monthly Enrollment 2026-02; DUAL_TOT_BENES]
IN,Orange,Dual-Eligible (Medicare + Medicaid),Dual-Eligible,Dual-Eligible (Medicare/Medicaid),FIPS 18117,,1029,1029,https://data.cms.gov/summary-statistics-on-beneficiary-enrollment/medicare-and-medicaid-reports/medicare-monthly-enrollment,2026-02,[source: CMS Medicare Monthly Enrollment 2026-02; DUAL_TOT_BENES]
IN,Owen,Dual-Eligible (Medicare + Medicaid),Dual-Eligible,Dual-Eligible (Medicare/Medicaid),FIPS 18119,,860,860,https://data.cms.gov/summary-statistics-on-beneficiary-enrollment/medicare-and-medicaid-reports/medicare-monthly-enrollment,2026-02,[source: CMS Medicare Monthly Enrollment 2026-02; DUAL_TOT_BENES]
IN,Parke,Dual-Eligible (Medicare + Medicaid),Dual-Eligible,Dual-Eligible (Medicare/Medicaid),FIPS 18121,,593,593,https://data.cms.gov/summary-statistics-on-beneficiary-enrollment/medicare-and-medicaid-reports/medicare-monthly-enrollment,2026-02,[source: CMS Medicare Monthly Enrollment 2026-02; DUAL_TOT_BENES]
IN,Perry,Dual-Eligible (Medicare + Medicaid),Dual-Eligible,Dual-Eligible (Medicare/Medicaid),FIPS 18123,,719,719,https://data.cms.gov/summary-statistics-on-beneficiary-enrollment/medicare-and-medicaid-reports/medicare-monthly-enrollment,2026-02,[source: CMS Medicare Monthly Enrollment 2026-02; DUAL_TOT_BENES]
IN,Pike,Dual-Eligible (Medicare + Medicaid),Dual-Eligible,Dual-Eligible (Medicare/Medicaid),FIPS 18125,,489,489,https://data.cms.gov/summary-statistics-on-beneficiary-enrollment/medicare-and-medicaid-reports/medicare-monthly-enrollment,2026-02,[source: CMS Medicare Monthly Enrollment 2026-02; DUAL_TOT_BENES]
IN,Porter,Dual-Eligible (Medicare + Medicaid),Dual-Eligible,Dual-Eligible (Medicare/Medicaid),FIPS 18127,,3882,3882,https://data.cms.gov/summary-statistics-on-beneficiary-enrollment/medicare-and-medicaid-reports/medicare-monthly-enrollment,2026-02,[source: CMS Medicare Monthly Enrollment 2026-02; DUAL_TOT_BENES]
IN,Posey,Dual-Eligible (Medicare + Medicaid),Dual-Eligible,Dual-Eligible (Medicare/Medicaid),FIPS 18129,,635,635,https://data.cms.gov/summary-statistics-on-beneficiary-enrollment/medicare-and-medicaid-reports/medicare-monthly-enrollment,2026-02,[source: CMS Medicare Monthly Enrollment 2026-02; DUAL_TOT_BENES]
IN,Pulaski,Dual-Eligible (Medicare + Medicaid),Dual-Eligible,Dual-Eligible (Medicare/Medicaid),FIPS 18131,,484,484,https://data.cms.gov/summary-statistics-on-beneficiary-enrollment/medicare-and-medicaid-reports/medicare-monthly-enrollment,2026-02,[source: CMS Medicare Monthly Enrollment 2026-02; DUAL_TOT_BENES]
IN,Putnam,Dual-Eligible (Medicare + Medicaid),Dual-Eligible,Dual-Eligible (Medicare/Medicaid),FIPS 18133,,1298,1298,https://data.cms.gov/summary-statistics-on-beneficiary-enrollment/medicare-and-medicaid-reports/medicare-monthly-enrollment,2026-02,[source: CMS Medicare Monthly Enrollment 2026-02; DUAL_TOT_BENES]
IN,Randolph,Dual-Eligible (Medicare + Medicaid),Dual-Eligible,Dual-Eligible (Medicare/Medicaid),FIPS 18135,,983,983,https://data.cms.gov/summary-statistics-on-beneficiary-enrollment/medicare-and-medicaid-reports/medicare-monthly-enrollment,2026-02,[source: CMS Medicare Monthly Enrollment 2026-02; DUAL_TOT_BENES]
IN,Ripley,Dual-Eligible (Medicare + Medicaid),Dual-Eligible,Dual-Eligible (Medicare/Medicaid),FIPS 18137,,1000,1000,https://data.cms.gov/summary-statistics-on-beneficiary-enrollment/medicare-and-medicaid-reports/medicare-monthly-enrollment,2026-02,[source: CMS Medicare Monthly Enrollment 2026-02; DUAL_TOT_BENES]
IN,Rush,Dual-Eligible (Medicare + Medicaid),Dual-Eligible,Dual-Eligible (Medicare/Medicaid),FIPS 18139,,679,679,https://data.cms.gov/summary-statistics-on-beneficiary-enrollment/medicare-and-medicaid-reports/medicare-monthly-enrollment,2026-02,[source: CMS Medicare Monthly Enrollment 2026-02; DUAL_TOT_BENES]
IN,Scott,Dual-Eligible (Medicare + Medicaid),Dual-Eligible,Dual-Eligible (Medicare/Medicaid),FIPS 18143,,1418,1418,https://data.cms.gov/summary-statistics-on-beneficiary-enrollment/medicare-and-medicaid-reports/medicare-monthly-enrollment,2026-02,[source: CMS Medicare Monthly Enrollment 2026-02; DUAL_TOT_BENES]
IN,Shelby,Dual-Eligible (Medicare + Medicaid),Dual-Eligible,Dual-Eligible (Medicare/Medicaid),FIPS 18145,,1767,1767,https://data.cms.gov/summary-statistics-on-beneficiary-enrollment/medicare-and-medicaid-reports/medicare-monthly-enrollment,2026-02,[source: CMS Medicare Monthly Enrollment 2026-02; DUAL_TOT_BENES]
IN,Spencer,Dual-Eligible (Medicare + Medicaid),Dual-Eligible,Dual-Eligible (Medicare/Medicaid),FIPS 18147,,661,661,https://data.cms.gov/summary-statistics-on-beneficiary-enrollment/medicare-and-medicaid-reports/medicare-monthly-enrollment,2026-02,[source: CMS Medicare Monthly Enrollment 2026-02; DUAL_TOT_BENES]
IN,St. Joseph,Dual-Eligible (Medicare + Medicaid),Dual-Eligible,Dual-Eligible (Medicare/Medicaid),FIPS 18141,,8637,8637,https://data.cms.gov/summary-statistics-on-beneficiary-enrollment/medicare-and-medicaid-reports/medicare-monthly-enrollment,2026-02,[source: CMS Medicare Monthly Enrollment 2026-02; DUAL_TOT_BENES]
IN,Starke,Dual-Eligible (Medicare + Medicaid),Dual-Eligible,Dual-Eligible (Medicare/Medicaid),FIPS 18149,,1054,1054,https://data.cms.gov/summary-statistics-on-beneficiary-enrollment/medicare-and-medicaid-reports/medicare-monthly-enrollment,2026-02,[source: CMS Medicare Monthly Enrollment 2026-02; DUAL_TOT_BENES]
IN,Steuben,Dual-Eligible (Medicare + Medicaid),Dual-Eligible,Dual-Eligible (Medicare/Medicaid),FIPS 18151,,1007,1007,https://data.cms.gov/summary-statistics-on-beneficiary-enrollment/medicare-and-medicaid-reports/medicare-monthly-enrollment,2026-02,[source: CMS Medicare Monthly Enrollment 2026-02; DUAL_TOT_BENES]
IN,Sullivan,Dual-Eligible (Medicare + Medicaid),Dual-Eligible,Dual-Eligible (Medicare/Medicaid),FIPS 18153,,805,805,https://data.cms.gov/summary-statistics-on-beneficiary-enrollment/medicare-and-medicaid-reports/medicare-monthly-enrollment,2026-02,[source: CMS Medicare Monthly Enrollment 2026-02; DUAL_TOT_BENES]
IN,Switzerland,Dual-Eligible (Medicare + Medicaid),Dual-Eligible,Dual-Eligible (Medicare/Medicaid),FIPS 18155,,445,445,https://data.cms.gov/summary-statistics-on-beneficiary-enrollment/medicare-and-medicaid-reports/medicare-monthly-enrollment,2026-02,[source: CMS Medicare Monthly Enrollment 2026-02; DUAL_TOT_BENES]
IN,Tippecanoe,Dual-Eligible (Medicare + Medicaid),Dual-Eligible,Dual-Eligible (Medicare/Medicaid),FIPS 18157,,3949,3949,https://data.cms.gov/summary-statistics-on-beneficiary-enrollment/medicare-and-medicaid-reports/medicare-monthly-enrollment,2026-02,[source: CMS Medicare Monthly Enrollment 2026-02; DUAL_TOT_BENES]
IN,Tipton,Dual-Eligible (Medicare + Medicaid),Dual-Eligible,Dual-Eligible (Medicare/Medicaid),FIPS 18159,,360,360,https://data.cms.gov/summary-statistics-on-beneficiary-enrollment/medicare-and-medicaid-reports/medicare-monthly-enrollment,2026-02,[source: CMS Medicare Monthly Enrollment 2026-02; DUAL_TOT_BENES]
IN,Union,Dual-Eligible (Medicare + Medicaid),Dual-Eligible,Dual-Eligible (Medicare/Medicaid),FIPS 18161,,329,329,https://data.cms.gov/summary-statistics-on-beneficiary-enrollment/medicare-and-medicaid-reports/medicare-monthly-enrollment,2026-02,[source: CMS Medicare Monthly Enrollment 2026-02; DUAL_TOT_BENES]
IN,Vanderburgh,Dual-Eligible (Medicare + Medicaid),Dual-Eligible,Dual-Eligible (Medicare/Medicaid),FIPS 18163,,6935,6935,https://data.cms.gov/summary-statistics-on-beneficiary-enrollment/medicare-and-medicaid-reports/medicare-monthly-enrollment,2026-02,[source: CMS Medicare Monthly Enrollment 2026-02; DUAL_TOT_BENES]
IN,Vermillion,Dual-Eligible (Medicare + Medicaid),Dual-Eligible,Dual-Eligible (Medicare/Medicaid),FIPS 18165,,734,734,https://data.cms.gov/summary-statistics-on-beneficiary-enrollment/medicare-and-medicaid-reports/medicare-monthly-enrollment,2026-02,[source: CMS Medicare Monthly Enrollment 2026-02; DUAL_TOT_BENES]
IN,Vigo,Dual-Eligible (Medicare + Medicaid),Dual-Eligible,Dual-Eligible (Medicare/Medicaid),FIPS 18167,,4990,4990,https://data.cms.gov/summary-statistics-on-beneficiary-enrollment/medicare-and-medicaid-reports/medicare-monthly-enrollment,2026-02,[source: CMS Medicare Monthly Enrollment 2026-02; DUAL_TOT_BENES]
IN,Wabash,Dual-Eligible (Medicare + Medicaid),Dual-Eligible,Dual-Eligible (Medicare/Medicaid),FIPS 18169,,1190,1190,https://data.cms.gov/summary-statistics-on-beneficiary-enrollment/medicare-and-medicaid-reports/medicare-monthly-enrollment,2026-02,[source: CMS Medicare Monthly Enrollment 2026-02; DUAL_TOT_BENES]
IN,Warren,Dual-Eligible (Medicare + Medicaid),Dual-Eligible,Dual-Eligible (Medicare/Medicaid),FIPS 18171,,200,200,https://data.cms.gov/summary-statistics-on-beneficiary-enrollment/medicare-and-medicaid-reports/medicare-monthly-enrollment,2026-02,[source: CMS Medicare Monthly Enrollment 2026-02; DUAL_TOT_BENES]
IN,Warrick,Dual-Eligible (Medicare + Medicaid),Dual-Eligible,Dual-Eligible (Medicare/Medicaid),FIPS 18173,,1598,1598,https://data.cms.gov/summary-statistics-on-beneficiary-enrollment/medicare-and-medicaid-reports/medicare-monthly-enrollment,2026-02,[source: CMS Medicare Monthly Enrollment 2026-02; DUAL_TOT_BENES]
IN,Washington,Dual-Eligible (Medicare + Medicaid),Dual-Eligible,Dual-Eligible (Medicare/Medicaid),FIPS 18175,,1251,1251,https://data.cms.gov/summary-statistics-on-beneficiary-enrollment/medicare-and-medicaid-reports/medicare-monthly-enrollment,2026-02,[source: CMS Medicare Monthly Enrollment 2026-02; DUAL_TOT_BENES]
IN,Wayne,Dual-Eligible (Medicare + Medicaid),Dual-Eligible,Dual-Eligible (Medicare/Medicaid),FIPS 18177,,3694,3694,https://data.cms.gov/summary-statistics-on-beneficiary-enrollment/medicare-and-medicaid-reports/medicare-monthly-enrollment,2026-02,[source: CMS Medicare Monthly Enrollment 2026-02; DUAL_TOT_BENES]
IN,Wells,Dual-Eligible (Medicare + Medicaid),Dual-Eligible,Dual-Eligible (Medicare/Medicaid),FIPS 18179,,948,948,https://data.cms.gov/summary-statistics-on-beneficiary-enrollment/medicare-and-medicaid-reports/medicare-monthly-enrollment,2026-02,[source: CMS Medicare Monthly Enrollment 2026-02; DUAL_TOT_BENES]
IN,White,Dual-Eligible (Medicare + Medicaid),Dual-Eligible,Dual-Eligible (Medicare/Medicaid),FIPS 18181,,861,861,https://data.cms.gov/summary-statistics-on-beneficiary-enrollment/medicare-and-medicaid-reports/medicare-monthly-enrollment,2026-02,[source: CMS Medicare Monthly Enrollment 2026-02; DUAL_TOT_BENES]
IN,Whitley,Dual-Eligible (Medicare + Medicaid),Dual-Eligible,Dual-Eligible (Medicare/Medicaid),FIPS 18183,,857,857,https://data.cms.gov/summary-statistics-on-beneficiary-enrollment/medicare-and-medicaid-reports/medicare-monthly-enrollment,2026-02,[source: CMS Medicare Monthly Enrollment 2026-02; DUAL_TOT_BENES]
KY,Adair,Dual-Eligible (Medicare + Medicaid),Dual-Eligible,Dual-Eligible (Medicare/Medicaid),FIPS 21001,,1152,1152,https://data.cms.gov/summary-statistics-on-beneficiary-enrollment/medicare-and-medicaid-reports/medicare-monthly-enrollment,2026-02,[source: CMS Medicare Monthly Enrollment 2026-02; DUAL_TOT_BENES]
KY,Allen,Dual-Eligible (Medicare + Medicaid),Dual-Eligible,Dual-Eligible (Medicare/Medicaid),FIPS 21003,,991,991,https://data.cms.gov/summary-statistics-on-beneficiary-enrollment/medicare-and-medicaid-reports/medicare-monthly-enrollment,2026-02,[source: CMS Medicare Monthly Enrollment 2026-02; DUAL_TOT_BENES]
KY,Anderson,Dual-Eligible (Medicare + Medicaid),Dual-Eligible,Dual-Eligible (Medicare/Medicaid),FIPS 21005,,619,619,https://data.cms.gov/summary-statistics-on-beneficiary-enrollment/medicare-and-medicaid-reports/medicare-monthly-enrollment,2026-02,[source: CMS Medicare Monthly Enrollment 2026-02; DUAL_TOT_BENES]
KY,Ballard,Dual-Eligible (Medicare + Medicaid),Dual-Eligible,Dual-Eligible (Medicare/Medicaid),FIPS 21007,,276,276,https://data.cms.gov/summary-statistics-on-beneficiary-enrollment/medicare-and-medicaid-reports/medicare-monthly-enrollment,2026-02,[source: CMS Medicare Monthly Enrollment 2026-02; DUAL_TOT_BENES]
KY,Barren,Dual-Eligible (Medicare + Medicaid),Dual-Eligible,Dual-Eligible (Medicare/Medicaid),FIPS 21009,,2201,2201,https://data.cms.gov/summary-statistics-on-beneficiary-enrollment/medicare-and-medicaid-reports/medicare-monthly-enrollment,2026-02,[source: CMS Medicare Monthly Enrollment 2026-02; DUAL_TOT_BENES]
KY,Bath,Dual-Eligible (Medicare + Medicaid),Dual-Eligible,Dual-Eligible (Medicare/Medicaid),FIPS 21011,,859,859,https://data.cms.gov/summary-statistics-on-beneficiary-enrollment/medicare-and-medicaid-reports/medicare-monthly-enrollment,2026-02,[source: CMS Medicare Monthly Enrollment 2026-02; DUAL_TOT_BENES]
KY,Bell,Dual-Eligible (Medicare + Medicaid),Dual-Eligible,Dual-Eligible (Medicare/Medicaid),FIPS 21013,,2209,2209,https://data.cms.gov/summary-statistics-on-beneficiary-enrollment/medicare-and-medicaid-reports/medicare-monthly-enrollment,2026-02,[source: CMS Medicare Monthly Enrollment 2026-02; DUAL_TOT_BENES]
KY,Boone,Dual-Eligible (Medicare + Medicaid),Dual-Eligible,Dual-Eligible (Medicare/Medicaid),FIPS 21015,,2232,2232,https://data.cms.gov/summary-statistics-on-beneficiary-enrollment/medicare-and-medicaid-reports/medicare-monthly-enrollment,2026-02,[source: CMS Medicare Monthly Enrollment 2026-02; DUAL_TOT_BENES]
KY,Bourbon,Dual-Eligible (Medicare + Medicaid),Dual-Eligible,Dual-Eligible (Medicare/Medicaid),FIPS 21017,,782,782,https://data.cms.gov/summary-statistics-on-beneficiary-enrollment/medicare-and-medicaid-reports/medicare-monthly-enrollment,2026-02,[source: CMS Medicare Monthly Enrollment 2026-02; DUAL_TOT_BENES]
KY,Boyd,Dual-Eligible (Medicare + Medicaid),Dual-Eligible,Dual-Eligible (Medicare/Medicaid),FIPS 21019,,2177,2177,https://data.cms.gov/summary-statistics-on-beneficiary-enrollment/medicare-and-medicaid-reports/medicare-monthly-enrollment,2026-02,[source: CMS Medicare Monthly Enrollment 2026-02; DUAL_TOT_BENES]
KY,Boyle,Dual-Eligible (Medicare + Medicaid),Dual-Eligible,Dual-Eligible (Medicare/Medicaid),FIPS 21021,,1091,1091,https://data.cms.gov/summary-statistics-on-beneficiary-enrollment/medicare-and-medicaid-reports/medicare-monthly-enrollment,2026-02,[source: CMS Medicare Monthly Enrollment 2026-02; DUAL_TOT_BENES]
KY,Bracken,Dual-Eligible (Medicare + Medicaid),Dual-Eligible,Dual-Eligible (Medicare/Medicaid),FIPS 21023,,405,405,https://data.cms.gov/summary-statistics-on-beneficiary-enrollment/medicare-and-medicaid-reports/medicare-monthly-enrollment,2026-02,[source: CMS Medicare Monthly Enrollment 2026-02; DUAL_TOT_BENES]
KY,Breathitt,Dual-Eligible (Medicare + Medicaid),Dual-Eligible,Dual-Eligible (Medicare/Medicaid),FIPS 21025,,1145,1145,https://data.cms.gov/summary-statistics-on-beneficiary-enrollment/medicare-and-medicaid-reports/medicare-monthly-enrollment,2026-02,[source: CMS Medicare Monthly Enrollment 2026-02; DUAL_TOT_BENES]
KY,Breckinridge,Dual-Eligible (Medicare + Medicaid),Dual-Eligible,Dual-Eligible (Medicare/Medicaid),FIPS 21027,,1019,1019,https://data.cms.gov/summary-statistics-on-beneficiary-enrollment/medicare-and-medicaid-reports/medicare-monthly-enrollment,2026-02,[source: CMS Medicare Monthly Enrollment 2026-02; DUAL_TOT_BENES]
KY,Bullitt,Dual-Eligible (Medicare + Medicaid),Dual-Eligible,Dual-Eligible (Medicare/Medicaid),FIPS 21029,,1879,1879,https://data.cms.gov/summary-statistics-on-beneficiary-enrollment/medicare-and-medicaid-reports/medicare-monthly-enrollment,2026-02,[source: CMS Medicare Monthly Enrollment 2026-02; DUAL_TOT_BENES]
KY,Butler,Dual-Eligible (Medicare + Medicaid),Dual-Eligible,Dual-Eligible (Medicare/Medicaid),FIPS 21031,,660,660,https://data.cms.gov/summary-statistics-on-beneficiary-enrollment/medicare-and-medicaid-reports/medicare-monthly-enrollment,2026-02,[source: CMS Medicare Monthly Enrollment 2026-02; DUAL_TOT_BENES]
KY,Caldwell,Dual-Eligible (Medicare + Medicaid),Dual-Eligible,Dual-Eligible (Medicare/Medicaid),FIPS 21033,,563,563,https://data.cms.gov/summary-statistics-on-beneficiary-enrollment/medicare-and-medicaid-reports/medicare-monthly-enrollment,2026-02,[source: CMS Medicare Monthly Enrollment 2026-02; DUAL_TOT_BENES]
KY,Calloway,Dual-Eligible (Medicare + Medicaid),Dual-Eligible,Dual-Eligible (Medicare/Medicaid),FIPS 21035,,1214,1214,https://data.cms.gov/summary-statistics-on-beneficiary-enrollment/medicare-and-medicaid-reports/medicare-monthly-enrollment,2026-02,[source: CMS Medicare Monthly Enrollment 2026-02; DUAL_TOT_BENES]
KY,Campbell,Dual-Eligible (Medicare + Medicaid),Dual-Eligible,Dual-Eligible (Medicare/Medicaid),FIPS 21037,,1910,1910,https://data.cms.gov/summary-statistics-on-beneficiary-enrollment/medicare-and-medicaid-reports/medicare-monthly-enrollment,2026-02,[source: CMS Medicare Monthly Enrollment 2026-02; DUAL_TOT_BENES]
KY,Carlisle,Dual-Eligible (Medicare + Medicaid),Dual-Eligible,Dual-Eligible (Medicare/Medicaid),FIPS 21039,,220,220,https://data.cms.gov/summary-statistics-on-beneficiary-enrollment/medicare-and-medicaid-reports/medicare-monthly-enrollment,2026-02,[source: CMS Medicare Monthly Enrollment 2026-02; DUAL_TOT_BENES]
KY,Carroll,Dual-Eligible (Medicare + Medicaid),Dual-Eligible,Dual-Eligible (Medicare/Medicaid),FIPS 21041,,465,465,https://data.cms.gov/summary-statistics-on-beneficiary-enrollment/medicare-and-medicaid-reports/medicare-monthly-enrollment,2026-02,[source: CMS Medicare Monthly Enrollment 2026-02; DUAL_TOT_BENES]
KY,Carter,Dual-Eligible (Medicare + Medicaid),Dual-Eligible,Dual-Eligible (Medicare/Medicaid),FIPS 21043,,1669,1669,https://data.cms.gov/summary-statistics-on-beneficiary-enrollment/medicare-and-medicaid-reports/medicare-monthly-enrollment,2026-02,[source: CMS Medicare Monthly Enrollment 2026-02; DUAL_TOT_BENES]
KY,Casey,Dual-Eligible (Medicare + Medicaid),Dual-Eligible,Dual-Eligible (Medicare/Medicaid),FIPS 21045,,1051,1051,https://data.cms.gov/summary-statistics-on-beneficiary-enrollment/medicare-and-medicaid-reports/medicare-monthly-enrollment,2026-02,[source: CMS Medicare Monthly Enrollment 2026-02; DUAL_TOT_BENES]
KY,Christian,Dual-Eligible (Medicare + Medicaid),Dual-Eligible,Dual-Eligible (Medicare/Medicaid),FIPS 21047,,2382,2382,https://data.cms.gov/summary-statistics-on-beneficiary-enrollment/medicare-and-medicaid-reports/medicare-monthly-enrollment,2026-02,[source: CMS Medicare Monthly Enrollment 2026-02; DUAL_TOT_BENES]
KY,Clark,Dual-Eligible (Medicare + Medicaid),Dual-Eligible,Dual-Eligible (Medicare/Medicaid),FIPS 21049,,1441,1441,https://data.cms.gov/summary-statistics-on-beneficiary-enrollment/medicare-and-medicaid-reports/medicare-monthly-enrollment,2026-02,[source: CMS Medicare Monthly Enrollment 2026-02; DUAL_TOT_BENES]
KY,Clay,Dual-Eligible (Medicare + Medicaid),Dual-Eligible,Dual-Eligible (Medicare/Medicaid),FIPS 21051,,1812,1812,https://data.cms.gov/summary-statistics-on-beneficiary-enrollment/medicare-and-medicaid-reports/medicare-monthly-enrollment,2026-02,[source: CMS Medicare Monthly Enrollment 2026-02; DUAL_TOT_BENES]
KY,Clinton,Dual-Eligible (Medicare + Medicaid),Dual-Eligible,Dual-Eligible (Medicare/Medicaid),FIPS 21053,,871,871,https://data.cms.gov/summary-statistics-on-beneficiary-enrollment/medicare-and-medicaid-reports/medicare-monthly-enrollment,2026-02,[source: CMS Medicare Monthly Enrollment 2026-02; DUAL_TOT_BENES]
KY,Crittenden,Dual-Eligible (Medicare + Medicaid),Dual-Eligible,Dual-Eligible (Medicare/Medicaid),FIPS 21055,,333,333,https://data.cms.gov/summary-statistics-on-beneficiary-enrollment/medicare-and-medicaid-reports/medicare-monthly-enrollment,2026-02,[source: CMS Medicare Monthly Enrollment 2026-02; DUAL_TOT_BENES]
KY,Cumberland,Dual-Eligible (Medicare + Medicaid),Dual-Eligible,Dual-Eligible (Medicare/Medicaid),FIPS 21057,,575,575,https://data.cms.gov/summary-statistics-on-beneficiary-enrollment/medicare-and-medicaid-reports/medicare-monthly-enrollment,2026-02,[source: CMS Medicare Monthly Enrollment 2026-02; DUAL_TOT_BENES]
KY,Daviess,Dual-Eligible (Medicare + Medicaid),Dual-Eligible,Dual-Eligible (Medicare/Medicaid),FIPS 21059,,3761,3761,https://data.cms.gov/summary-statistics-on-beneficiary-enrollment/medicare-and-medicaid-reports/medicare-monthly-enrollment,2026-02,[source: CMS Medicare Monthly Enrollment 2026-02; DUAL_TOT_BENES]
KY,Edmonson,Dual-Eligible (Medicare + Medicaid),Dual-Eligible,Dual-Eligible (Medicare/Medicaid),FIPS 21061,,556,556,https://data.cms.gov/summary-statistics-on-beneficiary-enrollment/medicare-and-medicaid-reports/medicare-monthly-enrollment,2026-02,[source: CMS Medicare Monthly Enrollment 2026-02; DUAL_TOT_BENES]
KY,Elliott,Dual-Eligible (Medicare + Medicaid),Dual-Eligible,Dual-Eligible (Medicare/Medicaid),FIPS 21063,,409,409,https://data.cms.gov/summary-statistics-on-beneficiary-enrollment/medicare-and-medicaid-reports/medicare-monthly-enrollment,2026-02,[source: CMS Medicare Monthly Enrollment 2026-02; DUAL_TOT_BENES]
KY,Estill,Dual-Eligible (Medicare + Medicaid),Dual-Eligible,Dual-Eligible (Medicare/Medicaid),FIPS 21065,,1093,1093,https://data.cms.gov/summary-statistics-on-beneficiary-enrollment/medicare-and-medicaid-reports/medicare-monthly-enrollment,2026-02,[source: CMS Medicare Monthly Enrollment 2026-02; DUAL_TOT_BENES]
KY,Fayette,Dual-Eligible (Medicare + Medicaid),Dual-Eligible,Dual-Eligible (Medicare/Medicaid),FIPS 21067,,7280,7280,https://data.cms.gov/summary-statistics-on-beneficiary-enrollment/medicare-and-medicaid-reports/medicare-monthly-enrollment,2026-02,[source: CMS Medicare Monthly Enrollment 2026-02; DUAL_TOT_BENES]
KY,Fleming,Dual-Eligible (Medicare + Medicaid),Dual-Eligible,Dual-Eligible (Medicare/Medicaid),FIPS 21069,,827,827,https://data.cms.gov/summary-statistics-on-beneficiary-enrollment/medicare-and-medicaid-reports/medicare-monthly-enrollment,2026-02,[source: CMS Medicare Monthly Enrollment 2026-02; DUAL_TOT_BENES]
KY,Floyd,Dual-Eligible (Medicare + Medicaid),Dual-Eligible,Dual-Eligible (Medicare/Medicaid),FIPS 21071,,2723,2723,https://data.cms.gov/summary-statistics-on-beneficiary-enrollment/medicare-and-medicaid-reports/medicare-monthly-enrollment,2026-02,[source: CMS Medicare Monthly Enrollment 2026-02; DUAL_TOT_BENES]
KY,Franklin,Dual-Eligible (Medicare + Medicaid),Dual-Eligible,Dual-Eligible (Medicare/Medicaid),FIPS 21073,,4308,4308,https://data.cms.gov/summary-statistics-on-beneficiary-enrollment/medicare-and-medicaid-reports/medicare-monthly-enrollment,2026-02,[source: CMS Medicare Monthly Enrollment 2026-02; DUAL_TOT_BENES]
KY,Fulton,Dual-Eligible (Medicare + Medicaid),Dual-Eligible,Dual-Eligible (Medicare/Medicaid),FIPS 21075,,487,487,https://data.cms.gov/summary-statistics-on-beneficiary-enrollment/medicare-and-medicaid-reports/medicare-monthly-enrollment,2026-02,[source: CMS Medicare Monthly Enrollment 2026-02; DUAL_TOT_BENES]
KY,Gallatin,Dual-Eligible (Medicare + Medicaid),Dual-Eligible,Dual-Eligible (Medicare/Medicaid),FIPS 21077,,315,315,https://data.cms.gov/summary-statistics-on-beneficiary-enrollment/medicare-and-medicaid-reports/medicare-monthly-enrollment,2026-02,[source: CMS Medicare Monthly Enrollment 2026-02; DUAL_TOT_BENES]
KY,Garrard,Dual-Eligible (Medicare + Medicaid),Dual-Eligible,Dual-Eligible (Medicare/Medicaid),FIPS 21079,,733,733,https://data.cms.gov/summary-statistics-on-beneficiary-enrollment/medicare-and-medicaid-reports/medicare-monthly-enrollment,2026-02,[source: CMS Medicare Monthly Enrollment 2026-02; DUAL_TOT_BENES]
KY,Grant,Dual-Eligible (Medicare + Medicaid),Dual-Eligible,Dual-Eligible (Medicare/Medicaid),FIPS 21081,,918,918,https://data.cms.gov/summary-statistics-on-beneficiary-enrollment/medicare-and-medicaid-reports/medicare-monthly-enrollment,2026-02,[source: CMS Medicare Monthly Enrollment 2026-02; DUAL_TOT_BENES]
KY,Graves,Dual-Eligible (Medicare + Medicaid),Dual-Eligible,Dual-Eligible (Medicare/Medicaid),FIPS 21083,,1576,1576,https://data.cms.gov/summary-statistics-on-beneficiary-enrollment/medicare-and-medicaid-reports/medicare-monthly-enrollment,2026-02,[source: CMS Medicare Monthly Enrollment 2026-02; DUAL_TOT_BENES]
KY,Grayson,Dual-Eligible (Medicare + Medicaid),Dual-Eligible,Dual-Eligible (Medicare/Medicaid),FIPS 21085,,1534,1534,https://data.cms.gov/summary-statistics-on-beneficiary-enrollment/medicare-and-medicaid-reports/medicare-monthly-enrollment,2026-02,[source: CMS Medicare Monthly Enrollment 2026-02; DUAL_TOT_BENES]
KY,Green,Dual-Eligible (Medicare + Medicaid),Dual-Eligible,Dual-Eligible (Medicare/Medicaid),FIPS 21087,,682,682,https://data.cms.gov/summary-statistics-on-beneficiary-enrollment/medicare-and-medicaid-reports/medicare-monthly-enrollment,2026-02,[source: CMS Medicare Monthly Enrollment 2026-02; DUAL_TOT_BENES]
KY,Greenup,Dual-Eligible (Medicare + Medicaid),Dual-Eligible,Dual-Eligible (Medicare/Medicaid),FIPS 21089,,1513,1513,https://data.cms.gov/summary-statistics-on-beneficiary-enrollment/medicare-and-medicaid-reports/medicare-monthly-enrollment,2026-02,[source: CMS Medicare Monthly Enrollment 2026-02; DUAL_TOT_BENES]
KY,Hancock,Dual-Eligible (Medicare + Medicaid),Dual-Eligible,Dual-Eligible (Medicare/Medicaid),FIPS 21091,,316,316,https://data.cms.gov/summary-statistics-on-beneficiary-enrollment/medicare-and-medicaid-reports/medicare-monthly-enrollment,2026-02,[source: CMS Medicare Monthly Enrollment 2026-02; DUAL_TOT_BENES]
KY,Hardin,Dual-Eligible (Medicare + Medicaid),Dual-Eligible,Dual-Eligible (Medicare/Medicaid),FIPS 21093,,3375,3375,https://data.cms.gov/summary-statistics-on-beneficiary-enrollment/medicare-and-medicaid-reports/medicare-monthly-enrollment,2026-02,[source: CMS Medicare Monthly Enrollment 2026-02; DUAL_TOT_BENES]
KY,Harlan,Dual-Eligible (Medicare + Medicaid),Dual-Eligible,Dual-Eligible (Medicare/Medicaid),FIPS 21095,,1940,1940,https://data.cms.gov/summary-statistics-on-beneficiary-enrollment/medicare-and-medicaid-reports/medicare-monthly-enrollment,2026-02,[source: CMS Medicare Monthly Enrollment 2026-02; DUAL_TOT_BENES]
KY,Harrison,Dual-Eligible (Medicare + Medicaid),Dual-Eligible,Dual-Eligible (Medicare/Medicaid),FIPS 21097,,857,857,https://data.cms.gov/summary-statistics-on-beneficiary-enrollment/medicare-and-medicaid-reports/medicare-monthly-enrollment,2026-02,[source: CMS Medicare Monthly Enrollment 2026-02; DUAL_TOT_BENES]
KY,Hart,Dual-Eligible (Medicare + Medicaid),Dual-Eligible,Dual-Eligible (Medicare/Medicaid),FIPS 21099,,1107,1107,https://data.cms.gov/summary-statistics-on-beneficiary-enrollment/medicare-and-medicaid-reports/medicare-monthly-enrollment,2026-02,[source: CMS Medicare Monthly Enrollment 2026-02; DUAL_TOT_BENES]
KY,Henderson,Dual-Eligible (Medicare + Medicaid),Dual-Eligible,Dual-Eligible (Medicare/Medicaid),FIPS 21101,,1703,1703,https://data.cms.gov/summary-statistics-on-beneficiary-enrollment/medicare-and-medicaid-reports/medicare-monthly-enrollment,2026-02,[source: CMS Medicare Monthly Enrollment 2026-02; DUAL_TOT_BENES]
KY,Henry,Dual-Eligible (Medicare + Medicaid),Dual-Eligible,Dual-Eligible (Medicare/Medicaid),FIPS 21103,,621,621,https://data.cms.gov/summary-statistics-on-beneficiary-enrollment/medicare-and-medicaid-reports/medicare-monthly-enrollment,2026-02,[source: CMS Medicare Monthly Enrollment 2026-02; DUAL_TOT_BENES]
KY,Hickman,Dual-Eligible (Medicare + Medicaid),Dual-Eligible,Dual-Eligible (Medicare/Medicaid),FIPS 21105,,237,237,https://data.cms.gov/summary-statistics-on-beneficiary-enrollment/medicare-and-medicaid-reports/medicare-monthly-enrollment,2026-02,[source: CMS Medicare Monthly Enrollment 2026-02; DUAL_TOT_BENES]
KY,Hopkins,Dual-Eligible (Medicare + Medicaid),Dual-Eligible,Dual-Eligible (Medicare/Medicaid),FIPS 21107,,1951,1951,https://data.cms.gov/summary-statistics-on-beneficiary-enrollment/medicare-and-medicaid-reports/medicare-monthly-enrollment,2026-02,[source: CMS Medicare Monthly Enrollment 2026-02; DUAL_TOT_BENES]
KY,Jackson,Dual-Eligible (Medicare + Medicaid),Dual-Eligible,Dual-Eligible (Medicare/Medicaid),FIPS 21109,,1078,1078,https://data.cms.gov/summary-statistics-on-beneficiary-enrollment/medicare-and-medicaid-reports/medicare-monthly-enrollment,2026-02,[source: CMS Medicare Monthly Enrollment 2026-02; DUAL_TOT_BENES]
KY,Jefferson,Dual-Eligible (Medicare + Medicaid),Dual-Eligible,Dual-Eligible (Medicare/Medicaid),FIPS 21111,,23800,23800,https://data.cms.gov/summary-statistics-on-beneficiary-enrollment/medicare-and-medicaid-reports/medicare-monthly-enrollment,2026-02,[source: CMS Medicare Monthly Enrollment 2026-02; DUAL_TOT_BENES]
KY,Jessamine,Dual-Eligible (Medicare + Medicaid),Dual-Eligible,Dual-Eligible (Medicare/Medicaid),FIPS 21113,,1489,1489,https://data.cms.gov/summary-statistics-on-beneficiary-enrollment/medicare-and-medicaid-reports/medicare-monthly-enrollment,2026-02,[source: CMS Medicare Monthly Enrollment 2026-02; DUAL_TOT_BENES]
KY,Johnson,Dual-Eligible (Medicare + Medicaid),Dual-Eligible,Dual-Eligible (Medicare/Medicaid),FIPS 21115,,1482,1482,https://data.cms.gov/summary-statistics-on-beneficiary-enrollment/medicare-and-medicaid-reports/medicare-monthly-enrollment,2026-02,[source: CMS Medicare Monthly Enrollment 2026-02; DUAL_TOT_BENES]
KY,Kenton,Dual-Eligible (Medicare + Medicaid),Dual-Eligible,Dual-Eligible (Medicare/Medicaid),FIPS 21117,,3815,3815,https://data.cms.gov/summary-statistics-on-beneficiary-enrollment/medicare-and-medicaid-reports/medicare-monthly-enrollment,2026-02,[source: CMS Medicare Monthly Enrollment 2026-02; DUAL_TOT_BENES]
KY,Knott,Dual-Eligible (Medicare + Medicaid),Dual-Eligible,Dual-Eligible (Medicare/Medicaid),FIPS 21119,,938,938,https://data.cms.gov/summary-statistics-on-beneficiary-enrollment/medicare-and-medicaid-reports/medicare-monthly-enrollment,2026-02,[source: CMS Medicare Monthly Enrollment 2026-02; DUAL_TOT_BENES]
KY,Knox,Dual-Eligible (Medicare + Medicaid),Dual-Eligible,Dual-Eligible (Medicare/Medicaid),FIPS 21121,,2623,2623,https://data.cms.gov/summary-statistics-on-beneficiary-enrollment/medicare-and-medicaid-reports/medicare-monthly-enrollment,2026-02,[source: CMS Medicare Monthly Enrollment 2026-02; DUAL_TOT_BENES]
KY,Larue,Dual-Eligible (Medicare + Medicaid),Dual-Eligible,Dual-Eligible (Medicare/Medicaid),FIPS 21123,,706,706,https://data.cms.gov/summary-statistics-on-beneficiary-enrollment/medicare-and-medicaid-reports/medicare-monthly-enrollment,2026-02,[source: CMS Medicare Monthly Enrollment 2026-02; DUAL_TOT_BENES]
KY,Laurel,Dual-Eligible (Medicare + Medicaid),Dual-Eligible,Dual-Eligible (Medicare/Medicaid),FIPS 21125,,3341,3341,https://data.cms.gov/summary-statistics-on-beneficiary-enrollment/medicare-and-medicaid-reports/medicare-monthly-enrollment,2026-02,[source: CMS Medicare Monthly Enrollment 2026-02; DUAL_TOT_BENES]
KY,Lawrence,Dual-Eligible (Medicare + Medicaid),Dual-Eligible,Dual-Eligible (Medicare/Medicaid),FIPS 21127,,985,985,https://data.cms.gov/summary-statistics-on-beneficiary-enrollment/medicare-and-medicaid-reports/medicare-monthly-enrollment,2026-02,[source: CMS Medicare Monthly Enrollment 2026-02; DUAL_TOT_BENES]
KY,Lee,Dual-Eligible (Medicare + Medicaid),Dual-Eligible,Dual-Eligible (Medicare/Medicaid),FIPS 21129,,632,632,https://data.cms.gov/summary-statistics-on-beneficiary-enrollment/medicare-and-medicaid-reports/medicare-monthly-enrollment,2026-02,[source: CMS Medicare Monthly Enrollment 2026-02; DUAL_TOT_BENES]
KY,Leslie,Dual-Eligible (Medicare + Medicaid),Dual-Eligible,Dual-Eligible (Medicare/Medicaid),FIPS 21131,,813,813,https://data.cms.gov/summary-statistics-on-beneficiary-enrollment/medicare-and-medicaid-reports/medicare-monthly-enrollment,2026-02,[source: CMS Medicare Monthly Enrollment 2026-02; DUAL_TOT_BENES]
KY,Letcher,Dual-Eligible (Medicare + Medicaid),Dual-Eligible,Dual-Eligible (Medicare/Medicaid),FIPS 21133,,1468,1468,https://data.cms.gov/summary-statistics-on-beneficiary-enrollment/medicare-and-medicaid-reports/medicare-monthly-enrollment,2026-02,[source: CMS Medicare Monthly Enrollment 2026-02; DUAL_TOT_BENES]
KY,Lewis,Dual-Eligible (Medicare + Medicaid),Dual-Eligible,Dual-Eligible (Medicare/Medicaid),FIPS 21135,,995,995,https://data.cms.gov/summary-statistics-on-beneficiary-enrollment/medicare-and-medicaid-reports/medicare-monthly-enrollment,2026-02,[source: CMS Medicare Monthly Enrollment 2026-02; DUAL_TOT_BENES]
KY,Lincoln,Dual-Eligible (Medicare + Medicaid),Dual-Eligible,Dual-Eligible (Medicare/Medicaid),FIPS 21137,,1548,1548,https://data.cms.gov/summary-statistics-on-beneficiary-enrollment/medicare-and-medicaid-reports/medicare-monthly-enrollment,2026-02,[source: CMS Medicare Monthly Enrollment 2026-02; DUAL_TOT_BENES]
KY,Livingston,Dual-Eligible (Medicare + Medicaid),Dual-Eligible,Dual-Eligible (Medicare/Medicaid),FIPS 21139,,391,391,https://data.cms.gov/summary-statistics-on-beneficiary-enrollment/medicare-and-medicaid-reports/medicare-monthly-enrollment,2026-02,[source: CMS Medicare Monthly Enrollment 2026-02; DUAL_TOT_BENES]
KY,Logan,Dual-Eligible (Medicare + Medicaid),Dual-Eligible,Dual-Eligible (Medicare/Medicaid),FIPS 21141,,1183,1183,https://data.cms.gov/summary-statistics-on-beneficiary-enrollment/medicare-and-medicaid-reports/medicare-monthly-enrollment,2026-02,[source: CMS Medicare Monthly Enrollment 2026-02; DUAL_TOT_BENES]
KY,Lyon,Dual-Eligible (Medicare + Medicaid),Dual-Eligible,Dual-Eligible (Medicare/Medicaid),FIPS 21143,,297,297,https://data.cms.gov/summary-statistics-on-beneficiary-enrollment/medicare-and-medicaid-reports/medicare-monthly-enrollment,2026-02,[source: CMS Medicare Monthly Enrollment 2026-02; DUAL_TOT_BENES]
KY,Madison,Dual-Eligible (Medicare + Medicaid),Dual-Eligible,Dual-Eligible (Medicare/Medicaid),FIPS 21151,,3317,3317,https://data.cms.gov/summary-statistics-on-beneficiary-enrollment/medicare-and-medicaid-reports/medicare-monthly-enrollment,2026-02,[source: CMS Medicare Monthly Enrollment 2026-02; DUAL_TOT_BENES]
KY,Magoffin,Dual-Eligible (Medicare + Medicaid),Dual-Eligible,Dual-Eligible (Medicare/Medicaid),FIPS 21153,,983,983,https://data.cms.gov/summary-statistics-on-beneficiary-enrollment/medicare-and-medicaid-reports/medicare-monthly-enrollment,2026-02,[source: CMS Medicare Monthly Enrollment 2026-02; DUAL_TOT_BENES]
KY,Marion,Dual-Eligible (Medicare + Medicaid),Dual-Eligible,Dual-Eligible (Medicare/Medicaid),FIPS 21155,,940,940,https://data.cms.gov/summary-statistics-on-beneficiary-enrollment/medicare-and-medicaid-reports/medicare-monthly-enrollment,2026-02,[source: CMS Medicare Monthly Enrollment 2026-02; DUAL_TOT_BENES]
KY,Marshall,Dual-Eligible (Medicare + Medicaid),Dual-Eligible,Dual-Eligible (Medicare/Medicaid),FIPS 21157,,1164,1164,https://data.cms.gov/summary-statistics-on-beneficiary-enrollment/medicare-and-medicaid-reports/medicare-monthly-enrollment,2026-02,[source: CMS Medicare Monthly Enrollment 2026-02; DUAL_TOT_BENES]
KY,Martin,Dual-Eligible (Medicare + Medicaid),Dual-Eligible,Dual-Eligible (Medicare/Medicaid),FIPS 21159,,692,692,https://data.cms.gov/summary-statistics-on-beneficiary-enrollment/medicare-and-medicaid-reports/medicare-monthly-enrollment,2026-02,[source: CMS Medicare Monthly Enrollment 2026-02; DUAL_TOT_BENES]
KY,Mason,Dual-Eligible (Medicare + Medicaid),Dual-Eligible,Dual-Eligible (Medicare/Medicaid),FIPS 21161,,872,872,https://data.cms.gov/summary-statistics-on-beneficiary-enrollment/medicare-and-medicaid-reports/medicare-monthly-enrollment,2026-02,[source: CMS Medicare Monthly Enrollment 2026-02; DUAL_TOT_BENES]
KY,McCracken,Dual-Eligible (Medicare + Medicaid),Dual-Eligible,Dual-Eligible (Medicare/Medicaid),FIPS 21145,,2560,2560,https://data.cms.gov/summary-statistics-on-beneficiary-enrollment/medicare-and-medicaid-reports/medicare-monthly-enrollment,2026-02,[source: CMS Medicare Monthly Enrollment 2026-02; DUAL_TOT_BENES]
KY,McCreary,Dual-Eligible (Medicare + Medicaid),Dual-Eligible,Dual-Eligible (Medicare/Medicaid),FIPS 21147,,1495,1495,https://data.cms.gov/summary-statistics-on-beneficiary-enrollment/medicare-and-medicaid-reports/medicare-monthly-enrollment,2026-02,[source: CMS Medicare Monthly Enrollment 2026-02; DUAL_TOT_BENES]
KY,McLean,Dual-Eligible (Medicare + Medicaid),Dual-Eligible,Dual-Eligible (Medicare/Medicaid),FIPS 21149,,419,419,https://data.cms.gov/summary-statistics-on-beneficiary-enrollment/medicare-and-medicaid-reports/medicare-monthly-enrollment,2026-02,[source: CMS Medicare Monthly Enrollment 2026-02; DUAL_TOT_BENES]
KY,Meade,Dual-Eligible (Medicare + Medicaid),Dual-Eligible,Dual-Eligible (Medicare/Medicaid),FIPS 21163,,750,750,https://data.cms.gov/summary-statistics-on-beneficiary-enrollment/medicare-and-medicaid-reports/medicare-monthly-enrollment,2026-02,[source: CMS Medicare Monthly Enrollment 2026-02; DUAL_TOT_BENES]
KY,Menifee,Dual-Eligible (Medicare + Medicaid),Dual-Eligible,Dual-Eligible (Medicare/Medicaid),FIPS 21165,,493,493,https://data.cms.gov/summary-statistics-on-beneficiary-enrollment/medicare-and-medicaid-reports/medicare-monthly-enrollment,2026-02,[source: CMS Medicare Monthly Enrollment 2026-02; DUAL_TOT_BENES]
KY,Mercer,Dual-Eligible (Medicare + Medicaid),Dual-Eligible,Dual-Eligible (Medicare/Medicaid),FIPS 21167,,832,832,https://data.cms.gov/summary-statistics-on-beneficiary-enrollment/medicare-and-medicaid-reports/medicare-monthly-enrollment,2026-02,[source: CMS Medicare Monthly Enrollment 2026-02; DUAL_TOT_BENES]
KY,Metcalfe,Dual-Eligible (Medicare + Medicaid),Dual-Eligible,Dual-Eligible (Medicare/Medicaid),FIPS 21169,,744,744,https://data.cms.gov/summary-statistics-on-beneficiary-enrollment/medicare-and-medicaid-reports/medicare-monthly-enrollment,2026-02,[source: CMS Medicare Monthly Enrollment 2026-02; DUAL_TOT_BENES]
KY,Monroe,Dual-Eligible (Medicare + Medicaid),Dual-Eligible,Dual-Eligible (Medicare/Medicaid),FIPS 21171,,719,719,https://data.cms.gov/summary-statistics-on-beneficiary-enrollment/medicare-and-medicaid-reports/medicare-monthly-enrollment,2026-02,[source: CMS Medicare Monthly Enrollment 2026-02; DUAL_TOT_BENES]
KY,Montgomery,Dual-Eligible (Medicare + Medicaid),Dual-Eligible,Dual-Eligible (Medicare/Medicaid),FIPS 21173,,1322,1322,https://data.cms.gov/summary-statistics-on-beneficiary-enrollment/medicare-and-medicaid-reports/medicare-monthly-enrollment,2026-02,[source: CMS Medicare Monthly Enrollment 2026-02; DUAL_TOT_BENES]
KY,Morgan,Dual-Eligible (Medicare + Medicaid),Dual-Eligible,Dual-Eligible (Medicare/Medicaid),FIPS 21175,,868,868,https://data.cms.gov/summary-statistics-on-beneficiary-enrollment/medicare-and-medicaid-reports/medicare-monthly-enrollment,2026-02,[source: CMS Medicare Monthly Enrollment 2026-02; DUAL_TOT_BENES]
KY,Muhlenberg,Dual-Eligible (Medicare + Medicaid),Dual-Eligible,Dual-Eligible (Medicare/Medicaid),FIPS 21177,,1478,1478,https://data.cms.gov/summary-statistics-on-beneficiary-enrollment/medicare-and-medicaid-reports/medicare-monthly-enrollment,2026-02,[source: CMS Medicare Monthly Enrollment 2026-02; DUAL_TOT_BENES]
KY,Nelson,Dual-Eligible (Medicare + Medicaid),Dual-Eligible,Dual-Eligible (Medicare/Medicaid),FIPS 21179,,1598,1598,https://data.cms.gov/summary-statistics-on-beneficiary-enrollment/medicare-and-medicaid-reports/medicare-monthly-enrollment,2026-02,[source: CMS Medicare Monthly Enrollment 2026-02; DUAL_TOT_BENES]
KY,Nicholas,Dual-Eligible (Medicare + Medicaid),Dual-Eligible,Dual-Eligible (Medicare/Medicaid),FIPS 21181,,418,418,https://data.cms.gov/summary-statistics-on-beneficiary-enrollment/medicare-and-medicaid-reports/medicare-monthly-enrollment,2026-02,[source: CMS Medicare Monthly Enrollment 2026-02; DUAL_TOT_BENES]
KY,Ohio,Dual-Eligible (Medicare + Medicaid),Dual-Eligible,Dual-Eligible (Medicare/Medicaid),FIPS 21183,,1107,1107,https://data.cms.gov/summary-statistics-on-beneficiary-enrollment/medicare-and-medicaid-reports/medicare-monthly-enrollment,2026-02,[source: CMS Medicare Monthly Enrollment 2026-02; DUAL_TOT_BENES]
KY,Oldham,Dual-Eligible (Medicare + Medicaid),Dual-Eligible,Dual-Eligible (Medicare/Medicaid),FIPS 21185,,707,707,https://data.cms.gov/summary-statistics-on-beneficiary-enrollment/medicare-and-medicaid-reports/medicare-monthly-enrollment,2026-02,[source: CMS Medicare Monthly Enrollment 2026-02; DUAL_TOT_BENES]
KY,Owen,Dual-Eligible (Medicare + Medicaid),Dual-Eligible,Dual-Eligible (Medicare/Medicaid),FIPS 21187,,414,414,https://data.cms.gov/summary-statistics-on-beneficiary-enrollment/medicare-and-medicaid-reports/medicare-monthly-enrollment,2026-02,[source: CMS Medicare Monthly Enrollment 2026-02; DUAL_TOT_BENES]
KY,Owsley,Dual-Eligible (Medicare + Medicaid),Dual-Eligible,Dual-Eligible (Medicare/Medicaid),FIPS 21189,,523,523,https://data.cms.gov/summary-statistics-on-beneficiary-enrollment/medicare-and-medicaid-reports/medicare-monthly-enrollment,2026-02,[source: CMS Medicare Monthly Enrollment 2026-02; DUAL_TOT_BENES]
KY,Pendleton,Dual-Eligible (Medicare + Medicaid),Dual-Eligible,Dual-Eligible (Medicare/Medicaid),FIPS 21191,,569,569,https://data.cms.gov/summary-statistics-on-beneficiary-enrollment/medicare-and-medicaid-reports/medicare-monthly-enrollment,2026-02,[source: CMS Medicare Monthly Enrollment 2026-02; DUAL_TOT_BENES]
KY,Perry,Dual-Eligible (Medicare + Medicaid),Dual-Eligible,Dual-Eligible (Medicare/Medicaid),FIPS 21193,,1936,1936,https://data.cms.gov/summary-statistics-on-beneficiary-enrollment/medicare-and-medicaid-reports/medicare-monthly-enrollment,2026-02,[source: CMS Medicare Monthly Enrollment 2026-02; DUAL_TOT_BENES]
KY,Pike,Dual-Eligible (Medicare + Medicaid),Dual-Eligible,Dual-Eligible (Medicare/Medicaid),FIPS 21195,,3638,3638,https://data.cms.gov/summary-statistics-on-beneficiary-enrollment/medicare-and-medicaid-reports/medicare-monthly-enrollment,2026-02,[source: CMS Medicare Monthly Enrollment 2026-02; DUAL_TOT_BENES]
KY,Powell,Dual-Eligible (Medicare + Medicaid),Dual-Eligible,Dual-Eligible (Medicare/Medicaid),FIPS 21197,,840,840,https://data.cms.gov/summary-statistics-on-beneficiary-enrollment/medicare-and-medicaid-reports/medicare-monthly-enrollment,2026-02,[source: CMS Medicare Monthly Enrollment 2026-02; DUAL_TOT_BENES]
KY,Pulaski,Dual-Eligible (Medicare + Medicaid),Dual-Eligible,Dual-Eligible (Medicare/Medicaid),FIPS 21199,,3955,3955,https://data.cms.gov/summary-statistics-on-beneficiary-enrollment/medicare-and-medicaid-reports/medicare-monthly-enrollment,2026-02,[source: CMS Medicare Monthly Enrollment 2026-02; DUAL_TOT_BENES]
KY,Robertson,Dual-Eligible (Medicare + Medicaid),Dual-Eligible,Dual-Eligible (Medicare/Medicaid),FIPS 21201,,137,137,https://data.cms.gov/summary-statistics-on-beneficiary-enrollment/medicare-and-medicaid-reports/medicare-monthly-enrollment,2026-02,[source: CMS Medicare Monthly Enrollment 2026-02; DUAL_TOT_BENES]
KY,Rockcastle,Dual-Eligible (Medicare + Medicaid),Dual-Eligible,Dual-Eligible (Medicare/Medicaid),FIPS 21203,,1184,1184,https://data.cms.gov/summary-statistics-on-beneficiary-enrollment/medicare-and-medicaid-reports/medicare-monthly-enrollment,2026-02,[source: CMS Medicare Monthly Enrollment 2026-02; DUAL_TOT_BENES]
KY,Rowan,Dual-Eligible (Medicare + Medicaid),Dual-Eligible,Dual-Eligible (Medicare/Medicaid),FIPS 21205,,1189,1189,https://data.cms.gov/summary-statistics-on-beneficiary-enrollment/medicare-and-medicaid-reports/medicare-monthly-enrollment,2026-02,[source: CMS Medicare Monthly Enrollment 2026-02; DUAL_TOT_BENES]
KY,Russell,Dual-Eligible (Medicare + Medicaid),Dual-Eligible,Dual-Eligible (Medicare/Medicaid),FIPS 21207,,1240,1240,https://data.cms.gov/summary-statistics-on-beneficiary-enrollment/medicare-and-medicaid-reports/medicare-monthly-enrollment,2026-02,[source: CMS Medicare Monthly Enrollment 2026-02; DUAL_TOT_BENES]
KY,Scott,Dual-Eligible (Medicare + Medicaid),Dual-Eligible,Dual-Eligible (Medicare/Medicaid),FIPS 21209,,1169,1169,https://data.cms.gov/summary-statistics-on-beneficiary-enrollment/medicare-and-medicaid-reports/medicare-monthly-enrollment,2026-02,[source: CMS Medicare Monthly Enrollment 2026-02; DUAL_TOT_BENES]
KY,Shelby,Dual-Eligible (Medicare + Medicaid),Dual-Eligible,Dual-Eligible (Medicare/Medicaid),FIPS 21211,,964,964,https://data.cms.gov/summary-statistics-on-beneficiary-enrollment/medicare-and-medicaid-reports/medicare-monthly-enrollment,2026-02,[source: CMS Medicare Monthly Enrollment 2026-02; DUAL_TOT_BENES]
KY,Simpson,Dual-Eligible (Medicare + Medicaid),Dual-Eligible,Dual-Eligible (Medicare/Medicaid),FIPS 21213,,713,713,https://data.cms.gov/summary-statistics-on-beneficiary-enrollment/medicare-and-medicaid-reports/medicare-monthly-enrollment,2026-02,[source: CMS Medicare Monthly Enrollment 2026-02; DUAL_TOT_BENES]
KY,Spencer,Dual-Eligible (Medicare + Medicaid),Dual-Eligible,Dual-Eligible (Medicare/Medicaid),FIPS 21215,,412,412,https://data.cms.gov/summary-statistics-on-beneficiary-enrollment/medicare-and-medicaid-reports/medicare-monthly-enrollment,2026-02,[source: CMS Medicare Monthly Enrollment 2026-02; DUAL_TOT_BENES]
KY,Taylor,Dual-Eligible (Medicare + Medicaid),Dual-Eligible,Dual-Eligible (Medicare/Medicaid),FIPS 21217,,1323,1323,https://data.cms.gov/summary-statistics-on-beneficiary-enrollment/medicare-and-medicaid-reports/medicare-monthly-enrollment,2026-02,[source: CMS Medicare Monthly Enrollment 2026-02; DUAL_TOT_BENES]
KY,Todd,Dual-Eligible (Medicare + Medicaid),Dual-Eligible,Dual-Eligible (Medicare/Medicaid),FIPS 21219,,493,493,https://data.cms.gov/summary-statistics-on-beneficiary-enrollment/medicare-and-medicaid-reports/medicare-monthly-enrollment,2026-02,[source: CMS Medicare Monthly Enrollment 2026-02; DUAL_TOT_BENES]
KY,Trigg,Dual-Eligible (Medicare + Medicaid),Dual-Eligible,Dual-Eligible (Medicare/Medicaid),FIPS 21221,,558,558,https://data.cms.gov/summary-statistics-on-beneficiary-enrollment/medicare-and-medicaid-reports/medicare-monthly-enrollment,2026-02,[source: CMS Medicare Monthly Enrollment 2026-02; DUAL_TOT_BENES]
KY,Trimble,Dual-Eligible (Medicare + Medicaid),Dual-Eligible,Dual-Eligible (Medicare/Medicaid),FIPS 21223,,317,317,https://data.cms.gov/summary-statistics-on-beneficiary-enrollment/medicare-and-medicaid-reports/medicare-monthly-enrollment,2026-02,[source: CMS Medicare Monthly Enrollment 2026-02; DUAL_TOT_BENES]
KY,Union,Dual-Eligible (Medicare + Medicaid),Dual-Eligible,Dual-Eligible (Medicare/Medicaid),FIPS 21225,,473,473,https://data.cms.gov/summary-statistics-on-beneficiary-enrollment/medicare-and-medicaid-reports/medicare-monthly-enrollment,2026-02,[source: CMS Medicare Monthly Enrollment 2026-02; DUAL_TOT_BENES]
KY,Warren,Dual-Eligible (Medicare + Medicaid),Dual-Eligible,Dual-Eligible (Medicare/Medicaid),FIPS 21227,,4106,4106,https://data.cms.gov/summary-statistics-on-beneficiary-enrollment/medicare-and-medicaid-reports/medicare-monthly-enrollment,2026-02,[source: CMS Medicare Monthly Enrollment 2026-02; DUAL_TOT_BENES]
KY,Washington,Dual-Eligible (Medicare + Medicaid),Dual-Eligible,Dual-Eligible (Medicare/Medicaid),FIPS 21229,,532,532,https://data.cms.gov/summary-statistics-on-beneficiary-enrollment/medicare-and-medicaid-reports/medicare-monthly-enrollment,2026-02,[source: CMS Medicare Monthly Enrollment 2026-02; DUAL_TOT_BENES]
KY,Wayne,Dual-Eligible (Medicare + Medicaid),Dual-Eligible,Dual-Eligible (Medicare/Medicaid),FIPS 21231,,1559,1559,https://data.cms.gov/summary-statistics-on-beneficiary-enrollment/medicare-and-medicaid-reports/medicare-monthly-enrollment,2026-02,[source: CMS Medicare Monthly Enrollment 2026-02; DUAL_TOT_BENES]
KY,Webster,Dual-Eligible (Medicare + Medicaid),Dual-Eligible,Dual-Eligible (Medicare/Medicaid),FIPS 21233,,492,492,https://data.cms.gov/summary-statistics-on-beneficiary-enrollment/medicare-and-medicaid-reports/medicare-monthly-enrollment,2026-02,[source: CMS Medicare Monthly Enrollment 2026-02; DUAL_TOT_BENES]
KY,Whitley,Dual-Eligible (Medicare + Medicaid),Dual-Eligible,Dual-Eligible (Medicare/Medicaid),FIPS 21235,,2966,2966,https://data.cms.gov/summary-statistics-on-beneficiary-enrollment/medicare-and-medicaid-reports/medicare-monthly-enrollment,2026-02,[source: CMS Medicare Monthly Enrollment 2026-02; DUAL_TOT_BENES]
KY,Wolfe,Dual-Eligible (Medicare + Medicaid),Dual-Eligible,Dual-Eligible (Medicare/Medicaid),FIPS 21237,,717,717,https://data.cms.gov/summary-statistics-on-beneficiary-enrollment/medicare-and-medicaid-reports/medicare-monthly-enrollment,2026-02,[source: CMS Medicare Monthly Enrollment 2026-02; DUAL_TOT_BENES]
KY,Woodford,Dual-Eligible (Medicare + Medicaid),Dual-Eligible,Dual-Eligible (Medicare/Medicaid),FIPS 21239,,550,550,https://data.cms.gov/summary-statistics-on-beneficiary-enrollment/medicare-and-medicaid-reports/medicare-monthly-enrollment,2026-02,[source: CMS Medicare Monthly Enrollment 2026-02; DUAL_TOT_BENES]
MA,Barnstable,Dual-Eligible (Medicare + Medicaid),Dual-Eligible,Dual-Eligible (Medicare/Medicaid),FIPS 25001,,2187,2187,https://data.cms.gov/summary-statistics-on-beneficiary-enrollment/medicare-and-medicaid-reports/medicare-monthly-enrollment,2026-02,[source: CMS Medicare Monthly Enrollment 2026-02; DUAL_TOT_BENES]
MA,Berkshire,Dual-Eligible (Medicare + Medicaid),Dual-Eligible,Dual-Eligible (Medicare/Medicaid),FIPS 25003,,2073,2073,https://data.cms.gov/summary-statistics-on-beneficiary-enrollment/medicare-and-medicaid-reports/medicare-monthly-enrollment,2026-02,[source: CMS Medicare Monthly Enrollment 2026-02; DUAL_TOT_BENES]
MA,Bristol,Dual-Eligible (Medicare + Medicaid),Dual-Eligible,Dual-Eligible (Medicare/Medicaid),FIPS 25005,,7859,7859,https://data.cms.gov/summary-statistics-on-beneficiary-enrollment/medicare-and-medicaid-reports/medicare-monthly-enrollment,2026-02,[source: CMS Medicare Monthly Enrollment 2026-02; DUAL_TOT_BENES]
MA,Dukes,Dual-Eligible (Medicare + Medicaid),Dual-Eligible,Dual-Eligible (Medicare/Medicaid),FIPS 25007,,161,161,https://data.cms.gov/summary-statistics-on-beneficiary-enrollment/medicare-and-medicaid-reports/medicare-monthly-enrollment,2026-02,[source: CMS Medicare Monthly Enrollment 2026-02; DUAL_TOT_BENES]
MA,Essex,Dual-Eligible (Medicare + Medicaid),Dual-Eligible,Dual-Eligible (Medicare/Medicaid),FIPS 25009,,7863,7863,https://data.cms.gov/summary-statistics-on-beneficiary-enrollment/medicare-and-medicaid-reports/medicare-monthly-enrollment,2026-02,[source: CMS Medicare Monthly Enrollment 2026-02; DUAL_TOT_BENES]
MA,Franklin,Dual-Eligible (Medicare + Medicaid),Dual-Eligible,Dual-Eligible (Medicare/Medicaid),FIPS 25011,,1086,1086,https://data.cms.gov/summary-statistics-on-beneficiary-enrollment/medicare-and-medicaid-reports/medicare-monthly-enrollment,2026-02,[source: CMS Medicare Monthly Enrollment 2026-02; DUAL_TOT_BENES]
MA,Hampden,Dual-Eligible (Medicare + Medicaid),Dual-Eligible,Dual-Eligible (Medicare/Medicaid),FIPS 25013,,6241,6241,https://data.cms.gov/summary-statistics-on-beneficiary-enrollment/medicare-and-medicaid-reports/medicare-monthly-enrollment,2026-02,[source: CMS Medicare Monthly Enrollment 2026-02; DUAL_TOT_BENES]
MA,Hampshire,Dual-Eligible (Medicare + Medicaid),Dual-Eligible,Dual-Eligible (Medicare/Medicaid),FIPS 25015,,1323,1323,https://data.cms.gov/summary-statistics-on-beneficiary-enrollment/medicare-and-medicaid-reports/medicare-monthly-enrollment,2026-02,[source: CMS Medicare Monthly Enrollment 2026-02; DUAL_TOT_BENES]
MA,Middlesex,Dual-Eligible (Medicare + Medicaid),Dual-Eligible,Dual-Eligible (Medicare/Medicaid),FIPS 25017,,10839,10839,https://data.cms.gov/summary-statistics-on-beneficiary-enrollment/medicare-and-medicaid-reports/medicare-monthly-enrollment,2026-02,[source: CMS Medicare Monthly Enrollment 2026-02; DUAL_TOT_BENES]
MA,Norfolk,Dual-Eligible (Medicare + Medicaid),Dual-Eligible,Dual-Eligible (Medicare/Medicaid),FIPS 25021,,5480,5480,https://data.cms.gov/summary-statistics-on-beneficiary-enrollment/medicare-and-medicaid-reports/medicare-monthly-enrollment,2026-02,[source: CMS Medicare Monthly Enrollment 2026-02; DUAL_TOT_BENES]
MA,Plymouth,Dual-Eligible (Medicare + Medicaid),Dual-Eligible,Dual-Eligible (Medicare/Medicaid),FIPS 25023,,4769,4769,https://data.cms.gov/summary-statistics-on-beneficiary-enrollment/medicare-and-medicaid-reports/medicare-monthly-enrollment,2026-02,[source: CMS Medicare Monthly Enrollment 2026-02; DUAL_TOT_BENES]
MA,Suffolk,Dual-Eligible (Medicare + Medicaid),Dual-Eligible,Dual-Eligible (Medicare/Medicaid),FIPS 25025,,7195,7195,https://data.cms.gov/summary-statistics-on-beneficiary-enrollment/medicare-and-medicaid-reports/medicare-monthly-enrollment,2026-02,[source: CMS Medicare Monthly Enrollment 2026-02; DUAL_TOT_BENES]
MA,Worcester,Dual-Eligible (Medicare + Medicaid),Dual-Eligible,Dual-Eligible (Medicare/Medicaid),FIPS 25027,,8103,8103,https://data.cms.gov/summary-statistics-on-beneficiary-enrollment/medicare-and-medicaid-reports/medicare-monthly-enrollment,2026-02,[source: CMS Medicare Monthly Enrollment 2026-02; DUAL_TOT_BENES]
MD,Allegany,Dual-Eligible (Medicare + Medicaid),Dual-Eligible,Dual-Eligible (Medicare/Medicaid),FIPS 24001,,3279,3279,https://data.cms.gov/summary-statistics-on-beneficiary-enrollment/medicare-and-medicaid-reports/medicare-monthly-enrollment,2026-02,[source: CMS Medicare Monthly Enrollment 2026-02; DUAL_TOT_BENES]
MD,Anne Arundel,Dual-Eligible (Medicare + Medicaid),Dual-Eligible,Dual-Eligible (Medicare/Medicaid),FIPS 24003,,8866,8866,https://data.cms.gov/summary-statistics-on-beneficiary-enrollment/medicare-and-medicaid-reports/medicare-monthly-enrollment,2026-02,[source: CMS Medicare Monthly Enrollment 2026-02; DUAL_TOT_BENES]
MD,Baltimore,Dual-Eligible (Medicare + Medicaid),Dual-Eligible,Dual-Eligible (Medicare/Medicaid),FIPS 24005,,22106,22106,https://data.cms.gov/summary-statistics-on-beneficiary-enrollment/medicare-and-medicaid-reports/medicare-monthly-enrollment,2026-02,[source: CMS Medicare Monthly Enrollment 2026-02; DUAL_TOT_BENES]
MD,Baltimore,Dual-Eligible (Medicare + Medicaid),Dual-Eligible,Dual-Eligible (Medicare/Medicaid),FIPS 24510,,30445,30445,https://data.cms.gov/summary-statistics-on-beneficiary-enrollment/medicare-and-medicaid-reports/medicare-monthly-enrollment,2026-02,[source: CMS Medicare Monthly Enrollment 2026-02; DUAL_TOT_BENES]
MD,Calvert,Dual-Eligible (Medicare + Medicaid),Dual-Eligible,Dual-Eligible (Medicare/Medicaid),FIPS 24009,,1561,1561,https://data.cms.gov/summary-statistics-on-beneficiary-enrollment/medicare-and-medicaid-reports/medicare-monthly-enrollment,2026-02,[source: CMS Medicare Monthly Enrollment 2026-02; DUAL_TOT_BENES]
MD,Caroline,Dual-Eligible (Medicare + Medicaid),Dual-Eligible,Dual-Eligible (Medicare/Medicaid),FIPS 24011,,1158,1158,https://data.cms.gov/summary-statistics-on-beneficiary-enrollment/medicare-and-medicaid-reports/medicare-monthly-enrollment,2026-02,[source: CMS Medicare Monthly Enrollment 2026-02; DUAL_TOT_BENES]
MD,Carroll,Dual-Eligible (Medicare + Medicaid),Dual-Eligible,Dual-Eligible (Medicare/Medicaid),FIPS 24013,,2769,2769,https://data.cms.gov/summary-statistics-on-beneficiary-enrollment/medicare-and-medicaid-reports/medicare-monthly-enrollment,2026-02,[source: CMS Medicare Monthly Enrollment 2026-02; DUAL_TOT_BENES]
MD,Cecil,Dual-Eligible (Medicare + Medicaid),Dual-Eligible,Dual-Eligible (Medicare/Medicaid),FIPS 24015,,2596,2596,https://data.cms.gov/summary-statistics-on-beneficiary-enrollment/medicare-and-medicaid-reports/medicare-monthly-enrollment,2026-02,[source: CMS Medicare Monthly Enrollment 2026-02; DUAL_TOT_BENES]
MD,Charles,Dual-Eligible (Medicare + Medicaid),Dual-Eligible,Dual-Eligible (Medicare/Medicaid),FIPS 24017,,3136,3136,https://data.cms.gov/summary-statistics-on-beneficiary-enrollment/medicare-and-medicaid-reports/medicare-monthly-enrollment,2026-02,[source: CMS Medicare Monthly Enrollment 2026-02; DUAL_TOT_BENES]
MD,Dorchester,Dual-Eligible (Medicare + Medicaid),Dual-Eligible,Dual-Eligible (Medicare/Medicaid),FIPS 24019,,1650,1650,https://data.cms.gov/summary-statistics-on-beneficiary-enrollment/medicare-and-medicaid-reports/medicare-monthly-enrollment,2026-02,[source: CMS Medicare Monthly Enrollment 2026-02; DUAL_TOT_BENES]
MD,Frederick,Dual-Eligible (Medicare + Medicaid),Dual-Eligible,Dual-Eligible (Medicare/Medicaid),FIPS 24021,,4566,4566,https://data.cms.gov/summary-statistics-on-beneficiary-enrollment/medicare-and-medicaid-reports/medicare-monthly-enrollment,2026-02,[source: CMS Medicare Monthly Enrollment 2026-02; DUAL_TOT_BENES]
MD,Garrett,Dual-Eligible (Medicare + Medicaid),Dual-Eligible,Dual-Eligible (Medicare/Medicaid),FIPS 24023,,1106,1106,https://data.cms.gov/summary-statistics-on-beneficiary-enrollment/medicare-and-medicaid-reports/medicare-monthly-enrollment,2026-02,[source: CMS Medicare Monthly Enrollment 2026-02; DUAL_TOT_BENES]
MD,Harford,Dual-Eligible (Medicare + Medicaid),Dual-Eligible,Dual-Eligible (Medicare/Medicaid),FIPS 24025,,5003,5003,https://data.cms.gov/summary-statistics-on-beneficiary-enrollment/medicare-and-medicaid-reports/medicare-monthly-enrollment,2026-02,[source: CMS Medicare Monthly Enrollment 2026-02; DUAL_TOT_BENES]
MD,Howard,Dual-Eligible (Medicare + Medicaid),Dual-Eligible,Dual-Eligible (Medicare/Medicaid),FIPS 24027,,5788,5788,https://data.cms.gov/summary-statistics-on-beneficiary-enrollment/medicare-and-medicaid-reports/medicare-monthly-enrollment,2026-02,[source: CMS Medicare Monthly Enrollment 2026-02; DUAL_TOT_BENES]
MD,Kent,Dual-Eligible (Medicare + Medicaid),Dual-Eligible,Dual-Eligible (Medicare/Medicaid),FIPS 24029,,667,667,https://data.cms.gov/summary-statistics-on-beneficiary-enrollment/medicare-and-medicaid-reports/medicare-monthly-enrollment,2026-02,[source: CMS Medicare Monthly Enrollment 2026-02; DUAL_TOT_BENES]
MD,Montgomery,Dual-Eligible (Medicare + Medicaid),Dual-Eligible,Dual-Eligible (Medicare/Medicaid),FIPS 24031,,22527,22527,https://data.cms.gov/summary-statistics-on-beneficiary-enrollment/medicare-and-medicaid-reports/medicare-monthly-enrollment,2026-02,[source: CMS Medicare Monthly Enrollment 2026-02; DUAL_TOT_BENES]
MD,Prince George's,Dual-Eligible (Medicare + Medicaid),Dual-Eligible,Dual-Eligible (Medicare/Medicaid),FIPS 24033,,19050,19050,https://data.cms.gov/summary-statistics-on-beneficiary-enrollment/medicare-and-medicaid-reports/medicare-monthly-enrollment,2026-02,[source: CMS Medicare Monthly Enrollment 2026-02; DUAL_TOT_BENES]
MD,Queen Anne's,Dual-Eligible (Medicare + Medicaid),Dual-Eligible,Dual-Eligible (Medicare/Medicaid),FIPS 24035,,867,867,https://data.cms.gov/summary-statistics-on-beneficiary-enrollment/medicare-and-medicaid-reports/medicare-monthly-enrollment,2026-02,[source: CMS Medicare Monthly Enrollment 2026-02; DUAL_TOT_BENES]
MD,Somerset,Dual-Eligible (Medicare + Medicaid),Dual-Eligible,Dual-Eligible (Medicare/Medicaid),FIPS 24039,,1154,1154,https://data.cms.gov/summary-statistics-on-beneficiary-enrollment/medicare-and-medicaid-reports/medicare-monthly-enrollment,2026-02,[source: CMS Medicare Monthly Enrollment 2026-02; DUAL_TOT_BENES]
MD,St. Mary's,Dual-Eligible (Medicare + Medicaid),Dual-Eligible,Dual-Eligible (Medicare/Medicaid),FIPS 24037,,2250,2250,https://data.cms.gov/summary-statistics-on-beneficiary-enrollment/medicare-and-medicaid-reports/medicare-monthly-enrollment,2026-02,[source: CMS Medicare Monthly Enrollment 2026-02; DUAL_TOT_BENES]
MD,Talbot,Dual-Eligible (Medicare + Medicaid),Dual-Eligible,Dual-Eligible (Medicare/Medicaid),FIPS 24041,,1067,1067,https://data.cms.gov/summary-statistics-on-beneficiary-enrollment/medicare-and-medicaid-reports/medicare-monthly-enrollment,2026-02,[source: CMS Medicare Monthly Enrollment 2026-02; DUAL_TOT_BENES]
MD,Washington,Dual-Eligible (Medicare + Medicaid),Dual-Eligible,Dual-Eligible (Medicare/Medicaid),FIPS 24043,,5160,5160,https://data.cms.gov/summary-statistics-on-beneficiary-enrollment/medicare-and-medicaid-reports/medicare-monthly-enrollment,2026-02,[source: CMS Medicare Monthly Enrollment 2026-02; DUAL_TOT_BENES]
MD,Wicomico,Dual-Eligible (Medicare + Medicaid),Dual-Eligible,Dual-Eligible (Medicare/Medicaid),FIPS 24045,,3687,3687,https://data.cms.gov/summary-statistics-on-beneficiary-enrollment/medicare-and-medicaid-reports/medicare-monthly-enrollment,2026-02,[source: CMS Medicare Monthly Enrollment 2026-02; DUAL_TOT_BENES]
MD,Worcester,Dual-Eligible (Medicare + Medicaid),Dual-Eligible,Dual-Eligible (Medicare/Medicaid),FIPS 24047,,1544,1544,https://data.cms.gov/summary-statistics-on-beneficiary-enrollment/medicare-and-medicaid-reports/medicare-monthly-enrollment,2026-02,[source: CMS Medicare Monthly Enrollment 2026-02; DUAL_TOT_BENES]
MI,Alcona,Dual-Eligible (Medicare + Medicaid),Dual-Eligible,Dual-Eligible (Medicare/Medicaid),FIPS 26001,,508,508,https://data.cms.gov/summary-statistics-on-beneficiary-enrollment/medicare-and-medicaid-reports/medicare-monthly-enrollment,2026-02,[source: CMS Medicare Monthly Enrollment 2026-02; DUAL_TOT_BENES]
MI,Alger,Dual-Eligible (Medicare + Medicaid),Dual-Eligible,Dual-Eligible (Medicare/Medicaid),FIPS 26003,,278,278,https://data.cms.gov/summary-statistics-on-beneficiary-enrollment/medicare-and-medicaid-reports/medicare-monthly-enrollment,2026-02,[source: CMS Medicare Monthly Enrollment 2026-02; DUAL_TOT_BENES]
MI,Allegan,Dual-Eligible (Medicare + Medicaid),Dual-Eligible,Dual-Eligible (Medicare/Medicaid),FIPS 26005,,2633,2633,https://data.cms.gov/summary-statistics-on-beneficiary-enrollment/medicare-and-medicaid-reports/medicare-monthly-enrollment,2026-02,[source: CMS Medicare Monthly Enrollment 2026-02; DUAL_TOT_BENES]
MI,Alpena,Dual-Eligible (Medicare + Medicaid),Dual-Eligible,Dual-Eligible (Medicare/Medicaid),FIPS 26007,,1593,1593,https://data.cms.gov/summary-statistics-on-beneficiary-enrollment/medicare-and-medicaid-reports/medicare-monthly-enrollment,2026-02,[source: CMS Medicare Monthly Enrollment 2026-02; DUAL_TOT_BENES]
MI,Antrim,Dual-Eligible (Medicare + Medicaid),Dual-Eligible,Dual-Eligible (Medicare/Medicaid),FIPS 26009,,799,799,https://data.cms.gov/summary-statistics-on-beneficiary-enrollment/medicare-and-medicaid-reports/medicare-monthly-enrollment,2026-02,[source: CMS Medicare Monthly Enrollment 2026-02; DUAL_TOT_BENES]
MI,Arenac,Dual-Eligible (Medicare + Medicaid),Dual-Eligible,Dual-Eligible (Medicare/Medicaid),FIPS 26011,,875,875,https://data.cms.gov/summary-statistics-on-beneficiary-enrollment/medicare-and-medicaid-reports/medicare-monthly-enrollment,2026-02,[source: CMS Medicare Monthly Enrollment 2026-02; DUAL_TOT_BENES]
MI,Baraga,Dual-Eligible (Medicare + Medicaid),Dual-Eligible,Dual-Eligible (Medicare/Medicaid),FIPS 26013,,313,313,https://data.cms.gov/summary-statistics-on-beneficiary-enrollment/medicare-and-medicaid-reports/medicare-monthly-enrollment,2026-02,[source: CMS Medicare Monthly Enrollment 2026-02; DUAL_TOT_BENES]
MI,Barry,Dual-Eligible (Medicare + Medicaid),Dual-Eligible,Dual-Eligible (Medicare/Medicaid),FIPS 26015,,1385,1385,https://data.cms.gov/summary-statistics-on-beneficiary-enrollment/medicare-and-medicaid-reports/medicare-monthly-enrollment,2026-02,[source: CMS Medicare Monthly Enrollment 2026-02; DUAL_TOT_BENES]
MI,Bay,Dual-Eligible (Medicare + Medicaid),Dual-Eligible,Dual-Eligible (Medicare/Medicaid),FIPS 26017,,4271,4271,https://data.cms.gov/summary-statistics-on-beneficiary-enrollment/medicare-and-medicaid-reports/medicare-monthly-enrollment,2026-02,[source: CMS Medicare Monthly Enrollment 2026-02; DUAL_TOT_BENES]
MI,Benzie,Dual-Eligible (Medicare + Medicaid),Dual-Eligible,Dual-Eligible (Medicare/Medicaid),FIPS 26019,,562,562,https://data.cms.gov/summary-statistics-on-beneficiary-enrollment/medicare-and-medicaid-reports/medicare-monthly-enrollment,2026-02,[source: CMS Medicare Monthly Enrollment 2026-02; DUAL_TOT_BENES]
MI,Berrien,Dual-Eligible (Medicare + Medicaid),Dual-Eligible,Dual-Eligible (Medicare/Medicaid),FIPS 26021,,5731,5731,https://data.cms.gov/summary-statistics-on-beneficiary-enrollment/medicare-and-medicaid-reports/medicare-monthly-enrollment,2026-02,[source: CMS Medicare Monthly Enrollment 2026-02; DUAL_TOT_BENES]
MI,Branch,Dual-Eligible (Medicare + Medicaid),Dual-Eligible,Dual-Eligible (Medicare/Medicaid),FIPS 26023,,1473,1473,https://data.cms.gov/summary-statistics-on-beneficiary-enrollment/medicare-and-medicaid-reports/medicare-monthly-enrollment,2026-02,[source: CMS Medicare Monthly Enrollment 2026-02; DUAL_TOT_BENES]
MI,Calhoun,Dual-Eligible (Medicare + Medicaid),Dual-Eligible,Dual-Eligible (Medicare/Medicaid),FIPS 26025,,5966,5966,https://data.cms.gov/summary-statistics-on-beneficiary-enrollment/medicare-and-medicaid-reports/medicare-monthly-enrollment,2026-02,[source: CMS Medicare Monthly Enrollment 2026-02; DUAL_TOT_BENES]
MI,Cass,Dual-Eligible (Medicare + Medicaid),Dual-Eligible,Dual-Eligible (Medicare/Medicaid),FIPS 26027,,1911,1911,https://data.cms.gov/summary-statistics-on-beneficiary-enrollment/medicare-and-medicaid-reports/medicare-monthly-enrollment,2026-02,[source: CMS Medicare Monthly Enrollment 2026-02; DUAL_TOT_BENES]
MI,Charlevoix,Dual-Eligible (Medicare + Medicaid),Dual-Eligible,Dual-Eligible (Medicare/Medicaid),FIPS 26029,,776,776,https://data.cms.gov/summary-statistics-on-beneficiary-enrollment/medicare-and-medicaid-reports/medicare-monthly-enrollment,2026-02,[source: CMS Medicare Monthly Enrollment 2026-02; DUAL_TOT_BENES]
MI,Cheboygan,Dual-Eligible (Medicare + Medicaid),Dual-Eligible,Dual-Eligible (Medicare/Medicaid),FIPS 26031,,1156,1156,https://data.cms.gov/summary-statistics-on-beneficiary-enrollment/medicare-and-medicaid-reports/medicare-monthly-enrollment,2026-02,[source: CMS Medicare Monthly Enrollment 2026-02; DUAL_TOT_BENES]
MI,Chippewa,Dual-Eligible (Medicare + Medicaid),Dual-Eligible,Dual-Eligible (Medicare/Medicaid),FIPS 26033,,1294,1294,https://data.cms.gov/summary-statistics-on-beneficiary-enrollment/medicare-and-medicaid-reports/medicare-monthly-enrollment,2026-02,[source: CMS Medicare Monthly Enrollment 2026-02; DUAL_TOT_BENES]
MI,Clare,Dual-Eligible (Medicare + Medicaid),Dual-Eligible,Dual-Eligible (Medicare/Medicaid),FIPS 26035,,1945,1945,https://data.cms.gov/summary-statistics-on-beneficiary-enrollment/medicare-and-medicaid-reports/medicare-monthly-enrollment,2026-02,[source: CMS Medicare Monthly Enrollment 2026-02; DUAL_TOT_BENES]
MI,Clinton,Dual-Eligible (Medicare + Medicaid),Dual-Eligible,Dual-Eligible (Medicare/Medicaid),FIPS 26037,,1232,1232,https://data.cms.gov/summary-statistics-on-beneficiary-enrollment/medicare-and-medicaid-reports/medicare-monthly-enrollment,2026-02,[source: CMS Medicare Monthly Enrollment 2026-02; DUAL_TOT_BENES]
MI,Crawford,Dual-Eligible (Medicare + Medicaid),Dual-Eligible,Dual-Eligible (Medicare/Medicaid),FIPS 26039,,639,639,https://data.cms.gov/summary-statistics-on-beneficiary-enrollment/medicare-and-medicaid-reports/medicare-monthly-enrollment,2026-02,[source: CMS Medicare Monthly Enrollment 2026-02; DUAL_TOT_BENES]
MI,Delta,Dual-Eligible (Medicare + Medicaid),Dual-Eligible,Dual-Eligible (Medicare/Medicaid),FIPS 26041,,1574,1574,https://data.cms.gov/summary-statistics-on-beneficiary-enrollment/medicare-and-medicaid-reports/medicare-monthly-enrollment,2026-02,[source: CMS Medicare Monthly Enrollment 2026-02; DUAL_TOT_BENES]
MI,Dickinson,Dual-Eligible (Medicare + Medicaid),Dual-Eligible,Dual-Eligible (Medicare/Medicaid),FIPS 26043,,940,940,https://data.cms.gov/summary-statistics-on-beneficiary-enrollment/medicare-and-medicaid-reports/medicare-monthly-enrollment,2026-02,[source: CMS Medicare Monthly Enrollment 2026-02; DUAL_TOT_BENES]
MI,Eaton,Dual-Eligible (Medicare + Medicaid),Dual-Eligible,Dual-Eligible (Medicare/Medicaid),FIPS 26045,,2555,2555,https://data.cms.gov/summary-statistics-on-beneficiary-enrollment/medicare-and-medicaid-reports/medicare-monthly-enrollment,2026-02,[source: CMS Medicare Monthly Enrollment 2026-02; DUAL_TOT_BENES]
MI,Emmet,Dual-Eligible (Medicare + Medicaid),Dual-Eligible,Dual-Eligible (Medicare/Medicaid),FIPS 26047,,911,911,https://data.cms.gov/summary-statistics-on-beneficiary-enrollment/medicare-and-medicaid-reports/medicare-monthly-enrollment,2026-02,[source: CMS Medicare Monthly Enrollment 2026-02; DUAL_TOT_BENES]
MI,Genesee,Dual-Eligible (Medicare + Medicaid),Dual-Eligible,Dual-Eligible (Medicare/Medicaid),FIPS 26049,,16265,16265,https://data.cms.gov/summary-statistics-on-beneficiary-enrollment/medicare-and-medicaid-reports/medicare-monthly-enrollment,2026-02,[source: CMS Medicare Monthly Enrollment 2026-02; DUAL_TOT_BENES]
MI,Gladwin,Dual-Eligible (Medicare + Medicaid),Dual-Eligible,Dual-Eligible (Medicare/Medicaid),FIPS 26051,,1287,1287,https://data.cms.gov/summary-statistics-on-beneficiary-enrollment/medicare-and-medicaid-reports/medicare-monthly-enrollment,2026-02,[source: CMS Medicare Monthly Enrollment 2026-02; DUAL_TOT_BENES]
MI,Gogebic,Dual-Eligible (Medicare + Medicaid),Dual-Eligible,Dual-Eligible (Medicare/Medicaid),FIPS 26053,,814,814,https://data.cms.gov/summary-statistics-on-beneficiary-enrollment/medicare-and-medicaid-reports/medicare-monthly-enrollment,2026-02,[source: CMS Medicare Monthly Enrollment 2026-02; DUAL_TOT_BENES]
MI,Grand Traverse,Dual-Eligible (Medicare + Medicaid),Dual-Eligible,Dual-Eligible (Medicare/Medicaid),FIPS 26055,,2383,2383,https://data.cms.gov/summary-statistics-on-beneficiary-enrollment/medicare-and-medicaid-reports/medicare-monthly-enrollment,2026-02,[source: CMS Medicare Monthly Enrollment 2026-02; DUAL_TOT_BENES]
MI,Gratiot,Dual-Eligible (Medicare + Medicaid),Dual-Eligible,Dual-Eligible (Medicare/Medicaid),FIPS 26057,,1511,1511,https://data.cms.gov/summary-statistics-on-beneficiary-enrollment/medicare-and-medicaid-reports/medicare-monthly-enrollment,2026-02,[source: CMS Medicare Monthly Enrollment 2026-02; DUAL_TOT_BENES]
MI,Hillsdale,Dual-Eligible (Medicare + Medicaid),Dual-Eligible,Dual-Eligible (Medicare/Medicaid),FIPS 26059,,1724,1724,https://data.cms.gov/summary-statistics-on-beneficiary-enrollment/medicare-and-medicaid-reports/medicare-monthly-enrollment,2026-02,[source: CMS Medicare Monthly Enrollment 2026-02; DUAL_TOT_BENES]
MI,Houghton,Dual-Eligible (Medicare + Medicaid),Dual-Eligible,Dual-Eligible (Medicare/Medicaid),FIPS 26061,,1129,1129,https://data.cms.gov/summary-statistics-on-beneficiary-enrollment/medicare-and-medicaid-reports/medicare-monthly-enrollment,2026-02,[source: CMS Medicare Monthly Enrollment 2026-02; DUAL_TOT_BENES]
MI,Huron,Dual-Eligible (Medicare + Medicaid),Dual-Eligible,Dual-Eligible (Medicare/Medicaid),FIPS 26063,,1229,1229,https://data.cms.gov/summary-statistics-on-beneficiary-enrollment/medicare-and-medicaid-reports/medicare-monthly-enrollment,2026-02,[source: CMS Medicare Monthly Enrollment 2026-02; DUAL_TOT_BENES]
MI,Ingham,Dual-Eligible (Medicare + Medicaid),Dual-Eligible,Dual-Eligible (Medicare/Medicaid),FIPS 26065,,8907,8907,https://data.cms.gov/summary-statistics-on-beneficiary-enrollment/medicare-and-medicaid-reports/medicare-monthly-enrollment,2026-02,[source: CMS Medicare Monthly Enrollment 2026-02; DUAL_TOT_BENES]
MI,Ionia,Dual-Eligible (Medicare + Medicaid),Dual-Eligible,Dual-Eligible (Medicare/Medicaid),FIPS 26067,,1677,1677,https://data.cms.gov/summary-statistics-on-beneficiary-enrollment/medicare-and-medicaid-reports/medicare-monthly-enrollment,2026-02,[source: CMS Medicare Monthly Enrollment 2026-02; DUAL_TOT_BENES]
MI,Iosco,Dual-Eligible (Medicare + Medicaid),Dual-Eligible,Dual-Eligible (Medicare/Medicaid),FIPS 26069,,1259,1259,https://data.cms.gov/summary-statistics-on-beneficiary-enrollment/medicare-and-medicaid-reports/medicare-monthly-enrollment,2026-02,[source: CMS Medicare Monthly Enrollment 2026-02; DUAL_TOT_BENES]
MI,Iron,Dual-Eligible (Medicare + Medicaid),Dual-Eligible,Dual-Eligible (Medicare/Medicaid),FIPS 26071,,660,660,https://data.cms.gov/summary-statistics-on-beneficiary-enrollment/medicare-and-medicaid-reports/medicare-monthly-enrollment,2026-02,[source: CMS Medicare Monthly Enrollment 2026-02; DUAL_TOT_BENES]
MI,Isabella,Dual-Eligible (Medicare + Medicaid),Dual-Eligible,Dual-Eligible (Medicare/Medicaid),FIPS 26073,,1951,1951,https://data.cms.gov/summary-statistics-on-beneficiary-enrollment/medicare-and-medicaid-reports/medicare-monthly-enrollment,2026-02,[source: CMS Medicare Monthly Enrollment 2026-02; DUAL_TOT_BENES]
MI,Jackson,Dual-Eligible (Medicare + Medicaid),Dual-Eligible,Dual-Eligible (Medicare/Medicaid),FIPS 26075,,5480,5480,https://data.cms.gov/summary-statistics-on-beneficiary-enrollment/medicare-and-medicaid-reports/medicare-monthly-enrollment,2026-02,[source: CMS Medicare Monthly Enrollment 2026-02; DUAL_TOT_BENES]
MI,Kalamazoo,Dual-Eligible (Medicare + Medicaid),Dual-Eligible,Dual-Eligible (Medicare/Medicaid),FIPS 26077,,7637,7637,https://data.cms.gov/summary-statistics-on-beneficiary-enrollment/medicare-and-medicaid-reports/medicare-monthly-enrollment,2026-02,[source: CMS Medicare Monthly Enrollment 2026-02; DUAL_TOT_BENES]
MI,Kalkaska,Dual-Eligible (Medicare + Medicaid),Dual-Eligible,Dual-Eligible (Medicare/Medicaid),FIPS 26079,,795,795,https://data.cms.gov/summary-statistics-on-beneficiary-enrollment/medicare-and-medicaid-reports/medicare-monthly-enrollment,2026-02,[source: CMS Medicare Monthly Enrollment 2026-02; DUAL_TOT_BENES]
MI,Kent,Dual-Eligible (Medicare + Medicaid),Dual-Eligible,Dual-Eligible (Medicare/Medicaid),FIPS 26081,,16875,16875,https://data.cms.gov/summary-statistics-on-beneficiary-enrollment/medicare-and-medicaid-reports/medicare-monthly-enrollment,2026-02,[source: CMS Medicare Monthly Enrollment 2026-02; DUAL_TOT_BENES]
MI,Keweenaw,Dual-Eligible (Medicare + Medicaid),Dual-Eligible,Dual-Eligible (Medicare/Medicaid),FIPS 26083,,76,76,https://data.cms.gov/summary-statistics-on-beneficiary-enrollment/medicare-and-medicaid-reports/medicare-monthly-enrollment,2026-02,[source: CMS Medicare Monthly Enrollment 2026-02; DUAL_TOT_BENES]
MI,Lake,Dual-Eligible (Medicare + Medicaid),Dual-Eligible,Dual-Eligible (Medicare/Medicaid),FIPS 26085,,854,854,https://data.cms.gov/summary-statistics-on-beneficiary-enrollment/medicare-and-medicaid-reports/medicare-monthly-enrollment,2026-02,[source: CMS Medicare Monthly Enrollment 2026-02; DUAL_TOT_BENES]
MI,Lapeer,Dual-Eligible (Medicare + Medicaid),Dual-Eligible,Dual-Eligible (Medicare/Medicaid),FIPS 26087,,2078,2078,https://data.cms.gov/summary-statistics-on-beneficiary-enrollment/medicare-and-medicaid-reports/medicare-monthly-enrollment,2026-02,[source: CMS Medicare Monthly Enrollment 2026-02; DUAL_TOT_BENES]
MI,Leelanau,Dual-Eligible (Medicare + Medicaid),Dual-Eligible,Dual-Eligible (Medicare/Medicaid),FIPS 26089,,346,346,https://data.cms.gov/summary-statistics-on-beneficiary-enrollment/medicare-and-medicaid-reports/medicare-monthly-enrollment,2026-02,[source: CMS Medicare Monthly Enrollment 2026-02; DUAL_TOT_BENES]
MI,Lenawee,Dual-Eligible (Medicare + Medicaid),Dual-Eligible,Dual-Eligible (Medicare/Medicaid),FIPS 26091,,2780,2780,https://data.cms.gov/summary-statistics-on-beneficiary-enrollment/medicare-and-medicaid-reports/medicare-monthly-enrollment,2026-02,[source: CMS Medicare Monthly Enrollment 2026-02; DUAL_TOT_BENES]
MI,Livingston,Dual-Eligible (Medicare + Medicaid),Dual-Eligible,Dual-Eligible (Medicare/Medicaid),FIPS 26093,,2254,2254,https://data.cms.gov/summary-statistics-on-beneficiary-enrollment/medicare-and-medicaid-reports/medicare-monthly-enrollment,2026-02,[source: CMS Medicare Monthly Enrollment 2026-02; DUAL_TOT_BENES]
MI,Luce,Dual-Eligible (Medicare + Medicaid),Dual-Eligible,Dual-Eligible (Medicare/Medicaid),FIPS 26095,,282,282,https://data.cms.gov/summary-statistics-on-beneficiary-enrollment/medicare-and-medicaid-reports/medicare-monthly-enrollment,2026-02,[source: CMS Medicare Monthly Enrollment 2026-02; DUAL_TOT_BENES]
MI,Mackinac,Dual-Eligible (Medicare + Medicaid),Dual-Eligible,Dual-Eligible (Medicare/Medicaid),FIPS 26097,,425,425,https://data.cms.gov/summary-statistics-on-beneficiary-enrollment/medicare-and-medicaid-reports/medicare-monthly-enrollment,2026-02,[source: CMS Medicare Monthly Enrollment 2026-02; DUAL_TOT_BENES]
MI,Macomb,Dual-Eligible (Medicare + Medicaid),Dual-Eligible,Dual-Eligible (Medicare/Medicaid),FIPS 26099,,30511,30511,https://data.cms.gov/summary-statistics-on-beneficiary-enrollment/medicare-and-medicaid-reports/medicare-monthly-enrollment,2026-02,[source: CMS Medicare Monthly Enrollment 2026-02; DUAL_TOT_BENES]
MI,Manistee,Dual-Eligible (Medicare + Medicaid),Dual-Eligible,Dual-Eligible (Medicare/Medicaid),FIPS 26101,,1047,1047,https://data.cms.gov/summary-statistics-on-beneficiary-enrollment/medicare-and-medicaid-reports/medicare-monthly-enrollment,2026-02,[source: CMS Medicare Monthly Enrollment 2026-02; DUAL_TOT_BENES]
MI,Marquette,Dual-Eligible (Medicare + Medicaid),Dual-Eligible,Dual-Eligible (Medicare/Medicaid),FIPS 26103,,1966,1966,https://data.cms.gov/summary-statistics-on-beneficiary-enrollment/medicare-and-medicaid-reports/medicare-monthly-enrollment,2026-02,[source: CMS Medicare Monthly Enrollment 2026-02; DUAL_TOT_BENES]
MI,Mason,Dual-Eligible (Medicare + Medicaid),Dual-Eligible,Dual-Eligible (Medicare/Medicaid),FIPS 26105,,1189,1189,https://data.cms.gov/summary-statistics-on-beneficiary-enrollment/medicare-and-medicaid-reports/medicare-monthly-enrollment,2026-02,[source: CMS Medicare Monthly Enrollment 2026-02; DUAL_TOT_BENES]
MI,Mecosta,Dual-Eligible (Medicare + Medicaid),Dual-Eligible,Dual-Eligible (Medicare/Medicaid),FIPS 26107,,1511,1511,https://data.cms.gov/summary-statistics-on-beneficiary-enrollment/medicare-and-medicaid-reports/medicare-monthly-enrollment,2026-02,[source: CMS Medicare Monthly Enrollment 2026-02; DUAL_TOT_BENES]
MI,Menominee,Dual-Eligible (Medicare + Medicaid),Dual-Eligible,Dual-Eligible (Medicare/Medicaid),FIPS 26109,,806,806,https://data.cms.gov/summary-statistics-on-beneficiary-enrollment/medicare-and-medicaid-reports/medicare-monthly-enrollment,2026-02,[source: CMS Medicare Monthly Enrollment 2026-02; DUAL_TOT_BENES]
MI,Midland,Dual-Eligible (Medicare + Medicaid),Dual-Eligible,Dual-Eligible (Medicare/Medicaid),FIPS 26111,,2508,2508,https://data.cms.gov/summary-statistics-on-beneficiary-enrollment/medicare-and-medicaid-reports/medicare-monthly-enrollment,2026-02,[source: CMS Medicare Monthly Enrollment 2026-02; DUAL_TOT_BENES]
MI,Missaukee,Dual-Eligible (Medicare + Medicaid),Dual-Eligible,Dual-Eligible (Medicare/Medicaid),FIPS 26113,,562,562,https://data.cms.gov/summary-statistics-on-beneficiary-enrollment/medicare-and-medicaid-reports/medicare-monthly-enrollment,2026-02,[source: CMS Medicare Monthly Enrollment 2026-02; DUAL_TOT_BENES]
MI,Monroe,Dual-Eligible (Medicare + Medicaid),Dual-Eligible,Dual-Eligible (Medicare/Medicaid),FIPS 26115,,3911,3911,https://data.cms.gov/summary-statistics-on-beneficiary-enrollment/medicare-and-medicaid-reports/medicare-monthly-enrollment,2026-02,[source: CMS Medicare Monthly Enrollment 2026-02; DUAL_TOT_BENES]
MI,Montcalm,Dual-Eligible (Medicare + Medicaid),Dual-Eligible,Dual-Eligible (Medicare/Medicaid),FIPS 26117,,2407,2407,https://data.cms.gov/summary-statistics-on-beneficiary-enrollment/medicare-and-medicaid-reports/medicare-monthly-enrollment,2026-02,[source: CMS Medicare Monthly Enrollment 2026-02; DUAL_TOT_BENES]
MI,Montmorency,Dual-Eligible (Medicare + Medicaid),Dual-Eligible,Dual-Eligible (Medicare/Medicaid),FIPS 26119,,552,552,https://data.cms.gov/summary-statistics-on-beneficiary-enrollment/medicare-and-medicaid-reports/medicare-monthly-enrollment,2026-02,[source: CMS Medicare Monthly Enrollment 2026-02; DUAL_TOT_BENES]
MI,Muskegon,Dual-Eligible (Medicare + Medicaid),Dual-Eligible,Dual-Eligible (Medicare/Medicaid),FIPS 26121,,7335,7335,https://data.cms.gov/summary-statistics-on-beneficiary-enrollment/medicare-and-medicaid-reports/medicare-monthly-enrollment,2026-02,[source: CMS Medicare Monthly Enrollment 2026-02; DUAL_TOT_BENES]
MI,Newaygo,Dual-Eligible (Medicare + Medicaid),Dual-Eligible,Dual-Eligible (Medicare/Medicaid),FIPS 26123,,1976,1976,https://data.cms.gov/summary-statistics-on-beneficiary-enrollment/medicare-and-medicaid-reports/medicare-monthly-enrollment,2026-02,[source: CMS Medicare Monthly Enrollment 2026-02; DUAL_TOT_BENES]
MI,Oakland,Dual-Eligible (Medicare + Medicaid),Dual-Eligible,Dual-Eligible (Medicare/Medicaid),FIPS 26125,,30602,30602,https://data.cms.gov/summary-statistics-on-beneficiary-enrollment/medicare-and-medicaid-reports/medicare-monthly-enrollment,2026-02,[source: CMS Medicare Monthly Enrollment 2026-02; DUAL_TOT_BENES]
MI,Oceana,Dual-Eligible (Medicare + Medicaid),Dual-Eligible,Dual-Eligible (Medicare/Medicaid),FIPS 26127,,1099,1099,https://data.cms.gov/summary-statistics-on-beneficiary-enrollment/medicare-and-medicaid-reports/medicare-monthly-enrollment,2026-02,[source: CMS Medicare Monthly Enrollment 2026-02; DUAL_TOT_BENES]
MI,Ogemaw,Dual-Eligible (Medicare + Medicaid),Dual-Eligible,Dual-Eligible (Medicare/Medicaid),FIPS 26129,,1197,1197,https://data.cms.gov/summary-statistics-on-beneficiary-enrollment/medicare-and-medicaid-reports/medicare-monthly-enrollment,2026-02,[source: CMS Medicare Monthly Enrollment 2026-02; DUAL_TOT_BENES]
MI,Ontonagon,Dual-Eligible (Medicare + Medicaid),Dual-Eligible,Dual-Eligible (Medicare/Medicaid),FIPS 26131,,306,306,https://data.cms.gov/summary-statistics-on-beneficiary-enrollment/medicare-and-medicaid-reports/medicare-monthly-enrollment,2026-02,[source: CMS Medicare Monthly Enrollment 2026-02; DUAL_TOT_BENES]
MI,Osceola,Dual-Eligible (Medicare + Medicaid),Dual-Eligible,Dual-Eligible (Medicare/Medicaid),FIPS 26133,,1021,1021,https://data.cms.gov/summary-statistics-on-beneficiary-enrollment/medicare-and-medicaid-reports/medicare-monthly-enrollment,2026-02,[source: CMS Medicare Monthly Enrollment 2026-02; DUAL_TOT_BENES]
MI,Oscoda,Dual-Eligible (Medicare + Medicaid),Dual-Eligible,Dual-Eligible (Medicare/Medicaid),FIPS 26135,,485,485,https://data.cms.gov/summary-statistics-on-beneficiary-enrollment/medicare-and-medicaid-reports/medicare-monthly-enrollment,2026-02,[source: CMS Medicare Monthly Enrollment 2026-02; DUAL_TOT_BENES]
MI,Otsego,Dual-Eligible (Medicare + Medicaid),Dual-Eligible,Dual-Eligible (Medicare/Medicaid),FIPS 26137,,927,927,https://data.cms.gov/summary-statistics-on-beneficiary-enrollment/medicare-and-medicaid-reports/medicare-monthly-enrollment,2026-02,[source: CMS Medicare Monthly Enrollment 2026-02; DUAL_TOT_BENES]
MI,Ottawa,Dual-Eligible (Medicare + Medicaid),Dual-Eligible,Dual-Eligible (Medicare/Medicaid),FIPS 26139,,4704,4704,https://data.cms.gov/summary-statistics-on-beneficiary-enrollment/medicare-and-medicaid-reports/medicare-monthly-enrollment,2026-02,[source: CMS Medicare Monthly Enrollment 2026-02; DUAL_TOT_BENES]
MI,Presque Isle,Dual-Eligible (Medicare + Medicaid),Dual-Eligible,Dual-Eligible (Medicare/Medicaid),FIPS 26141,,614,614,https://data.cms.gov/summary-statistics-on-beneficiary-enrollment/medicare-and-medicaid-reports/medicare-monthly-enrollment,2026-02,[source: CMS Medicare Monthly Enrollment 2026-02; DUAL_TOT_BENES]
MI,Roscommon,Dual-Eligible (Medicare + Medicaid),Dual-Eligible,Dual-Eligible (Medicare/Medicaid),FIPS 26143,,1426,1426,https://data.cms.gov/summary-statistics-on-beneficiary-enrollment/medicare-and-medicaid-reports/medicare-monthly-enrollment,2026-02,[source: CMS Medicare Monthly Enrollment 2026-02; DUAL_TOT_BENES]
MI,Saginaw,Dual-Eligible (Medicare + Medicaid),Dual-Eligible,Dual-Eligible (Medicare/Medicaid),FIPS 26145,,8509,8509,https://data.cms.gov/summary-statistics-on-beneficiary-enrollment/medicare-and-medicaid-reports/medicare-monthly-enrollment,2026-02,[source: CMS Medicare Monthly Enrollment 2026-02; DUAL_TOT_BENES]
MI,Sanilac,Dual-Eligible (Medicare + Medicaid),Dual-Eligible,Dual-Eligible (Medicare/Medicaid),FIPS 26151,,1572,1572,https://data.cms.gov/summary-statistics-on-beneficiary-enrollment/medicare-and-medicaid-reports/medicare-monthly-enrollment,2026-02,[source: CMS Medicare Monthly Enrollment 2026-02; DUAL_TOT_BENES]
MI,Schoolcraft,Dual-Eligible (Medicare + Medicaid),Dual-Eligible,Dual-Eligible (Medicare/Medicaid),FIPS 26153,,415,415,https://data.cms.gov/summary-statistics-on-beneficiary-enrollment/medicare-and-medicaid-reports/medicare-monthly-enrollment,2026-02,[source: CMS Medicare Monthly Enrollment 2026-02; DUAL_TOT_BENES]
MI,Shiawassee,Dual-Eligible (Medicare + Medicaid),Dual-Eligible,Dual-Eligible (Medicare/Medicaid),FIPS 26155,,2257,2257,https://data.cms.gov/summary-statistics-on-beneficiary-enrollment/medicare-and-medicaid-reports/medicare-monthly-enrollment,2026-02,[source: CMS Medicare Monthly Enrollment 2026-02; DUAL_TOT_BENES]
MI,St. Clair,Dual-Eligible (Medicare + Medicaid),Dual-Eligible,Dual-Eligible (Medicare/Medicaid),FIPS 26147,,5457,5457,https://data.cms.gov/summary-statistics-on-beneficiary-enrollment/medicare-and-medicaid-reports/medicare-monthly-enrollment,2026-02,[source: CMS Medicare Monthly Enrollment 2026-02; DUAL_TOT_BENES]
MI,St. Joseph,Dual-Eligible (Medicare + Medicaid),Dual-Eligible,Dual-Eligible (Medicare/Medicaid),FIPS 26149,,1886,1886,https://data.cms.gov/summary-statistics-on-beneficiary-enrollment/medicare-and-medicaid-reports/medicare-monthly-enrollment,2026-02,[source: CMS Medicare Monthly Enrollment 2026-02; DUAL_TOT_BENES]
MI,Tuscola,Dual-Eligible (Medicare + Medicaid),Dual-Eligible,Dual-Eligible (Medicare/Medicaid),FIPS 26157,,2016,2016,https://data.cms.gov/summary-statistics-on-beneficiary-enrollment/medicare-and-medicaid-reports/medicare-monthly-enrollment,2026-02,[source: CMS Medicare Monthly Enrollment 2026-02; DUAL_TOT_BENES]
MI,Van Buren,Dual-Eligible (Medicare + Medicaid),Dual-Eligible,Dual-Eligible (Medicare/Medicaid),FIPS 26159,,3091,3091,https://data.cms.gov/summary-statistics-on-beneficiary-enrollment/medicare-and-medicaid-reports/medicare-monthly-enrollment,2026-02,[source: CMS Medicare Monthly Enrollment 2026-02; DUAL_TOT_BENES]
MI,Washtenaw,Dual-Eligible (Medicare + Medicaid),Dual-Eligible,Dual-Eligible (Medicare/Medicaid),FIPS 26161,,7612,7612,https://data.cms.gov/summary-statistics-on-beneficiary-enrollment/medicare-and-medicaid-reports/medicare-monthly-enrollment,2026-02,[source: CMS Medicare Monthly Enrollment 2026-02; DUAL_TOT_BENES]
MI,Wayne,Dual-Eligible (Medicare + Medicaid),Dual-Eligible,Dual-Eligible (Medicare/Medicaid),FIPS 26163,,83121,83121,https://data.cms.gov/summary-statistics-on-beneficiary-enrollment/medicare-and-medicaid-reports/medicare-monthly-enrollment,2026-02,[source: CMS Medicare Monthly Enrollment 2026-02; DUAL_TOT_BENES]
MI,Wexford,Dual-Eligible (Medicare + Medicaid),Dual-Eligible,Dual-Eligible (Medicare/Medicaid),FIPS 26165,,1668,1668,https://data.cms.gov/summary-statistics-on-beneficiary-enrollment/medicare-and-medicaid-reports/medicare-monthly-enrollment,2026-02,[source: CMS Medicare Monthly Enrollment 2026-02; DUAL_TOT_BENES]
MN,Aitkin,Dual-Eligible (Medicare + Medicaid),Dual-Eligible,Dual-Eligible (Medicare/Medicaid),FIPS 27001,,595,595,https://data.cms.gov/summary-statistics-on-beneficiary-enrollment/medicare-and-medicaid-reports/medicare-monthly-enrollment,2026-02,[source: CMS Medicare Monthly Enrollment 2026-02; DUAL_TOT_BENES]
MN,Anoka,Dual-Eligible (Medicare + Medicaid),Dual-Eligible,Dual-Eligible (Medicare/Medicaid),FIPS 27003,,7771,7771,https://data.cms.gov/summary-statistics-on-beneficiary-enrollment/medicare-and-medicaid-reports/medicare-monthly-enrollment,2026-02,[source: CMS Medicare Monthly Enrollment 2026-02; DUAL_TOT_BENES]
MN,Becker,Dual-Eligible (Medicare + Medicaid),Dual-Eligible,Dual-Eligible (Medicare/Medicaid),FIPS 27005,,1098,1098,https://data.cms.gov/summary-statistics-on-beneficiary-enrollment/medicare-and-medicaid-reports/medicare-monthly-enrollment,2026-02,[source: CMS Medicare Monthly Enrollment 2026-02; DUAL_TOT_BENES]
MN,Beltrami,Dual-Eligible (Medicare + Medicaid),Dual-Eligible,Dual-Eligible (Medicare/Medicaid),FIPS 27007,,1517,1517,https://data.cms.gov/summary-statistics-on-beneficiary-enrollment/medicare-and-medicaid-reports/medicare-monthly-enrollment,2026-02,[source: CMS Medicare Monthly Enrollment 2026-02; DUAL_TOT_BENES]
MN,Benton,Dual-Eligible (Medicare + Medicaid),Dual-Eligible,Dual-Eligible (Medicare/Medicaid),FIPS 27009,,1753,1753,https://data.cms.gov/summary-statistics-on-beneficiary-enrollment/medicare-and-medicaid-reports/medicare-monthly-enrollment,2026-02,[source: CMS Medicare Monthly Enrollment 2026-02; DUAL_TOT_BENES]
MN,Big Stone,Dual-Eligible (Medicare + Medicaid),Dual-Eligible,Dual-Eligible (Medicare/Medicaid),FIPS 27011,,193,193,https://data.cms.gov/summary-statistics-on-beneficiary-enrollment/medicare-and-medicaid-reports/medicare-monthly-enrollment,2026-02,[source: CMS Medicare Monthly Enrollment 2026-02; DUAL_TOT_BENES]
MN,Blue Earth,Dual-Eligible (Medicare + Medicaid),Dual-Eligible,Dual-Eligible (Medicare/Medicaid),FIPS 27013,,1967,1967,https://data.cms.gov/summary-statistics-on-beneficiary-enrollment/medicare-and-medicaid-reports/medicare-monthly-enrollment,2026-02,[source: CMS Medicare Monthly Enrollment 2026-02; DUAL_TOT_BENES]
MN,Brown,Dual-Eligible (Medicare + Medicaid),Dual-Eligible,Dual-Eligible (Medicare/Medicaid),FIPS 27015,,650,650,https://data.cms.gov/summary-statistics-on-beneficiary-enrollment/medicare-and-medicaid-reports/medicare-monthly-enrollment,2026-02,[source: CMS Medicare Monthly Enrollment 2026-02; DUAL_TOT_BENES]
MN,Carlton,Dual-Eligible (Medicare + Medicaid),Dual-Eligible,Dual-Eligible (Medicare/Medicaid),FIPS 27017,,1237,1237,https://data.cms.gov/summary-statistics-on-beneficiary-enrollment/medicare-and-medicaid-reports/medicare-monthly-enrollment,2026-02,[source: CMS Medicare Monthly Enrollment 2026-02; DUAL_TOT_BENES]
MN,Carver,Dual-Eligible (Medicare + Medicaid),Dual-Eligible,Dual-Eligible (Medicare/Medicaid),FIPS 27019,,1598,1598,https://data.cms.gov/summary-statistics-on-beneficiary-enrollment/medicare-and-medicaid-reports/medicare-monthly-enrollment,2026-02,[source: CMS Medicare Monthly Enrollment 2026-02; DUAL_TOT_BENES]
MN,Cass,Dual-Eligible (Medicare + Medicaid),Dual-Eligible,Dual-Eligible (Medicare/Medicaid),FIPS 27021,,1058,1058,https://data.cms.gov/summary-statistics-on-beneficiary-enrollment/medicare-and-medicaid-reports/medicare-monthly-enrollment,2026-02,[source: CMS Medicare Monthly Enrollment 2026-02; DUAL_TOT_BENES]
MN,Chippewa,Dual-Eligible (Medicare + Medicaid),Dual-Eligible,Dual-Eligible (Medicare/Medicaid),FIPS 27023,,314,314,https://data.cms.gov/summary-statistics-on-beneficiary-enrollment/medicare-and-medicaid-reports/medicare-monthly-enrollment,2026-02,[source: CMS Medicare Monthly Enrollment 2026-02; DUAL_TOT_BENES]
MN,Chisago,Dual-Eligible (Medicare + Medicaid),Dual-Eligible,Dual-Eligible (Medicare/Medicaid),FIPS 27025,,1178,1178,https://data.cms.gov/summary-statistics-on-beneficiary-enrollment/medicare-and-medicaid-reports/medicare-monthly-enrollment,2026-02,[source: CMS Medicare Monthly Enrollment 2026-02; DUAL_TOT_BENES]
MN,Clay,Dual-Eligible (Medicare + Medicaid),Dual-Eligible,Dual-Eligible (Medicare/Medicaid),FIPS 27027,,1720,1720,https://data.cms.gov/summary-statistics-on-beneficiary-enrollment/medicare-and-medicaid-reports/medicare-monthly-enrollment,2026-02,[source: CMS Medicare Monthly Enrollment 2026-02; DUAL_TOT_BENES]
MN,Clearwater,Dual-Eligible (Medicare + Medicaid),Dual-Eligible,Dual-Eligible (Medicare/Medicaid),FIPS 27029,,330,330,https://data.cms.gov/summary-statistics-on-beneficiary-enrollment/medicare-and-medicaid-reports/medicare-monthly-enrollment,2026-02,[source: CMS Medicare Monthly Enrollment 2026-02; DUAL_TOT_BENES]
MN,Cook,Dual-Eligible (Medicare + Medicaid),Dual-Eligible,Dual-Eligible (Medicare/Medicaid),FIPS 27031,,134,134,https://data.cms.gov/summary-statistics-on-beneficiary-enrollment/medicare-and-medicaid-reports/medicare-monthly-enrollment,2026-02,[source: CMS Medicare Monthly Enrollment 2026-02; DUAL_TOT_BENES]
MN,Cottonwood,Dual-Eligible (Medicare + Medicaid),Dual-Eligible,Dual-Eligible (Medicare/Medicaid),FIPS 27033,,533,533,https://data.cms.gov/summary-statistics-on-beneficiary-enrollment/medicare-and-medicaid-reports/medicare-monthly-enrollment,2026-02,[source: CMS Medicare Monthly Enrollment 2026-02; DUAL_TOT_BENES]
MN,Crow Wing,Dual-Eligible (Medicare + Medicaid),Dual-Eligible,Dual-Eligible (Medicare/Medicaid),FIPS 27035,,1944,1944,https://data.cms.gov/summary-statistics-on-beneficiary-enrollment/medicare-and-medicaid-reports/medicare-monthly-enrollment,2026-02,[source: CMS Medicare Monthly Enrollment 2026-02; DUAL_TOT_BENES]
MN,Dakota,Dual-Eligible (Medicare + Medicaid),Dual-Eligible,Dual-Eligible (Medicare/Medicaid),FIPS 27037,,8319,8319,https://data.cms.gov/summary-statistics-on-beneficiary-enrollment/medicare-and-medicaid-reports/medicare-monthly-enrollment,2026-02,[source: CMS Medicare Monthly Enrollment 2026-02; DUAL_TOT_BENES]
MN,Dodge,Dual-Eligible (Medicare + Medicaid),Dual-Eligible,Dual-Eligible (Medicare/Medicaid),FIPS 27039,,369,369,https://data.cms.gov/summary-statistics-on-beneficiary-enrollment/medicare-and-medicaid-reports/medicare-monthly-enrollment,2026-02,[source: CMS Medicare Monthly Enrollment 2026-02; DUAL_TOT_BENES]
MN,Douglas,Dual-Eligible (Medicare + Medicaid),Dual-Eligible,Dual-Eligible (Medicare/Medicaid),FIPS 27041,,1486,1486,https://data.cms.gov/summary-statistics-on-beneficiary-enrollment/medicare-and-medicaid-reports/medicare-monthly-enrollment,2026-02,[source: CMS Medicare Monthly Enrollment 2026-02; DUAL_TOT_BENES]
MN,Faribault,Dual-Eligible (Medicare + Medicaid),Dual-Eligible,Dual-Eligible (Medicare/Medicaid),FIPS 27043,,484,484,https://data.cms.gov/summary-statistics-on-beneficiary-enrollment/medicare-and-medicaid-reports/medicare-monthly-enrollment,2026-02,[source: CMS Medicare Monthly Enrollment 2026-02; DUAL_TOT_BENES]
MN,Fillmore,Dual-Eligible (Medicare + Medicaid),Dual-Eligible,Dual-Eligible (Medicare/Medicaid),FIPS 27045,,626,626,https://data.cms.gov/summary-statistics-on-beneficiary-enrollment/medicare-and-medicaid-reports/medicare-monthly-enrollment,2026-02,[source: CMS Medicare Monthly Enrollment 2026-02; DUAL_TOT_BENES]
MN,Freeborn,Dual-Eligible (Medicare + Medicaid),Dual-Eligible,Dual-Eligible (Medicare/Medicaid),FIPS 27047,,935,935,https://data.cms.gov/summary-statistics-on-beneficiary-enrollment/medicare-and-medicaid-reports/medicare-monthly-enrollment,2026-02,[source: CMS Medicare Monthly Enrollment 2026-02; DUAL_TOT_BENES]
MN,Goodhue,Dual-Eligible (Medicare + Medicaid),Dual-Eligible,Dual-Eligible (Medicare/Medicaid),FIPS 27049,,1019,1019,https://data.cms.gov/summary-statistics-on-beneficiary-enrollment/medicare-and-medicaid-reports/medicare-monthly-enrollment,2026-02,[source: CMS Medicare Monthly Enrollment 2026-02; DUAL_TOT_BENES]
MN,Grant,Dual-Eligible (Medicare + Medicaid),Dual-Eligible,Dual-Eligible (Medicare/Medicaid),FIPS 27051,,150,150,https://data.cms.gov/summary-statistics-on-beneficiary-enrollment/medicare-and-medicaid-reports/medicare-monthly-enrollment,2026-02,[source: CMS Medicare Monthly Enrollment 2026-02; DUAL_TOT_BENES]
MN,Hennepin,Dual-Eligible (Medicare + Medicaid),Dual-Eligible,Dual-Eligible (Medicare/Medicaid),FIPS 27053,,28888,28888,https://data.cms.gov/summary-statistics-on-beneficiary-enrollment/medicare-and-medicaid-reports/medicare-monthly-enrollment,2026-02,[source: CMS Medicare Monthly Enrollment 2026-02; DUAL_TOT_BENES]
MN,Houston,Dual-Eligible (Medicare + Medicaid),Dual-Eligible,Dual-Eligible (Medicare/Medicaid),FIPS 27055,,436,436,https://data.cms.gov/summary-statistics-on-beneficiary-enrollment/medicare-and-medicaid-reports/medicare-monthly-enrollment,2026-02,[source: CMS Medicare Monthly Enrollment 2026-02; DUAL_TOT_BENES]
MN,Hubbard,Dual-Eligible (Medicare + Medicaid),Dual-Eligible,Dual-Eligible (Medicare/Medicaid),FIPS 27057,,706,706,https://data.cms.gov/summary-statistics-on-beneficiary-enrollment/medicare-and-medicaid-reports/medicare-monthly-enrollment,2026-02,[source: CMS Medicare Monthly Enrollment 2026-02; DUAL_TOT_BENES]
MN,Isanti,Dual-Eligible (Medicare + Medicaid),Dual-Eligible,Dual-Eligible (Medicare/Medicaid),FIPS 27059,,836,836,https://data.cms.gov/summary-statistics-on-beneficiary-enrollment/medicare-and-medicaid-reports/medicare-monthly-enrollment,2026-02,[source: CMS Medicare Monthly Enrollment 2026-02; DUAL_TOT_BENES]
MN,Itasca,Dual-Eligible (Medicare + Medicaid),Dual-Eligible,Dual-Eligible (Medicare/Medicaid),FIPS 27061,,1748,1748,https://data.cms.gov/summary-statistics-on-beneficiary-enrollment/medicare-and-medicaid-reports/medicare-monthly-enrollment,2026-02,[source: CMS Medicare Monthly Enrollment 2026-02; DUAL_TOT_BENES]
MN,Jackson,Dual-Eligible (Medicare + Medicaid),Dual-Eligible,Dual-Eligible (Medicare/Medicaid),FIPS 27063,,219,219,https://data.cms.gov/summary-statistics-on-beneficiary-enrollment/medicare-and-medicaid-reports/medicare-monthly-enrollment,2026-02,[source: CMS Medicare Monthly Enrollment 2026-02; DUAL_TOT_BENES]
MN,Kanabec,Dual-Eligible (Medicare + Medicaid),Dual-Eligible,Dual-Eligible (Medicare/Medicaid),FIPS 27065,,546,546,https://data.cms.gov/summary-statistics-on-beneficiary-enrollment/medicare-and-medicaid-reports/medicare-monthly-enrollment,2026-02,[source: CMS Medicare Monthly Enrollment 2026-02; DUAL_TOT_BENES]
MN,Kandiyohi,Dual-Eligible (Medicare + Medicaid),Dual-Eligible,Dual-Eligible (Medicare/Medicaid),FIPS 27067,,1685,1685,https://data.cms.gov/summary-statistics-on-beneficiary-enrollment/medicare-and-medicaid-reports/medicare-monthly-enrollment,2026-02,[source: CMS Medicare Monthly Enrollment 2026-02; DUAL_TOT_BENES]
MN,Kittson,Dual-Eligible (Medicare + Medicaid),Dual-Eligible,Dual-Eligible (Medicare/Medicaid),FIPS 27069,,136,136,https://data.cms.gov/summary-statistics-on-beneficiary-enrollment/medicare-and-medicaid-reports/medicare-monthly-enrollment,2026-02,[source: CMS Medicare Monthly Enrollment 2026-02; DUAL_TOT_BENES]
MN,Koochiching,Dual-Eligible (Medicare + Medicaid),Dual-Eligible,Dual-Eligible (Medicare/Medicaid),FIPS 27071,,578,578,https://data.cms.gov/summary-statistics-on-beneficiary-enrollment/medicare-and-medicaid-reports/medicare-monthly-enrollment,2026-02,[source: CMS Medicare Monthly Enrollment 2026-02; DUAL_TOT_BENES]
MN,Lac qui Parle,Dual-Eligible (Medicare + Medicaid),Dual-Eligible,Dual-Eligible (Medicare/Medicaid),FIPS 27073,,230,230,https://data.cms.gov/summary-statistics-on-beneficiary-enrollment/medicare-and-medicaid-reports/medicare-monthly-enrollment,2026-02,[source: CMS Medicare Monthly Enrollment 2026-02; DUAL_TOT_BENES]
MN,Lake,Dual-Eligible (Medicare + Medicaid),Dual-Eligible,Dual-Eligible (Medicare/Medicaid),FIPS 27075,,282,282,https://data.cms.gov/summary-statistics-on-beneficiary-enrollment/medicare-and-medicaid-reports/medicare-monthly-enrollment,2026-02,[source: CMS Medicare Monthly Enrollment 2026-02; DUAL_TOT_BENES]
MN,Lake of the Woods,Dual-Eligible (Medicare + Medicaid),Dual-Eligible,Dual-Eligible (Medicare/Medicaid),FIPS 27077,,138,138,https://data.cms.gov/summary-statistics-on-beneficiary-enrollment/medicare-and-medicaid-reports/medicare-monthly-enrollment,2026-02,[source: CMS Medicare Monthly Enrollment 2026-02; DUAL_TOT_BENES]
MN,Le Sueur,Dual-Eligible (Medicare + Medicaid),Dual-Eligible,Dual-Eligible (Medicare/Medicaid),FIPS 27079,,503,503,https://data.cms.gov/summary-statistics-on-beneficiary-enrollment/medicare-and-medicaid-reports/medicare-monthly-enrollment,2026-02,[source: CMS Medicare Monthly Enrollment 2026-02; DUAL_TOT_BENES]
MN,Lincoln,Dual-Eligible (Medicare + Medicaid),Dual-Eligible,Dual-Eligible (Medicare/Medicaid),FIPS 27081,,155,155,https://data.cms.gov/summary-statistics-on-beneficiary-enrollment/medicare-and-medicaid-reports/medicare-monthly-enrollment,2026-02,[source: CMS Medicare Monthly Enrollment 2026-02; DUAL_TOT_BENES]
MN,Lyon,Dual-Eligible (Medicare + Medicaid),Dual-Eligible,Dual-Eligible (Medicare/Medicaid),FIPS 27083,,752,752,https://data.cms.gov/summary-statistics-on-beneficiary-enrollment/medicare-and-medicaid-reports/medicare-monthly-enrollment,2026-02,[source: CMS Medicare Monthly Enrollment 2026-02; DUAL_TOT_BENES]
MN,Mahnomen,Dual-Eligible (Medicare + Medicaid),Dual-Eligible,Dual-Eligible (Medicare/Medicaid),FIPS 27087,,228,228,https://data.cms.gov/summary-statistics-on-beneficiary-enrollment/medicare-and-medicaid-reports/medicare-monthly-enrollment,2026-02,[source: CMS Medicare Monthly Enrollment 2026-02; DUAL_TOT_BENES]
MN,Marshall,Dual-Eligible (Medicare + Medicaid),Dual-Eligible,Dual-Eligible (Medicare/Medicaid),FIPS 27089,,255,255,https://data.cms.gov/summary-statistics-on-beneficiary-enrollment/medicare-and-medicaid-reports/medicare-monthly-enrollment,2026-02,[source: CMS Medicare Monthly Enrollment 2026-02; DUAL_TOT_BENES]
MN,Martin,Dual-Eligible (Medicare + Medicaid),Dual-Eligible,Dual-Eligible (Medicare/Medicaid),FIPS 27091,,811,811,https://data.cms.gov/summary-statistics-on-beneficiary-enrollment/medicare-and-medicaid-reports/medicare-monthly-enrollment,2026-02,[source: CMS Medicare Monthly Enrollment 2026-02; DUAL_TOT_BENES]
MN,McLeod,Dual-Eligible (Medicare + Medicaid),Dual-Eligible,Dual-Eligible (Medicare/Medicaid),FIPS 27085,,796,796,https://data.cms.gov/summary-statistics-on-beneficiary-enrollment/medicare-and-medicaid-reports/medicare-monthly-enrollment,2026-02,[source: CMS Medicare Monthly Enrollment 2026-02; DUAL_TOT_BENES]
MN,Meeker,Dual-Eligible (Medicare + Medicaid),Dual-Eligible,Dual-Eligible (Medicare/Medicaid),FIPS 27093,,568,568,https://data.cms.gov/summary-statistics-on-beneficiary-enrollment/medicare-and-medicaid-reports/medicare-monthly-enrollment,2026-02,[source: CMS Medicare Monthly Enrollment 2026-02; DUAL_TOT_BENES]
MN,Mille Lacs,Dual-Eligible (Medicare + Medicaid),Dual-Eligible,Dual-Eligible (Medicare/Medicaid),FIPS 27095,,887,887,https://data.cms.gov/summary-statistics-on-beneficiary-enrollment/medicare-and-medicaid-reports/medicare-monthly-enrollment,2026-02,[source: CMS Medicare Monthly Enrollment 2026-02; DUAL_TOT_BENES]
MN,Morrison,Dual-Eligible (Medicare + Medicaid),Dual-Eligible,Dual-Eligible (Medicare/Medicaid),FIPS 27097,,1003,1003,https://data.cms.gov/summary-statistics-on-beneficiary-enrollment/medicare-and-medicaid-reports/medicare-monthly-enrollment,2026-02,[source: CMS Medicare Monthly Enrollment 2026-02; DUAL_TOT_BENES]
MN,Mower,Dual-Eligible (Medicare + Medicaid),Dual-Eligible,Dual-Eligible (Medicare/Medicaid),FIPS 27099,,1365,1365,https://data.cms.gov/summary-statistics-on-beneficiary-enrollment/medicare-and-medicaid-reports/medicare-monthly-enrollment,2026-02,[source: CMS Medicare Monthly Enrollment 2026-02; DUAL_TOT_BENES]
MN,Murray,Dual-Eligible (Medicare + Medicaid),Dual-Eligible,Dual-Eligible (Medicare/Medicaid),FIPS 27101,,200,200,https://data.cms.gov/summary-statistics-on-beneficiary-enrollment/medicare-and-medicaid-reports/medicare-monthly-enrollment,2026-02,[source: CMS Medicare Monthly Enrollment 2026-02; DUAL_TOT_BENES]
MN,Nicollet,Dual-Eligible (Medicare + Medicaid),Dual-Eligible,Dual-Eligible (Medicare/Medicaid),FIPS 27103,,779,779,https://data.cms.gov/summary-statistics-on-beneficiary-enrollment/medicare-and-medicaid-reports/medicare-monthly-enrollment,2026-02,[source: CMS Medicare Monthly Enrollment 2026-02; DUAL_TOT_BENES]
MN,Nobles,Dual-Eligible (Medicare + Medicaid),Dual-Eligible,Dual-Eligible (Medicare/Medicaid),FIPS 27105,,546,546,https://data.cms.gov/summary-statistics-on-beneficiary-enrollment/medicare-and-medicaid-reports/medicare-monthly-enrollment,2026-02,[source: CMS Medicare Monthly Enrollment 2026-02; DUAL_TOT_BENES]
MN,Norman,Dual-Eligible (Medicare + Medicaid),Dual-Eligible,Dual-Eligible (Medicare/Medicaid),FIPS 27107,,241,241,https://data.cms.gov/summary-statistics-on-beneficiary-enrollment/medicare-and-medicaid-reports/medicare-monthly-enrollment,2026-02,[source: CMS Medicare Monthly Enrollment 2026-02; DUAL_TOT_BENES]
MN,Olmsted,Dual-Eligible (Medicare + Medicaid),Dual-Eligible,Dual-Eligible (Medicare/Medicaid),FIPS 27109,,3391,3391,https://data.cms.gov/summary-statistics-on-beneficiary-enrollment/medicare-and-medicaid-reports/medicare-monthly-enrollment,2026-02,[source: CMS Medicare Monthly Enrollment 2026-02; DUAL_TOT_BENES]
MN,Otter Tail,Dual-Eligible (Medicare + Medicaid),Dual-Eligible,Dual-Eligible (Medicare/Medicaid),FIPS 27111,,1729,1729,https://data.cms.gov/summary-statistics-on-beneficiary-enrollment/medicare-and-medicaid-reports/medicare-monthly-enrollment,2026-02,[source: CMS Medicare Monthly Enrollment 2026-02; DUAL_TOT_BENES]
MN,Pennington,Dual-Eligible (Medicare + Medicaid),Dual-Eligible,Dual-Eligible (Medicare/Medicaid),FIPS 27113,,403,403,https://data.cms.gov/summary-statistics-on-beneficiary-enrollment/medicare-and-medicaid-reports/medicare-monthly-enrollment,2026-02,[source: CMS Medicare Monthly Enrollment 2026-02; DUAL_TOT_BENES]
MN,Pine,Dual-Eligible (Medicare + Medicaid),Dual-Eligible,Dual-Eligible (Medicare/Medicaid),FIPS 27115,,1072,1072,https://data.cms.gov/summary-statistics-on-beneficiary-enrollment/medicare-and-medicaid-reports/medicare-monthly-enrollment,2026-02,[source: CMS Medicare Monthly Enrollment 2026-02; DUAL_TOT_BENES]
MN,Pipestone,Dual-Eligible (Medicare + Medicaid),Dual-Eligible,Dual-Eligible (Medicare/Medicaid),FIPS 27117,,254,254,https://data.cms.gov/summary-statistics-on-beneficiary-enrollment/medicare-and-medicaid-reports/medicare-monthly-enrollment,2026-02,[source: CMS Medicare Monthly Enrollment 2026-02; DUAL_TOT_BENES]
MN,Polk,Dual-Eligible (Medicare + Medicaid),Dual-Eligible,Dual-Eligible (Medicare/Medicaid),FIPS 27119,,1148,1148,https://data.cms.gov/summary-statistics-on-beneficiary-enrollment/medicare-and-medicaid-reports/medicare-monthly-enrollment,2026-02,[source: CMS Medicare Monthly Enrollment 2026-02; DUAL_TOT_BENES]
MN,Pope,Dual-Eligible (Medicare + Medicaid),Dual-Eligible,Dual-Eligible (Medicare/Medicaid),FIPS 27121,,344,344,https://data.cms.gov/summary-statistics-on-beneficiary-enrollment/medicare-and-medicaid-reports/medicare-monthly-enrollment,2026-02,[source: CMS Medicare Monthly Enrollment 2026-02; DUAL_TOT_BENES]
MN,Ramsey,Dual-Eligible (Medicare + Medicaid),Dual-Eligible,Dual-Eligible (Medicare/Medicaid),FIPS 27123,,15766,15766,https://data.cms.gov/summary-statistics-on-beneficiary-enrollment/medicare-and-medicaid-reports/medicare-monthly-enrollment,2026-02,[source: CMS Medicare Monthly Enrollment 2026-02; DUAL_TOT_BENES]
MN,Red Lake,Dual-Eligible (Medicare + Medicaid),Dual-Eligible,Dual-Eligible (Medicare/Medicaid),FIPS 27125,,105,105,https://data.cms.gov/summary-statistics-on-beneficiary-enrollment/medicare-and-medicaid-reports/medicare-monthly-enrollment,2026-02,[source: CMS Medicare Monthly Enrollment 2026-02; DUAL_TOT_BENES]
MN,Redwood,Dual-Eligible (Medicare + Medicaid),Dual-Eligible,Dual-Eligible (Medicare/Medicaid),FIPS 27127,,411,411,https://data.cms.gov/summary-statistics-on-beneficiary-enrollment/medicare-and-medicaid-reports/medicare-monthly-enrollment,2026-02,[source: CMS Medicare Monthly Enrollment 2026-02; DUAL_TOT_BENES]
MN,Renville,Dual-Eligible (Medicare + Medicaid),Dual-Eligible,Dual-Eligible (Medicare/Medicaid),FIPS 27129,,429,429,https://data.cms.gov/summary-statistics-on-beneficiary-enrollment/medicare-and-medicaid-reports/medicare-monthly-enrollment,2026-02,[source: CMS Medicare Monthly Enrollment 2026-02; DUAL_TOT_BENES]
MN,Rice,Dual-Eligible (Medicare + Medicaid),Dual-Eligible,Dual-Eligible (Medicare/Medicaid),FIPS 27131,,1210,1210,https://data.cms.gov/summary-statistics-on-beneficiary-enrollment/medicare-and-medicaid-reports/medicare-monthly-enrollment,2026-02,[source: CMS Medicare Monthly Enrollment 2026-02; DUAL_TOT_BENES]
MN,Rock,Dual-Eligible (Medicare + Medicaid),Dual-Eligible,Dual-Eligible (Medicare/Medicaid),FIPS 27133,,263,263,https://data.cms.gov/summary-statistics-on-beneficiary-enrollment/medicare-and-medicaid-reports/medicare-monthly-enrollment,2026-02,[source: CMS Medicare Monthly Enrollment 2026-02; DUAL_TOT_BENES]
MN,Roseau,Dual-Eligible (Medicare + Medicaid),Dual-Eligible,Dual-Eligible (Medicare/Medicaid),FIPS 27135,,385,385,https://data.cms.gov/summary-statistics-on-beneficiary-enrollment/medicare-and-medicaid-reports/medicare-monthly-enrollment,2026-02,[source: CMS Medicare Monthly Enrollment 2026-02; DUAL_TOT_BENES]
MN,Scott,Dual-Eligible (Medicare + Medicaid),Dual-Eligible,Dual-Eligible (Medicare/Medicaid),FIPS 27139,,2279,2279,https://data.cms.gov/summary-statistics-on-beneficiary-enrollment/medicare-and-medicaid-reports/medicare-monthly-enrollment,2026-02,[source: CMS Medicare Monthly Enrollment 2026-02; DUAL_TOT_BENES]
MN,Sherburne,Dual-Eligible (Medicare + Medicaid),Dual-Eligible,Dual-Eligible (Medicare/Medicaid),FIPS 27141,,1551,1551,https://data.cms.gov/summary-statistics-on-beneficiary-enrollment/medicare-and-medicaid-reports/medicare-monthly-enrollment,2026-02,[source: CMS Medicare Monthly Enrollment 2026-02; DUAL_TOT_BENES]
MN,Sibley,Dual-Eligible (Medicare + Medicaid),Dual-Eligible,Dual-Eligible (Medicare/Medicaid),FIPS 27143,,332,332,https://data.cms.gov/summary-statistics-on-beneficiary-enrollment/medicare-and-medicaid-reports/medicare-monthly-enrollment,2026-02,[source: CMS Medicare Monthly Enrollment 2026-02; DUAL_TOT_BENES]
MN,St. Louis,Dual-Eligible (Medicare + Medicaid),Dual-Eligible,Dual-Eligible (Medicare/Medicaid),FIPS 27137,,6526,6526,https://data.cms.gov/summary-statistics-on-beneficiary-enrollment/medicare-and-medicaid-reports/medicare-monthly-enrollment,2026-02,[source: CMS Medicare Monthly Enrollment 2026-02; DUAL_TOT_BENES]
MN,Stearns,Dual-Eligible (Medicare + Medicaid),Dual-Eligible,Dual-Eligible (Medicare/Medicaid),FIPS 27145,,2934,2934,https://data.cms.gov/summary-statistics-on-beneficiary-enrollment/medicare-and-medicaid-reports/medicare-monthly-enrollment,2026-02,[source: CMS Medicare Monthly Enrollment 2026-02; DUAL_TOT_BENES]
MN,Steele,Dual-Eligible (Medicare + Medicaid),Dual-Eligible,Dual-Eligible (Medicare/Medicaid),FIPS 27147,,1261,1261,https://data.cms.gov/summary-statistics-on-beneficiary-enrollment/medicare-and-medicaid-reports/medicare-monthly-enrollment,2026-02,[source: CMS Medicare Monthly Enrollment 2026-02; DUAL_TOT_BENES]
MN,Stevens,Dual-Eligible (Medicare + Medicaid),Dual-Eligible,Dual-Eligible (Medicare/Medicaid),FIPS 27149,,200,200,https://data.cms.gov/summary-statistics-on-beneficiary-enrollment/medicare-and-medicaid-reports/medicare-monthly-enrollment,2026-02,[source: CMS Medicare Monthly Enrollment 2026-02; DUAL_TOT_BENES]
MN,Swift,Dual-Eligible (Medicare + Medicaid),Dual-Eligible,Dual-Eligible (Medicare/Medicaid),FIPS 27151,,330,330,https://data.cms.gov/summary-statistics-on-beneficiary-enrollment/medicare-and-medicaid-reports/medicare-monthly-enrollment,2026-02,[source: CMS Medicare Monthly Enrollment 2026-02; DUAL_TOT_BENES]
MN,Todd,Dual-Eligible (Medicare + Medicaid),Dual-Eligible,Dual-Eligible (Medicare/Medicaid),FIPS 27153,,732,732,https://data.cms.gov/summary-statistics-on-beneficiary-enrollment/medicare-and-medicaid-reports/medicare-monthly-enrollment,2026-02,[source: CMS Medicare Monthly Enrollment 2026-02; DUAL_TOT_BENES]
MN,Traverse,Dual-Eligible (Medicare + Medicaid),Dual-Eligible,Dual-Eligible (Medicare/Medicaid),FIPS 27155,,137,137,https://data.cms.gov/summary-statistics-on-beneficiary-enrollment/medicare-and-medicaid-reports/medicare-monthly-enrollment,2026-02,[source: CMS Medicare Monthly Enrollment 2026-02; DUAL_TOT_BENES]
MN,Wabasha,Dual-Eligible (Medicare + Medicaid),Dual-Eligible,Dual-Eligible (Medicare/Medicaid),FIPS 27157,,793,793,https://data.cms.gov/summary-statistics-on-beneficiary-enrollment/medicare-and-medicaid-reports/medicare-monthly-enrollment,2026-02,[source: CMS Medicare Monthly Enrollment 2026-02; DUAL_TOT_BENES]
MN,Wadena,Dual-Eligible (Medicare + Medicaid),Dual-Eligible,Dual-Eligible (Medicare/Medicaid),FIPS 27159,,638,638,https://data.cms.gov/summary-statistics-on-beneficiary-enrollment/medicare-and-medicaid-reports/medicare-monthly-enrollment,2026-02,[source: CMS Medicare Monthly Enrollment 2026-02; DUAL_TOT_BENES]
MN,Waseca,Dual-Eligible (Medicare + Medicaid),Dual-Eligible,Dual-Eligible (Medicare/Medicaid),FIPS 27161,,534,534,https://data.cms.gov/summary-statistics-on-beneficiary-enrollment/medicare-and-medicaid-reports/medicare-monthly-enrollment,2026-02,[source: CMS Medicare Monthly Enrollment 2026-02; DUAL_TOT_BENES]
MN,Washington,Dual-Eligible (Medicare + Medicaid),Dual-Eligible,Dual-Eligible (Medicare/Medicaid),FIPS 27163,,4308,4308,https://data.cms.gov/summary-statistics-on-beneficiary-enrollment/medicare-and-medicaid-reports/medicare-monthly-enrollment,2026-02,[source: CMS Medicare Monthly Enrollment 2026-02; DUAL_TOT_BENES]
MN,Watonwan,Dual-Eligible (Medicare + Medicaid),Dual-Eligible,Dual-Eligible (Medicare/Medicaid),FIPS 27165,,301,301,https://data.cms.gov/summary-statistics-on-beneficiary-enrollment/medicare-and-medicaid-reports/medicare-monthly-enrollment,2026-02,[source: CMS Medicare Monthly Enrollment 2026-02; DUAL_TOT_BENES]
MN,Wilkin,Dual-Eligible (Medicare + Medicaid),Dual-Eligible,Dual-Eligible (Medicare/Medicaid),FIPS 27167,,219,219,https://data.cms.gov/summary-statistics-on-beneficiary-enrollment/medicare-and-medicaid-reports/medicare-monthly-enrollment,2026-02,[source: CMS Medicare Monthly Enrollment 2026-02; DUAL_TOT_BENES]
MN,Winona,Dual-Eligible (Medicare + Medicaid),Dual-Eligible,Dual-Eligible (Medicare/Medicaid),FIPS 27169,,1290,1290,https://data.cms.gov/summary-statistics-on-beneficiary-enrollment/medicare-and-medicaid-reports/medicare-monthly-enrollment,2026-02,[source: CMS Medicare Monthly Enrollment 2026-02; DUAL_TOT_BENES]
MN,Wright,Dual-Eligible (Medicare + Medicaid),Dual-Eligible,Dual-Eligible (Medicare/Medicaid),FIPS 27171,,2121,2121,https://data.cms.gov/summary-statistics-on-beneficiary-enrollment/medicare-and-medicaid-reports/medicare-monthly-enrollment,2026-02,[source: CMS Medicare Monthly Enrollment 2026-02; DUAL_TOT_BENES]
MN,Yellow Medicine,Dual-Eligible (Medicare + Medicaid),Dual-Eligible,Dual-Eligible (Medicare/Medicaid),FIPS 27173,,309,309,https://data.cms.gov/summary-statistics-on-beneficiary-enrollment/medicare-and-medicaid-reports/medicare-monthly-enrollment,2026-02,[source: CMS Medicare Monthly Enrollment 2026-02; DUAL_TOT_BENES]
MO,Adair,Dual-Eligible (Medicare + Medicaid),Dual-Eligible,Dual-Eligible (Medicare/Medicaid),FIPS 29001,,903,903,https://data.cms.gov/summary-statistics-on-beneficiary-enrollment/medicare-and-medicaid-reports/medicare-monthly-enrollment,2026-02,[source: CMS Medicare Monthly Enrollment 2026-02; DUAL_TOT_BENES]
MO,Andrew,Dual-Eligible (Medicare + Medicaid),Dual-Eligible,Dual-Eligible (Medicare/Medicaid),FIPS 29003,,351,351,https://data.cms.gov/summary-statistics-on-beneficiary-enrollment/medicare-and-medicaid-reports/medicare-monthly-enrollment,2026-02,[source: CMS Medicare Monthly Enrollment 2026-02; DUAL_TOT_BENES]
MO,Atchison,Dual-Eligible (Medicare + Medicaid),Dual-Eligible,Dual-Eligible (Medicare/Medicaid),FIPS 29005,,182,182,https://data.cms.gov/summary-statistics-on-beneficiary-enrollment/medicare-and-medicaid-reports/medicare-monthly-enrollment,2026-02,[source: CMS Medicare Monthly Enrollment 2026-02; DUAL_TOT_BENES]
MO,Audrain,Dual-Eligible (Medicare + Medicaid),Dual-Eligible,Dual-Eligible (Medicare/Medicaid),FIPS 29007,,887,887,https://data.cms.gov/summary-statistics-on-beneficiary-enrollment/medicare-and-medicaid-reports/medicare-monthly-enrollment,2026-02,[source: CMS Medicare Monthly Enrollment 2026-02; DUAL_TOT_BENES]
MO,Barry,Dual-Eligible (Medicare + Medicaid),Dual-Eligible,Dual-Eligible (Medicare/Medicaid),FIPS 29009,,1447,1447,https://data.cms.gov/summary-statistics-on-beneficiary-enrollment/medicare-and-medicaid-reports/medicare-monthly-enrollment,2026-02,[source: CMS Medicare Monthly Enrollment 2026-02; DUAL_TOT_BENES]
MO,Barton,Dual-Eligible (Medicare + Medicaid),Dual-Eligible,Dual-Eligible (Medicare/Medicaid),FIPS 29011,,498,498,https://data.cms.gov/summary-statistics-on-beneficiary-enrollment/medicare-and-medicaid-reports/medicare-monthly-enrollment,2026-02,[source: CMS Medicare Monthly Enrollment 2026-02; DUAL_TOT_BENES]
MO,Bates,Dual-Eligible (Medicare + Medicaid),Dual-Eligible,Dual-Eligible (Medicare/Medicaid),FIPS 29013,,633,633,https://data.cms.gov/summary-statistics-on-beneficiary-enrollment/medicare-and-medicaid-reports/medicare-monthly-enrollment,2026-02,[source: CMS Medicare Monthly Enrollment 2026-02; DUAL_TOT_BENES]
MO,Benton,Dual-Eligible (Medicare + Medicaid),Dual-Eligible,Dual-Eligible (Medicare/Medicaid),FIPS 29015,,1097,1097,https://data.cms.gov/summary-statistics-on-beneficiary-enrollment/medicare-and-medicaid-reports/medicare-monthly-enrollment,2026-02,[source: CMS Medicare Monthly Enrollment 2026-02; DUAL_TOT_BENES]
MO,Bollinger,Dual-Eligible (Medicare + Medicaid),Dual-Eligible,Dual-Eligible (Medicare/Medicaid),FIPS 29017,,559,559,https://data.cms.gov/summary-statistics-on-beneficiary-enrollment/medicare-and-medicaid-reports/medicare-monthly-enrollment,2026-02,[source: CMS Medicare Monthly Enrollment 2026-02; DUAL_TOT_BENES]
MO,Boone,Dual-Eligible (Medicare + Medicaid),Dual-Eligible,Dual-Eligible (Medicare/Medicaid),FIPS 29019,,4016,4016,https://data.cms.gov/summary-statistics-on-beneficiary-enrollment/medicare-and-medicaid-reports/medicare-monthly-enrollment,2026-02,[source: CMS Medicare Monthly Enrollment 2026-02; DUAL_TOT_BENES]
MO,Buchanan,Dual-Eligible (Medicare + Medicaid),Dual-Eligible,Dual-Eligible (Medicare/Medicaid),FIPS 29021,,3063,3063,https://data.cms.gov/summary-statistics-on-beneficiary-enrollment/medicare-and-medicaid-reports/medicare-monthly-enrollment,2026-02,[source: CMS Medicare Monthly Enrollment 2026-02; DUAL_TOT_BENES]
MO,Butler,Dual-Eligible (Medicare + Medicaid),Dual-Eligible,Dual-Eligible (Medicare/Medicaid),FIPS 29023,,2633,2633,https://data.cms.gov/summary-statistics-on-beneficiary-enrollment/medicare-and-medicaid-reports/medicare-monthly-enrollment,2026-02,[source: CMS Medicare Monthly Enrollment 2026-02; DUAL_TOT_BENES]
MO,Caldwell,Dual-Eligible (Medicare + Medicaid),Dual-Eligible,Dual-Eligible (Medicare/Medicaid),FIPS 29025,,267,267,https://data.cms.gov/summary-statistics-on-beneficiary-enrollment/medicare-and-medicaid-reports/medicare-monthly-enrollment,2026-02,[source: CMS Medicare Monthly Enrollment 2026-02; DUAL_TOT_BENES]
MO,Callaway,Dual-Eligible (Medicare + Medicaid),Dual-Eligible,Dual-Eligible (Medicare/Medicaid),FIPS 29027,,1423,1423,https://data.cms.gov/summary-statistics-on-beneficiary-enrollment/medicare-and-medicaid-reports/medicare-monthly-enrollment,2026-02,[source: CMS Medicare Monthly Enrollment 2026-02; DUAL_TOT_BENES]
MO,Camden,Dual-Eligible (Medicare + Medicaid),Dual-Eligible,Dual-Eligible (Medicare/Medicaid),FIPS 29029,,1208,1208,https://data.cms.gov/summary-statistics-on-beneficiary-enrollment/medicare-and-medicaid-reports/medicare-monthly-enrollment,2026-02,[source: CMS Medicare Monthly Enrollment 2026-02; DUAL_TOT_BENES]
MO,Cape Girardeau,Dual-Eligible (Medicare + Medicaid),Dual-Eligible,Dual-Eligible (Medicare/Medicaid),FIPS 29031,,2384,2384,https://data.cms.gov/summary-statistics-on-beneficiary-enrollment/medicare-and-medicaid-reports/medicare-monthly-enrollment,2026-02,[source: CMS Medicare Monthly Enrollment 2026-02; DUAL_TOT_BENES]
MO,Carroll,Dual-Eligible (Medicare + Medicaid),Dual-Eligible,Dual-Eligible (Medicare/Medicaid),FIPS 29033,,355,355,https://data.cms.gov/summary-statistics-on-beneficiary-enrollment/medicare-and-medicaid-reports/medicare-monthly-enrollment,2026-02,[source: CMS Medicare Monthly Enrollment 2026-02; DUAL_TOT_BENES]
MO,Carter,Dual-Eligible (Medicare + Medicaid),Dual-Eligible,Dual-Eligible (Medicare/Medicaid),FIPS 29035,,386,386,https://data.cms.gov/summary-statistics-on-beneficiary-enrollment/medicare-and-medicaid-reports/medicare-monthly-enrollment,2026-02,[source: CMS Medicare Monthly Enrollment 2026-02; DUAL_TOT_BENES]
MO,Cass,Dual-Eligible (Medicare + Medicaid),Dual-Eligible,Dual-Eligible (Medicare/Medicaid),FIPS 29037,,1997,1997,https://data.cms.gov/summary-statistics-on-beneficiary-enrollment/medicare-and-medicaid-reports/medicare-monthly-enrollment,2026-02,[source: CMS Medicare Monthly Enrollment 2026-02; DUAL_TOT_BENES]
MO,Cedar,Dual-Eligible (Medicare + Medicaid),Dual-Eligible,Dual-Eligible (Medicare/Medicaid),FIPS 29039,,738,738,https://data.cms.gov/summary-statistics-on-beneficiary-enrollment/medicare-and-medicaid-reports/medicare-monthly-enrollment,2026-02,[source: CMS Medicare Monthly Enrollment 2026-02; DUAL_TOT_BENES]
MO,Chariton,Dual-Eligible (Medicare + Medicaid),Dual-Eligible,Dual-Eligible (Medicare/Medicaid),FIPS 29041,,226,226,https://data.cms.gov/summary-statistics-on-beneficiary-enrollment/medicare-and-medicaid-reports/medicare-monthly-enrollment,2026-02,[source: CMS Medicare Monthly Enrollment 2026-02; DUAL_TOT_BENES]
MO,Christian,Dual-Eligible (Medicare + Medicaid),Dual-Eligible,Dual-Eligible (Medicare/Medicaid),FIPS 29043,,1992,1992,https://data.cms.gov/summary-statistics-on-beneficiary-enrollment/medicare-and-medicaid-reports/medicare-monthly-enrollment,2026-02,[source: CMS Medicare Monthly Enrollment 2026-02; DUAL_TOT_BENES]
MO,Clark,Dual-Eligible (Medicare + Medicaid),Dual-Eligible,Dual-Eligible (Medicare/Medicaid),FIPS 29045,,219,219,https://data.cms.gov/summary-statistics-on-beneficiary-enrollment/medicare-and-medicaid-reports/medicare-monthly-enrollment,2026-02,[source: CMS Medicare Monthly Enrollment 2026-02; DUAL_TOT_BENES]
MO,Clay,Dual-Eligible (Medicare + Medicaid),Dual-Eligible,Dual-Eligible (Medicare/Medicaid),FIPS 29047,,4320,4320,https://data.cms.gov/summary-statistics-on-beneficiary-enrollment/medicare-and-medicaid-reports/medicare-monthly-enrollment,2026-02,[source: CMS Medicare Monthly Enrollment 2026-02; DUAL_TOT_BENES]
MO,Clinton,Dual-Eligible (Medicare + Medicaid),Dual-Eligible,Dual-Eligible (Medicare/Medicaid),FIPS 29049,,547,547,https://data.cms.gov/summary-statistics-on-beneficiary-enrollment/medicare-and-medicaid-reports/medicare-monthly-enrollment,2026-02,[source: CMS Medicare Monthly Enrollment 2026-02; DUAL_TOT_BENES]
MO,Cole,Dual-Eligible (Medicare + Medicaid),Dual-Eligible,Dual-Eligible (Medicare/Medicaid),FIPS 29051,,1855,1855,https://data.cms.gov/summary-statistics-on-beneficiary-enrollment/medicare-and-medicaid-reports/medicare-monthly-enrollment,2026-02,[source: CMS Medicare Monthly Enrollment 2026-02; DUAL_TOT_BENES]
MO,Cooper,Dual-Eligible (Medicare + Medicaid),Dual-Eligible,Dual-Eligible (Medicare/Medicaid),FIPS 29053,,611,611,https://data.cms.gov/summary-statistics-on-beneficiary-enrollment/medicare-and-medicaid-reports/medicare-monthly-enrollment,2026-02,[source: CMS Medicare Monthly Enrollment 2026-02; DUAL_TOT_BENES]
MO,Crawford,Dual-Eligible (Medicare + Medicaid),Dual-Eligible,Dual-Eligible (Medicare/Medicaid),FIPS 29055,,1071,1071,https://data.cms.gov/summary-statistics-on-beneficiary-enrollment/medicare-and-medicaid-reports/medicare-monthly-enrollment,2026-02,[source: CMS Medicare Monthly Enrollment 2026-02; DUAL_TOT_BENES]
MO,Dade,Dual-Eligible (Medicare + Medicaid),Dual-Eligible,Dual-Eligible (Medicare/Medicaid),FIPS 29057,,350,350,https://data.cms.gov/summary-statistics-on-beneficiary-enrollment/medicare-and-medicaid-reports/medicare-monthly-enrollment,2026-02,[source: CMS Medicare Monthly Enrollment 2026-02; DUAL_TOT_BENES]
MO,Dallas,Dual-Eligible (Medicare + Medicaid),Dual-Eligible,Dual-Eligible (Medicare/Medicaid),FIPS 29059,,859,859,https://data.cms.gov/summary-statistics-on-beneficiary-enrollment/medicare-and-medicaid-reports/medicare-monthly-enrollment,2026-02,[source: CMS Medicare Monthly Enrollment 2026-02; DUAL_TOT_BENES]
MO,Daviess,Dual-Eligible (Medicare + Medicaid),Dual-Eligible,Dual-Eligible (Medicare/Medicaid),FIPS 29061,,234,234,https://data.cms.gov/summary-statistics-on-beneficiary-enrollment/medicare-and-medicaid-reports/medicare-monthly-enrollment,2026-02,[source: CMS Medicare Monthly Enrollment 2026-02; DUAL_TOT_BENES]
MO,DeKalb,Dual-Eligible (Medicare + Medicaid),Dual-Eligible,Dual-Eligible (Medicare/Medicaid),FIPS 29063,,257,257,https://data.cms.gov/summary-statistics-on-beneficiary-enrollment/medicare-and-medicaid-reports/medicare-monthly-enrollment,2026-02,[source: CMS Medicare Monthly Enrollment 2026-02; DUAL_TOT_BENES]
MO,Dent,Dual-Eligible (Medicare + Medicaid),Dual-Eligible,Dual-Eligible (Medicare/Medicaid),FIPS 29065,,824,824,https://data.cms.gov/summary-statistics-on-beneficiary-enrollment/medicare-and-medicaid-reports/medicare-monthly-enrollment,2026-02,[source: CMS Medicare Monthly Enrollment 2026-02; DUAL_TOT_BENES]
MO,Douglas,Dual-Eligible (Medicare + Medicaid),Dual-Eligible,Dual-Eligible (Medicare/Medicaid),FIPS 29067,,515,515,https://data.cms.gov/summary-statistics-on-beneficiary-enrollment/medicare-and-medicaid-reports/medicare-monthly-enrollment,2026-02,[source: CMS Medicare Monthly Enrollment 2026-02; DUAL_TOT_BENES]
MO,Dunklin,Dual-Eligible (Medicare + Medicaid),Dual-Eligible,Dual-Eligible (Medicare/Medicaid),FIPS 29069,,2103,2103,https://data.cms.gov/summary-statistics-on-beneficiary-enrollment/medicare-and-medicaid-reports/medicare-monthly-enrollment,2026-02,[source: CMS Medicare Monthly Enrollment 2026-02; DUAL_TOT_BENES]
MO,Franklin,Dual-Eligible (Medicare + Medicaid),Dual-Eligible,Dual-Eligible (Medicare/Medicaid),FIPS 29071,,2895,2895,https://data.cms.gov/summary-statistics-on-beneficiary-enrollment/medicare-and-medicaid-reports/medicare-monthly-enrollment,2026-02,[source: CMS Medicare Monthly Enrollment 2026-02; DUAL_TOT_BENES]
MO,Gasconade,Dual-Eligible (Medicare + Medicaid),Dual-Eligible,Dual-Eligible (Medicare/Medicaid),FIPS 29073,,509,509,https://data.cms.gov/summary-statistics-on-beneficiary-enrollment/medicare-and-medicaid-reports/medicare-monthly-enrollment,2026-02,[source: CMS Medicare Monthly Enrollment 2026-02; DUAL_TOT_BENES]
MO,Gentry,Dual-Eligible (Medicare + Medicaid),Dual-Eligible,Dual-Eligible (Medicare/Medicaid),FIPS 29075,,241,241,https://data.cms.gov/summary-statistics-on-beneficiary-enrollment/medicare-and-medicaid-reports/medicare-monthly-enrollment,2026-02,[source: CMS Medicare Monthly Enrollment 2026-02; DUAL_TOT_BENES]
MO,Greene,Dual-Eligible (Medicare + Medicaid),Dual-Eligible,Dual-Eligible (Medicare/Medicaid),FIPS 29077,,9359,9359,https://data.cms.gov/summary-statistics-on-beneficiary-enrollment/medicare-and-medicaid-reports/medicare-monthly-enrollment,2026-02,[source: CMS Medicare Monthly Enrollment 2026-02; DUAL_TOT_BENES]
MO,Grundy,Dual-Eligible (Medicare + Medicaid),Dual-Eligible,Dual-Eligible (Medicare/Medicaid),FIPS 29079,,424,424,https://data.cms.gov/summary-statistics-on-beneficiary-enrollment/medicare-and-medicaid-reports/medicare-monthly-enrollment,2026-02,[source: CMS Medicare Monthly Enrollment 2026-02; DUAL_TOT_BENES]
MO,Harrison,Dual-Eligible (Medicare + Medicaid),Dual-Eligible,Dual-Eligible (Medicare/Medicaid),FIPS 29081,,427,427,https://data.cms.gov/summary-statistics-on-beneficiary-enrollment/medicare-and-medicaid-reports/medicare-monthly-enrollment,2026-02,[source: CMS Medicare Monthly Enrollment 2026-02; DUAL_TOT_BENES]
MO,Henry,Dual-Eligible (Medicare + Medicaid),Dual-Eligible,Dual-Eligible (Medicare/Medicaid),FIPS 29083,,1070,1070,https://data.cms.gov/summary-statistics-on-beneficiary-enrollment/medicare-and-medicaid-reports/medicare-monthly-enrollment,2026-02,[source: CMS Medicare Monthly Enrollment 2026-02; DUAL_TOT_BENES]
MO,Hickory,Dual-Eligible (Medicare + Medicaid),Dual-Eligible,Dual-Eligible (Medicare/Medicaid),FIPS 29085,,485,485,https://data.cms.gov/summary-statistics-on-beneficiary-enrollment/medicare-and-medicaid-reports/medicare-monthly-enrollment,2026-02,[source: CMS Medicare Monthly Enrollment 2026-02; DUAL_TOT_BENES]
MO,Holt,Dual-Eligible (Medicare + Medicaid),Dual-Eligible,Dual-Eligible (Medicare/Medicaid),FIPS 29087,,149,149,https://data.cms.gov/summary-statistics-on-beneficiary-enrollment/medicare-and-medicaid-reports/medicare-monthly-enrollment,2026-02,[source: CMS Medicare Monthly Enrollment 2026-02; DUAL_TOT_BENES]
MO,Howard,Dual-Eligible (Medicare + Medicaid),Dual-Eligible,Dual-Eligible (Medicare/Medicaid),FIPS 29089,,341,341,https://data.cms.gov/summary-statistics-on-beneficiary-enrollment/medicare-and-medicaid-reports/medicare-monthly-enrollment,2026-02,[source: CMS Medicare Monthly Enrollment 2026-02; DUAL_TOT_BENES]
MO,Howell,Dual-Eligible (Medicare + Medicaid),Dual-Eligible,Dual-Eligible (Medicare/Medicaid),FIPS 29091,,2619,2619,https://data.cms.gov/summary-statistics-on-beneficiary-enrollment/medicare-and-medicaid-reports/medicare-monthly-enrollment,2026-02,[source: CMS Medicare Monthly Enrollment 2026-02; DUAL_TOT_BENES]
MO,Iron,Dual-Eligible (Medicare + Medicaid),Dual-Eligible,Dual-Eligible (Medicare/Medicaid),FIPS 29093,,691,691,https://data.cms.gov/summary-statistics-on-beneficiary-enrollment/medicare-and-medicaid-reports/medicare-monthly-enrollment,2026-02,[source: CMS Medicare Monthly Enrollment 2026-02; DUAL_TOT_BENES]
MO,Jackson,Dual-Eligible (Medicare + Medicaid),Dual-Eligible,Dual-Eligible (Medicare/Medicaid),FIPS 29095,,20395,20395,https://data.cms.gov/summary-statistics-on-beneficiary-enrollment/medicare-and-medicaid-reports/medicare-monthly-enrollment,2026-02,[source: CMS Medicare Monthly Enrollment 2026-02; DUAL_TOT_BENES]
MO,Jasper,Dual-Eligible (Medicare + Medicaid),Dual-Eligible,Dual-Eligible (Medicare/Medicaid),FIPS 29097,,4836,4836,https://data.cms.gov/summary-statistics-on-beneficiary-enrollment/medicare-and-medicaid-reports/medicare-monthly-enrollment,2026-02,[source: CMS Medicare Monthly Enrollment 2026-02; DUAL_TOT_BENES]
MO,Jefferson,Dual-Eligible (Medicare + Medicaid),Dual-Eligible,Dual-Eligible (Medicare/Medicaid),FIPS 29099,,4861,4861,https://data.cms.gov/summary-statistics-on-beneficiary-enrollment/medicare-and-medicaid-reports/medicare-monthly-enrollment,2026-02,[source: CMS Medicare Monthly Enrollment 2026-02; DUAL_TOT_BENES]
MO,Johnson,Dual-Eligible (Medicare + Medicaid),Dual-Eligible,Dual-Eligible (Medicare/Medicaid),FIPS 29101,,1082,1082,https://data.cms.gov/summary-statistics-on-beneficiary-enrollment/medicare-and-medicaid-reports/medicare-monthly-enrollment,2026-02,[source: CMS Medicare Monthly Enrollment 2026-02; DUAL_TOT_BENES]
MO,Knox,Dual-Eligible (Medicare + Medicaid),Dual-Eligible,Dual-Eligible (Medicare/Medicaid),FIPS 29103,,128,128,https://data.cms.gov/summary-statistics-on-beneficiary-enrollment/medicare-and-medicaid-reports/medicare-monthly-enrollment,2026-02,[source: CMS Medicare Monthly Enrollment 2026-02; DUAL_TOT_BENES]
MO,Laclede,Dual-Eligible (Medicare + Medicaid),Dual-Eligible,Dual-Eligible (Medicare/Medicaid),FIPS 29105,,1659,1659,https://data.cms.gov/summary-statistics-on-beneficiary-enrollment/medicare-and-medicaid-reports/medicare-monthly-enrollment,2026-02,[source: CMS Medicare Monthly Enrollment 2026-02; DUAL_TOT_BENES]
MO,Lafayette,Dual-Eligible (Medicare + Medicaid),Dual-Eligible,Dual-Eligible (Medicare/Medicaid),FIPS 29107,,1041,1041,https://data.cms.gov/summary-statistics-on-beneficiary-enrollment/medicare-and-medicaid-reports/medicare-monthly-enrollment,2026-02,[source: CMS Medicare Monthly Enrollment 2026-02; DUAL_TOT_BENES]
MO,Lawrence,Dual-Eligible (Medicare + Medicaid),Dual-Eligible,Dual-Eligible (Medicare/Medicaid),FIPS 29109,,1479,1479,https://data.cms.gov/summary-statistics-on-beneficiary-enrollment/medicare-and-medicaid-reports/medicare-monthly-enrollment,2026-02,[source: CMS Medicare Monthly Enrollment 2026-02; DUAL_TOT_BENES]
MO,Lewis,Dual-Eligible (Medicare + Medicaid),Dual-Eligible,Dual-Eligible (Medicare/Medicaid),FIPS 29111,,295,295,https://data.cms.gov/summary-statistics-on-beneficiary-enrollment/medicare-and-medicaid-reports/medicare-monthly-enrollment,2026-02,[source: CMS Medicare Monthly Enrollment 2026-02; DUAL_TOT_BENES]
MO,Lincoln,Dual-Eligible (Medicare + Medicaid),Dual-Eligible,Dual-Eligible (Medicare/Medicaid),FIPS 29113,,1397,1397,https://data.cms.gov/summary-statistics-on-beneficiary-enrollment/medicare-and-medicaid-reports/medicare-monthly-enrollment,2026-02,[source: CMS Medicare Monthly Enrollment 2026-02; DUAL_TOT_BENES]
MO,Linn,Dual-Eligible (Medicare + Medicaid),Dual-Eligible,Dual-Eligible (Medicare/Medicaid),FIPS 29115,,510,510,https://data.cms.gov/summary-statistics-on-beneficiary-enrollment/medicare-and-medicaid-reports/medicare-monthly-enrollment,2026-02,[source: CMS Medicare Monthly Enrollment 2026-02; DUAL_TOT_BENES]
MO,Livingston,Dual-Eligible (Medicare + Medicaid),Dual-Eligible,Dual-Eligible (Medicare/Medicaid),FIPS 29117,,565,565,https://data.cms.gov/summary-statistics-on-beneficiary-enrollment/medicare-and-medicaid-reports/medicare-monthly-enrollment,2026-02,[source: CMS Medicare Monthly Enrollment 2026-02; DUAL_TOT_BENES]
MO,Macon,Dual-Eligible (Medicare + Medicaid),Dual-Eligible,Dual-Eligible (Medicare/Medicaid),FIPS 29121,,545,545,https://data.cms.gov/summary-statistics-on-beneficiary-enrollment/medicare-and-medicaid-reports/medicare-monthly-enrollment,2026-02,[source: CMS Medicare Monthly Enrollment 2026-02; DUAL_TOT_BENES]
MO,Madison,Dual-Eligible (Medicare + Medicaid),Dual-Eligible,Dual-Eligible (Medicare/Medicaid),FIPS 29123,,655,655,https://data.cms.gov/summary-statistics-on-beneficiary-enrollment/medicare-and-medicaid-reports/medicare-monthly-enrollment,2026-02,[source: CMS Medicare Monthly Enrollment 2026-02; DUAL_TOT_BENES]
MO,Maries,Dual-Eligible (Medicare + Medicaid),Dual-Eligible,Dual-Eligible (Medicare/Medicaid),FIPS 29125,,277,277,https://data.cms.gov/summary-statistics-on-beneficiary-enrollment/medicare-and-medicaid-reports/medicare-monthly-enrollment,2026-02,[source: CMS Medicare Monthly Enrollment 2026-02; DUAL_TOT_BENES]
MO,Marion,Dual-Eligible (Medicare + Medicaid),Dual-Eligible,Dual-Eligible (Medicare/Medicaid),FIPS 29127,,1287,1287,https://data.cms.gov/summary-statistics-on-beneficiary-enrollment/medicare-and-medicaid-reports/medicare-monthly-enrollment,2026-02,[source: CMS Medicare Monthly Enrollment 2026-02; DUAL_TOT_BENES]
MO,McDonald,Dual-Eligible (Medicare + Medicaid),Dual-Eligible,Dual-Eligible (Medicare/Medicaid),FIPS 29119,,901,901,https://data.cms.gov/summary-statistics-on-beneficiary-enrollment/medicare-and-medicaid-reports/medicare-monthly-enrollment,2026-02,[source: CMS Medicare Monthly Enrollment 2026-02; DUAL_TOT_BENES]
MO,Mercer,Dual-Eligible (Medicare + Medicaid),Dual-Eligible,Dual-Eligible (Medicare/Medicaid),FIPS 29129,,128,128,https://data.cms.gov/summary-statistics-on-beneficiary-enrollment/medicare-and-medicaid-reports/medicare-monthly-enrollment,2026-02,[source: CMS Medicare Monthly Enrollment 2026-02; DUAL_TOT_BENES]
MO,Miller,Dual-Eligible (Medicare + Medicaid),Dual-Eligible,Dual-Eligible (Medicare/Medicaid),FIPS 29131,,916,916,https://data.cms.gov/summary-statistics-on-beneficiary-enrollment/medicare-and-medicaid-reports/medicare-monthly-enrollment,2026-02,[source: CMS Medicare Monthly Enrollment 2026-02; DUAL_TOT_BENES]
MO,Mississippi,Dual-Eligible (Medicare + Medicaid),Dual-Eligible,Dual-Eligible (Medicare/Medicaid),FIPS 29133,,778,778,https://data.cms.gov/summary-statistics-on-beneficiary-enrollment/medicare-and-medicaid-reports/medicare-monthly-enrollment,2026-02,[source: CMS Medicare Monthly Enrollment 2026-02; DUAL_TOT_BENES]
MO,Moniteau,Dual-Eligible (Medicare + Medicaid),Dual-Eligible,Dual-Eligible (Medicare/Medicaid),FIPS 29135,,360,360,https://data.cms.gov/summary-statistics-on-beneficiary-enrollment/medicare-and-medicaid-reports/medicare-monthly-enrollment,2026-02,[source: CMS Medicare Monthly Enrollment 2026-02; DUAL_TOT_BENES]
MO,Monroe,Dual-Eligible (Medicare + Medicaid),Dual-Eligible,Dual-Eligible (Medicare/Medicaid),FIPS 29137,,307,307,https://data.cms.gov/summary-statistics-on-beneficiary-enrollment/medicare-and-medicaid-reports/medicare-monthly-enrollment,2026-02,[source: CMS Medicare Monthly Enrollment 2026-02; DUAL_TOT_BENES]
MO,Montgomery,Dual-Eligible (Medicare + Medicaid),Dual-Eligible,Dual-Eligible (Medicare/Medicaid),FIPS 29139,,464,464,https://data.cms.gov/summary-statistics-on-beneficiary-enrollment/medicare-and-medicaid-reports/medicare-monthly-enrollment,2026-02,[source: CMS Medicare Monthly Enrollment 2026-02; DUAL_TOT_BENES]
MO,Morgan,Dual-Eligible (Medicare + Medicaid),Dual-Eligible,Dual-Eligible (Medicare/Medicaid),FIPS 29141,,930,930,https://data.cms.gov/summary-statistics-on-beneficiary-enrollment/medicare-and-medicaid-reports/medicare-monthly-enrollment,2026-02,[source: CMS Medicare Monthly Enrollment 2026-02; DUAL_TOT_BENES]
MO,New Madrid,Dual-Eligible (Medicare + Medicaid),Dual-Eligible,Dual-Eligible (Medicare/Medicaid),FIPS 29143,,995,995,https://data.cms.gov/summary-statistics-on-beneficiary-enrollment/medicare-and-medicaid-reports/medicare-monthly-enrollment,2026-02,[source: CMS Medicare Monthly Enrollment 2026-02; DUAL_TOT_BENES]
MO,Newton,Dual-Eligible (Medicare + Medicaid),Dual-Eligible,Dual-Eligible (Medicare/Medicaid),FIPS 29145,,1770,1770,https://data.cms.gov/summary-statistics-on-beneficiary-enrollment/medicare-and-medicaid-reports/medicare-monthly-enrollment,2026-02,[source: CMS Medicare Monthly Enrollment 2026-02; DUAL_TOT_BENES]
MO,Nodaway,Dual-Eligible (Medicare + Medicaid),Dual-Eligible,Dual-Eligible (Medicare/Medicaid),FIPS 29147,,540,540,https://data.cms.gov/summary-statistics-on-beneficiary-enrollment/medicare-and-medicaid-reports/medicare-monthly-enrollment,2026-02,[source: CMS Medicare Monthly Enrollment 2026-02; DUAL_TOT_BENES]
MO,Oregon,Dual-Eligible (Medicare + Medicaid),Dual-Eligible,Dual-Eligible (Medicare/Medicaid),FIPS 29149,,732,732,https://data.cms.gov/summary-statistics-on-beneficiary-enrollment/medicare-and-medicaid-reports/medicare-monthly-enrollment,2026-02,[source: CMS Medicare Monthly Enrollment 2026-02; DUAL_TOT_BENES]
MO,Osage,Dual-Eligible (Medicare + Medicaid),Dual-Eligible,Dual-Eligible (Medicare/Medicaid),FIPS 29151,,242,242,https://data.cms.gov/summary-statistics-on-beneficiary-enrollment/medicare-and-medicaid-reports/medicare-monthly-enrollment,2026-02,[source: CMS Medicare Monthly Enrollment 2026-02; DUAL_TOT_BENES]
MO,Ozark,Dual-Eligible (Medicare + Medicaid),Dual-Eligible,Dual-Eligible (Medicare/Medicaid),FIPS 29153,,480,480,https://data.cms.gov/summary-statistics-on-beneficiary-enrollment/medicare-and-medicaid-reports/medicare-monthly-enrollment,2026-02,[source: CMS Medicare Monthly Enrollment 2026-02; DUAL_TOT_BENES]
MO,Pemiscot,Dual-Eligible (Medicare + Medicaid),Dual-Eligible,Dual-Eligible (Medicare/Medicaid),FIPS 29155,,1157,1157,https://data.cms.gov/summary-statistics-on-beneficiary-enrollment/medicare-and-medicaid-reports/medicare-monthly-enrollment,2026-02,[source: CMS Medicare Monthly Enrollment 2026-02; DUAL_TOT_BENES]
MO,Perry,Dual-Eligible (Medicare + Medicaid),Dual-Eligible,Dual-Eligible (Medicare/Medicaid),FIPS 29157,,582,582,https://data.cms.gov/summary-statistics-on-beneficiary-enrollment/medicare-and-medicaid-reports/medicare-monthly-enrollment,2026-02,[source: CMS Medicare Monthly Enrollment 2026-02; DUAL_TOT_BENES]
MO,Pettis,Dual-Eligible (Medicare + Medicaid),Dual-Eligible,Dual-Eligible (Medicare/Medicaid),FIPS 29159,,1686,1686,https://data.cms.gov/summary-statistics-on-beneficiary-enrollment/medicare-and-medicaid-reports/medicare-monthly-enrollment,2026-02,[source: CMS Medicare Monthly Enrollment 2026-02; DUAL_TOT_BENES]
MO,Phelps,Dual-Eligible (Medicare + Medicaid),Dual-Eligible,Dual-Eligible (Medicare/Medicaid),FIPS 29161,,1644,1644,https://data.cms.gov/summary-statistics-on-beneficiary-enrollment/medicare-and-medicaid-reports/medicare-monthly-enrollment,2026-02,[source: CMS Medicare Monthly Enrollment 2026-02; DUAL_TOT_BENES]
MO,Pike,Dual-Eligible (Medicare + Medicaid),Dual-Eligible,Dual-Eligible (Medicare/Medicaid),FIPS 29163,,686,686,https://data.cms.gov/summary-statistics-on-beneficiary-enrollment/medicare-and-medicaid-reports/medicare-monthly-enrollment,2026-02,[source: CMS Medicare Monthly Enrollment 2026-02; DUAL_TOT_BENES]
MO,Platte,Dual-Eligible (Medicare + Medicaid),Dual-Eligible,Dual-Eligible (Medicare/Medicaid),FIPS 29165,,1264,1264,https://data.cms.gov/summary-statistics-on-beneficiary-enrollment/medicare-and-medicaid-reports/medicare-monthly-enrollment,2026-02,[source: CMS Medicare Monthly Enrollment 2026-02; DUAL_TOT_BENES]
MO,Polk,Dual-Eligible (Medicare + Medicaid),Dual-Eligible,Dual-Eligible (Medicare/Medicaid),FIPS 29167,,1324,1324,https://data.cms.gov/summary-statistics-on-beneficiary-enrollment/medicare-and-medicaid-reports/medicare-monthly-enrollment,2026-02,[source: CMS Medicare Monthly Enrollment 2026-02; DUAL_TOT_BENES]
MO,Pulaski,Dual-Eligible (Medicare + Medicaid),Dual-Eligible,Dual-Eligible (Medicare/Medicaid),FIPS 29169,,1226,1226,https://data.cms.gov/summary-statistics-on-beneficiary-enrollment/medicare-and-medicaid-reports/medicare-monthly-enrollment,2026-02,[source: CMS Medicare Monthly Enrollment 2026-02; DUAL_TOT_BENES]
MO,Putnam,Dual-Eligible (Medicare + Medicaid),Dual-Eligible,Dual-Eligible (Medicare/Medicaid),FIPS 29171,,196,196,https://data.cms.gov/summary-statistics-on-beneficiary-enrollment/medicare-and-medicaid-reports/medicare-monthly-enrollment,2026-02,[source: CMS Medicare Monthly Enrollment 2026-02; DUAL_TOT_BENES]
MO,Ralls,Dual-Eligible (Medicare + Medicaid),Dual-Eligible,Dual-Eligible (Medicare/Medicaid),FIPS 29173,,248,248,https://data.cms.gov/summary-statistics-on-beneficiary-enrollment/medicare-and-medicaid-reports/medicare-monthly-enrollment,2026-02,[source: CMS Medicare Monthly Enrollment 2026-02; DUAL_TOT_BENES]
MO,Randolph,Dual-Eligible (Medicare + Medicaid),Dual-Eligible,Dual-Eligible (Medicare/Medicaid),FIPS 29175,,1017,1017,https://data.cms.gov/summary-statistics-on-beneficiary-enrollment/medicare-and-medicaid-reports/medicare-monthly-enrollment,2026-02,[source: CMS Medicare Monthly Enrollment 2026-02; DUAL_TOT_BENES]
MO,Ray,Dual-Eligible (Medicare + Medicaid),Dual-Eligible,Dual-Eligible (Medicare/Medicaid),FIPS 29177,,589,589,https://data.cms.gov/summary-statistics-on-beneficiary-enrollment/medicare-and-medicaid-reports/medicare-monthly-enrollment,2026-02,[source: CMS Medicare Monthly Enrollment 2026-02; DUAL_TOT_BENES]
MO,Reynolds,Dual-Eligible (Medicare + Medicaid),Dual-Eligible,Dual-Eligible (Medicare/Medicaid),FIPS 29179,,353,353,https://data.cms.gov/summary-statistics-on-beneficiary-enrollment/medicare-and-medicaid-reports/medicare-monthly-enrollment,2026-02,[source: CMS Medicare Monthly Enrollment 2026-02; DUAL_TOT_BENES]
MO,Ripley,Dual-Eligible (Medicare + Medicaid),Dual-Eligible,Dual-Eligible (Medicare/Medicaid),FIPS 29181,,918,918,https://data.cms.gov/summary-statistics-on-beneficiary-enrollment/medicare-and-medicaid-reports/medicare-monthly-enrollment,2026-02,[source: CMS Medicare Monthly Enrollment 2026-02; DUAL_TOT_BENES]
MO,Saline,Dual-Eligible (Medicare + Medicaid),Dual-Eligible,Dual-Eligible (Medicare/Medicaid),FIPS 29195,,860,860,https://data.cms.gov/summary-statistics-on-beneficiary-enrollment/medicare-and-medicaid-reports/medicare-monthly-enrollment,2026-02,[source: CMS Medicare Monthly Enrollment 2026-02; DUAL_TOT_BENES]
MO,Schuyler,Dual-Eligible (Medicare + Medicaid),Dual-Eligible,Dual-Eligible (Medicare/Medicaid),FIPS 29197,,158,158,https://data.cms.gov/summary-statistics-on-beneficiary-enrollment/medicare-and-medicaid-reports/medicare-monthly-enrollment,2026-02,[source: CMS Medicare Monthly Enrollment 2026-02; DUAL_TOT_BENES]
MO,Scotland,Dual-Eligible (Medicare + Medicaid),Dual-Eligible,Dual-Eligible (Medicare/Medicaid),FIPS 29199,,130,130,https://data.cms.gov/summary-statistics-on-beneficiary-enrollment/medicare-and-medicaid-reports/medicare-monthly-enrollment,2026-02,[source: CMS Medicare Monthly Enrollment 2026-02; DUAL_TOT_BENES]
MO,Scott,Dual-Eligible (Medicare + Medicaid),Dual-Eligible,Dual-Eligible (Medicare/Medicaid),FIPS 29201,,2111,2111,https://data.cms.gov/summary-statistics-on-beneficiary-enrollment/medicare-and-medicaid-reports/medicare-monthly-enrollment,2026-02,[source: CMS Medicare Monthly Enrollment 2026-02; DUAL_TOT_BENES]
MO,Shannon,Dual-Eligible (Medicare + Medicaid),Dual-Eligible,Dual-Eligible (Medicare/Medicaid),FIPS 29203,,530,530,https://data.cms.gov/summary-statistics-on-beneficiary-enrollment/medicare-and-medicaid-reports/medicare-monthly-enrollment,2026-02,[source: CMS Medicare Monthly Enrollment 2026-02; DUAL_TOT_BENES]
MO,Shelby,Dual-Eligible (Medicare + Medicaid),Dual-Eligible,Dual-Eligible (Medicare/Medicaid),FIPS 29205,,226,226,https://data.cms.gov/summary-statistics-on-beneficiary-enrollment/medicare-and-medicaid-reports/medicare-monthly-enrollment,2026-02,[source: CMS Medicare Monthly Enrollment 2026-02; DUAL_TOT_BENES]
MO,St. Charles,Dual-Eligible (Medicare + Medicaid),Dual-Eligible,Dual-Eligible (Medicare/Medicaid),FIPS 29183,,5398,5398,https://data.cms.gov/summary-statistics-on-beneficiary-enrollment/medicare-and-medicaid-reports/medicare-monthly-enrollment,2026-02,[source: CMS Medicare Monthly Enrollment 2026-02; DUAL_TOT_BENES]
MO,St. Clair,Dual-Eligible (Medicare + Medicaid),Dual-Eligible,Dual-Eligible (Medicare/Medicaid),FIPS 29185,,454,454,https://data.cms.gov/summary-statistics-on-beneficiary-enrollment/medicare-and-medicaid-reports/medicare-monthly-enrollment,2026-02,[source: CMS Medicare Monthly Enrollment 2026-02; DUAL_TOT_BENES]
MO,St. Francois,Dual-Eligible (Medicare + Medicaid),Dual-Eligible,Dual-Eligible (Medicare/Medicaid),FIPS 29187,,3455,3455,https://data.cms.gov/summary-statistics-on-beneficiary-enrollment/medicare-and-medicaid-reports/medicare-monthly-enrollment,2026-02,[source: CMS Medicare Monthly Enrollment 2026-02; DUAL_TOT_BENES]
MO,St. Louis,Dual-Eligible (Medicare + Medicaid),Dual-Eligible,Dual-Eligible (Medicare/Medicaid),FIPS 29189,,24289,24289,https://data.cms.gov/summary-statistics-on-beneficiary-enrollment/medicare-and-medicaid-reports/medicare-monthly-enrollment,2026-02,[source: CMS Medicare Monthly Enrollment 2026-02; DUAL_TOT_BENES]
MO,St. Louis,Dual-Eligible (Medicare + Medicaid),Dual-Eligible,Dual-Eligible (Medicare/Medicaid),FIPS 29510,,13968,13968,https://data.cms.gov/summary-statistics-on-beneficiary-enrollment/medicare-and-medicaid-reports/medicare-monthly-enrollment,2026-02,[source: CMS Medicare Monthly Enrollment 2026-02; DUAL_TOT_BENES]
MO,Ste. Genevieve,Dual-Eligible (Medicare + Medicaid),Dual-Eligible,Dual-Eligible (Medicare/Medicaid),FIPS 29186,,502,502,https://data.cms.gov/summary-statistics-on-beneficiary-enrollment/medicare-and-medicaid-reports/medicare-monthly-enrollment,2026-02,[source: CMS Medicare Monthly Enrollment 2026-02; DUAL_TOT_BENES]
MO,Stoddard,Dual-Eligible (Medicare + Medicaid),Dual-Eligible,Dual-Eligible (Medicare/Medicaid),FIPS 29207,,1702,1702,https://data.cms.gov/summary-statistics-on-beneficiary-enrollment/medicare-and-medicaid-reports/medicare-monthly-enrollment,2026-02,[source: CMS Medicare Monthly Enrollment 2026-02; DUAL_TOT_BENES]
MO,Stone,Dual-Eligible (Medicare + Medicaid),Dual-Eligible,Dual-Eligible (Medicare/Medicaid),FIPS 29209,,979,979,https://data.cms.gov/summary-statistics-on-beneficiary-enrollment/medicare-and-medicaid-reports/medicare-monthly-enrollment,2026-02,[source: CMS Medicare Monthly Enrollment 2026-02; DUAL_TOT_BENES]
MO,Sullivan,Dual-Eligible (Medicare + Medicaid),Dual-Eligible,Dual-Eligible (Medicare/Medicaid),FIPS 29211,,270,270,https://data.cms.gov/summary-statistics-on-beneficiary-enrollment/medicare-and-medicaid-reports/medicare-monthly-enrollment,2026-02,[source: CMS Medicare Monthly Enrollment 2026-02; DUAL_TOT_BENES]
MO,Taney,Dual-Eligible (Medicare + Medicaid),Dual-Eligible,Dual-Eligible (Medicare/Medicaid),FIPS 29213,,2259,2259,https://data.cms.gov/summary-statistics-on-beneficiary-enrollment/medicare-and-medicaid-reports/medicare-monthly-enrollment,2026-02,[source: CMS Medicare Monthly Enrollment 2026-02; DUAL_TOT_BENES]
MO,Texas,Dual-Eligible (Medicare + Medicaid),Dual-Eligible,Dual-Eligible (Medicare/Medicaid),FIPS 29215,,1270,1270,https://data.cms.gov/summary-statistics-on-beneficiary-enrollment/medicare-and-medicaid-reports/medicare-monthly-enrollment,2026-02,[source: CMS Medicare Monthly Enrollment 2026-02; DUAL_TOT_BENES]
MO,Vernon,Dual-Eligible (Medicare + Medicaid),Dual-Eligible,Dual-Eligible (Medicare/Medicaid),FIPS 29217,,875,875,https://data.cms.gov/summary-statistics-on-beneficiary-enrollment/medicare-and-medicaid-reports/medicare-monthly-enrollment,2026-02,[source: CMS Medicare Monthly Enrollment 2026-02; DUAL_TOT_BENES]
MO,Warren,Dual-Eligible (Medicare + Medicaid),Dual-Eligible,Dual-Eligible (Medicare/Medicaid),FIPS 29219,,871,871,https://data.cms.gov/summary-statistics-on-beneficiary-enrollment/medicare-and-medicaid-reports/medicare-monthly-enrollment,2026-02,[source: CMS Medicare Monthly Enrollment 2026-02; DUAL_TOT_BENES]
MO,Washington,Dual-Eligible (Medicare + Medicaid),Dual-Eligible,Dual-Eligible (Medicare/Medicaid),FIPS 29221,,1252,1252,https://data.cms.gov/summary-statistics-on-beneficiary-enrollment/medicare-and-medicaid-reports/medicare-monthly-enrollment,2026-02,[source: CMS Medicare Monthly Enrollment 2026-02; DUAL_TOT_BENES]
MO,Wayne,Dual-Eligible (Medicare + Medicaid),Dual-Eligible,Dual-Eligible (Medicare/Medicaid),FIPS 29223,,919,919,https://data.cms.gov/summary-statistics-on-beneficiary-enrollment/medicare-and-medicaid-reports/medicare-monthly-enrollment,2026-02,[source: CMS Medicare Monthly Enrollment 2026-02; DUAL_TOT_BENES]
MO,Webster,Dual-Eligible (Medicare + Medicaid),Dual-Eligible,Dual-Eligible (Medicare/Medicaid),FIPS 29225,,1318,1318,https://data.cms.gov/summary-statistics-on-beneficiary-enrollment/medicare-and-medicaid-reports/medicare-monthly-enrollment,2026-02,[source: CMS Medicare Monthly Enrollment 2026-02; DUAL_TOT_BENES]
MO,Worth,Dual-Eligible (Medicare + Medicaid),Dual-Eligible,Dual-Eligible (Medicare/Medicaid),FIPS 29227,,69,69,https://data.cms.gov/summary-statistics-on-beneficiary-enrollment/medicare-and-medicaid-reports/medicare-monthly-enrollment,2026-02,[source: CMS Medicare Monthly Enrollment 2026-02; DUAL_TOT_BENES]
MO,Wright,Dual-Eligible (Medicare + Medicaid),Dual-Eligible,Dual-Eligible (Medicare/Medicaid),FIPS 29229,,1085,1085,https://data.cms.gov/summary-statistics-on-beneficiary-enrollment/medicare-and-medicaid-reports/medicare-monthly-enrollment,2026-02,[source: CMS Medicare Monthly Enrollment 2026-02; DUAL_TOT_BENES]
NC,Alamance,Dual-Eligible (Medicare + Medicaid),Dual-Eligible,Dual-Eligible (Medicare/Medicaid),FIPS 37001,,6533,6533,https://data.cms.gov/summary-statistics-on-beneficiary-enrollment/medicare-and-medicaid-reports/medicare-monthly-enrollment,2026-02,[source: CMS Medicare Monthly Enrollment 2026-02; DUAL_TOT_BENES]
NC,Alexander,Dual-Eligible (Medicare + Medicaid),Dual-Eligible,Dual-Eligible (Medicare/Medicaid),FIPS 37003,,1256,1256,https://data.cms.gov/summary-statistics-on-beneficiary-enrollment/medicare-and-medicaid-reports/medicare-monthly-enrollment,2026-02,[source: CMS Medicare Monthly Enrollment 2026-02; DUAL_TOT_BENES]
NC,Alleghany,Dual-Eligible (Medicare + Medicaid),Dual-Eligible,Dual-Eligible (Medicare/Medicaid),FIPS 37005,,588,588,https://data.cms.gov/summary-statistics-on-beneficiary-enrollment/medicare-and-medicaid-reports/medicare-monthly-enrollment,2026-02,[source: CMS Medicare Monthly Enrollment 2026-02; DUAL_TOT_BENES]
NC,Anson,Dual-Eligible (Medicare + Medicaid),Dual-Eligible,Dual-Eligible (Medicare/Medicaid),FIPS 37007,,1512,1512,https://data.cms.gov/summary-statistics-on-beneficiary-enrollment/medicare-and-medicaid-reports/medicare-monthly-enrollment,2026-02,[source: CMS Medicare Monthly Enrollment 2026-02; DUAL_TOT_BENES]
NC,Ashe,Dual-Eligible (Medicare + Medicaid),Dual-Eligible,Dual-Eligible (Medicare/Medicaid),FIPS 37009,,1469,1469,https://data.cms.gov/summary-statistics-on-beneficiary-enrollment/medicare-and-medicaid-reports/medicare-monthly-enrollment,2026-02,[source: CMS Medicare Monthly Enrollment 2026-02; DUAL_TOT_BENES]
NC,Avery,Dual-Eligible (Medicare + Medicaid),Dual-Eligible,Dual-Eligible (Medicare/Medicaid),FIPS 37011,,759,759,https://data.cms.gov/summary-statistics-on-beneficiary-enrollment/medicare-and-medicaid-reports/medicare-monthly-enrollment,2026-02,[source: CMS Medicare Monthly Enrollment 2026-02; DUAL_TOT_BENES]
NC,Beaufort,Dual-Eligible (Medicare + Medicaid),Dual-Eligible,Dual-Eligible (Medicare/Medicaid),FIPS 37013,,2650,2650,https://data.cms.gov/summary-statistics-on-beneficiary-enrollment/medicare-and-medicaid-reports/medicare-monthly-enrollment,2026-02,[source: CMS Medicare Monthly Enrollment 2026-02; DUAL_TOT_BENES]
NC,Bertie,Dual-Eligible (Medicare + Medicaid),Dual-Eligible,Dual-Eligible (Medicare/Medicaid),FIPS 37015,,1597,1597,https://data.cms.gov/summary-statistics-on-beneficiary-enrollment/medicare-and-medicaid-reports/medicare-monthly-enrollment,2026-02,[source: CMS Medicare Monthly Enrollment 2026-02; DUAL_TOT_BENES]
NC,Bladen,Dual-Eligible (Medicare + Medicaid),Dual-Eligible,Dual-Eligible (Medicare/Medicaid),FIPS 37017,,1964,1964,https://data.cms.gov/summary-statistics-on-beneficiary-enrollment/medicare-and-medicaid-reports/medicare-monthly-enrollment,2026-02,[source: CMS Medicare Monthly Enrollment 2026-02; DUAL_TOT_BENES]
NC,Brunswick,Dual-Eligible (Medicare + Medicaid),Dual-Eligible,Dual-Eligible (Medicare/Medicaid),FIPS 37019,,4001,4001,https://data.cms.gov/summary-statistics-on-beneficiary-enrollment/medicare-and-medicaid-reports/medicare-monthly-enrollment,2026-02,[source: CMS Medicare Monthly Enrollment 2026-02; DUAL_TOT_BENES]
NC,Buncombe,Dual-Eligible (Medicare + Medicaid),Dual-Eligible,Dual-Eligible (Medicare/Medicaid),FIPS 37021,,8774,8774,https://data.cms.gov/summary-statistics-on-beneficiary-enrollment/medicare-and-medicaid-reports/medicare-monthly-enrollment,2026-02,[source: CMS Medicare Monthly Enrollment 2026-02; DUAL_TOT_BENES]
NC,Burke,Dual-Eligible (Medicare + Medicaid),Dual-Eligible,Dual-Eligible (Medicare/Medicaid),FIPS 37023,,3888,3888,https://data.cms.gov/summary-statistics-on-beneficiary-enrollment/medicare-and-medicaid-reports/medicare-monthly-enrollment,2026-02,[source: CMS Medicare Monthly Enrollment 2026-02; DUAL_TOT_BENES]
NC,Cabarrus,Dual-Eligible (Medicare + Medicaid),Dual-Eligible,Dual-Eligible (Medicare/Medicaid),FIPS 37025,,5556,5556,https://data.cms.gov/summary-statistics-on-beneficiary-enrollment/medicare-and-medicaid-reports/medicare-monthly-enrollment,2026-02,[source: CMS Medicare Monthly Enrollment 2026-02; DUAL_TOT_BENES]
NC,Caldwell,Dual-Eligible (Medicare + Medicaid),Dual-Eligible,Dual-Eligible (Medicare/Medicaid),FIPS 37027,,4120,4120,https://data.cms.gov/summary-statistics-on-beneficiary-enrollment/medicare-and-medicaid-reports/medicare-monthly-enrollment,2026-02,[source: CMS Medicare Monthly Enrollment 2026-02; DUAL_TOT_BENES]
NC,Camden,Dual-Eligible (Medicare + Medicaid),Dual-Eligible,Dual-Eligible (Medicare/Medicaid),FIPS 37029,,205,205,https://data.cms.gov/summary-statistics-on-beneficiary-enrollment/medicare-and-medicaid-reports/medicare-monthly-enrollment,2026-02,[source: CMS Medicare Monthly Enrollment 2026-02; DUAL_TOT_BENES]
NC,Carteret,Dual-Eligible (Medicare + Medicaid),Dual-Eligible,Dual-Eligible (Medicare/Medicaid),FIPS 37031,,2180,2180,https://data.cms.gov/summary-statistics-on-beneficiary-enrollment/medicare-and-medicaid-reports/medicare-monthly-enrollment,2026-02,[source: CMS Medicare Monthly Enrollment 2026-02; DUAL_TOT_BENES]
NC,Caswell,Dual-Eligible (Medicare + Medicaid),Dual-Eligible,Dual-Eligible (Medicare/Medicaid),FIPS 37033,,1111,1111,https://data.cms.gov/summary-statistics-on-beneficiary-enrollment/medicare-and-medicaid-reports/medicare-monthly-enrollment,2026-02,[source: CMS Medicare Monthly Enrollment 2026-02; DUAL_TOT_BENES]
NC,Catawba,Dual-Eligible (Medicare + Medicaid),Dual-Eligible,Dual-Eligible (Medicare/Medicaid),FIPS 37035,,5766,5766,https://data.cms.gov/summary-statistics-on-beneficiary-enrollment/medicare-and-medicaid-reports/medicare-monthly-enrollment,2026-02,[source: CMS Medicare Monthly Enrollment 2026-02; DUAL_TOT_BENES]
NC,Chatham,Dual-Eligible (Medicare + Medicaid),Dual-Eligible,Dual-Eligible (Medicare/Medicaid),FIPS 37037,,1675,1675,https://data.cms.gov/summary-statistics-on-beneficiary-enrollment/medicare-and-medicaid-reports/medicare-monthly-enrollment,2026-02,[source: CMS Medicare Monthly Enrollment 2026-02; DUAL_TOT_BENES]
NC,Cherokee,Dual-Eligible (Medicare + Medicaid),Dual-Eligible,Dual-Eligible (Medicare/Medicaid),FIPS 37039,,1634,1634,https://data.cms.gov/summary-statistics-on-beneficiary-enrollment/medicare-and-medicaid-reports/medicare-monthly-enrollment,2026-02,[source: CMS Medicare Monthly Enrollment 2026-02; DUAL_TOT_BENES]
NC,Chowan,Dual-Eligible (Medicare + Medicaid),Dual-Eligible,Dual-Eligible (Medicare/Medicaid),FIPS 37041,,802,802,https://data.cms.gov/summary-statistics-on-beneficiary-enrollment/medicare-and-medicaid-reports/medicare-monthly-enrollment,2026-02,[source: CMS Medicare Monthly Enrollment 2026-02; DUAL_TOT_BENES]
NC,Clay,Dual-Eligible (Medicare + Medicaid),Dual-Eligible,Dual-Eligible (Medicare/Medicaid),FIPS 37043,,560,560,https://data.cms.gov/summary-statistics-on-beneficiary-enrollment/medicare-and-medicaid-reports/medicare-monthly-enrollment,2026-02,[source: CMS Medicare Monthly Enrollment 2026-02; DUAL_TOT_BENES]
NC,Cleveland,Dual-Eligible (Medicare + Medicaid),Dual-Eligible,Dual-Eligible (Medicare/Medicaid),FIPS 37045,,4959,4959,https://data.cms.gov/summary-statistics-on-beneficiary-enrollment/medicare-and-medicaid-reports/medicare-monthly-enrollment,2026-02,[source: CMS Medicare Monthly Enrollment 2026-02; DUAL_TOT_BENES]
NC,Columbus,Dual-Eligible (Medicare + Medicaid),Dual-Eligible,Dual-Eligible (Medicare/Medicaid),FIPS 37047,,3442,3442,https://data.cms.gov/summary-statistics-on-beneficiary-enrollment/medicare-and-medicaid-reports/medicare-monthly-enrollment,2026-02,[source: CMS Medicare Monthly Enrollment 2026-02; DUAL_TOT_BENES]
NC,Craven,Dual-Eligible (Medicare + Medicaid),Dual-Eligible,Dual-Eligible (Medicare/Medicaid),FIPS 37049,,3579,3579,https://data.cms.gov/summary-statistics-on-beneficiary-enrollment/medicare-and-medicaid-reports/medicare-monthly-enrollment,2026-02,[source: CMS Medicare Monthly Enrollment 2026-02; DUAL_TOT_BENES]
NC,Cumberland,Dual-Eligible (Medicare + Medicaid),Dual-Eligible,Dual-Eligible (Medicare/Medicaid),FIPS 37051,,13889,13889,https://data.cms.gov/summary-statistics-on-beneficiary-enrollment/medicare-and-medicaid-reports/medicare-monthly-enrollment,2026-02,[source: CMS Medicare Monthly Enrollment 2026-02; DUAL_TOT_BENES]
NC,Currituck,Dual-Eligible (Medicare + Medicaid),Dual-Eligible,Dual-Eligible (Medicare/Medicaid),FIPS 37053,,620,620,https://data.cms.gov/summary-statistics-on-beneficiary-enrollment/medicare-and-medicaid-reports/medicare-monthly-enrollment,2026-02,[source: CMS Medicare Monthly Enrollment 2026-02; DUAL_TOT_BENES]
NC,Dare,Dual-Eligible (Medicare + Medicaid),Dual-Eligible,Dual-Eligible (Medicare/Medicaid),FIPS 37055,,637,637,https://data.cms.gov/summary-statistics-on-beneficiary-enrollment/medicare-and-medicaid-reports/medicare-monthly-enrollment,2026-02,[source: CMS Medicare Monthly Enrollment 2026-02; DUAL_TOT_BENES]
NC,Davidson,Dual-Eligible (Medicare + Medicaid),Dual-Eligible,Dual-Eligible (Medicare/Medicaid),FIPS 37057,,6334,6334,https://data.cms.gov/summary-statistics-on-beneficiary-enrollment/medicare-and-medicaid-reports/medicare-monthly-enrollment,2026-02,[source: CMS Medicare Monthly Enrollment 2026-02; DUAL_TOT_BENES]
NC,Davie,Dual-Eligible (Medicare + Medicaid),Dual-Eligible,Dual-Eligible (Medicare/Medicaid),FIPS 37059,,1357,1357,https://data.cms.gov/summary-statistics-on-beneficiary-enrollment/medicare-and-medicaid-reports/medicare-monthly-enrollment,2026-02,[source: CMS Medicare Monthly Enrollment 2026-02; DUAL_TOT_BENES]
NC,Duplin,Dual-Eligible (Medicare + Medicaid),Dual-Eligible,Dual-Eligible (Medicare/Medicaid),FIPS 37061,,2392,2392,https://data.cms.gov/summary-statistics-on-beneficiary-enrollment/medicare-and-medicaid-reports/medicare-monthly-enrollment,2026-02,[source: CMS Medicare Monthly Enrollment 2026-02; DUAL_TOT_BENES]
NC,Durham,Dual-Eligible (Medicare + Medicaid),Dual-Eligible,Dual-Eligible (Medicare/Medicaid),FIPS 37063,,7200,7200,https://data.cms.gov/summary-statistics-on-beneficiary-enrollment/medicare-and-medicaid-reports/medicare-monthly-enrollment,2026-02,[source: CMS Medicare Monthly Enrollment 2026-02; DUAL_TOT_BENES]
NC,Edgecombe,Dual-Eligible (Medicare + Medicaid),Dual-Eligible,Dual-Eligible (Medicare/Medicaid),FIPS 37065,,4030,4030,https://data.cms.gov/summary-statistics-on-beneficiary-enrollment/medicare-and-medicaid-reports/medicare-monthly-enrollment,2026-02,[source: CMS Medicare Monthly Enrollment 2026-02; DUAL_TOT_BENES]
NC,Forsyth,Dual-Eligible (Medicare + Medicaid),Dual-Eligible,Dual-Eligible (Medicare/Medicaid),FIPS 37067,,13046,13046,https://data.cms.gov/summary-statistics-on-beneficiary-enrollment/medicare-and-medicaid-reports/medicare-monthly-enrollment,2026-02,[source: CMS Medicare Monthly Enrollment 2026-02; DUAL_TOT_BENES]
NC,Franklin,Dual-Eligible (Medicare + Medicaid),Dual-Eligible,Dual-Eligible (Medicare/Medicaid),FIPS 37069,,2446,2446,https://data.cms.gov/summary-statistics-on-beneficiary-enrollment/medicare-and-medicaid-reports/medicare-monthly-enrollment,2026-02,[source: CMS Medicare Monthly Enrollment 2026-02; DUAL_TOT_BENES]
NC,Gaston,Dual-Eligible (Medicare + Medicaid),Dual-Eligible,Dual-Eligible (Medicare/Medicaid),FIPS 37071,,8656,8656,https://data.cms.gov/summary-statistics-on-beneficiary-enrollment/medicare-and-medicaid-reports/medicare-monthly-enrollment,2026-02,[source: CMS Medicare Monthly Enrollment 2026-02; DUAL_TOT_BENES]
NC,Gates,Dual-Eligible (Medicare + Medicaid),Dual-Eligible,Dual-Eligible (Medicare/Medicaid),FIPS 37073,,457,457,https://data.cms.gov/summary-statistics-on-beneficiary-enrollment/medicare-and-medicaid-reports/medicare-monthly-enrollment,2026-02,[source: CMS Medicare Monthly Enrollment 2026-02; DUAL_TOT_BENES]
NC,Graham,Dual-Eligible (Medicare + Medicaid),Dual-Eligible,Dual-Eligible (Medicare/Medicaid),FIPS 37075,,474,474,https://data.cms.gov/summary-statistics-on-beneficiary-enrollment/medicare-and-medicaid-reports/medicare-monthly-enrollment,2026-02,[source: CMS Medicare Monthly Enrollment 2026-02; DUAL_TOT_BENES]
NC,Granville,Dual-Eligible (Medicare + Medicaid),Dual-Eligible,Dual-Eligible (Medicare/Medicaid),FIPS 37077,,2231,2231,https://data.cms.gov/summary-statistics-on-beneficiary-enrollment/medicare-and-medicaid-reports/medicare-monthly-enrollment,2026-02,[source: CMS Medicare Monthly Enrollment 2026-02; DUAL_TOT_BENES]
NC,Greene,Dual-Eligible (Medicare + Medicaid),Dual-Eligible,Dual-Eligible (Medicare/Medicaid),FIPS 37079,,855,855,https://data.cms.gov/summary-statistics-on-beneficiary-enrollment/medicare-and-medicaid-reports/medicare-monthly-enrollment,2026-02,[source: CMS Medicare Monthly Enrollment 2026-02; DUAL_TOT_BENES]
NC,Guilford,Dual-Eligible (Medicare + Medicaid),Dual-Eligible,Dual-Eligible (Medicare/Medicaid),FIPS 37081,,18314,18314,https://data.cms.gov/summary-statistics-on-beneficiary-enrollment/medicare-and-medicaid-reports/medicare-monthly-enrollment,2026-02,[source: CMS Medicare Monthly Enrollment 2026-02; DUAL_TOT_BENES]
NC,Halifax,Dual-Eligible (Medicare + Medicaid),Dual-Eligible,Dual-Eligible (Medicare/Medicaid),FIPS 37083,,4108,4108,https://data.cms.gov/summary-statistics-on-beneficiary-enrollment/medicare-and-medicaid-reports/medicare-monthly-enrollment,2026-02,[source: CMS Medicare Monthly Enrollment 2026-02; DUAL_TOT_BENES]
NC,Harnett,Dual-Eligible (Medicare + Medicaid),Dual-Eligible,Dual-Eligible (Medicare/Medicaid),FIPS 37085,,4209,4209,https://data.cms.gov/summary-statistics-on-beneficiary-enrollment/medicare-and-medicaid-reports/medicare-monthly-enrollment,2026-02,[source: CMS Medicare Monthly Enrollment 2026-02; DUAL_TOT_BENES]
NC,Haywood,Dual-Eligible (Medicare + Medicaid),Dual-Eligible,Dual-Eligible (Medicare/Medicaid),FIPS 37087,,2551,2551,https://data.cms.gov/summary-statistics-on-beneficiary-enrollment/medicare-and-medicaid-reports/medicare-monthly-enrollment,2026-02,[source: CMS Medicare Monthly Enrollment 2026-02; DUAL_TOT_BENES]
NC,Henderson,Dual-Eligible (Medicare + Medicaid),Dual-Eligible,Dual-Eligible (Medicare/Medicaid),FIPS 37089,,3451,3451,https://data.cms.gov/summary-statistics-on-beneficiary-enrollment/medicare-and-medicaid-reports/medicare-monthly-enrollment,2026-02,[source: CMS Medicare Monthly Enrollment 2026-02; DUAL_TOT_BENES]
NC,Hertford,Dual-Eligible (Medicare + Medicaid),Dual-Eligible,Dual-Eligible (Medicare/Medicaid),FIPS 37091,,1664,1664,https://data.cms.gov/summary-statistics-on-beneficiary-enrollment/medicare-and-medicaid-reports/medicare-monthly-enrollment,2026-02,[source: CMS Medicare Monthly Enrollment 2026-02; DUAL_TOT_BENES]
NC,Hoke,Dual-Eligible (Medicare + Medicaid),Dual-Eligible,Dual-Eligible (Medicare/Medicaid),FIPS 37093,,1898,1898,https://data.cms.gov/summary-statistics-on-beneficiary-enrollment/medicare-and-medicaid-reports/medicare-monthly-enrollment,2026-02,[source: CMS Medicare Monthly Enrollment 2026-02; DUAL_TOT_BENES]
NC,Hyde,Dual-Eligible (Medicare + Medicaid),Dual-Eligible,Dual-Eligible (Medicare/Medicaid),FIPS 37095,,263,263,https://data.cms.gov/summary-statistics-on-beneficiary-enrollment/medicare-and-medicaid-reports/medicare-monthly-enrollment,2026-02,[source: CMS Medicare Monthly Enrollment 2026-02; DUAL_TOT_BENES]
NC,Iredell,Dual-Eligible (Medicare + Medicaid),Dual-Eligible,Dual-Eligible (Medicare/Medicaid),FIPS 37097,,5084,5084,https://data.cms.gov/summary-statistics-on-beneficiary-enrollment/medicare-and-medicaid-reports/medicare-monthly-enrollment,2026-02,[source: CMS Medicare Monthly Enrollment 2026-02; DUAL_TOT_BENES]
NC,Jackson,Dual-Eligible (Medicare + Medicaid),Dual-Eligible,Dual-Eligible (Medicare/Medicaid),FIPS 37099,,1349,1349,https://data.cms.gov/summary-statistics-on-beneficiary-enrollment/medicare-and-medicaid-reports/medicare-monthly-enrollment,2026-02,[source: CMS Medicare Monthly Enrollment 2026-02; DUAL_TOT_BENES]
NC,Johnston,Dual-Eligible (Medicare + Medicaid),Dual-Eligible,Dual-Eligible (Medicare/Medicaid),FIPS 37101,,5874,5874,https://data.cms.gov/summary-statistics-on-beneficiary-enrollment/medicare-and-medicaid-reports/medicare-monthly-enrollment,2026-02,[source: CMS Medicare Monthly Enrollment 2026-02; DUAL_TOT_BENES]
NC,Jones,Dual-Eligible (Medicare + Medicaid),Dual-Eligible,Dual-Eligible (Medicare/Medicaid),FIPS 37103,,595,595,https://data.cms.gov/summary-statistics-on-beneficiary-enrollment/medicare-and-medicaid-reports/medicare-monthly-enrollment,2026-02,[source: CMS Medicare Monthly Enrollment 2026-02; DUAL_TOT_BENES]
NC,Lee,Dual-Eligible (Medicare + Medicaid),Dual-Eligible,Dual-Eligible (Medicare/Medicaid),FIPS 37105,,2329,2329,https://data.cms.gov/summary-statistics-on-beneficiary-enrollment/medicare-and-medicaid-reports/medicare-monthly-enrollment,2026-02,[source: CMS Medicare Monthly Enrollment 2026-02; DUAL_TOT_BENES]
NC,Lenoir,Dual-Eligible (Medicare + Medicaid),Dual-Eligible,Dual-Eligible (Medicare/Medicaid),FIPS 37107,,4120,4120,https://data.cms.gov/summary-statistics-on-beneficiary-enrollment/medicare-and-medicaid-reports/medicare-monthly-enrollment,2026-02,[source: CMS Medicare Monthly Enrollment 2026-02; DUAL_TOT_BENES]
NC,Lincoln,Dual-Eligible (Medicare + Medicaid),Dual-Eligible,Dual-Eligible (Medicare/Medicaid),FIPS 37109,,2747,2747,https://data.cms.gov/summary-statistics-on-beneficiary-enrollment/medicare-and-medicaid-reports/medicare-monthly-enrollment,2026-02,[source: CMS Medicare Monthly Enrollment 2026-02; DUAL_TOT_BENES]
NC,Macon,Dual-Eligible (Medicare + Medicaid),Dual-Eligible,Dual-Eligible (Medicare/Medicaid),FIPS 37113,,1522,1522,https://data.cms.gov/summary-statistics-on-beneficiary-enrollment/medicare-and-medicaid-reports/medicare-monthly-enrollment,2026-02,[source: CMS Medicare Monthly Enrollment 2026-02; DUAL_TOT_BENES]
NC,Madison,Dual-Eligible (Medicare + Medicaid),Dual-Eligible,Dual-Eligible (Medicare/Medicaid),FIPS 37115,,1094,1094,https://data.cms.gov/summary-statistics-on-beneficiary-enrollment/medicare-and-medicaid-reports/medicare-monthly-enrollment,2026-02,[source: CMS Medicare Monthly Enrollment 2026-02; DUAL_TOT_BENES]
NC,Martin,Dual-Eligible (Medicare + Medicaid),Dual-Eligible,Dual-Eligible (Medicare/Medicaid),FIPS 37117,,1529,1529,https://data.cms.gov/summary-statistics-on-beneficiary-enrollment/medicare-and-medicaid-reports/medicare-monthly-enrollment,2026-02,[source: CMS Medicare Monthly Enrollment 2026-02; DUAL_TOT_BENES]
NC,McDowell,Dual-Eligible (Medicare + Medicaid),Dual-Eligible,Dual-Eligible (Medicare/Medicaid),FIPS 37111,,2386,2386,https://data.cms.gov/summary-statistics-on-beneficiary-enrollment/medicare-and-medicaid-reports/medicare-monthly-enrollment,2026-02,[source: CMS Medicare Monthly Enrollment 2026-02; DUAL_TOT_BENES]
NC,Mecklenburg,Dual-Eligible (Medicare + Medicaid),Dual-Eligible,Dual-Eligible (Medicare/Medicaid),FIPS 37119,,26058,26058,https://data.cms.gov/summary-statistics-on-beneficiary-enrollment/medicare-and-medicaid-reports/medicare-monthly-enrollment,2026-02,[source: CMS Medicare Monthly Enrollment 2026-02; DUAL_TOT_BENES]
NC,Mitchell,Dual-Eligible (Medicare + Medicaid),Dual-Eligible,Dual-Eligible (Medicare/Medicaid),FIPS 37121,,802,802,https://data.cms.gov/summary-statistics-on-beneficiary-enrollment/medicare-and-medicaid-reports/medicare-monthly-enrollment,2026-02,[source: CMS Medicare Monthly Enrollment 2026-02; DUAL_TOT_BENES]
NC,Montgomery,Dual-Eligible (Medicare + Medicaid),Dual-Eligible,Dual-Eligible (Medicare/Medicaid),FIPS 37123,,1335,1335,https://data.cms.gov/summary-statistics-on-beneficiary-enrollment/medicare-and-medicaid-reports/medicare-monthly-enrollment,2026-02,[source: CMS Medicare Monthly Enrollment 2026-02; DUAL_TOT_BENES]
NC,Moore,Dual-Eligible (Medicare + Medicaid),Dual-Eligible,Dual-Eligible (Medicare/Medicaid),FIPS 37125,,2805,2805,https://data.cms.gov/summary-statistics-on-beneficiary-enrollment/medicare-and-medicaid-reports/medicare-monthly-enrollment,2026-02,[source: CMS Medicare Monthly Enrollment 2026-02; DUAL_TOT_BENES]
NC,Nash,Dual-Eligible (Medicare + Medicaid),Dual-Eligible,Dual-Eligible (Medicare/Medicaid),FIPS 37127,,4871,4871,https://data.cms.gov/summary-statistics-on-beneficiary-enrollment/medicare-and-medicaid-reports/medicare-monthly-enrollment,2026-02,[source: CMS Medicare Monthly Enrollment 2026-02; DUAL_TOT_BENES]
NC,New Hanover,Dual-Eligible (Medicare + Medicaid),Dual-Eligible,Dual-Eligible (Medicare/Medicaid),FIPS 37129,,6071,6071,https://data.cms.gov/summary-statistics-on-beneficiary-enrollment/medicare-and-medicaid-reports/medicare-monthly-enrollment,2026-02,[source: CMS Medicare Monthly Enrollment 2026-02; DUAL_TOT_BENES]
NC,Northampton,Dual-Eligible (Medicare + Medicaid),Dual-Eligible,Dual-Eligible (Medicare/Medicaid),FIPS 37131,,1304,1304,https://data.cms.gov/summary-statistics-on-beneficiary-enrollment/medicare-and-medicaid-reports/medicare-monthly-enrollment,2026-02,[source: CMS Medicare Monthly Enrollment 2026-02; DUAL_TOT_BENES]
NC,Onslow,Dual-Eligible (Medicare + Medicaid),Dual-Eligible,Dual-Eligible (Medicare/Medicaid),FIPS 37133,,4906,4906,https://data.cms.gov/summary-statistics-on-beneficiary-enrollment/medicare-and-medicaid-reports/medicare-monthly-enrollment,2026-02,[source: CMS Medicare Monthly Enrollment 2026-02; DUAL_TOT_BENES]
NC,Orange,Dual-Eligible (Medicare + Medicaid),Dual-Eligible,Dual-Eligible (Medicare/Medicaid),FIPS 37135,,2376,2376,https://data.cms.gov/summary-statistics-on-beneficiary-enrollment/medicare-and-medicaid-reports/medicare-monthly-enrollment,2026-02,[source: CMS Medicare Monthly Enrollment 2026-02; DUAL_TOT_BENES]
NC,Pamlico,Dual-Eligible (Medicare + Medicaid),Dual-Eligible,Dual-Eligible (Medicare/Medicaid),FIPS 37137,,493,493,https://data.cms.gov/summary-statistics-on-beneficiary-enrollment/medicare-and-medicaid-reports/medicare-monthly-enrollment,2026-02,[source: CMS Medicare Monthly Enrollment 2026-02; DUAL_TOT_BENES]
NC,Pasquotank,Dual-Eligible (Medicare + Medicaid),Dual-Eligible,Dual-Eligible (Medicare/Medicaid),FIPS 37139,,1697,1697,https://data.cms.gov/summary-statistics-on-beneficiary-enrollment/medicare-and-medicaid-reports/medicare-monthly-enrollment,2026-02,[source: CMS Medicare Monthly Enrollment 2026-02; DUAL_TOT_BENES]
NC,Pender,Dual-Eligible (Medicare + Medicaid),Dual-Eligible,Dual-Eligible (Medicare/Medicaid),FIPS 37141,,2075,2075,https://data.cms.gov/summary-statistics-on-beneficiary-enrollment/medicare-and-medicaid-reports/medicare-monthly-enrollment,2026-02,[source: CMS Medicare Monthly Enrollment 2026-02; DUAL_TOT_BENES]
NC,Perquimans,Dual-Eligible (Medicare + Medicaid),Dual-Eligible,Dual-Eligible (Medicare/Medicaid),FIPS 37143,,627,627,https://data.cms.gov/summary-statistics-on-beneficiary-enrollment/medicare-and-medicaid-reports/medicare-monthly-enrollment,2026-02,[source: CMS Medicare Monthly Enrollment 2026-02; DUAL_TOT_BENES]
NC,Person,Dual-Eligible (Medicare + Medicaid),Dual-Eligible,Dual-Eligible (Medicare/Medicaid),FIPS 37145,,1794,1794,https://data.cms.gov/summary-statistics-on-beneficiary-enrollment/medicare-and-medicaid-reports/medicare-monthly-enrollment,2026-02,[source: CMS Medicare Monthly Enrollment 2026-02; DUAL_TOT_BENES]
NC,Pitt,Dual-Eligible (Medicare + Medicaid),Dual-Eligible,Dual-Eligible (Medicare/Medicaid),FIPS 37147,,7983,7983,https://data.cms.gov/summary-statistics-on-beneficiary-enrollment/medicare-and-medicaid-reports/medicare-monthly-enrollment,2026-02,[source: CMS Medicare Monthly Enrollment 2026-02; DUAL_TOT_BENES]
NC,Polk,Dual-Eligible (Medicare + Medicaid),Dual-Eligible,Dual-Eligible (Medicare/Medicaid),FIPS 37149,,710,710,https://data.cms.gov/summary-statistics-on-beneficiary-enrollment/medicare-and-medicaid-reports/medicare-monthly-enrollment,2026-02,[source: CMS Medicare Monthly Enrollment 2026-02; DUAL_TOT_BENES]
NC,Randolph,Dual-Eligible (Medicare + Medicaid),Dual-Eligible,Dual-Eligible (Medicare/Medicaid),FIPS 37151,,5334,5334,https://data.cms.gov/summary-statistics-on-beneficiary-enrollment/medicare-and-medicaid-reports/medicare-monthly-enrollment,2026-02,[source: CMS Medicare Monthly Enrollment 2026-02; DUAL_TOT_BENES]
NC,Richmond,Dual-Eligible (Medicare + Medicaid),Dual-Eligible,Dual-Eligible (Medicare/Medicaid),FIPS 37153,,2790,2790,https://data.cms.gov/summary-statistics-on-beneficiary-enrollment/medicare-and-medicaid-reports/medicare-monthly-enrollment,2026-02,[source: CMS Medicare Monthly Enrollment 2026-02; DUAL_TOT_BENES]
NC,Robeson,Dual-Eligible (Medicare + Medicaid),Dual-Eligible,Dual-Eligible (Medicare/Medicaid),FIPS 37155,,8824,8824,https://data.cms.gov/summary-statistics-on-beneficiary-enrollment/medicare-and-medicaid-reports/medicare-monthly-enrollment,2026-02,[source: CMS Medicare Monthly Enrollment 2026-02; DUAL_TOT_BENES]
NC,Rockingham,Dual-Eligible (Medicare + Medicaid),Dual-Eligible,Dual-Eligible (Medicare/Medicaid),FIPS 37157,,5038,5038,https://data.cms.gov/summary-statistics-on-beneficiary-enrollment/medicare-and-medicaid-reports/medicare-monthly-enrollment,2026-02,[source: CMS Medicare Monthly Enrollment 2026-02; DUAL_TOT_BENES]
NC,Rowan,Dual-Eligible (Medicare + Medicaid),Dual-Eligible,Dual-Eligible (Medicare/Medicaid),FIPS 37159,,5325,5325,https://data.cms.gov/summary-statistics-on-beneficiary-enrollment/medicare-and-medicaid-reports/medicare-monthly-enrollment,2026-02,[source: CMS Medicare Monthly Enrollment 2026-02; DUAL_TOT_BENES]
NC,Rutherford,Dual-Eligible (Medicare + Medicaid),Dual-Eligible,Dual-Eligible (Medicare/Medicaid),FIPS 37161,,3140,3140,https://data.cms.gov/summary-statistics-on-beneficiary-enrollment/medicare-and-medicaid-reports/medicare-monthly-enrollment,2026-02,[source: CMS Medicare Monthly Enrollment 2026-02; DUAL_TOT_BENES]
NC,Sampson,Dual-Eligible (Medicare + Medicaid),Dual-Eligible,Dual-Eligible (Medicare/Medicaid),FIPS 37163,,2921,2921,https://data.cms.gov/summary-statistics-on-beneficiary-enrollment/medicare-and-medicaid-reports/medicare-monthly-enrollment,2026-02,[source: CMS Medicare Monthly Enrollment 2026-02; DUAL_TOT_BENES]
NC,Scotland,Dual-Eligible (Medicare + Medicaid),Dual-Eligible,Dual-Eligible (Medicare/Medicaid),FIPS 37165,,2144,2144,https://data.cms.gov/summary-statistics-on-beneficiary-enrollment/medicare-and-medicaid-reports/medicare-monthly-enrollment,2026-02,[source: CMS Medicare Monthly Enrollment 2026-02; DUAL_TOT_BENES]
NC,Stanly,Dual-Eligible (Medicare + Medicaid),Dual-Eligible,Dual-Eligible (Medicare/Medicaid),FIPS 37167,,2623,2623,https://data.cms.gov/summary-statistics-on-beneficiary-enrollment/medicare-and-medicaid-reports/medicare-monthly-enrollment,2026-02,[source: CMS Medicare Monthly Enrollment 2026-02; DUAL_TOT_BENES]
NC,Stokes,Dual-Eligible (Medicare + Medicaid),Dual-Eligible,Dual-Eligible (Medicare/Medicaid),FIPS 37169,,1806,1806,https://data.cms.gov/summary-statistics-on-beneficiary-enrollment/medicare-and-medicaid-reports/medicare-monthly-enrollment,2026-02,[source: CMS Medicare Monthly Enrollment 2026-02; DUAL_TOT_BENES]
NC,Surry,Dual-Eligible (Medicare + Medicaid),Dual-Eligible,Dual-Eligible (Medicare/Medicaid),FIPS 37171,,3932,3932,https://data.cms.gov/summary-statistics-on-beneficiary-enrollment/medicare-and-medicaid-reports/medicare-monthly-enrollment,2026-02,[source: CMS Medicare Monthly Enrollment 2026-02; DUAL_TOT_BENES]
NC,Swain,Dual-Eligible (Medicare + Medicaid),Dual-Eligible,Dual-Eligible (Medicare/Medicaid),FIPS 37173,,773,773,https://data.cms.gov/summary-statistics-on-beneficiary-enrollment/medicare-and-medicaid-reports/medicare-monthly-enrollment,2026-02,[source: CMS Medicare Monthly Enrollment 2026-02; DUAL_TOT_BENES]
NC,Transylvania,Dual-Eligible (Medicare + Medicaid),Dual-Eligible,Dual-Eligible (Medicare/Medicaid),FIPS 37175,,1050,1050,https://data.cms.gov/summary-statistics-on-beneficiary-enrollment/medicare-and-medicaid-reports/medicare-monthly-enrollment,2026-02,[source: CMS Medicare Monthly Enrollment 2026-02; DUAL_TOT_BENES]
NC,Tyrrell,Dual-Eligible (Medicare + Medicaid),Dual-Eligible,Dual-Eligible (Medicare/Medicaid),FIPS 37177,,210,210,https://data.cms.gov/summary-statistics-on-beneficiary-enrollment/medicare-and-medicaid-reports/medicare-monthly-enrollment,2026-02,[source: CMS Medicare Monthly Enrollment 2026-02; DUAL_TOT_BENES]
NC,Union,Dual-Eligible (Medicare + Medicaid),Dual-Eligible,Dual-Eligible (Medicare/Medicaid),FIPS 37179,,4259,4259,https://data.cms.gov/summary-statistics-on-beneficiary-enrollment/medicare-and-medicaid-reports/medicare-monthly-enrollment,2026-02,[source: CMS Medicare Monthly Enrollment 2026-02; DUAL_TOT_BENES]
NC,Vance,Dual-Eligible (Medicare + Medicaid),Dual-Eligible,Dual-Eligible (Medicare/Medicaid),FIPS 37181,,3063,3063,https://data.cms.gov/summary-statistics-on-beneficiary-enrollment/medicare-and-medicaid-reports/medicare-monthly-enrollment,2026-02,[source: CMS Medicare Monthly Enrollment 2026-02; DUAL_TOT_BENES]
NC,Wake,Dual-Eligible (Medicare + Medicaid),Dual-Eligible,Dual-Eligible (Medicare/Medicaid),FIPS 37183,,18702,18702,https://data.cms.gov/summary-statistics-on-beneficiary-enrollment/medicare-and-medicaid-reports/medicare-monthly-enrollment,2026-02,[source: CMS Medicare Monthly Enrollment 2026-02; DUAL_TOT_BENES]
NC,Warren,Dual-Eligible (Medicare + Medicaid),Dual-Eligible,Dual-Eligible (Medicare/Medicaid),FIPS 37185,,1101,1101,https://data.cms.gov/summary-statistics-on-beneficiary-enrollment/medicare-and-medicaid-reports/medicare-monthly-enrollment,2026-02,[source: CMS Medicare Monthly Enrollment 2026-02; DUAL_TOT_BENES]
NC,Washington,Dual-Eligible (Medicare + Medicaid),Dual-Eligible,Dual-Eligible (Medicare/Medicaid),FIPS 37187,,832,832,https://data.cms.gov/summary-statistics-on-beneficiary-enrollment/medicare-and-medicaid-reports/medicare-monthly-enrollment,2026-02,[source: CMS Medicare Monthly Enrollment 2026-02; DUAL_TOT_BENES]
NC,Watauga,Dual-Eligible (Medicare + Medicaid),Dual-Eligible,Dual-Eligible (Medicare/Medicaid),FIPS 37189,,924,924,https://data.cms.gov/summary-statistics-on-beneficiary-enrollment/medicare-and-medicaid-reports/medicare-monthly-enrollment,2026-02,[source: CMS Medicare Monthly Enrollment 2026-02; DUAL_TOT_BENES]
NC,Wayne,Dual-Eligible (Medicare + Medicaid),Dual-Eligible,Dual-Eligible (Medicare/Medicaid),FIPS 37191,,5330,5330,https://data.cms.gov/summary-statistics-on-beneficiary-enrollment/medicare-and-medicaid-reports/medicare-monthly-enrollment,2026-02,[source: CMS Medicare Monthly Enrollment 2026-02; DUAL_TOT_BENES]
NC,Wilkes,Dual-Eligible (Medicare + Medicaid),Dual-Eligible,Dual-Eligible (Medicare/Medicaid),FIPS 37193,,3629,3629,https://data.cms.gov/summary-statistics-on-beneficiary-enrollment/medicare-and-medicaid-reports/medicare-monthly-enrollment,2026-02,[source: CMS Medicare Monthly Enrollment 2026-02; DUAL_TOT_BENES]
NC,Wilson,Dual-Eligible (Medicare + Medicaid),Dual-Eligible,Dual-Eligible (Medicare/Medicaid),FIPS 37195,,4268,4268,https://data.cms.gov/summary-statistics-on-beneficiary-enrollment/medicare-and-medicaid-reports/medicare-monthly-enrollment,2026-02,[source: CMS Medicare Monthly Enrollment 2026-02; DUAL_TOT_BENES]
NC,Yadkin,Dual-Eligible (Medicare + Medicaid),Dual-Eligible,Dual-Eligible (Medicare/Medicaid),FIPS 37197,,1460,1460,https://data.cms.gov/summary-statistics-on-beneficiary-enrollment/medicare-and-medicaid-reports/medicare-monthly-enrollment,2026-02,[source: CMS Medicare Monthly Enrollment 2026-02; DUAL_TOT_BENES]
NC,Yancey,Dual-Eligible (Medicare + Medicaid),Dual-Eligible,Dual-Eligible (Medicare/Medicaid),FIPS 37199,,937,937,https://data.cms.gov/summary-statistics-on-beneficiary-enrollment/medicare-and-medicaid-reports/medicare-monthly-enrollment,2026-02,[source: CMS Medicare Monthly Enrollment 2026-02; DUAL_TOT_BENES]
NM,Bernalillo,Dual-Eligible (Medicare + Medicaid),Dual-Eligible,Dual-Eligible (Medicare/Medicaid),FIPS 35001,,29625,29625,https://data.cms.gov/summary-statistics-on-beneficiary-enrollment/medicare-and-medicaid-reports/medicare-monthly-enrollment,2026-02,[source: CMS Medicare Monthly Enrollment 2026-02; DUAL_TOT_BENES]
NM,Catron,Dual-Eligible (Medicare + Medicaid),Dual-Eligible,Dual-Eligible (Medicare/Medicaid),FIPS 35003,,292,292,https://data.cms.gov/summary-statistics-on-beneficiary-enrollment/medicare-and-medicaid-reports/medicare-monthly-enrollment,2026-02,[source: CMS Medicare Monthly Enrollment 2026-02; DUAL_TOT_BENES]
NM,Chaves,Dual-Eligible (Medicare + Medicaid),Dual-Eligible,Dual-Eligible (Medicare/Medicaid),FIPS 35005,,3918,3918,https://data.cms.gov/summary-statistics-on-beneficiary-enrollment/medicare-and-medicaid-reports/medicare-monthly-enrollment,2026-02,[source: CMS Medicare Monthly Enrollment 2026-02; DUAL_TOT_BENES]
NM,Cibola,Dual-Eligible (Medicare + Medicaid),Dual-Eligible,Dual-Eligible (Medicare/Medicaid),FIPS 35006,,1564,1564,https://data.cms.gov/summary-statistics-on-beneficiary-enrollment/medicare-and-medicaid-reports/medicare-monthly-enrollment,2026-02,[source: CMS Medicare Monthly Enrollment 2026-02; DUAL_TOT_BENES]
NM,Colfax,Dual-Eligible (Medicare + Medicaid),Dual-Eligible,Dual-Eligible (Medicare/Medicaid),FIPS 35007,,797,797,https://data.cms.gov/summary-statistics-on-beneficiary-enrollment/medicare-and-medicaid-reports/medicare-monthly-enrollment,2026-02,[source: CMS Medicare Monthly Enrollment 2026-02; DUAL_TOT_BENES]
NM,Curry,Dual-Eligible (Medicare + Medicaid),Dual-Eligible,Dual-Eligible (Medicare/Medicaid),FIPS 35009,,2290,2290,https://data.cms.gov/summary-statistics-on-beneficiary-enrollment/medicare-and-medicaid-reports/medicare-monthly-enrollment,2026-02,[source: CMS Medicare Monthly Enrollment 2026-02; DUAL_TOT_BENES]
NM,De Baca,Dual-Eligible (Medicare + Medicaid),Dual-Eligible,Dual-Eligible (Medicare/Medicaid),FIPS 35011,,139,139,https://data.cms.gov/summary-statistics-on-beneficiary-enrollment/medicare-and-medicaid-reports/medicare-monthly-enrollment,2026-02,[source: CMS Medicare Monthly Enrollment 2026-02; DUAL_TOT_BENES]
NM,Doña Ana,Dual-Eligible (Medicare + Medicaid),Dual-Eligible,Dual-Eligible (Medicare/Medicaid),FIPS 35013,,14599,14599,https://data.cms.gov/summary-statistics-on-beneficiary-enrollment/medicare-and-medicaid-reports/medicare-monthly-enrollment,2026-02,[source: CMS Medicare Monthly Enrollment 2026-02; DUAL_TOT_BENES]
NM,Eddy,Dual-Eligible (Medicare + Medicaid),Dual-Eligible,Dual-Eligible (Medicare/Medicaid),FIPS 35015,,2313,2313,https://data.cms.gov/summary-statistics-on-beneficiary-enrollment/medicare-and-medicaid-reports/medicare-monthly-enrollment,2026-02,[source: CMS Medicare Monthly Enrollment 2026-02; DUAL_TOT_BENES]
NM,Grant,Dual-Eligible (Medicare + Medicaid),Dual-Eligible,Dual-Eligible (Medicare/Medicaid),FIPS 35017,,1895,1895,https://data.cms.gov/summary-statistics-on-beneficiary-enrollment/medicare-and-medicaid-reports/medicare-monthly-enrollment,2026-02,[source: CMS Medicare Monthly Enrollment 2026-02; DUAL_TOT_BENES]
NM,Guadalupe,Dual-Eligible (Medicare + Medicaid),Dual-Eligible,Dual-Eligible (Medicare/Medicaid),FIPS 35019,,352,352,https://data.cms.gov/summary-statistics-on-beneficiary-enrollment/medicare-and-medicaid-reports/medicare-monthly-enrollment,2026-02,[source: CMS Medicare Monthly Enrollment 2026-02; DUAL_TOT_BENES]
NM,Hidalgo,Dual-Eligible (Medicare + Medicaid),Dual-Eligible,Dual-Eligible (Medicare/Medicaid),FIPS 35023,,328,328,https://data.cms.gov/summary-statistics-on-beneficiary-enrollment/medicare-and-medicaid-reports/medicare-monthly-enrollment,2026-02,[source: CMS Medicare Monthly Enrollment 2026-02; DUAL_TOT_BENES]
NM,Lea,Dual-Eligible (Medicare + Medicaid),Dual-Eligible,Dual-Eligible (Medicare/Medicaid),FIPS 35025,,2825,2825,https://data.cms.gov/summary-statistics-on-beneficiary-enrollment/medicare-and-medicaid-reports/medicare-monthly-enrollment,2026-02,[source: CMS Medicare Monthly Enrollment 2026-02; DUAL_TOT_BENES]
NM,Lincoln,Dual-Eligible (Medicare + Medicaid),Dual-Eligible,Dual-Eligible (Medicare/Medicaid),FIPS 35027,,1125,1125,https://data.cms.gov/summary-statistics-on-beneficiary-enrollment/medicare-and-medicaid-reports/medicare-monthly-enrollment,2026-02,[source: CMS Medicare Monthly Enrollment 2026-02; DUAL_TOT_BENES]
NM,Los Alamos,Dual-Eligible (Medicare + Medicaid),Dual-Eligible,Dual-Eligible (Medicare/Medicaid),FIPS 35028,,189,189,https://data.cms.gov/summary-statistics-on-beneficiary-enrollment/medicare-and-medicaid-reports/medicare-monthly-enrollment,2026-02,[source: CMS Medicare Monthly Enrollment 2026-02; DUAL_TOT_BENES]
NM,Luna,Dual-Eligible (Medicare + Medicaid),Dual-Eligible,Dual-Eligible (Medicare/Medicaid),FIPS 35029,,2789,2789,https://data.cms.gov/summary-statistics-on-beneficiary-enrollment/medicare-and-medicaid-reports/medicare-monthly-enrollment,2026-02,[source: CMS Medicare Monthly Enrollment 2026-02; DUAL_TOT_BENES]
NM,McKinley,Dual-Eligible (Medicare + Medicaid),Dual-Eligible,Dual-Eligible (Medicare/Medicaid),FIPS 35031,,5002,5002,https://data.cms.gov/summary-statistics-on-beneficiary-enrollment/medicare-and-medicaid-reports/medicare-monthly-enrollment,2026-02,[source: CMS Medicare Monthly Enrollment 2026-02; DUAL_TOT_BENES]
NM,Mora,Dual-Eligible (Medicare + Medicaid),Dual-Eligible,Dual-Eligible (Medicare/Medicaid),FIPS 35033,,483,483,https://data.cms.gov/summary-statistics-on-beneficiary-enrollment/medicare-and-medicaid-reports/medicare-monthly-enrollment,2026-02,[source: CMS Medicare Monthly Enrollment 2026-02; DUAL_TOT_BENES]
NM,Otero,Dual-Eligible (Medicare + Medicaid),Dual-Eligible,Dual-Eligible (Medicare/Medicaid),FIPS 35035,,3367,3367,https://data.cms.gov/summary-statistics-on-beneficiary-enrollment/medicare-and-medicaid-reports/medicare-monthly-enrollment,2026-02,[source: CMS Medicare Monthly Enrollment 2026-02; DUAL_TOT_BENES]
NM,Quay,Dual-Eligible (Medicare + Medicaid),Dual-Eligible,Dual-Eligible (Medicare/Medicaid),FIPS 35037,,753,753,https://data.cms.gov/summary-statistics-on-beneficiary-enrollment/medicare-and-medicaid-reports/medicare-monthly-enrollment,2026-02,[source: CMS Medicare Monthly Enrollment 2026-02; DUAL_TOT_BENES]
NM,Rio Arriba,Dual-Eligible (Medicare + Medicaid),Dual-Eligible,Dual-Eligible (Medicare/Medicaid),FIPS 35039,,2448,2448,https://data.cms.gov/summary-statistics-on-beneficiary-enrollment/medicare-and-medicaid-reports/medicare-monthly-enrollment,2026-02,[source: CMS Medicare Monthly Enrollment 2026-02; DUAL_TOT_BENES]
NM,Roosevelt,Dual-Eligible (Medicare + Medicaid),Dual-Eligible,Dual-Eligible (Medicare/Medicaid),FIPS 35041,,993,993,https://data.cms.gov/summary-statistics-on-beneficiary-enrollment/medicare-and-medicaid-reports/medicare-monthly-enrollment,2026-02,[source: CMS Medicare Monthly Enrollment 2026-02; DUAL_TOT_BENES]
NM,San Juan,Dual-Eligible (Medicare + Medicaid),Dual-Eligible,Dual-Eligible (Medicare/Medicaid),FIPS 35045,,6218,6218,https://data.cms.gov/summary-statistics-on-beneficiary-enrollment/medicare-and-medicaid-reports/medicare-monthly-enrollment,2026-02,[source: CMS Medicare Monthly Enrollment 2026-02; DUAL_TOT_BENES]
NM,San Miguel,Dual-Eligible (Medicare + Medicaid),Dual-Eligible,Dual-Eligible (Medicare/Medicaid),FIPS 35047,,2314,2314,https://data.cms.gov/summary-statistics-on-beneficiary-enrollment/medicare-and-medicaid-reports/medicare-monthly-enrollment,2026-02,[source: CMS Medicare Monthly Enrollment 2026-02; DUAL_TOT_BENES]
NM,Sandoval,Dual-Eligible (Medicare + Medicaid),Dual-Eligible,Dual-Eligible (Medicare/Medicaid),FIPS 35043,,5779,5779,https://data.cms.gov/summary-statistics-on-beneficiary-enrollment/medicare-and-medicaid-reports/medicare-monthly-enrollment,2026-02,[source: CMS Medicare Monthly Enrollment 2026-02; DUAL_TOT_BENES]
NM,Santa Fe,Dual-Eligible (Medicare + Medicaid),Dual-Eligible,Dual-Eligible (Medicare/Medicaid),FIPS 35049,,6056,6056,https://data.cms.gov/summary-statistics-on-beneficiary-enrollment/medicare-and-medicaid-reports/medicare-monthly-enrollment,2026-02,[source: CMS Medicare Monthly Enrollment 2026-02; DUAL_TOT_BENES]
NM,Sierra,Dual-Eligible (Medicare + Medicaid),Dual-Eligible,Dual-Eligible (Medicare/Medicaid),FIPS 35051,,1309,1309,https://data.cms.gov/summary-statistics-on-beneficiary-enrollment/medicare-and-medicaid-reports/medicare-monthly-enrollment,2026-02,[source: CMS Medicare Monthly Enrollment 2026-02; DUAL_TOT_BENES]
NM,Socorro,Dual-Eligible (Medicare + Medicaid),Dual-Eligible,Dual-Eligible (Medicare/Medicaid),FIPS 35053,,1267,1267,https://data.cms.gov/summary-statistics-on-beneficiary-enrollment/medicare-and-medicaid-reports/medicare-monthly-enrollment,2026-02,[source: CMS Medicare Monthly Enrollment 2026-02; DUAL_TOT_BENES]
NM,Taos,Dual-Eligible (Medicare + Medicaid),Dual-Eligible,Dual-Eligible (Medicare/Medicaid),FIPS 35055,,2570,2570,https://data.cms.gov/summary-statistics-on-beneficiary-enrollment/medicare-and-medicaid-reports/medicare-monthly-enrollment,2026-02,[source: CMS Medicare Monthly Enrollment 2026-02; DUAL_TOT_BENES]
NM,Torrance,Dual-Eligible (Medicare + Medicaid),Dual-Eligible,Dual-Eligible (Medicare/Medicaid),FIPS 35057,,1147,1147,https://data.cms.gov/summary-statistics-on-beneficiary-enrollment/medicare-and-medicaid-reports/medicare-monthly-enrollment,2026-02,[source: CMS Medicare Monthly Enrollment 2026-02; DUAL_TOT_BENES]
NM,Union,Dual-Eligible (Medicare + Medicaid),Dual-Eligible,Dual-Eligible (Medicare/Medicaid),FIPS 35059,,228,228,https://data.cms.gov/summary-statistics-on-beneficiary-enrollment/medicare-and-medicaid-reports/medicare-monthly-enrollment,2026-02,[source: CMS Medicare Monthly Enrollment 2026-02; DUAL_TOT_BENES]
NM,Valencia,Dual-Eligible (Medicare + Medicaid),Dual-Eligible,Dual-Eligible (Medicare/Medicaid),FIPS 35061,,4570,4570,https://data.cms.gov/summary-statistics-on-beneficiary-enrollment/medicare-and-medicaid-reports/medicare-monthly-enrollment,2026-02,[source: CMS Medicare Monthly Enrollment 2026-02; DUAL_TOT_BENES]
NV,Carson City,Dual-Eligible (Medicare + Medicaid),Dual-Eligible,Dual-Eligible (Medicare/Medicaid),FIPS 32510,,1849,1849,https://data.cms.gov/summary-statistics-on-beneficiary-enrollment/medicare-and-medicaid-reports/medicare-monthly-enrollment,2026-02,[source: CMS Medicare Monthly Enrollment 2026-02; DUAL_TOT_BENES]
NV,Churchill,Dual-Eligible (Medicare + Medicaid),Dual-Eligible,Dual-Eligible (Medicare/Medicaid),FIPS 32001,,765,765,https://data.cms.gov/summary-statistics-on-beneficiary-enrollment/medicare-and-medicaid-reports/medicare-monthly-enrollment,2026-02,[source: CMS Medicare Monthly Enrollment 2026-02; DUAL_TOT_BENES]
NV,Clark,Dual-Eligible (Medicare + Medicaid),Dual-Eligible,Dual-Eligible (Medicare/Medicaid),FIPS 32003,,64361,64361,https://data.cms.gov/summary-statistics-on-beneficiary-enrollment/medicare-and-medicaid-reports/medicare-monthly-enrollment,2026-02,[source: CMS Medicare Monthly Enrollment 2026-02; DUAL_TOT_BENES]
NV,Douglas,Dual-Eligible (Medicare + Medicaid),Dual-Eligible,Dual-Eligible (Medicare/Medicaid),FIPS 32005,,867,867,https://data.cms.gov/summary-statistics-on-beneficiary-enrollment/medicare-and-medicaid-reports/medicare-monthly-enrollment,2026-02,[source: CMS Medicare Monthly Enrollment 2026-02; DUAL_TOT_BENES]
NV,Elko,Dual-Eligible (Medicare + Medicaid),Dual-Eligible,Dual-Eligible (Medicare/Medicaid),FIPS 32007,,997,997,https://data.cms.gov/summary-statistics-on-beneficiary-enrollment/medicare-and-medicaid-reports/medicare-monthly-enrollment,2026-02,[source: CMS Medicare Monthly Enrollment 2026-02; DUAL_TOT_BENES]
NV,Eureka,Dual-Eligible (Medicare + Medicaid),Dual-Eligible,Dual-Eligible (Medicare/Medicaid),FIPS 32011,,53,53,https://data.cms.gov/summary-statistics-on-beneficiary-enrollment/medicare-and-medicaid-reports/medicare-monthly-enrollment,2026-02,[source: CMS Medicare Monthly Enrollment 2026-02; DUAL_TOT_BENES]
NV,Humboldt,Dual-Eligible (Medicare + Medicaid),Dual-Eligible,Dual-Eligible (Medicare/Medicaid),FIPS 32013,,470,470,https://data.cms.gov/summary-statistics-on-beneficiary-enrollment/medicare-and-medicaid-reports/medicare-monthly-enrollment,2026-02,[source: CMS Medicare Monthly Enrollment 2026-02; DUAL_TOT_BENES]
NV,Lander,Dual-Eligible (Medicare + Medicaid),Dual-Eligible,Dual-Eligible (Medicare/Medicaid),FIPS 32015,,121,121,https://data.cms.gov/summary-statistics-on-beneficiary-enrollment/medicare-and-medicaid-reports/medicare-monthly-enrollment,2026-02,[source: CMS Medicare Monthly Enrollment 2026-02; DUAL_TOT_BENES]
NV,Lincoln,Dual-Eligible (Medicare + Medicaid),Dual-Eligible,Dual-Eligible (Medicare/Medicaid),FIPS 32017,,127,127,https://data.cms.gov/summary-statistics-on-beneficiary-enrollment/medicare-and-medicaid-reports/medicare-monthly-enrollment,2026-02,[source: CMS Medicare Monthly Enrollment 2026-02; DUAL_TOT_BENES]
NV,Lyon,Dual-Eligible (Medicare + Medicaid),Dual-Eligible,Dual-Eligible (Medicare/Medicaid),FIPS 32019,,1558,1558,https://data.cms.gov/summary-statistics-on-beneficiary-enrollment/medicare-and-medicaid-reports/medicare-monthly-enrollment,2026-02,[source: CMS Medicare Monthly Enrollment 2026-02; DUAL_TOT_BENES]
NV,Mineral,Dual-Eligible (Medicare + Medicaid),Dual-Eligible,Dual-Eligible (Medicare/Medicaid),FIPS 32021,,250,250,https://data.cms.gov/summary-statistics-on-beneficiary-enrollment/medicare-and-medicaid-reports/medicare-monthly-enrollment,2026-02,[source: CMS Medicare Monthly Enrollment 2026-02; DUAL_TOT_BENES]
NV,Nye,Dual-Eligible (Medicare + Medicaid),Dual-Eligible,Dual-Eligible (Medicare/Medicaid),FIPS 32023,,2354,2354,https://data.cms.gov/summary-statistics-on-beneficiary-enrollment/medicare-and-medicaid-reports/medicare-monthly-enrollment,2026-02,[source: CMS Medicare Monthly Enrollment 2026-02; DUAL_TOT_BENES]
NV,Pershing,Dual-Eligible (Medicare + Medicaid),Dual-Eligible,Dual-Eligible (Medicare/Medicaid),FIPS 32027,,177,177,https://data.cms.gov/summary-statistics-on-beneficiary-enrollment/medicare-and-medicaid-reports/medicare-monthly-enrollment,2026-02,[source: CMS Medicare Monthly Enrollment 2026-02; DUAL_TOT_BENES]
NV,Storey,Dual-Eligible (Medicare + Medicaid),Dual-Eligible,Dual-Eligible (Medicare/Medicaid),FIPS 32029,,88,88,https://data.cms.gov/summary-statistics-on-beneficiary-enrollment/medicare-and-medicaid-reports/medicare-monthly-enrollment,2026-02,[source: CMS Medicare Monthly Enrollment 2026-02; DUAL_TOT_BENES]
NV,Washoe,Dual-Eligible (Medicare + Medicaid),Dual-Eligible,Dual-Eligible (Medicare/Medicaid),FIPS 32031,,11126,11126,https://data.cms.gov/summary-statistics-on-beneficiary-enrollment/medicare-and-medicaid-reports/medicare-monthly-enrollment,2026-02,[source: CMS Medicare Monthly Enrollment 2026-02; DUAL_TOT_BENES]
NV,White Pine,Dual-Eligible (Medicare + Medicaid),Dual-Eligible,Dual-Eligible (Medicare/Medicaid),FIPS 32033,,240,240,https://data.cms.gov/summary-statistics-on-beneficiary-enrollment/medicare-and-medicaid-reports/medicare-monthly-enrollment,2026-02,[source: CMS Medicare Monthly Enrollment 2026-02; DUAL_TOT_BENES]
NY,Albany,Dual-Eligible (Medicare + Medicaid),Dual-Eligible,Dual-Eligible (Medicare/Medicaid),FIPS 36001,,12435,12435,https://data.cms.gov/summary-statistics-on-beneficiary-enrollment/medicare-and-medicaid-reports/medicare-monthly-enrollment,2026-02,[source: CMS Medicare Monthly Enrollment 2026-02; DUAL_TOT_BENES]
NY,Allegany,Dual-Eligible (Medicare + Medicaid),Dual-Eligible,Dual-Eligible (Medicare/Medicaid),FIPS 36003,,2943,2943,https://data.cms.gov/summary-statistics-on-beneficiary-enrollment/medicare-and-medicaid-reports/medicare-monthly-enrollment,2026-02,[source: CMS Medicare Monthly Enrollment 2026-02; DUAL_TOT_BENES]
NY,Bronx,Dual-Eligible (Medicare + Medicaid),Dual-Eligible,Dual-Eligible (Medicare/Medicaid),FIPS 36005,,131840,131840,https://data.cms.gov/summary-statistics-on-beneficiary-enrollment/medicare-and-medicaid-reports/medicare-monthly-enrollment,2026-02,[source: CMS Medicare Monthly Enrollment 2026-02; DUAL_TOT_BENES]
NY,Broome,Dual-Eligible (Medicare + Medicaid),Dual-Eligible,Dual-Eligible (Medicare/Medicaid),FIPS 36007,,11253,11253,https://data.cms.gov/summary-statistics-on-beneficiary-enrollment/medicare-and-medicaid-reports/medicare-monthly-enrollment,2026-02,[source: CMS Medicare Monthly Enrollment 2026-02; DUAL_TOT_BENES]
NY,Cattaraugus,Dual-Eligible (Medicare + Medicaid),Dual-Eligible,Dual-Eligible (Medicare/Medicaid),FIPS 36009,,5104,5104,https://data.cms.gov/summary-statistics-on-beneficiary-enrollment/medicare-and-medicaid-reports/medicare-monthly-enrollment,2026-02,[source: CMS Medicare Monthly Enrollment 2026-02; DUAL_TOT_BENES]
NY,Cayuga,Dual-Eligible (Medicare + Medicaid),Dual-Eligible,Dual-Eligible (Medicare/Medicaid),FIPS 36011,,3774,3774,https://data.cms.gov/summary-statistics-on-beneficiary-enrollment/medicare-and-medicaid-reports/medicare-monthly-enrollment,2026-02,[source: CMS Medicare Monthly Enrollment 2026-02; DUAL_TOT_BENES]
NY,Chautauqua,Dual-Eligible (Medicare + Medicaid),Dual-Eligible,Dual-Eligible (Medicare/Medicaid),FIPS 36013,,8145,8145,https://data.cms.gov/summary-statistics-on-beneficiary-enrollment/medicare-and-medicaid-reports/medicare-monthly-enrollment,2026-02,[source: CMS Medicare Monthly Enrollment 2026-02; DUAL_TOT_BENES]
NY,Chemung,Dual-Eligible (Medicare + Medicaid),Dual-Eligible,Dual-Eligible (Medicare/Medicaid),FIPS 36015,,5453,5453,https://data.cms.gov/summary-statistics-on-beneficiary-enrollment/medicare-and-medicaid-reports/medicare-monthly-enrollment,2026-02,[source: CMS Medicare Monthly Enrollment 2026-02; DUAL_TOT_BENES]
NY,Chenango,Dual-Eligible (Medicare + Medicaid),Dual-Eligible,Dual-Eligible (Medicare/Medicaid),FIPS 36017,,3510,3510,https://data.cms.gov/summary-statistics-on-beneficiary-enrollment/medicare-and-medicaid-reports/medicare-monthly-enrollment,2026-02,[source: CMS Medicare Monthly Enrollment 2026-02; DUAL_TOT_BENES]
NY,Clinton,Dual-Eligible (Medicare + Medicaid),Dual-Eligible,Dual-Eligible (Medicare/Medicaid),FIPS 36019,,5131,5131,https://data.cms.gov/summary-statistics-on-beneficiary-enrollment/medicare-and-medicaid-reports/medicare-monthly-enrollment,2026-02,[source: CMS Medicare Monthly Enrollment 2026-02; DUAL_TOT_BENES]
NY,Columbia,Dual-Eligible (Medicare + Medicaid),Dual-Eligible,Dual-Eligible (Medicare/Medicaid),FIPS 36021,,3318,3318,https://data.cms.gov/summary-statistics-on-beneficiary-enrollment/medicare-and-medicaid-reports/medicare-monthly-enrollment,2026-02,[source: CMS Medicare Monthly Enrollment 2026-02; DUAL_TOT_BENES]
NY,Cortland,Dual-Eligible (Medicare + Medicaid),Dual-Eligible,Dual-Eligible (Medicare/Medicaid),FIPS 36023,,2413,2413,https://data.cms.gov/summary-statistics-on-beneficiary-enrollment/medicare-and-medicaid-reports/medicare-monthly-enrollment,2026-02,[source: CMS Medicare Monthly Enrollment 2026-02; DUAL_TOT_BENES]
NY,Delaware,Dual-Eligible (Medicare + Medicaid),Dual-Eligible,Dual-Eligible (Medicare/Medicaid),FIPS 36025,,2751,2751,https://data.cms.gov/summary-statistics-on-beneficiary-enrollment/medicare-and-medicaid-reports/medicare-monthly-enrollment,2026-02,[source: CMS Medicare Monthly Enrollment 2026-02; DUAL_TOT_BENES]
NY,Dutchess,Dual-Eligible (Medicare + Medicaid),Dual-Eligible,Dual-Eligible (Medicare/Medicaid),FIPS 36027,,10867,10867,https://data.cms.gov/summary-statistics-on-beneficiary-enrollment/medicare-and-medicaid-reports/medicare-monthly-enrollment,2026-02,[source: CMS Medicare Monthly Enrollment 2026-02; DUAL_TOT_BENES]
NY,Erie,Dual-Eligible (Medicare + Medicaid),Dual-Eligible,Dual-Eligible (Medicare/Medicaid),FIPS 36029,,43718,43718,https://data.cms.gov/summary-statistics-on-beneficiary-enrollment/medicare-and-medicaid-reports/medicare-monthly-enrollment,2026-02,[source: CMS Medicare Monthly Enrollment 2026-02; DUAL_TOT_BENES]
NY,Essex,Dual-Eligible (Medicare + Medicaid),Dual-Eligible,Dual-Eligible (Medicare/Medicaid),FIPS 36031,,2032,2032,https://data.cms.gov/summary-statistics-on-beneficiary-enrollment/medicare-and-medicaid-reports/medicare-monthly-enrollment,2026-02,[source: CMS Medicare Monthly Enrollment 2026-02; DUAL_TOT_BENES]
NY,Franklin,Dual-Eligible (Medicare + Medicaid),Dual-Eligible,Dual-Eligible (Medicare/Medicaid),FIPS 36033,,3615,3615,https://data.cms.gov/summary-statistics-on-beneficiary-enrollment/medicare-and-medicaid-reports/medicare-monthly-enrollment,2026-02,[source: CMS Medicare Monthly Enrollment 2026-02; DUAL_TOT_BENES]
NY,Fulton,Dual-Eligible (Medicare + Medicaid),Dual-Eligible,Dual-Eligible (Medicare/Medicaid),FIPS 36035,,4134,4134,https://data.cms.gov/summary-statistics-on-beneficiary-enrollment/medicare-and-medicaid-reports/medicare-monthly-enrollment,2026-02,[source: CMS Medicare Monthly Enrollment 2026-02; DUAL_TOT_BENES]
NY,Genesee,Dual-Eligible (Medicare + Medicaid),Dual-Eligible,Dual-Eligible (Medicare/Medicaid),FIPS 36037,,2721,2721,https://data.cms.gov/summary-statistics-on-beneficiary-enrollment/medicare-and-medicaid-reports/medicare-monthly-enrollment,2026-02,[source: CMS Medicare Monthly Enrollment 2026-02; DUAL_TOT_BENES]
NY,Greene,Dual-Eligible (Medicare + Medicaid),Dual-Eligible,Dual-Eligible (Medicare/Medicaid),FIPS 36039,,2593,2593,https://data.cms.gov/summary-statistics-on-beneficiary-enrollment/medicare-and-medicaid-reports/medicare-monthly-enrollment,2026-02,[source: CMS Medicare Monthly Enrollment 2026-02; DUAL_TOT_BENES]
NY,Hamilton,Dual-Eligible (Medicare + Medicaid),Dual-Eligible,Dual-Eligible (Medicare/Medicaid),FIPS 36041,,198,198,https://data.cms.gov/summary-statistics-on-beneficiary-enrollment/medicare-and-medicaid-reports/medicare-monthly-enrollment,2026-02,[source: CMS Medicare Monthly Enrollment 2026-02; DUAL_TOT_BENES]
NY,Herkimer,Dual-Eligible (Medicare + Medicaid),Dual-Eligible,Dual-Eligible (Medicare/Medicaid),FIPS 36043,,3845,3845,https://data.cms.gov/summary-statistics-on-beneficiary-enrollment/medicare-and-medicaid-reports/medicare-monthly-enrollment,2026-02,[source: CMS Medicare Monthly Enrollment 2026-02; DUAL_TOT_BENES]
NY,Jefferson,Dual-Eligible (Medicare + Medicaid),Dual-Eligible,Dual-Eligible (Medicare/Medicaid),FIPS 36045,,5640,5640,https://data.cms.gov/summary-statistics-on-beneficiary-enrollment/medicare-and-medicaid-reports/medicare-monthly-enrollment,2026-02,[source: CMS Medicare Monthly Enrollment 2026-02; DUAL_TOT_BENES]
NY,Kings,Dual-Eligible (Medicare + Medicaid),Dual-Eligible,Dual-Eligible (Medicare/Medicaid),FIPS 36047,,205510,205510,https://data.cms.gov/summary-statistics-on-beneficiary-enrollment/medicare-and-medicaid-reports/medicare-monthly-enrollment,2026-02,[source: CMS Medicare Monthly Enrollment 2026-02; DUAL_TOT_BENES]
NY,Lewis,Dual-Eligible (Medicare + Medicaid),Dual-Eligible,Dual-Eligible (Medicare/Medicaid),FIPS 36049,,1523,1523,https://data.cms.gov/summary-statistics-on-beneficiary-enrollment/medicare-and-medicaid-reports/medicare-monthly-enrollment,2026-02,[source: CMS Medicare Monthly Enrollment 2026-02; DUAL_TOT_BENES]
NY,Livingston,Dual-Eligible (Medicare + Medicaid),Dual-Eligible,Dual-Eligible (Medicare/Medicaid),FIPS 36051,,2702,2702,https://data.cms.gov/summary-statistics-on-beneficiary-enrollment/medicare-and-medicaid-reports/medicare-monthly-enrollment,2026-02,[source: CMS Medicare Monthly Enrollment 2026-02; DUAL_TOT_BENES]
NY,Madison,Dual-Eligible (Medicare + Medicaid),Dual-Eligible,Dual-Eligible (Medicare/Medicaid),FIPS 36053,,3239,3239,https://data.cms.gov/summary-statistics-on-beneficiary-enrollment/medicare-and-medicaid-reports/medicare-monthly-enrollment,2026-02,[source: CMS Medicare Monthly Enrollment 2026-02; DUAL_TOT_BENES]
NY,Monroe,Dual-Eligible (Medicare + Medicaid),Dual-Eligible,Dual-Eligible (Medicare/Medicaid),FIPS 36055,,36877,36877,https://data.cms.gov/summary-statistics-on-beneficiary-enrollment/medicare-and-medicaid-reports/medicare-monthly-enrollment,2026-02,[source: CMS Medicare Monthly Enrollment 2026-02; DUAL_TOT_BENES]
NY,Montgomery,Dual-Eligible (Medicare + Medicaid),Dual-Eligible,Dual-Eligible (Medicare/Medicaid),FIPS 36057,,3784,3784,https://data.cms.gov/summary-statistics-on-beneficiary-enrollment/medicare-and-medicaid-reports/medicare-monthly-enrollment,2026-02,[source: CMS Medicare Monthly Enrollment 2026-02; DUAL_TOT_BENES]
NY,Nassau,Dual-Eligible (Medicare + Medicaid),Dual-Eligible,Dual-Eligible (Medicare/Medicaid),FIPS 36059,,53782,53782,https://data.cms.gov/summary-statistics-on-beneficiary-enrollment/medicare-and-medicaid-reports/medicare-monthly-enrollment,2026-02,[source: CMS Medicare Monthly Enrollment 2026-02; DUAL_TOT_BENES]
NY,New York,Dual-Eligible (Medicare + Medicaid),Dual-Eligible,Dual-Eligible (Medicare/Medicaid),FIPS 36061,,114845,114845,https://data.cms.gov/summary-statistics-on-beneficiary-enrollment/medicare-and-medicaid-reports/medicare-monthly-enrollment,2026-02,[source: CMS Medicare Monthly Enrollment 2026-02; DUAL_TOT_BENES]
NY,Niagara,Dual-Eligible (Medicare + Medicaid),Dual-Eligible,Dual-Eligible (Medicare/Medicaid),FIPS 36063,,11234,11234,https://data.cms.gov/summary-statistics-on-beneficiary-enrollment/medicare-and-medicaid-reports/medicare-monthly-enrollment,2026-02,[source: CMS Medicare Monthly Enrollment 2026-02; DUAL_TOT_BENES]
NY,Oneida,Dual-Eligible (Medicare + Medicaid),Dual-Eligible,Dual-Eligible (Medicare/Medicaid),FIPS 36065,,14278,14278,https://data.cms.gov/summary-statistics-on-beneficiary-enrollment/medicare-and-medicaid-reports/medicare-monthly-enrollment,2026-02,[source: CMS Medicare Monthly Enrollment 2026-02; DUAL_TOT_BENES]
NY,Onondaga,Dual-Eligible (Medicare + Medicaid),Dual-Eligible,Dual-Eligible (Medicare/Medicaid),FIPS 36067,,20279,20279,https://data.cms.gov/summary-statistics-on-beneficiary-enrollment/medicare-and-medicaid-reports/medicare-monthly-enrollment,2026-02,[source: CMS Medicare Monthly Enrollment 2026-02; DUAL_TOT_BENES]
NY,Ontario,Dual-Eligible (Medicare + Medicaid),Dual-Eligible,Dual-Eligible (Medicare/Medicaid),FIPS 36069,,4921,4921,https://data.cms.gov/summary-statistics-on-beneficiary-enrollment/medicare-and-medicaid-reports/medicare-monthly-enrollment,2026-02,[source: CMS Medicare Monthly Enrollment 2026-02; DUAL_TOT_BENES]
NY,Orange,Dual-Eligible (Medicare + Medicaid),Dual-Eligible,Dual-Eligible (Medicare/Medicaid),FIPS 36071,,13633,13633,https://data.cms.gov/summary-statistics-on-beneficiary-enrollment/medicare-and-medicaid-reports/medicare-monthly-enrollment,2026-02,[source: CMS Medicare Monthly Enrollment 2026-02; DUAL_TOT_BENES]
NY,Orleans,Dual-Eligible (Medicare + Medicaid),Dual-Eligible,Dual-Eligible (Medicare/Medicaid),FIPS 36073,,2672,2672,https://data.cms.gov/summary-statistics-on-beneficiary-enrollment/medicare-and-medicaid-reports/medicare-monthly-enrollment,2026-02,[source: CMS Medicare Monthly Enrollment 2026-02; DUAL_TOT_BENES]
NY,Oswego,Dual-Eligible (Medicare + Medicaid),Dual-Eligible,Dual-Eligible (Medicare/Medicaid),FIPS 36075,,6394,6394,https://data.cms.gov/summary-statistics-on-beneficiary-enrollment/medicare-and-medicaid-reports/medicare-monthly-enrollment,2026-02,[source: CMS Medicare Monthly Enrollment 2026-02; DUAL_TOT_BENES]
NY,Otsego,Dual-Eligible (Medicare + Medicaid),Dual-Eligible,Dual-Eligible (Medicare/Medicaid),FIPS 36077,,3388,3388,https://data.cms.gov/summary-statistics-on-beneficiary-enrollment/medicare-and-medicaid-reports/medicare-monthly-enrollment,2026-02,[source: CMS Medicare Monthly Enrollment 2026-02; DUAL_TOT_BENES]
NY,Putnam,Dual-Eligible (Medicare + Medicaid),Dual-Eligible,Dual-Eligible (Medicare/Medicaid),FIPS 36079,,2602,2602,https://data.cms.gov/summary-statistics-on-beneficiary-enrollment/medicare-and-medicaid-reports/medicare-monthly-enrollment,2026-02,[source: CMS Medicare Monthly Enrollment 2026-02; DUAL_TOT_BENES]
NY,Queens,Dual-Eligible (Medicare + Medicaid),Dual-Eligible,Dual-Eligible (Medicare/Medicaid),FIPS 36081,,181277,181277,https://data.cms.gov/summary-statistics-on-beneficiary-enrollment/medicare-and-medicaid-reports/medicare-monthly-enrollment,2026-02,[source: CMS Medicare Monthly Enrollment 2026-02; DUAL_TOT_BENES]
NY,Rensselaer,Dual-Eligible (Medicare + Medicaid),Dual-Eligible,Dual-Eligible (Medicare/Medicaid),FIPS 36083,,6739,6739,https://data.cms.gov/summary-statistics-on-beneficiary-enrollment/medicare-and-medicaid-reports/medicare-monthly-enrollment,2026-02,[source: CMS Medicare Monthly Enrollment 2026-02; DUAL_TOT_BENES]
NY,Richmond,Dual-Eligible (Medicare + Medicaid),Dual-Eligible,Dual-Eligible (Medicare/Medicaid),FIPS 36085,,29626,29626,https://data.cms.gov/summary-statistics-on-beneficiary-enrollment/medicare-and-medicaid-reports/medicare-monthly-enrollment,2026-02,[source: CMS Medicare Monthly Enrollment 2026-02; DUAL_TOT_BENES]
NY,Rockland,Dual-Eligible (Medicare + Medicaid),Dual-Eligible,Dual-Eligible (Medicare/Medicaid),FIPS 36087,,12818,12818,https://data.cms.gov/summary-statistics-on-beneficiary-enrollment/medicare-and-medicaid-reports/medicare-monthly-enrollment,2026-02,[source: CMS Medicare Monthly Enrollment 2026-02; DUAL_TOT_BENES]
NY,Saratoga,Dual-Eligible (Medicare + Medicaid),Dual-Eligible,Dual-Eligible (Medicare/Medicaid),FIPS 36091,,8075,8075,https://data.cms.gov/summary-statistics-on-beneficiary-enrollment/medicare-and-medicaid-reports/medicare-monthly-enrollment,2026-02,[source: CMS Medicare Monthly Enrollment 2026-02; DUAL_TOT_BENES]
NY,Schenectady,Dual-Eligible (Medicare + Medicaid),Dual-Eligible,Dual-Eligible (Medicare/Medicaid),FIPS 36093,,8096,8096,https://data.cms.gov/summary-statistics-on-beneficiary-enrollment/medicare-and-medicaid-reports/medicare-monthly-enrollment,2026-02,[source: CMS Medicare Monthly Enrollment 2026-02; DUAL_TOT_BENES]
NY,Schoharie,Dual-Eligible (Medicare + Medicaid),Dual-Eligible,Dual-Eligible (Medicare/Medicaid),FIPS 36095,,1939,1939,https://data.cms.gov/summary-statistics-on-beneficiary-enrollment/medicare-and-medicaid-reports/medicare-monthly-enrollment,2026-02,[source: CMS Medicare Monthly Enrollment 2026-02; DUAL_TOT_BENES]
NY,Schuyler,Dual-Eligible (Medicare + Medicaid),Dual-Eligible,Dual-Eligible (Medicare/Medicaid),FIPS 36097,,1197,1197,https://data.cms.gov/summary-statistics-on-beneficiary-enrollment/medicare-and-medicaid-reports/medicare-monthly-enrollment,2026-02,[source: CMS Medicare Monthly Enrollment 2026-02; DUAL_TOT_BENES]
NY,Seneca,Dual-Eligible (Medicare + Medicaid),Dual-Eligible,Dual-Eligible (Medicare/Medicaid),FIPS 36099,,1876,1876,https://data.cms.gov/summary-statistics-on-beneficiary-enrollment/medicare-and-medicaid-reports/medicare-monthly-enrollment,2026-02,[source: CMS Medicare Monthly Enrollment 2026-02; DUAL_TOT_BENES]
NY,St. Lawrence,Dual-Eligible (Medicare + Medicaid),Dual-Eligible,Dual-Eligible (Medicare/Medicaid),FIPS 36089,,6689,6689,https://data.cms.gov/summary-statistics-on-beneficiary-enrollment/medicare-and-medicaid-reports/medicare-monthly-enrollment,2026-02,[source: CMS Medicare Monthly Enrollment 2026-02; DUAL_TOT_BENES]
NY,Steuben,Dual-Eligible (Medicare + Medicaid),Dual-Eligible,Dual-Eligible (Medicare/Medicaid),FIPS 36101,,6158,6158,https://data.cms.gov/summary-statistics-on-beneficiary-enrollment/medicare-and-medicaid-reports/medicare-monthly-enrollment,2026-02,[source: CMS Medicare Monthly Enrollment 2026-02; DUAL_TOT_BENES]
NY,Suffolk,Dual-Eligible (Medicare + Medicaid),Dual-Eligible,Dual-Eligible (Medicare/Medicaid),FIPS 36103,,54073,54073,https://data.cms.gov/summary-statistics-on-beneficiary-enrollment/medicare-and-medicaid-reports/medicare-monthly-enrollment,2026-02,[source: CMS Medicare Monthly Enrollment 2026-02; DUAL_TOT_BENES]
NY,Sullivan,Dual-Eligible (Medicare + Medicaid),Dual-Eligible,Dual-Eligible (Medicare/Medicaid),FIPS 36105,,4846,4846,https://data.cms.gov/summary-statistics-on-beneficiary-enrollment/medicare-and-medicaid-reports/medicare-monthly-enrollment,2026-02,[source: CMS Medicare Monthly Enrollment 2026-02; DUAL_TOT_BENES]
NY,Tioga,Dual-Eligible (Medicare + Medicaid),Dual-Eligible,Dual-Eligible (Medicare/Medicaid),FIPS 36107,,2523,2523,https://data.cms.gov/summary-statistics-on-beneficiary-enrollment/medicare-and-medicaid-reports/medicare-monthly-enrollment,2026-02,[source: CMS Medicare Monthly Enrollment 2026-02; DUAL_TOT_BENES]
NY,Tompkins,Dual-Eligible (Medicare + Medicaid),Dual-Eligible,Dual-Eligible (Medicare/Medicaid),FIPS 36109,,3265,3265,https://data.cms.gov/summary-statistics-on-beneficiary-enrollment/medicare-and-medicaid-reports/medicare-monthly-enrollment,2026-02,[source: CMS Medicare Monthly Enrollment 2026-02; DUAL_TOT_BENES]
NY,Ulster,Dual-Eligible (Medicare + Medicaid),Dual-Eligible,Dual-Eligible (Medicare/Medicaid),FIPS 36111,,9126,9126,https://data.cms.gov/summary-statistics-on-beneficiary-enrollment/medicare-and-medicaid-reports/medicare-monthly-enrollment,2026-02,[source: CMS Medicare Monthly Enrollment 2026-02; DUAL_TOT_BENES]
NY,Warren,Dual-Eligible (Medicare + Medicaid),Dual-Eligible,Dual-Eligible (Medicare/Medicaid),FIPS 36113,,4084,4084,https://data.cms.gov/summary-statistics-on-beneficiary-enrollment/medicare-and-medicaid-reports/medicare-monthly-enrollment,2026-02,[source: CMS Medicare Monthly Enrollment 2026-02; DUAL_TOT_BENES]
NY,Washington,Dual-Eligible (Medicare + Medicaid),Dual-Eligible,Dual-Eligible (Medicare/Medicaid),FIPS 36115,,3685,3685,https://data.cms.gov/summary-statistics-on-beneficiary-enrollment/medicare-and-medicaid-reports/medicare-monthly-enrollment,2026-02,[source: CMS Medicare Monthly Enrollment 2026-02; DUAL_TOT_BENES]
NY,Wayne,Dual-Eligible (Medicare + Medicaid),Dual-Eligible,Dual-Eligible (Medicare/Medicaid),FIPS 36117,,5283,5283,https://data.cms.gov/summary-statistics-on-beneficiary-enrollment/medicare-and-medicaid-reports/medicare-monthly-enrollment,2026-02,[source: CMS Medicare Monthly Enrollment 2026-02; DUAL_TOT_BENES]
NY,Westchester,Dual-Eligible (Medicare + Medicaid),Dual-Eligible,Dual-Eligible (Medicare/Medicaid),FIPS 36119,,37528,37528,https://data.cms.gov/summary-statistics-on-beneficiary-enrollment/medicare-and-medicaid-reports/medicare-monthly-enrollment,2026-02,[source: CMS Medicare Monthly Enrollment 2026-02; DUAL_TOT_BENES]
NY,Wyoming,Dual-Eligible (Medicare + Medicaid),Dual-Eligible,Dual-Eligible (Medicare/Medicaid),FIPS 36121,,1892,1892,https://data.cms.gov/summary-statistics-on-beneficiary-enrollment/medicare-and-medicaid-reports/medicare-monthly-enrollment,2026-02,[source: CMS Medicare Monthly Enrollment 2026-02; DUAL_TOT_BENES]
NY,Yates,Dual-Eligible (Medicare + Medicaid),Dual-Eligible,Dual-Eligible (Medicare/Medicaid),FIPS 36123,,1324,1324,https://data.cms.gov/summary-statistics-on-beneficiary-enrollment/medicare-and-medicaid-reports/medicare-monthly-enrollment,2026-02,[source: CMS Medicare Monthly Enrollment 2026-02; DUAL_TOT_BENES]
OH,Adams,Dual-Eligible (Medicare + Medicaid),Dual-Eligible,Dual-Eligible (Medicare/Medicaid),FIPS 39001,,1798,1798,https://data.cms.gov/summary-statistics-on-beneficiary-enrollment/medicare-and-medicaid-reports/medicare-monthly-enrollment,2026-02,[source: CMS Medicare Monthly Enrollment 2026-02; DUAL_TOT_BENES]
OH,Allen,Dual-Eligible (Medicare + Medicaid),Dual-Eligible,Dual-Eligible (Medicare/Medicaid),FIPS 39003,,3969,3969,https://data.cms.gov/summary-statistics-on-beneficiary-enrollment/medicare-and-medicaid-reports/medicare-monthly-enrollment,2026-02,[source: CMS Medicare Monthly Enrollment 2026-02; DUAL_TOT_BENES]
OH,Ashland,Dual-Eligible (Medicare + Medicaid),Dual-Eligible,Dual-Eligible (Medicare/Medicaid),FIPS 39005,,1564,1564,https://data.cms.gov/summary-statistics-on-beneficiary-enrollment/medicare-and-medicaid-reports/medicare-monthly-enrollment,2026-02,[source: CMS Medicare Monthly Enrollment 2026-02; DUAL_TOT_BENES]
OH,Ashtabula,Dual-Eligible (Medicare + Medicaid),Dual-Eligible,Dual-Eligible (Medicare/Medicaid),FIPS 39007,,4862,4862,https://data.cms.gov/summary-statistics-on-beneficiary-enrollment/medicare-and-medicaid-reports/medicare-monthly-enrollment,2026-02,[source: CMS Medicare Monthly Enrollment 2026-02; DUAL_TOT_BENES]
OH,Athens,Dual-Eligible (Medicare + Medicaid),Dual-Eligible,Dual-Eligible (Medicare/Medicaid),FIPS 39009,,2263,2263,https://data.cms.gov/summary-statistics-on-beneficiary-enrollment/medicare-and-medicaid-reports/medicare-monthly-enrollment,2026-02,[source: CMS Medicare Monthly Enrollment 2026-02; DUAL_TOT_BENES]
OH,Auglaize,Dual-Eligible (Medicare + Medicaid),Dual-Eligible,Dual-Eligible (Medicare/Medicaid),FIPS 39011,,1118,1118,https://data.cms.gov/summary-statistics-on-beneficiary-enrollment/medicare-and-medicaid-reports/medicare-monthly-enrollment,2026-02,[source: CMS Medicare Monthly Enrollment 2026-02; DUAL_TOT_BENES]
OH,Belmont,Dual-Eligible (Medicare + Medicaid),Dual-Eligible,Dual-Eligible (Medicare/Medicaid),FIPS 39013,,2900,2900,https://data.cms.gov/summary-statistics-on-beneficiary-enrollment/medicare-and-medicaid-reports/medicare-monthly-enrollment,2026-02,[source: CMS Medicare Monthly Enrollment 2026-02; DUAL_TOT_BENES]
OH,Brown,Dual-Eligible (Medicare + Medicaid),Dual-Eligible,Dual-Eligible (Medicare/Medicaid),FIPS 39015,,1859,1859,https://data.cms.gov/summary-statistics-on-beneficiary-enrollment/medicare-and-medicaid-reports/medicare-monthly-enrollment,2026-02,[source: CMS Medicare Monthly Enrollment 2026-02; DUAL_TOT_BENES]
OH,Butler,Dual-Eligible (Medicare + Medicaid),Dual-Eligible,Dual-Eligible (Medicare/Medicaid),FIPS 39017,,10672,10672,https://data.cms.gov/summary-statistics-on-beneficiary-enrollment/medicare-and-medicaid-reports/medicare-monthly-enrollment,2026-02,[source: CMS Medicare Monthly Enrollment 2026-02; DUAL_TOT_BENES]
OH,Carroll,Dual-Eligible (Medicare + Medicaid),Dual-Eligible,Dual-Eligible (Medicare/Medicaid),FIPS 39019,,948,948,https://data.cms.gov/summary-statistics-on-beneficiary-enrollment/medicare-and-medicaid-reports/medicare-monthly-enrollment,2026-02,[source: CMS Medicare Monthly Enrollment 2026-02; DUAL_TOT_BENES]
OH,Champaign,Dual-Eligible (Medicare + Medicaid),Dual-Eligible,Dual-Eligible (Medicare/Medicaid),FIPS 39021,,1254,1254,https://data.cms.gov/summary-statistics-on-beneficiary-enrollment/medicare-and-medicaid-reports/medicare-monthly-enrollment,2026-02,[source: CMS Medicare Monthly Enrollment 2026-02; DUAL_TOT_BENES]
OH,Clark,Dual-Eligible (Medicare + Medicaid),Dual-Eligible,Dual-Eligible (Medicare/Medicaid),FIPS 39023,,5295,5295,https://data.cms.gov/summary-statistics-on-beneficiary-enrollment/medicare-and-medicaid-reports/medicare-monthly-enrollment,2026-02,[source: CMS Medicare Monthly Enrollment 2026-02; DUAL_TOT_BENES]
OH,Clermont,Dual-Eligible (Medicare + Medicaid),Dual-Eligible,Dual-Eligible (Medicare/Medicaid),FIPS 39025,,5327,5327,https://data.cms.gov/summary-statistics-on-beneficiary-enrollment/medicare-and-medicaid-reports/medicare-monthly-enrollment,2026-02,[source: CMS Medicare Monthly Enrollment 2026-02; DUAL_TOT_BENES]
OH,Clinton,Dual-Eligible (Medicare + Medicaid),Dual-Eligible,Dual-Eligible (Medicare/Medicaid),FIPS 39027,,1510,1510,https://data.cms.gov/summary-statistics-on-beneficiary-enrollment/medicare-and-medicaid-reports/medicare-monthly-enrollment,2026-02,[source: CMS Medicare Monthly Enrollment 2026-02; DUAL_TOT_BENES]
OH,Columbiana,Dual-Eligible (Medicare + Medicaid),Dual-Eligible,Dual-Eligible (Medicare/Medicaid),FIPS 39029,,4277,4277,https://data.cms.gov/summary-statistics-on-beneficiary-enrollment/medicare-and-medicaid-reports/medicare-monthly-enrollment,2026-02,[source: CMS Medicare Monthly Enrollment 2026-02; DUAL_TOT_BENES]
OH,Coshocton,Dual-Eligible (Medicare + Medicaid),Dual-Eligible,Dual-Eligible (Medicare/Medicaid),FIPS 39031,,1659,1659,https://data.cms.gov/summary-statistics-on-beneficiary-enrollment/medicare-and-medicaid-reports/medicare-monthly-enrollment,2026-02,[source: CMS Medicare Monthly Enrollment 2026-02; DUAL_TOT_BENES]
OH,Crawford,Dual-Eligible (Medicare + Medicaid),Dual-Eligible,Dual-Eligible (Medicare/Medicaid),FIPS 39033,,1938,1938,https://data.cms.gov/summary-statistics-on-beneficiary-enrollment/medicare-and-medicaid-reports/medicare-monthly-enrollment,2026-02,[source: CMS Medicare Monthly Enrollment 2026-02; DUAL_TOT_BENES]
OH,Cuyahoga,Dual-Eligible (Medicare + Medicaid),Dual-Eligible,Dual-Eligible (Medicare/Medicaid),FIPS 39035,,55018,55018,https://data.cms.gov/summary-statistics-on-beneficiary-enrollment/medicare-and-medicaid-reports/medicare-monthly-enrollment,2026-02,[source: CMS Medicare Monthly Enrollment 2026-02; DUAL_TOT_BENES]
OH,Darke,Dual-Eligible (Medicare + Medicaid),Dual-Eligible,Dual-Eligible (Medicare/Medicaid),FIPS 39037,,1399,1399,https://data.cms.gov/summary-statistics-on-beneficiary-enrollment/medicare-and-medicaid-reports/medicare-monthly-enrollment,2026-02,[source: CMS Medicare Monthly Enrollment 2026-02; DUAL_TOT_BENES]
OH,Defiance,Dual-Eligible (Medicare + Medicaid),Dual-Eligible,Dual-Eligible (Medicare/Medicaid),FIPS 39039,,1270,1270,https://data.cms.gov/summary-statistics-on-beneficiary-enrollment/medicare-and-medicaid-reports/medicare-monthly-enrollment,2026-02,[source: CMS Medicare Monthly Enrollment 2026-02; DUAL_TOT_BENES]
OH,Delaware,Dual-Eligible (Medicare + Medicaid),Dual-Eligible,Dual-Eligible (Medicare/Medicaid),FIPS 39041,,3212,3212,https://data.cms.gov/summary-statistics-on-beneficiary-enrollment/medicare-and-medicaid-reports/medicare-monthly-enrollment,2026-02,[source: CMS Medicare Monthly Enrollment 2026-02; DUAL_TOT_BENES]
OH,Erie,Dual-Eligible (Medicare + Medicaid),Dual-Eligible,Dual-Eligible (Medicare/Medicaid),FIPS 39043,,2741,2741,https://data.cms.gov/summary-statistics-on-beneficiary-enrollment/medicare-and-medicaid-reports/medicare-monthly-enrollment,2026-02,[source: CMS Medicare Monthly Enrollment 2026-02; DUAL_TOT_BENES]
OH,Fairfield,Dual-Eligible (Medicare + Medicaid),Dual-Eligible,Dual-Eligible (Medicare/Medicaid),FIPS 39045,,4044,4044,https://data.cms.gov/summary-statistics-on-beneficiary-enrollment/medicare-and-medicaid-reports/medicare-monthly-enrollment,2026-02,[source: CMS Medicare Monthly Enrollment 2026-02; DUAL_TOT_BENES]
OH,Fayette,Dual-Eligible (Medicare + Medicaid),Dual-Eligible,Dual-Eligible (Medicare/Medicaid),FIPS 39047,,1241,1241,https://data.cms.gov/summary-statistics-on-beneficiary-enrollment/medicare-and-medicaid-reports/medicare-monthly-enrollment,2026-02,[source: CMS Medicare Monthly Enrollment 2026-02; DUAL_TOT_BENES]
OH,Franklin,Dual-Eligible (Medicare + Medicaid),Dual-Eligible,Dual-Eligible (Medicare/Medicaid),FIPS 39049,,36219,36219,https://data.cms.gov/summary-statistics-on-beneficiary-enrollment/medicare-and-medicaid-reports/medicare-monthly-enrollment,2026-02,[source: CMS Medicare Monthly Enrollment 2026-02; DUAL_TOT_BENES]
OH,Fulton,Dual-Eligible (Medicare + Medicaid),Dual-Eligible,Dual-Eligible (Medicare/Medicaid),FIPS 39051,,1081,1081,https://data.cms.gov/summary-statistics-on-beneficiary-enrollment/medicare-and-medicaid-reports/medicare-monthly-enrollment,2026-02,[source: CMS Medicare Monthly Enrollment 2026-02; DUAL_TOT_BENES]
OH,Gallia,Dual-Eligible (Medicare + Medicaid),Dual-Eligible,Dual-Eligible (Medicare/Medicaid),FIPS 39053,,1613,1613,https://data.cms.gov/summary-statistics-on-beneficiary-enrollment/medicare-and-medicaid-reports/medicare-monthly-enrollment,2026-02,[source: CMS Medicare Monthly Enrollment 2026-02; DUAL_TOT_BENES]
OH,Geauga,Dual-Eligible (Medicare + Medicaid),Dual-Eligible,Dual-Eligible (Medicare/Medicaid),FIPS 39055,,1554,1554,https://data.cms.gov/summary-statistics-on-beneficiary-enrollment/medicare-and-medicaid-reports/medicare-monthly-enrollment,2026-02,[source: CMS Medicare Monthly Enrollment 2026-02; DUAL_TOT_BENES]
OH,Greene,Dual-Eligible (Medicare + Medicaid),Dual-Eligible,Dual-Eligible (Medicare/Medicaid),FIPS 39057,,4114,4114,https://data.cms.gov/summary-statistics-on-beneficiary-enrollment/medicare-and-medicaid-reports/medicare-monthly-enrollment,2026-02,[source: CMS Medicare Monthly Enrollment 2026-02; DUAL_TOT_BENES]
OH,Guernsey,Dual-Eligible (Medicare + Medicaid),Dual-Eligible,Dual-Eligible (Medicare/Medicaid),FIPS 39059,,1804,1804,https://data.cms.gov/summary-statistics-on-beneficiary-enrollment/medicare-and-medicaid-reports/medicare-monthly-enrollment,2026-02,[source: CMS Medicare Monthly Enrollment 2026-02; DUAL_TOT_BENES]
OH,Hamilton,Dual-Eligible (Medicare + Medicaid),Dual-Eligible,Dual-Eligible (Medicare/Medicaid),FIPS 39061,,27671,27671,https://data.cms.gov/summary-statistics-on-beneficiary-enrollment/medicare-and-medicaid-reports/medicare-monthly-enrollment,2026-02,[source: CMS Medicare Monthly Enrollment 2026-02; DUAL_TOT_BENES]
OH,Hancock,Dual-Eligible (Medicare + Medicaid),Dual-Eligible,Dual-Eligible (Medicare/Medicaid),FIPS 39063,,2019,2019,https://data.cms.gov/summary-statistics-on-beneficiary-enrollment/medicare-and-medicaid-reports/medicare-monthly-enrollment,2026-02,[source: CMS Medicare Monthly Enrollment 2026-02; DUAL_TOT_BENES]
OH,Hardin,Dual-Eligible (Medicare + Medicaid),Dual-Eligible,Dual-Eligible (Medicare/Medicaid),FIPS 39065,,949,949,https://data.cms.gov/summary-statistics-on-beneficiary-enrollment/medicare-and-medicaid-reports/medicare-monthly-enrollment,2026-02,[source: CMS Medicare Monthly Enrollment 2026-02; DUAL_TOT_BENES]
OH,Harrison,Dual-Eligible (Medicare + Medicaid),Dual-Eligible,Dual-Eligible (Medicare/Medicaid),FIPS 39067,,655,655,https://data.cms.gov/summary-statistics-on-beneficiary-enrollment/medicare-and-medicaid-reports/medicare-monthly-enrollment,2026-02,[source: CMS Medicare Monthly Enrollment 2026-02; DUAL_TOT_BENES]
OH,Henry,Dual-Eligible (Medicare + Medicaid),Dual-Eligible,Dual-Eligible (Medicare/Medicaid),FIPS 39069,,694,694,https://data.cms.gov/summary-statistics-on-beneficiary-enrollment/medicare-and-medicaid-reports/medicare-monthly-enrollment,2026-02,[source: CMS Medicare Monthly Enrollment 2026-02; DUAL_TOT_BENES]
OH,Highland,Dual-Eligible (Medicare + Medicaid),Dual-Eligible,Dual-Eligible (Medicare/Medicaid),FIPS 39071,,1999,1999,https://data.cms.gov/summary-statistics-on-beneficiary-enrollment/medicare-and-medicaid-reports/medicare-monthly-enrollment,2026-02,[source: CMS Medicare Monthly Enrollment 2026-02; DUAL_TOT_BENES]
OH,Hocking,Dual-Eligible (Medicare + Medicaid),Dual-Eligible,Dual-Eligible (Medicare/Medicaid),FIPS 39073,,1185,1185,https://data.cms.gov/summary-statistics-on-beneficiary-enrollment/medicare-and-medicaid-reports/medicare-monthly-enrollment,2026-02,[source: CMS Medicare Monthly Enrollment 2026-02; DUAL_TOT_BENES]
OH,Holmes,Dual-Eligible (Medicare + Medicaid),Dual-Eligible,Dual-Eligible (Medicare/Medicaid),FIPS 39075,,576,576,https://data.cms.gov/summary-statistics-on-beneficiary-enrollment/medicare-and-medicaid-reports/medicare-monthly-enrollment,2026-02,[source: CMS Medicare Monthly Enrollment 2026-02; DUAL_TOT_BENES]
OH,Huron,Dual-Eligible (Medicare + Medicaid),Dual-Eligible,Dual-Eligible (Medicare/Medicaid),FIPS 39077,,2017,2017,https://data.cms.gov/summary-statistics-on-beneficiary-enrollment/medicare-and-medicaid-reports/medicare-monthly-enrollment,2026-02,[source: CMS Medicare Monthly Enrollment 2026-02; DUAL_TOT_BENES]
OH,Jackson,Dual-Eligible (Medicare + Medicaid),Dual-Eligible,Dual-Eligible (Medicare/Medicaid),FIPS 39079,,1794,1794,https://data.cms.gov/summary-statistics-on-beneficiary-enrollment/medicare-and-medicaid-reports/medicare-monthly-enrollment,2026-02,[source: CMS Medicare Monthly Enrollment 2026-02; DUAL_TOT_BENES]
OH,Jefferson,Dual-Eligible (Medicare + Medicaid),Dual-Eligible,Dual-Eligible (Medicare/Medicaid),FIPS 39081,,2775,2775,https://data.cms.gov/summary-statistics-on-beneficiary-enrollment/medicare-and-medicaid-reports/medicare-monthly-enrollment,2026-02,[source: CMS Medicare Monthly Enrollment 2026-02; DUAL_TOT_BENES]
OH,Knox,Dual-Eligible (Medicare + Medicaid),Dual-Eligible,Dual-Eligible (Medicare/Medicaid),FIPS 39083,,1971,1971,https://data.cms.gov/summary-statistics-on-beneficiary-enrollment/medicare-and-medicaid-reports/medicare-monthly-enrollment,2026-02,[source: CMS Medicare Monthly Enrollment 2026-02; DUAL_TOT_BENES]
OH,Lake,Dual-Eligible (Medicare + Medicaid),Dual-Eligible,Dual-Eligible (Medicare/Medicaid),FIPS 39085,,5726,5726,https://data.cms.gov/summary-statistics-on-beneficiary-enrollment/medicare-and-medicaid-reports/medicare-monthly-enrollment,2026-02,[source: CMS Medicare Monthly Enrollment 2026-02; DUAL_TOT_BENES]
OH,Lawrence,Dual-Eligible (Medicare + Medicaid),Dual-Eligible,Dual-Eligible (Medicare/Medicaid),FIPS 39087,,3287,3287,https://data.cms.gov/summary-statistics-on-beneficiary-enrollment/medicare-and-medicaid-reports/medicare-monthly-enrollment,2026-02,[source: CMS Medicare Monthly Enrollment 2026-02; DUAL_TOT_BENES]
OH,Licking,Dual-Eligible (Medicare + Medicaid),Dual-Eligible,Dual-Eligible (Medicare/Medicaid),FIPS 39089,,4717,4717,https://data.cms.gov/summary-statistics-on-beneficiary-enrollment/medicare-and-medicaid-reports/medicare-monthly-enrollment,2026-02,[source: CMS Medicare Monthly Enrollment 2026-02; DUAL_TOT_BENES]
OH,Logan,Dual-Eligible (Medicare + Medicaid),Dual-Eligible,Dual-Eligible (Medicare/Medicaid),FIPS 39091,,1486,1486,https://data.cms.gov/summary-statistics-on-beneficiary-enrollment/medicare-and-medicaid-reports/medicare-monthly-enrollment,2026-02,[source: CMS Medicare Monthly Enrollment 2026-02; DUAL_TOT_BENES]
OH,Lorain,Dual-Eligible (Medicare + Medicaid),Dual-Eligible,Dual-Eligible (Medicare/Medicaid),FIPS 39093,,9457,9457,https://data.cms.gov/summary-statistics-on-beneficiary-enrollment/medicare-and-medicaid-reports/medicare-monthly-enrollment,2026-02,[source: CMS Medicare Monthly Enrollment 2026-02; DUAL_TOT_BENES]
OH,Lucas,Dual-Eligible (Medicare + Medicaid),Dual-Eligible,Dual-Eligible (Medicare/Medicaid),FIPS 39095,,17929,17929,https://data.cms.gov/summary-statistics-on-beneficiary-enrollment/medicare-and-medicaid-reports/medicare-monthly-enrollment,2026-02,[source: CMS Medicare Monthly Enrollment 2026-02; DUAL_TOT_BENES]
OH,Madison,Dual-Eligible (Medicare + Medicaid),Dual-Eligible,Dual-Eligible (Medicare/Medicaid),FIPS 39097,,1166,1166,https://data.cms.gov/summary-statistics-on-beneficiary-enrollment/medicare-and-medicaid-reports/medicare-monthly-enrollment,2026-02,[source: CMS Medicare Monthly Enrollment 2026-02; DUAL_TOT_BENES]
OH,Mahoning,Dual-Eligible (Medicare + Medicaid),Dual-Eligible,Dual-Eligible (Medicare/Medicaid),FIPS 39099,,11889,11889,https://data.cms.gov/summary-statistics-on-beneficiary-enrollment/medicare-and-medicaid-reports/medicare-monthly-enrollment,2026-02,[source: CMS Medicare Monthly Enrollment 2026-02; DUAL_TOT_BENES]
OH,Marion,Dual-Eligible (Medicare + Medicaid),Dual-Eligible,Dual-Eligible (Medicare/Medicaid),FIPS 39101,,2808,2808,https://data.cms.gov/summary-statistics-on-beneficiary-enrollment/medicare-and-medicaid-reports/medicare-monthly-enrollment,2026-02,[source: CMS Medicare Monthly Enrollment 2026-02; DUAL_TOT_BENES]
OH,Medina,Dual-Eligible (Medicare + Medicaid),Dual-Eligible,Dual-Eligible (Medicare/Medicaid),FIPS 39103,,3424,3424,https://data.cms.gov/summary-statistics-on-beneficiary-enrollment/medicare-and-medicaid-reports/medicare-monthly-enrollment,2026-02,[source: CMS Medicare Monthly Enrollment 2026-02; DUAL_TOT_BENES]
OH,Meigs,Dual-Eligible (Medicare + Medicaid),Dual-Eligible,Dual-Eligible (Medicare/Medicaid),FIPS 39105,,1133,1133,https://data.cms.gov/summary-statistics-on-beneficiary-enrollment/medicare-and-medicaid-reports/medicare-monthly-enrollment,2026-02,[source: CMS Medicare Monthly Enrollment 2026-02; DUAL_TOT_BENES]
OH,Mercer,Dual-Eligible (Medicare + Medicaid),Dual-Eligible,Dual-Eligible (Medicare/Medicaid),FIPS 39107,,1007,1007,https://data.cms.gov/summary-statistics-on-beneficiary-enrollment/medicare-and-medicaid-reports/medicare-monthly-enrollment,2026-02,[source: CMS Medicare Monthly Enrollment 2026-02; DUAL_TOT_BENES]
OH,Miami,Dual-Eligible (Medicare + Medicaid),Dual-Eligible,Dual-Eligible (Medicare/Medicaid),FIPS 39109,,3199,3199,https://data.cms.gov/summary-statistics-on-beneficiary-enrollment/medicare-and-medicaid-reports/medicare-monthly-enrollment,2026-02,[source: CMS Medicare Monthly Enrollment 2026-02; DUAL_TOT_BENES]
OH,Monroe,Dual-Eligible (Medicare + Medicaid),Dual-Eligible,Dual-Eligible (Medicare/Medicaid),FIPS 39111,,505,505,https://data.cms.gov/summary-statistics-on-beneficiary-enrollment/medicare-and-medicaid-reports/medicare-monthly-enrollment,2026-02,[source: CMS Medicare Monthly Enrollment 2026-02; DUAL_TOT_BENES]
OH,Montgomery,Dual-Eligible (Medicare + Medicaid),Dual-Eligible,Dual-Eligible (Medicare/Medicaid),FIPS 39113,,20126,20126,https://data.cms.gov/summary-statistics-on-beneficiary-enrollment/medicare-and-medicaid-reports/medicare-monthly-enrollment,2026-02,[source: CMS Medicare Monthly Enrollment 2026-02; DUAL_TOT_BENES]
OH,Morgan,Dual-Eligible (Medicare + Medicaid),Dual-Eligible,Dual-Eligible (Medicare/Medicaid),FIPS 39115,,638,638,https://data.cms.gov/summary-statistics-on-beneficiary-enrollment/medicare-and-medicaid-reports/medicare-monthly-enrollment,2026-02,[source: CMS Medicare Monthly Enrollment 2026-02; DUAL_TOT_BENES]
OH,Morrow,Dual-Eligible (Medicare + Medicaid),Dual-Eligible,Dual-Eligible (Medicare/Medicaid),FIPS 39117,,1010,1010,https://data.cms.gov/summary-statistics-on-beneficiary-enrollment/medicare-and-medicaid-reports/medicare-monthly-enrollment,2026-02,[source: CMS Medicare Monthly Enrollment 2026-02; DUAL_TOT_BENES]
OH,Muskingum,Dual-Eligible (Medicare + Medicaid),Dual-Eligible,Dual-Eligible (Medicare/Medicaid),FIPS 39119,,4884,4884,https://data.cms.gov/summary-statistics-on-beneficiary-enrollment/medicare-and-medicaid-reports/medicare-monthly-enrollment,2026-02,[source: CMS Medicare Monthly Enrollment 2026-02; DUAL_TOT_BENES]
OH,Noble,Dual-Eligible (Medicare + Medicaid),Dual-Eligible,Dual-Eligible (Medicare/Medicaid),FIPS 39121,,393,393,https://data.cms.gov/summary-statistics-on-beneficiary-enrollment/medicare-and-medicaid-reports/medicare-monthly-enrollment,2026-02,[source: CMS Medicare Monthly Enrollment 2026-02; DUAL_TOT_BENES]
OH,Ottawa,Dual-Eligible (Medicare + Medicaid),Dual-Eligible,Dual-Eligible (Medicare/Medicaid),FIPS 39123,,1221,1221,https://data.cms.gov/summary-statistics-on-beneficiary-enrollment/medicare-and-medicaid-reports/medicare-monthly-enrollment,2026-02,[source: CMS Medicare Monthly Enrollment 2026-02; DUAL_TOT_BENES]
OH,Paulding,Dual-Eligible (Medicare + Medicaid),Dual-Eligible,Dual-Eligible (Medicare/Medicaid),FIPS 39125,,550,550,https://data.cms.gov/summary-statistics-on-beneficiary-enrollment/medicare-and-medicaid-reports/medicare-monthly-enrollment,2026-02,[source: CMS Medicare Monthly Enrollment 2026-02; DUAL_TOT_BENES]
OH,Perry,Dual-Eligible (Medicare + Medicaid),Dual-Eligible,Dual-Eligible (Medicare/Medicaid),FIPS 39127,,1688,1688,https://data.cms.gov/summary-statistics-on-beneficiary-enrollment/medicare-and-medicaid-reports/medicare-monthly-enrollment,2026-02,[source: CMS Medicare Monthly Enrollment 2026-02; DUAL_TOT_BENES]
OH,Pickaway,Dual-Eligible (Medicare + Medicaid),Dual-Eligible,Dual-Eligible (Medicare/Medicaid),FIPS 39129,,1713,1713,https://data.cms.gov/summary-statistics-on-beneficiary-enrollment/medicare-and-medicaid-reports/medicare-monthly-enrollment,2026-02,[source: CMS Medicare Monthly Enrollment 2026-02; DUAL_TOT_BENES]
OH,Pike,Dual-Eligible (Medicare + Medicaid),Dual-Eligible,Dual-Eligible (Medicare/Medicaid),FIPS 39131,,1400,1400,https://data.cms.gov/summary-statistics-on-beneficiary-enrollment/medicare-and-medicaid-reports/medicare-monthly-enrollment,2026-02,[source: CMS Medicare Monthly Enrollment 2026-02; DUAL_TOT_BENES]
OH,Portage,Dual-Eligible (Medicare + Medicaid),Dual-Eligible,Dual-Eligible (Medicare/Medicaid),FIPS 39133,,4469,4469,https://data.cms.gov/summary-statistics-on-beneficiary-enrollment/medicare-and-medicaid-reports/medicare-monthly-enrollment,2026-02,[source: CMS Medicare Monthly Enrollment 2026-02; DUAL_TOT_BENES]
OH,Preble,Dual-Eligible (Medicare + Medicaid),Dual-Eligible,Dual-Eligible (Medicare/Medicaid),FIPS 39135,,1344,1344,https://data.cms.gov/summary-statistics-on-beneficiary-enrollment/medicare-and-medicaid-reports/medicare-monthly-enrollment,2026-02,[source: CMS Medicare Monthly Enrollment 2026-02; DUAL_TOT_BENES]
OH,Putnam,Dual-Eligible (Medicare + Medicaid),Dual-Eligible,Dual-Eligible (Medicare/Medicaid),FIPS 39137,,787,787,https://data.cms.gov/summary-statistics-on-beneficiary-enrollment/medicare-and-medicaid-reports/medicare-monthly-enrollment,2026-02,[source: CMS Medicare Monthly Enrollment 2026-02; DUAL_TOT_BENES]
OH,Richland,Dual-Eligible (Medicare + Medicaid),Dual-Eligible,Dual-Eligible (Medicare/Medicaid),FIPS 39139,,5066,5066,https://data.cms.gov/summary-statistics-on-beneficiary-enrollment/medicare-and-medicaid-reports/medicare-monthly-enrollment,2026-02,[source: CMS Medicare Monthly Enrollment 2026-02; DUAL_TOT_BENES]
OH,Ross,Dual-Eligible (Medicare + Medicaid),Dual-Eligible,Dual-Eligible (Medicare/Medicaid),FIPS 39141,,3300,3300,https://data.cms.gov/summary-statistics-on-beneficiary-enrollment/medicare-and-medicaid-reports/medicare-monthly-enrollment,2026-02,[source: CMS Medicare Monthly Enrollment 2026-02; DUAL_TOT_BENES]
OH,Sandusky,Dual-Eligible (Medicare + Medicaid),Dual-Eligible,Dual-Eligible (Medicare/Medicaid),FIPS 39143,,1922,1922,https://data.cms.gov/summary-statistics-on-beneficiary-enrollment/medicare-and-medicaid-reports/medicare-monthly-enrollment,2026-02,[source: CMS Medicare Monthly Enrollment 2026-02; DUAL_TOT_BENES]
OH,Scioto,Dual-Eligible (Medicare + Medicaid),Dual-Eligible,Dual-Eligible (Medicare/Medicaid),FIPS 39145,,4160,4160,https://data.cms.gov/summary-statistics-on-beneficiary-enrollment/medicare-and-medicaid-reports/medicare-monthly-enrollment,2026-02,[source: CMS Medicare Monthly Enrollment 2026-02; DUAL_TOT_BENES]
OH,Seneca,Dual-Eligible (Medicare + Medicaid),Dual-Eligible,Dual-Eligible (Medicare/Medicaid),FIPS 39147,,2107,2107,https://data.cms.gov/summary-statistics-on-beneficiary-enrollment/medicare-and-medicaid-reports/medicare-monthly-enrollment,2026-02,[source: CMS Medicare Monthly Enrollment 2026-02; DUAL_TOT_BENES]
OH,Shelby,Dual-Eligible (Medicare + Medicaid),Dual-Eligible,Dual-Eligible (Medicare/Medicaid),FIPS 39149,,1186,1186,https://data.cms.gov/summary-statistics-on-beneficiary-enrollment/medicare-and-medicaid-reports/medicare-monthly-enrollment,2026-02,[source: CMS Medicare Monthly Enrollment 2026-02; DUAL_TOT_BENES]
OH,Stark,Dual-Eligible (Medicare + Medicaid),Dual-Eligible,Dual-Eligible (Medicare/Medicaid),FIPS 39151,,13814,13814,https://data.cms.gov/summary-statistics-on-beneficiary-enrollment/medicare-and-medicaid-reports/medicare-monthly-enrollment,2026-02,[source: CMS Medicare Monthly Enrollment 2026-02; DUAL_TOT_BENES]
OH,Summit,Dual-Eligible (Medicare + Medicaid),Dual-Eligible,Dual-Eligible (Medicare/Medicaid),FIPS 39153,,20764,20764,https://data.cms.gov/summary-statistics-on-beneficiary-enrollment/medicare-and-medicaid-reports/medicare-monthly-enrollment,2026-02,[source: CMS Medicare Monthly Enrollment 2026-02; DUAL_TOT_BENES]
OH,Trumbull,Dual-Eligible (Medicare + Medicaid),Dual-Eligible,Dual-Eligible (Medicare/Medicaid),FIPS 39155,,8408,8408,https://data.cms.gov/summary-statistics-on-beneficiary-enrollment/medicare-and-medicaid-reports/medicare-monthly-enrollment,2026-02,[source: CMS Medicare Monthly Enrollment 2026-02; DUAL_TOT_BENES]
OH,Tuscarawas,Dual-Eligible (Medicare + Medicaid),Dual-Eligible,Dual-Eligible (Medicare/Medicaid),FIPS 39157,,3368,3368,https://data.cms.gov/summary-statistics-on-beneficiary-enrollment/medicare-and-medicaid-reports/medicare-monthly-enrollment,2026-02,[source: CMS Medicare Monthly Enrollment 2026-02; DUAL_TOT_BENES]
OH,Union,Dual-Eligible (Medicare + Medicaid),Dual-Eligible,Dual-Eligible (Medicare/Medicaid),FIPS 39159,,1001,1001,https://data.cms.gov/summary-statistics-on-beneficiary-enrollment/medicare-and-medicaid-reports/medicare-monthly-enrollment,2026-02,[source: CMS Medicare Monthly Enrollment 2026-02; DUAL_TOT_BENES]
OH,Van Wert,Dual-Eligible (Medicare + Medicaid),Dual-Eligible,Dual-Eligible (Medicare/Medicaid),FIPS 39161,,818,818,https://data.cms.gov/summary-statistics-on-beneficiary-enrollment/medicare-and-medicaid-reports/medicare-monthly-enrollment,2026-02,[source: CMS Medicare Monthly Enrollment 2026-02; DUAL_TOT_BENES]
OH,Vinton,Dual-Eligible (Medicare + Medicaid),Dual-Eligible,Dual-Eligible (Medicare/Medicaid),FIPS 39163,,636,636,https://data.cms.gov/summary-statistics-on-beneficiary-enrollment/medicare-and-medicaid-reports/medicare-monthly-enrollment,2026-02,[source: CMS Medicare Monthly Enrollment 2026-02; DUAL_TOT_BENES]
OH,Warren,Dual-Eligible (Medicare + Medicaid),Dual-Eligible,Dual-Eligible (Medicare/Medicaid),FIPS 39165,,3842,3842,https://data.cms.gov/summary-statistics-on-beneficiary-enrollment/medicare-and-medicaid-reports/medicare-monthly-enrollment,2026-02,[source: CMS Medicare Monthly Enrollment 2026-02; DUAL_TOT_BENES]
OH,Washington,Dual-Eligible (Medicare + Medicaid),Dual-Eligible,Dual-Eligible (Medicare/Medicaid),FIPS 39167,,2707,2707,https://data.cms.gov/summary-statistics-on-beneficiary-enrollment/medicare-and-medicaid-reports/medicare-monthly-enrollment,2026-02,[source: CMS Medicare Monthly Enrollment 2026-02; DUAL_TOT_BENES]
OH,Wayne,Dual-Eligible (Medicare + Medicaid),Dual-Eligible,Dual-Eligible (Medicare/Medicaid),FIPS 39169,,3228,3228,https://data.cms.gov/summary-statistics-on-beneficiary-enrollment/medicare-and-medicaid-reports/medicare-monthly-enrollment,2026-02,[source: CMS Medicare Monthly Enrollment 2026-02; DUAL_TOT_BENES]
OH,Williams,Dual-Eligible (Medicare + Medicaid),Dual-Eligible,Dual-Eligible (Medicare/Medicaid),FIPS 39171,,1176,1176,https://data.cms.gov/summary-statistics-on-beneficiary-enrollment/medicare-and-medicaid-reports/medicare-monthly-enrollment,2026-02,[source: CMS Medicare Monthly Enrollment 2026-02; DUAL_TOT_BENES]
OH,Wood,Dual-Eligible (Medicare + Medicaid),Dual-Eligible,Dual-Eligible (Medicare/Medicaid),FIPS 39173,,2876,2876,https://data.cms.gov/summary-statistics-on-beneficiary-enrollment/medicare-and-medicaid-reports/medicare-monthly-enrollment,2026-02,[source: CMS Medicare Monthly Enrollment 2026-02; DUAL_TOT_BENES]
OH,Wyandot,Dual-Eligible (Medicare + Medicaid),Dual-Eligible,Dual-Eligible (Medicare/Medicaid),FIPS 39175,,764,764,https://data.cms.gov/summary-statistics-on-beneficiary-enrollment/medicare-and-medicaid-reports/medicare-monthly-enrollment,2026-02,[source: CMS Medicare Monthly Enrollment 2026-02; DUAL_TOT_BENES]
OR,Baker,Dual-Eligible (Medicare + Medicaid),Dual-Eligible,Dual-Eligible (Medicare/Medicaid),FIPS 41001,,980,980,https://data.cms.gov/summary-statistics-on-beneficiary-enrollment/medicare-and-medicaid-reports/medicare-monthly-enrollment,2026-02,[source: CMS Medicare Monthly Enrollment 2026-02; DUAL_TOT_BENES]
OR,Benton,Dual-Eligible (Medicare + Medicaid),Dual-Eligible,Dual-Eligible (Medicare/Medicaid),FIPS 41003,,2355,2355,https://data.cms.gov/summary-statistics-on-beneficiary-enrollment/medicare-and-medicaid-reports/medicare-monthly-enrollment,2026-02,[source: CMS Medicare Monthly Enrollment 2026-02; DUAL_TOT_BENES]
OR,Clackamas,Dual-Eligible (Medicare + Medicaid),Dual-Eligible,Dual-Eligible (Medicare/Medicaid),FIPS 41005,,12184,12184,https://data.cms.gov/summary-statistics-on-beneficiary-enrollment/medicare-and-medicaid-reports/medicare-monthly-enrollment,2026-02,[source: CMS Medicare Monthly Enrollment 2026-02; DUAL_TOT_BENES]
OR,Clatsop,Dual-Eligible (Medicare + Medicaid),Dual-Eligible,Dual-Eligible (Medicare/Medicaid),FIPS 41007,,2054,2054,https://data.cms.gov/summary-statistics-on-beneficiary-enrollment/medicare-and-medicaid-reports/medicare-monthly-enrollment,2026-02,[source: CMS Medicare Monthly Enrollment 2026-02; DUAL_TOT_BENES]
OR,Columbia,Dual-Eligible (Medicare + Medicaid),Dual-Eligible,Dual-Eligible (Medicare/Medicaid),FIPS 41009,,2111,2111,https://data.cms.gov/summary-statistics-on-beneficiary-enrollment/medicare-and-medicaid-reports/medicare-monthly-enrollment,2026-02,[source: CMS Medicare Monthly Enrollment 2026-02; DUAL_TOT_BENES]
OR,Coos,Dual-Eligible (Medicare + Medicaid),Dual-Eligible,Dual-Eligible (Medicare/Medicaid),FIPS 41011,,4711,4711,https://data.cms.gov/summary-statistics-on-beneficiary-enrollment/medicare-and-medicaid-reports/medicare-monthly-enrollment,2026-02,[source: CMS Medicare Monthly Enrollment 2026-02; DUAL_TOT_BENES]
OR,Crook,Dual-Eligible (Medicare + Medicaid),Dual-Eligible,Dual-Eligible (Medicare/Medicaid),FIPS 41013,,1219,1219,https://data.cms.gov/summary-statistics-on-beneficiary-enrollment/medicare-and-medicaid-reports/medicare-monthly-enrollment,2026-02,[source: CMS Medicare Monthly Enrollment 2026-02; DUAL_TOT_BENES]
OR,Curry,Dual-Eligible (Medicare + Medicaid),Dual-Eligible,Dual-Eligible (Medicare/Medicaid),FIPS 41015,,1759,1759,https://data.cms.gov/summary-statistics-on-beneficiary-enrollment/medicare-and-medicaid-reports/medicare-monthly-enrollment,2026-02,[source: CMS Medicare Monthly Enrollment 2026-02; DUAL_TOT_BENES]
OR,Deschutes,Dual-Eligible (Medicare + Medicaid),Dual-Eligible,Dual-Eligible (Medicare/Medicaid),FIPS 41017,,5996,5996,https://data.cms.gov/summary-statistics-on-beneficiary-enrollment/medicare-and-medicaid-reports/medicare-monthly-enrollment,2026-02,[source: CMS Medicare Monthly Enrollment 2026-02; DUAL_TOT_BENES]
OR,Douglas,Dual-Eligible (Medicare + Medicaid),Dual-Eligible,Dual-Eligible (Medicare/Medicaid),FIPS 41019,,7147,7147,https://data.cms.gov/summary-statistics-on-beneficiary-enrollment/medicare-and-medicaid-reports/medicare-monthly-enrollment,2026-02,[source: CMS Medicare Monthly Enrollment 2026-02; DUAL_TOT_BENES]
OR,Gilliam,Dual-Eligible (Medicare + Medicaid),Dual-Eligible,Dual-Eligible (Medicare/Medicaid),FIPS 41021,,112,112,https://data.cms.gov/summary-statistics-on-beneficiary-enrollment/medicare-and-medicaid-reports/medicare-monthly-enrollment,2026-02,[source: CMS Medicare Monthly Enrollment 2026-02; DUAL_TOT_BENES]
OR,Grant,Dual-Eligible (Medicare + Medicaid),Dual-Eligible,Dual-Eligible (Medicare/Medicaid),FIPS 41023,,414,414,https://data.cms.gov/summary-statistics-on-beneficiary-enrollment/medicare-and-medicaid-reports/medicare-monthly-enrollment,2026-02,[source: CMS Medicare Monthly Enrollment 2026-02; DUAL_TOT_BENES]
OR,Harney,Dual-Eligible (Medicare + Medicaid),Dual-Eligible,Dual-Eligible (Medicare/Medicaid),FIPS 41025,,463,463,https://data.cms.gov/summary-statistics-on-beneficiary-enrollment/medicare-and-medicaid-reports/medicare-monthly-enrollment,2026-02,[source: CMS Medicare Monthly Enrollment 2026-02; DUAL_TOT_BENES]
OR,Hood River,Dual-Eligible (Medicare + Medicaid),Dual-Eligible,Dual-Eligible (Medicare/Medicaid),FIPS 41027,,745,745,https://data.cms.gov/summary-statistics-on-beneficiary-enrollment/medicare-and-medicaid-reports/medicare-monthly-enrollment,2026-02,[source: CMS Medicare Monthly Enrollment 2026-02; DUAL_TOT_BENES]
OR,Jackson,Dual-Eligible (Medicare + Medicaid),Dual-Eligible,Dual-Eligible (Medicare/Medicaid),FIPS 41029,,10852,10852,https://data.cms.gov/summary-statistics-on-beneficiary-enrollment/medicare-and-medicaid-reports/medicare-monthly-enrollment,2026-02,[source: CMS Medicare Monthly Enrollment 2026-02; DUAL_TOT_BENES]
OR,Jefferson,Dual-Eligible (Medicare + Medicaid),Dual-Eligible,Dual-Eligible (Medicare/Medicaid),FIPS 41031,,1299,1299,https://data.cms.gov/summary-statistics-on-beneficiary-enrollment/medicare-and-medicaid-reports/medicare-monthly-enrollment,2026-02,[source: CMS Medicare Monthly Enrollment 2026-02; DUAL_TOT_BENES]
OR,Josephine,Dual-Eligible (Medicare + Medicaid),Dual-Eligible,Dual-Eligible (Medicare/Medicaid),FIPS 41033,,5878,5878,https://data.cms.gov/summary-statistics-on-beneficiary-enrollment/medicare-and-medicaid-reports/medicare-monthly-enrollment,2026-02,[source: CMS Medicare Monthly Enrollment 2026-02; DUAL_TOT_BENES]
OR,Klamath,Dual-Eligible (Medicare + Medicaid),Dual-Eligible,Dual-Eligible (Medicare/Medicaid),FIPS 41035,,4170,4170,https://data.cms.gov/summary-statistics-on-beneficiary-enrollment/medicare-and-medicaid-reports/medicare-monthly-enrollment,2026-02,[source: CMS Medicare Monthly Enrollment 2026-02; DUAL_TOT_BENES]
OR,Lake,Dual-Eligible (Medicare + Medicaid),Dual-Eligible,Dual-Eligible (Medicare/Medicaid),FIPS 41037,,541,541,https://data.cms.gov/summary-statistics-on-beneficiary-enrollment/medicare-and-medicaid-reports/medicare-monthly-enrollment,2026-02,[source: CMS Medicare Monthly Enrollment 2026-02; DUAL_TOT_BENES]
OR,Lane,Dual-Eligible (Medicare + Medicaid),Dual-Eligible,Dual-Eligible (Medicare/Medicaid),FIPS 41039,,17813,17813,https://data.cms.gov/summary-statistics-on-beneficiary-enrollment/medicare-and-medicaid-reports/medicare-monthly-enrollment,2026-02,[source: CMS Medicare Monthly Enrollment 2026-02; DUAL_TOT_BENES]
OR,Lincoln,Dual-Eligible (Medicare + Medicaid),Dual-Eligible,Dual-Eligible (Medicare/Medicaid),FIPS 41041,,3109,3109,https://data.cms.gov/summary-statistics-on-beneficiary-enrollment/medicare-and-medicaid-reports/medicare-monthly-enrollment,2026-02,[source: CMS Medicare Monthly Enrollment 2026-02; DUAL_TOT_BENES]
OR,Linn,Dual-Eligible (Medicare + Medicaid),Dual-Eligible,Dual-Eligible (Medicare/Medicaid),FIPS 41043,,6141,6141,https://data.cms.gov/summary-statistics-on-beneficiary-enrollment/medicare-and-medicaid-reports/medicare-monthly-enrollment,2026-02,[source: CMS Medicare Monthly Enrollment 2026-02; DUAL_TOT_BENES]
OR,Malheur,Dual-Eligible (Medicare + Medicaid),Dual-Eligible,Dual-Eligible (Medicare/Medicaid),FIPS 41045,,1727,1727,https://data.cms.gov/summary-statistics-on-beneficiary-enrollment/medicare-and-medicaid-reports/medicare-monthly-enrollment,2026-02,[source: CMS Medicare Monthly Enrollment 2026-02; DUAL_TOT_BENES]
OR,Marion,Dual-Eligible (Medicare + Medicaid),Dual-Eligible,Dual-Eligible (Medicare/Medicaid),FIPS 41047,,14088,14088,https://data.cms.gov/summary-statistics-on-beneficiary-enrollment/medicare-and-medicaid-reports/medicare-monthly-enrollment,2026-02,[source: CMS Medicare Monthly Enrollment 2026-02; DUAL_TOT_BENES]
OR,Morrow,Dual-Eligible (Medicare + Medicaid),Dual-Eligible,Dual-Eligible (Medicare/Medicaid),FIPS 41049,,479,479,https://data.cms.gov/summary-statistics-on-beneficiary-enrollment/medicare-and-medicaid-reports/medicare-monthly-enrollment,2026-02,[source: CMS Medicare Monthly Enrollment 2026-02; DUAL_TOT_BENES]
OR,Multnomah,Dual-Eligible (Medicare + Medicaid),Dual-Eligible,Dual-Eligible (Medicare/Medicaid),FIPS 41051,,31398,31398,https://data.cms.gov/summary-statistics-on-beneficiary-enrollment/medicare-and-medicaid-reports/medicare-monthly-enrollment,2026-02,[source: CMS Medicare Monthly Enrollment 2026-02; DUAL_TOT_BENES]
OR,Polk,Dual-Eligible (Medicare + Medicaid),Dual-Eligible,Dual-Eligible (Medicare/Medicaid),FIPS 41053,,2991,2991,https://data.cms.gov/summary-statistics-on-beneficiary-enrollment/medicare-and-medicaid-reports/medicare-monthly-enrollment,2026-02,[source: CMS Medicare Monthly Enrollment 2026-02; DUAL_TOT_BENES]
OR,Sherman,Dual-Eligible (Medicare + Medicaid),Dual-Eligible,Dual-Eligible (Medicare/Medicaid),FIPS 41055,,90,90,https://data.cms.gov/summary-statistics-on-beneficiary-enrollment/medicare-and-medicaid-reports/medicare-monthly-enrollment,2026-02,[source: CMS Medicare Monthly Enrollment 2026-02; DUAL_TOT_BENES]
OR,Tillamook,Dual-Eligible (Medicare + Medicaid),Dual-Eligible,Dual-Eligible (Medicare/Medicaid),FIPS 41057,,1422,1422,https://data.cms.gov/summary-statistics-on-beneficiary-enrollment/medicare-and-medicaid-reports/medicare-monthly-enrollment,2026-02,[source: CMS Medicare Monthly Enrollment 2026-02; DUAL_TOT_BENES]
OR,Umatilla,Dual-Eligible (Medicare + Medicaid),Dual-Eligible,Dual-Eligible (Medicare/Medicaid),FIPS 41059,,3578,3578,https://data.cms.gov/summary-statistics-on-beneficiary-enrollment/medicare-and-medicaid-reports/medicare-monthly-enrollment,2026-02,[source: CMS Medicare Monthly Enrollment 2026-02; DUAL_TOT_BENES]
OR,Union,Dual-Eligible (Medicare + Medicaid),Dual-Eligible,Dual-Eligible (Medicare/Medicaid),FIPS 41061,,1177,1177,https://data.cms.gov/summary-statistics-on-beneficiary-enrollment/medicare-and-medicaid-reports/medicare-monthly-enrollment,2026-02,[source: CMS Medicare Monthly Enrollment 2026-02; DUAL_TOT_BENES]
OR,Wallowa,Dual-Eligible (Medicare + Medicaid),Dual-Eligible,Dual-Eligible (Medicare/Medicaid),FIPS 41063,,413,413,https://data.cms.gov/summary-statistics-on-beneficiary-enrollment/medicare-and-medicaid-reports/medicare-monthly-enrollment,2026-02,[source: CMS Medicare Monthly Enrollment 2026-02; DUAL_TOT_BENES]
OR,Wasco,Dual-Eligible (Medicare + Medicaid),Dual-Eligible,Dual-Eligible (Medicare/Medicaid),FIPS 41065,,1261,1261,https://data.cms.gov/summary-statistics-on-beneficiary-enrollment/medicare-and-medicaid-reports/medicare-monthly-enrollment,2026-02,[source: CMS Medicare Monthly Enrollment 2026-02; DUAL_TOT_BENES]
OR,Washington,Dual-Eligible (Medicare + Medicaid),Dual-Eligible,Dual-Eligible (Medicare/Medicaid),FIPS 41067,,15125,15125,https://data.cms.gov/summary-statistics-on-beneficiary-enrollment/medicare-and-medicaid-reports/medicare-monthly-enrollment,2026-02,[source: CMS Medicare Monthly Enrollment 2026-02; DUAL_TOT_BENES]
OR,Wheeler,Dual-Eligible (Medicare + Medicaid),Dual-Eligible,Dual-Eligible (Medicare/Medicaid),FIPS 41069,,88,88,https://data.cms.gov/summary-statistics-on-beneficiary-enrollment/medicare-and-medicaid-reports/medicare-monthly-enrollment,2026-02,[source: CMS Medicare Monthly Enrollment 2026-02; DUAL_TOT_BENES]
OR,Yamhill,Dual-Eligible (Medicare + Medicaid),Dual-Eligible,Dual-Eligible (Medicare/Medicaid),FIPS 41071,,3813,3813,https://data.cms.gov/summary-statistics-on-beneficiary-enrollment/medicare-and-medicaid-reports/medicare-monthly-enrollment,2026-02,[source: CMS Medicare Monthly Enrollment 2026-02; DUAL_TOT_BENES]
PA,Adams,Dual-Eligible (Medicare + Medicaid),Dual-Eligible,Dual-Eligible (Medicare/Medicaid),FIPS 42001,,2301,2301,https://data.cms.gov/summary-statistics-on-beneficiary-enrollment/medicare-and-medicaid-reports/medicare-monthly-enrollment,2026-02,[source: CMS Medicare Monthly Enrollment 2026-02; DUAL_TOT_BENES]
PA,Allegheny,Dual-Eligible (Medicare + Medicaid),Dual-Eligible,Dual-Eligible (Medicare/Medicaid),FIPS 42003,,40481,40481,https://data.cms.gov/summary-statistics-on-beneficiary-enrollment/medicare-and-medicaid-reports/medicare-monthly-enrollment,2026-02,[source: CMS Medicare Monthly Enrollment 2026-02; DUAL_TOT_BENES]
PA,Armstrong,Dual-Eligible (Medicare + Medicaid),Dual-Eligible,Dual-Eligible (Medicare/Medicaid),FIPS 42005,,2778,2778,https://data.cms.gov/summary-statistics-on-beneficiary-enrollment/medicare-and-medicaid-reports/medicare-monthly-enrollment,2026-02,[source: CMS Medicare Monthly Enrollment 2026-02; DUAL_TOT_BENES]
PA,Beaver,Dual-Eligible (Medicare + Medicaid),Dual-Eligible,Dual-Eligible (Medicare/Medicaid),FIPS 42007,,6461,6461,https://data.cms.gov/summary-statistics-on-beneficiary-enrollment/medicare-and-medicaid-reports/medicare-monthly-enrollment,2026-02,[source: CMS Medicare Monthly Enrollment 2026-02; DUAL_TOT_BENES]
PA,Bedford,Dual-Eligible (Medicare + Medicaid),Dual-Eligible,Dual-Eligible (Medicare/Medicaid),FIPS 42009,,2283,2283,https://data.cms.gov/summary-statistics-on-beneficiary-enrollment/medicare-and-medicaid-reports/medicare-monthly-enrollment,2026-02,[source: CMS Medicare Monthly Enrollment 2026-02; DUAL_TOT_BENES]
PA,Berks,Dual-Eligible (Medicare + Medicaid),Dual-Eligible,Dual-Eligible (Medicare/Medicaid),FIPS 42011,,14736,14736,https://data.cms.gov/summary-statistics-on-beneficiary-enrollment/medicare-and-medicaid-reports/medicare-monthly-enrollment,2026-02,[source: CMS Medicare Monthly Enrollment 2026-02; DUAL_TOT_BENES]
PA,Blair,Dual-Eligible (Medicare + Medicaid),Dual-Eligible,Dual-Eligible (Medicare/Medicaid),FIPS 42013,,5720,5720,https://data.cms.gov/summary-statistics-on-beneficiary-enrollment/medicare-and-medicaid-reports/medicare-monthly-enrollment,2026-02,[source: CMS Medicare Monthly Enrollment 2026-02; DUAL_TOT_BENES]
PA,Bradford,Dual-Eligible (Medicare + Medicaid),Dual-Eligible,Dual-Eligible (Medicare/Medicaid),FIPS 42015,,2443,2443,https://data.cms.gov/summary-statistics-on-beneficiary-enrollment/medicare-and-medicaid-reports/medicare-monthly-enrollment,2026-02,[source: CMS Medicare Monthly Enrollment 2026-02; DUAL_TOT_BENES]
PA,Bucks,Dual-Eligible (Medicare + Medicaid),Dual-Eligible,Dual-Eligible (Medicare/Medicaid),FIPS 42017,,14647,14647,https://data.cms.gov/summary-statistics-on-beneficiary-enrollment/medicare-and-medicaid-reports/medicare-monthly-enrollment,2026-02,[source: CMS Medicare Monthly Enrollment 2026-02; DUAL_TOT_BENES]
PA,Butler,Dual-Eligible (Medicare + Medicaid),Dual-Eligible,Dual-Eligible (Medicare/Medicaid),FIPS 42019,,4965,4965,https://data.cms.gov/summary-statistics-on-beneficiary-enrollment/medicare-and-medicaid-reports/medicare-monthly-enrollment,2026-02,[source: CMS Medicare Monthly Enrollment 2026-02; DUAL_TOT_BENES]
PA,Cambria,Dual-Eligible (Medicare + Medicaid),Dual-Eligible,Dual-Eligible (Medicare/Medicaid),FIPS 42021,,6771,6771,https://data.cms.gov/summary-statistics-on-beneficiary-enrollment/medicare-and-medicaid-reports/medicare-monthly-enrollment,2026-02,[source: CMS Medicare Monthly Enrollment 2026-02; DUAL_TOT_BENES]
PA,Cameron,Dual-Eligible (Medicare + Medicaid),Dual-Eligible,Dual-Eligible (Medicare/Medicaid),FIPS 42023,,262,262,https://data.cms.gov/summary-statistics-on-beneficiary-enrollment/medicare-and-medicaid-reports/medicare-monthly-enrollment,2026-02,[source: CMS Medicare Monthly Enrollment 2026-02; DUAL_TOT_BENES]
PA,Carbon,Dual-Eligible (Medicare + Medicaid),Dual-Eligible,Dual-Eligible (Medicare/Medicaid),FIPS 42025,,2366,2366,https://data.cms.gov/summary-statistics-on-beneficiary-enrollment/medicare-and-medicaid-reports/medicare-monthly-enrollment,2026-02,[source: CMS Medicare Monthly Enrollment 2026-02; DUAL_TOT_BENES]
PA,Centre,Dual-Eligible (Medicare + Medicaid),Dual-Eligible,Dual-Eligible (Medicare/Medicaid),FIPS 42027,,2439,2439,https://data.cms.gov/summary-statistics-on-beneficiary-enrollment/medicare-and-medicaid-reports/medicare-monthly-enrollment,2026-02,[source: CMS Medicare Monthly Enrollment 2026-02; DUAL_TOT_BENES]
PA,Chester,Dual-Eligible (Medicare + Medicaid),Dual-Eligible,Dual-Eligible (Medicare/Medicaid),FIPS 42029,,8277,8277,https://data.cms.gov/summary-statistics-on-beneficiary-enrollment/medicare-and-medicaid-reports/medicare-monthly-enrollment,2026-02,[source: CMS Medicare Monthly Enrollment 2026-02; DUAL_TOT_BENES]
PA,Clarion,Dual-Eligible (Medicare + Medicaid),Dual-Eligible,Dual-Eligible (Medicare/Medicaid),FIPS 42031,,1642,1642,https://data.cms.gov/summary-statistics-on-beneficiary-enrollment/medicare-and-medicaid-reports/medicare-monthly-enrollment,2026-02,[source: CMS Medicare Monthly Enrollment 2026-02; DUAL_TOT_BENES]
PA,Clearfield,Dual-Eligible (Medicare + Medicaid),Dual-Eligible,Dual-Eligible (Medicare/Medicaid),FIPS 42033,,3595,3595,https://data.cms.gov/summary-statistics-on-beneficiary-enrollment/medicare-and-medicaid-reports/medicare-monthly-enrollment,2026-02,[source: CMS Medicare Monthly Enrollment 2026-02; DUAL_TOT_BENES]
PA,Clinton,Dual-Eligible (Medicare + Medicaid),Dual-Eligible,Dual-Eligible (Medicare/Medicaid),FIPS 42035,,1509,1509,https://data.cms.gov/summary-statistics-on-beneficiary-enrollment/medicare-and-medicaid-reports/medicare-monthly-enrollment,2026-02,[source: CMS Medicare Monthly Enrollment 2026-02; DUAL_TOT_BENES]
PA,Columbia,Dual-Eligible (Medicare + Medicaid),Dual-Eligible,Dual-Eligible (Medicare/Medicaid),FIPS 42037,,2511,2511,https://data.cms.gov/summary-statistics-on-beneficiary-enrollment/medicare-and-medicaid-reports/medicare-monthly-enrollment,2026-02,[source: CMS Medicare Monthly Enrollment 2026-02; DUAL_TOT_BENES]
PA,Crawford,Dual-Eligible (Medicare + Medicaid),Dual-Eligible,Dual-Eligible (Medicare/Medicaid),FIPS 42039,,3900,3900,https://data.cms.gov/summary-statistics-on-beneficiary-enrollment/medicare-and-medicaid-reports/medicare-monthly-enrollment,2026-02,[source: CMS Medicare Monthly Enrollment 2026-02; DUAL_TOT_BENES]
PA,Cumberland,Dual-Eligible (Medicare + Medicaid),Dual-Eligible,Dual-Eligible (Medicare/Medicaid),FIPS 42041,,6436,6436,https://data.cms.gov/summary-statistics-on-beneficiary-enrollment/medicare-and-medicaid-reports/medicare-monthly-enrollment,2026-02,[source: CMS Medicare Monthly Enrollment 2026-02; DUAL_TOT_BENES]
PA,Dauphin,Dual-Eligible (Medicare + Medicaid),Dual-Eligible,Dual-Eligible (Medicare/Medicaid),FIPS 42043,,10727,10727,https://data.cms.gov/summary-statistics-on-beneficiary-enrollment/medicare-and-medicaid-reports/medicare-monthly-enrollment,2026-02,[source: CMS Medicare Monthly Enrollment 2026-02; DUAL_TOT_BENES]
PA,Delaware,Dual-Eligible (Medicare + Medicaid),Dual-Eligible,Dual-Eligible (Medicare/Medicaid),FIPS 42045,,18391,18391,https://data.cms.gov/summary-statistics-on-beneficiary-enrollment/medicare-and-medicaid-reports/medicare-monthly-enrollment,2026-02,[source: CMS Medicare Monthly Enrollment 2026-02; DUAL_TOT_BENES]
PA,Elk,Dual-Eligible (Medicare + Medicaid),Dual-Eligible,Dual-Eligible (Medicare/Medicaid),FIPS 42047,,1109,1109,https://data.cms.gov/summary-statistics-on-beneficiary-enrollment/medicare-and-medicaid-reports/medicare-monthly-enrollment,2026-02,[source: CMS Medicare Monthly Enrollment 2026-02; DUAL_TOT_BENES]
PA,Erie,Dual-Eligible (Medicare + Medicaid),Dual-Eligible,Dual-Eligible (Medicare/Medicaid),FIPS 42049,,12288,12288,https://data.cms.gov/summary-statistics-on-beneficiary-enrollment/medicare-and-medicaid-reports/medicare-monthly-enrollment,2026-02,[source: CMS Medicare Monthly Enrollment 2026-02; DUAL_TOT_BENES]
PA,Fayette,Dual-Eligible (Medicare + Medicaid),Dual-Eligible,Dual-Eligible (Medicare/Medicaid),FIPS 42051,,7651,7651,https://data.cms.gov/summary-statistics-on-beneficiary-enrollment/medicare-and-medicaid-reports/medicare-monthly-enrollment,2026-02,[source: CMS Medicare Monthly Enrollment 2026-02; DUAL_TOT_BENES]
PA,Forest,Dual-Eligible (Medicare + Medicaid),Dual-Eligible,Dual-Eligible (Medicare/Medicaid),FIPS 42053,,337,337,https://data.cms.gov/summary-statistics-on-beneficiary-enrollment/medicare-and-medicaid-reports/medicare-monthly-enrollment,2026-02,[source: CMS Medicare Monthly Enrollment 2026-02; DUAL_TOT_BENES]
PA,Franklin,Dual-Eligible (Medicare + Medicaid),Dual-Eligible,Dual-Eligible (Medicare/Medicaid),FIPS 42055,,4370,4370,https://data.cms.gov/summary-statistics-on-beneficiary-enrollment/medicare-and-medicaid-reports/medicare-monthly-enrollment,2026-02,[source: CMS Medicare Monthly Enrollment 2026-02; DUAL_TOT_BENES]
PA,Fulton,Dual-Eligible (Medicare + Medicaid),Dual-Eligible,Dual-Eligible (Medicare/Medicaid),FIPS 42057,,599,599,https://data.cms.gov/summary-statistics-on-beneficiary-enrollment/medicare-and-medicaid-reports/medicare-monthly-enrollment,2026-02,[source: CMS Medicare Monthly Enrollment 2026-02; DUAL_TOT_BENES]
PA,Greene,Dual-Eligible (Medicare + Medicaid),Dual-Eligible,Dual-Eligible (Medicare/Medicaid),FIPS 42059,,1740,1740,https://data.cms.gov/summary-statistics-on-beneficiary-enrollment/medicare-and-medicaid-reports/medicare-monthly-enrollment,2026-02,[source: CMS Medicare Monthly Enrollment 2026-02; DUAL_TOT_BENES]
PA,Huntingdon,Dual-Eligible (Medicare + Medicaid),Dual-Eligible,Dual-Eligible (Medicare/Medicaid),FIPS 42061,,1665,1665,https://data.cms.gov/summary-statistics-on-beneficiary-enrollment/medicare-and-medicaid-reports/medicare-monthly-enrollment,2026-02,[source: CMS Medicare Monthly Enrollment 2026-02; DUAL_TOT_BENES]
PA,Indiana,Dual-Eligible (Medicare + Medicaid),Dual-Eligible,Dual-Eligible (Medicare/Medicaid),FIPS 42063,,3374,3374,https://data.cms.gov/summary-statistics-on-beneficiary-enrollment/medicare-and-medicaid-reports/medicare-monthly-enrollment,2026-02,[source: CMS Medicare Monthly Enrollment 2026-02; DUAL_TOT_BENES]
PA,Jefferson,Dual-Eligible (Medicare + Medicaid),Dual-Eligible,Dual-Eligible (Medicare/Medicaid),FIPS 42065,,2026,2026,https://data.cms.gov/summary-statistics-on-beneficiary-enrollment/medicare-and-medicaid-reports/medicare-monthly-enrollment,2026-02,[source: CMS Medicare Monthly Enrollment 2026-02; DUAL_TOT_BENES]
PA,Juniata,Dual-Eligible (Medicare + Medicaid),Dual-Eligible,Dual-Eligible (Medicare/Medicaid),FIPS 42067,,761,761,https://data.cms.gov/summary-statistics-on-beneficiary-enrollment/medicare-and-medicaid-reports/medicare-monthly-enrollment,2026-02,[source: CMS Medicare Monthly Enrollment 2026-02; DUAL_TOT_BENES]
PA,Lackawanna,Dual-Eligible (Medicare + Medicaid),Dual-Eligible,Dual-Eligible (Medicare/Medicaid),FIPS 42069,,11909,11909,https://data.cms.gov/summary-statistics-on-beneficiary-enrollment/medicare-and-medicaid-reports/medicare-monthly-enrollment,2026-02,[source: CMS Medicare Monthly Enrollment 2026-02; DUAL_TOT_BENES]
PA,Lancaster,Dual-Eligible (Medicare + Medicaid),Dual-Eligible,Dual-Eligible (Medicare/Medicaid),FIPS 42071,,13959,13959,https://data.cms.gov/summary-statistics-on-beneficiary-enrollment/medicare-and-medicaid-reports/medicare-monthly-enrollment,2026-02,[source: CMS Medicare Monthly Enrollment 2026-02; DUAL_TOT_BENES]
PA,Lawrence,Dual-Eligible (Medicare + Medicaid),Dual-Eligible,Dual-Eligible (Medicare/Medicaid),FIPS 42073,,4285,4285,https://data.cms.gov/summary-statistics-on-beneficiary-enrollment/medicare-and-medicaid-reports/medicare-monthly-enrollment,2026-02,[source: CMS Medicare Monthly Enrollment 2026-02; DUAL_TOT_BENES]
PA,Lebanon,Dual-Eligible (Medicare + Medicaid),Dual-Eligible,Dual-Eligible (Medicare/Medicaid),FIPS 42075,,4481,4481,https://data.cms.gov/summary-statistics-on-beneficiary-enrollment/medicare-and-medicaid-reports/medicare-monthly-enrollment,2026-02,[source: CMS Medicare Monthly Enrollment 2026-02; DUAL_TOT_BENES]
PA,Lehigh,Dual-Eligible (Medicare + Medicaid),Dual-Eligible,Dual-Eligible (Medicare/Medicaid),FIPS 42077,,14214,14214,https://data.cms.gov/summary-statistics-on-beneficiary-enrollment/medicare-and-medicaid-reports/medicare-monthly-enrollment,2026-02,[source: CMS Medicare Monthly Enrollment 2026-02; DUAL_TOT_BENES]
PA,Luzerne,Dual-Eligible (Medicare + Medicaid),Dual-Eligible,Dual-Eligible (Medicare/Medicaid),FIPS 42079,,13867,13867,https://data.cms.gov/summary-statistics-on-beneficiary-enrollment/medicare-and-medicaid-reports/medicare-monthly-enrollment,2026-02,[source: CMS Medicare Monthly Enrollment 2026-02; DUAL_TOT_BENES]
PA,Lycoming,Dual-Eligible (Medicare + Medicaid),Dual-Eligible,Dual-Eligible (Medicare/Medicaid),FIPS 42081,,4996,4996,https://data.cms.gov/summary-statistics-on-beneficiary-enrollment/medicare-and-medicaid-reports/medicare-monthly-enrollment,2026-02,[source: CMS Medicare Monthly Enrollment 2026-02; DUAL_TOT_BENES]
PA,McKean,Dual-Eligible (Medicare + Medicaid),Dual-Eligible,Dual-Eligible (Medicare/Medicaid),FIPS 42083,,2029,2029,https://data.cms.gov/summary-statistics-on-beneficiary-enrollment/medicare-and-medicaid-reports/medicare-monthly-enrollment,2026-02,[source: CMS Medicare Monthly Enrollment 2026-02; DUAL_TOT_BENES]
PA,Mercer,Dual-Eligible (Medicare + Medicaid),Dual-Eligible,Dual-Eligible (Medicare/Medicaid),FIPS 42085,,4910,4910,https://data.cms.gov/summary-statistics-on-beneficiary-enrollment/medicare-and-medicaid-reports/medicare-monthly-enrollment,2026-02,[source: CMS Medicare Monthly Enrollment 2026-02; DUAL_TOT_BENES]
PA,Mifflin,Dual-Eligible (Medicare + Medicaid),Dual-Eligible,Dual-Eligible (Medicare/Medicaid),FIPS 42087,,2089,2089,https://data.cms.gov/summary-statistics-on-beneficiary-enrollment/medicare-and-medicaid-reports/medicare-monthly-enrollment,2026-02,[source: CMS Medicare Monthly Enrollment 2026-02; DUAL_TOT_BENES]
PA,Monroe,Dual-Eligible (Medicare + Medicaid),Dual-Eligible,Dual-Eligible (Medicare/Medicaid),FIPS 42089,,5375,5375,https://data.cms.gov/summary-statistics-on-beneficiary-enrollment/medicare-and-medicaid-reports/medicare-monthly-enrollment,2026-02,[source: CMS Medicare Monthly Enrollment 2026-02; DUAL_TOT_BENES]
PA,Montgomery,Dual-Eligible (Medicare + Medicaid),Dual-Eligible,Dual-Eligible (Medicare/Medicaid),FIPS 42091,,18152,18152,https://data.cms.gov/summary-statistics-on-beneficiary-enrollment/medicare-and-medicaid-reports/medicare-monthly-enrollment,2026-02,[source: CMS Medicare Monthly Enrollment 2026-02; DUAL_TOT_BENES]
PA,Montour,Dual-Eligible (Medicare + Medicaid),Dual-Eligible,Dual-Eligible (Medicare/Medicaid),FIPS 42093,,646,646,https://data.cms.gov/summary-statistics-on-beneficiary-enrollment/medicare-and-medicaid-reports/medicare-monthly-enrollment,2026-02,[source: CMS Medicare Monthly Enrollment 2026-02; DUAL_TOT_BENES]
PA,Northampton,Dual-Eligible (Medicare + Medicaid),Dual-Eligible,Dual-Eligible (Medicare/Medicaid),FIPS 42095,,10060,10060,https://data.cms.gov/summary-statistics-on-beneficiary-enrollment/medicare-and-medicaid-reports/medicare-monthly-enrollment,2026-02,[source: CMS Medicare Monthly Enrollment 2026-02; DUAL_TOT_BENES]
PA,Northumberland,Dual-Eligible (Medicare + Medicaid),Dual-Eligible,Dual-Eligible (Medicare/Medicaid),FIPS 42097,,4486,4486,https://data.cms.gov/summary-statistics-on-beneficiary-enrollment/medicare-and-medicaid-reports/medicare-monthly-enrollment,2026-02,[source: CMS Medicare Monthly Enrollment 2026-02; DUAL_TOT_BENES]
PA,Perry,Dual-Eligible (Medicare + Medicaid),Dual-Eligible,Dual-Eligible (Medicare/Medicaid),FIPS 42099,,1425,1425,https://data.cms.gov/summary-statistics-on-beneficiary-enrollment/medicare-and-medicaid-reports/medicare-monthly-enrollment,2026-02,[source: CMS Medicare Monthly Enrollment 2026-02; DUAL_TOT_BENES]
PA,Philadelphia,Dual-Eligible (Medicare + Medicaid),Dual-Eligible,Dual-Eligible (Medicare/Medicaid),FIPS 42101,,101964,101964,https://data.cms.gov/summary-statistics-on-beneficiary-enrollment/medicare-and-medicaid-reports/medicare-monthly-enrollment,2026-02,[source: CMS Medicare Monthly Enrollment 2026-02; DUAL_TOT_BENES]
PA,Pike,Dual-Eligible (Medicare + Medicaid),Dual-Eligible,Dual-Eligible (Medicare/Medicaid),FIPS 42103,,1545,1545,https://data.cms.gov/summary-statistics-on-beneficiary-enrollment/medicare-and-medicaid-reports/medicare-monthly-enrollment,2026-02,[source: CMS Medicare Monthly Enrollment 2026-02; DUAL_TOT_BENES]
PA,Potter,Dual-Eligible (Medicare + Medicaid),Dual-Eligible,Dual-Eligible (Medicare/Medicaid),FIPS 42105,,721,721,https://data.cms.gov/summary-statistics-on-beneficiary-enrollment/medicare-and-medicaid-reports/medicare-monthly-enrollment,2026-02,[source: CMS Medicare Monthly Enrollment 2026-02; DUAL_TOT_BENES]
PA,Schuylkill,Dual-Eligible (Medicare + Medicaid),Dual-Eligible,Dual-Eligible (Medicare/Medicaid),FIPS 42107,,6282,6282,https://data.cms.gov/summary-statistics-on-beneficiary-enrollment/medicare-and-medicaid-reports/medicare-monthly-enrollment,2026-02,[source: CMS Medicare Monthly Enrollment 2026-02; DUAL_TOT_BENES]
PA,Snyder,Dual-Eligible (Medicare + Medicaid),Dual-Eligible,Dual-Eligible (Medicare/Medicaid),FIPS 42109,,1210,1210,https://data.cms.gov/summary-statistics-on-beneficiary-enrollment/medicare-and-medicaid-reports/medicare-monthly-enrollment,2026-02,[source: CMS Medicare Monthly Enrollment 2026-02; DUAL_TOT_BENES]
PA,Somerset,Dual-Eligible (Medicare + Medicaid),Dual-Eligible,Dual-Eligible (Medicare/Medicaid),FIPS 42111,,2859,2859,https://data.cms.gov/summary-statistics-on-beneficiary-enrollment/medicare-and-medicaid-reports/medicare-monthly-enrollment,2026-02,[source: CMS Medicare Monthly Enrollment 2026-02; DUAL_TOT_BENES]
PA,Sullivan,Dual-Eligible (Medicare + Medicaid),Dual-Eligible,Dual-Eligible (Medicare/Medicaid),FIPS 42113,,283,283,https://data.cms.gov/summary-statistics-on-beneficiary-enrollment/medicare-and-medicaid-reports/medicare-monthly-enrollment,2026-02,[source: CMS Medicare Monthly Enrollment 2026-02; DUAL_TOT_BENES]
PA,Susquehanna,Dual-Eligible (Medicare + Medicaid),Dual-Eligible,Dual-Eligible (Medicare/Medicaid),FIPS 42115,,1405,1405,https://data.cms.gov/summary-statistics-on-beneficiary-enrollment/medicare-and-medicaid-reports/medicare-monthly-enrollment,2026-02,[source: CMS Medicare Monthly Enrollment 2026-02; DUAL_TOT_BENES]
PA,Tioga,Dual-Eligible (Medicare + Medicaid),Dual-Eligible,Dual-Eligible (Medicare/Medicaid),FIPS 42117,,1691,1691,https://data.cms.gov/summary-statistics-on-beneficiary-enrollment/medicare-and-medicaid-reports/medicare-monthly-enrollment,2026-02,[source: CMS Medicare Monthly Enrollment 2026-02; DUAL_TOT_BENES]
PA,Union,Dual-Eligible (Medicare + Medicaid),Dual-Eligible,Dual-Eligible (Medicare/Medicaid),FIPS 42119,,1089,1089,https://data.cms.gov/summary-statistics-on-beneficiary-enrollment/medicare-and-medicaid-reports/medicare-monthly-enrollment,2026-02,[source: CMS Medicare Monthly Enrollment 2026-02; DUAL_TOT_BENES]
PA,Venango,Dual-Eligible (Medicare + Medicaid),Dual-Eligible,Dual-Eligible (Medicare/Medicaid),FIPS 42121,,2695,2695,https://data.cms.gov/summary-statistics-on-beneficiary-enrollment/medicare-and-medicaid-reports/medicare-monthly-enrollment,2026-02,[source: CMS Medicare Monthly Enrollment 2026-02; DUAL_TOT_BENES]
PA,Warren,Dual-Eligible (Medicare + Medicaid),Dual-Eligible,Dual-Eligible (Medicare/Medicaid),FIPS 42123,,1655,1655,https://data.cms.gov/summary-statistics-on-beneficiary-enrollment/medicare-and-medicaid-reports/medicare-monthly-enrollment,2026-02,[source: CMS Medicare Monthly Enrollment 2026-02; DUAL_TOT_BENES]
PA,Washington,Dual-Eligible (Medicare + Medicaid),Dual-Eligible,Dual-Eligible (Medicare/Medicaid),FIPS 42125,,6952,6952,https://data.cms.gov/summary-statistics-on-beneficiary-enrollment/medicare-and-medicaid-reports/medicare-monthly-enrollment,2026-02,[source: CMS Medicare Monthly Enrollment 2026-02; DUAL_TOT_BENES]
PA,Wayne,Dual-Eligible (Medicare + Medicaid),Dual-Eligible,Dual-Eligible (Medicare/Medicaid),FIPS 42127,,1643,1643,https://data.cms.gov/summary-statistics-on-beneficiary-enrollment/medicare-and-medicaid-reports/medicare-monthly-enrollment,2026-02,[source: CMS Medicare Monthly Enrollment 2026-02; DUAL_TOT_BENES]
PA,Westmoreland,Dual-Eligible (Medicare + Medicaid),Dual-Eligible,Dual-Eligible (Medicare/Medicaid),FIPS 42129,,12242,12242,https://data.cms.gov/summary-statistics-on-beneficiary-enrollment/medicare-and-medicaid-reports/medicare-monthly-enrollment,2026-02,[source: CMS Medicare Monthly Enrollment 2026-02; DUAL_TOT_BENES]
PA,Wyoming,Dual-Eligible (Medicare + Medicaid),Dual-Eligible,Dual-Eligible (Medicare/Medicaid),FIPS 42131,,950,950,https://data.cms.gov/summary-statistics-on-beneficiary-enrollment/medicare-and-medicaid-reports/medicare-monthly-enrollment,2026-02,[source: CMS Medicare Monthly Enrollment 2026-02; DUAL_TOT_BENES]
PA,York,Dual-Eligible (Medicare + Medicaid),Dual-Eligible,Dual-Eligible (Medicare/Medicaid),FIPS 42133,,12252,12252,https://data.cms.gov/summary-statistics-on-beneficiary-enrollment/medicare-and-medicaid-reports/medicare-monthly-enrollment,2026-02,[source: CMS Medicare Monthly Enrollment 2026-02; DUAL_TOT_BENES]
SC,Abbeville,Dual-Eligible (Medicare + Medicaid),Dual-Eligible,Dual-Eligible (Medicare/Medicaid),FIPS 45001,,1046,1046,https://data.cms.gov/summary-statistics-on-beneficiary-enrollment/medicare-and-medicaid-reports/medicare-monthly-enrollment,2026-02,[source: CMS Medicare Monthly Enrollment 2026-02; DUAL_TOT_BENES]
SC,Aiken,Dual-Eligible (Medicare + Medicaid),Dual-Eligible,Dual-Eligible (Medicare/Medicaid),FIPS 45003,,5539,5539,https://data.cms.gov/summary-statistics-on-beneficiary-enrollment/medicare-and-medicaid-reports/medicare-monthly-enrollment,2026-02,[source: CMS Medicare Monthly Enrollment 2026-02; DUAL_TOT_BENES]
SC,Allendale,Dual-Eligible (Medicare + Medicaid),Dual-Eligible,Dual-Eligible (Medicare/Medicaid),FIPS 45005,,729,729,https://data.cms.gov/summary-statistics-on-beneficiary-enrollment/medicare-and-medicaid-reports/medicare-monthly-enrollment,2026-02,[source: CMS Medicare Monthly Enrollment 2026-02; DUAL_TOT_BENES]
SC,Anderson,Dual-Eligible (Medicare + Medicaid),Dual-Eligible,Dual-Eligible (Medicare/Medicaid),FIPS 45007,,7515,7515,https://data.cms.gov/summary-statistics-on-beneficiary-enrollment/medicare-and-medicaid-reports/medicare-monthly-enrollment,2026-02,[source: CMS Medicare Monthly Enrollment 2026-02; DUAL_TOT_BENES]
SC,Bamberg,Dual-Eligible (Medicare + Medicaid),Dual-Eligible,Dual-Eligible (Medicare/Medicaid),FIPS 45009,,1062,1062,https://data.cms.gov/summary-statistics-on-beneficiary-enrollment/medicare-and-medicaid-reports/medicare-monthly-enrollment,2026-02,[source: CMS Medicare Monthly Enrollment 2026-02; DUAL_TOT_BENES]
SC,Barnwell,Dual-Eligible (Medicare + Medicaid),Dual-Eligible,Dual-Eligible (Medicare/Medicaid),FIPS 45011,,1425,1425,https://data.cms.gov/summary-statistics-on-beneficiary-enrollment/medicare-and-medicaid-reports/medicare-monthly-enrollment,2026-02,[source: CMS Medicare Monthly Enrollment 2026-02; DUAL_TOT_BENES]
SC,Beaufort,Dual-Eligible (Medicare + Medicaid),Dual-Eligible,Dual-Eligible (Medicare/Medicaid),FIPS 45013,,3088,3088,https://data.cms.gov/summary-statistics-on-beneficiary-enrollment/medicare-and-medicaid-reports/medicare-monthly-enrollment,2026-02,[source: CMS Medicare Monthly Enrollment 2026-02; DUAL_TOT_BENES]
SC,Berkeley,Dual-Eligible (Medicare + Medicaid),Dual-Eligible,Dual-Eligible (Medicare/Medicaid),FIPS 45015,,5264,5264,https://data.cms.gov/summary-statistics-on-beneficiary-enrollment/medicare-and-medicaid-reports/medicare-monthly-enrollment,2026-02,[source: CMS Medicare Monthly Enrollment 2026-02; DUAL_TOT_BENES]
SC,Calhoun,Dual-Eligible (Medicare + Medicaid),Dual-Eligible,Dual-Eligible (Medicare/Medicaid),FIPS 45017,,731,731,https://data.cms.gov/summary-statistics-on-beneficiary-enrollment/medicare-and-medicaid-reports/medicare-monthly-enrollment,2026-02,[source: CMS Medicare Monthly Enrollment 2026-02; DUAL_TOT_BENES]
SC,Charleston,Dual-Eligible (Medicare + Medicaid),Dual-Eligible,Dual-Eligible (Medicare/Medicaid),FIPS 45019,,9637,9637,https://data.cms.gov/summary-statistics-on-beneficiary-enrollment/medicare-and-medicaid-reports/medicare-monthly-enrollment,2026-02,[source: CMS Medicare Monthly Enrollment 2026-02; DUAL_TOT_BENES]
SC,Cherokee,Dual-Eligible (Medicare + Medicaid),Dual-Eligible,Dual-Eligible (Medicare/Medicaid),FIPS 45021,,2455,2455,https://data.cms.gov/summary-statistics-on-beneficiary-enrollment/medicare-and-medicaid-reports/medicare-monthly-enrollment,2026-02,[source: CMS Medicare Monthly Enrollment 2026-02; DUAL_TOT_BENES]
SC,Chester,Dual-Eligible (Medicare + Medicaid),Dual-Eligible,Dual-Eligible (Medicare/Medicaid),FIPS 45023,,1682,1682,https://data.cms.gov/summary-statistics-on-beneficiary-enrollment/medicare-and-medicaid-reports/medicare-monthly-enrollment,2026-02,[source: CMS Medicare Monthly Enrollment 2026-02; DUAL_TOT_BENES]
SC,Chesterfield,Dual-Eligible (Medicare + Medicaid),Dual-Eligible,Dual-Eligible (Medicare/Medicaid),FIPS 45025,,2378,2378,https://data.cms.gov/summary-statistics-on-beneficiary-enrollment/medicare-and-medicaid-reports/medicare-monthly-enrollment,2026-02,[source: CMS Medicare Monthly Enrollment 2026-02; DUAL_TOT_BENES]
SC,Clarendon,Dual-Eligible (Medicare + Medicaid),Dual-Eligible,Dual-Eligible (Medicare/Medicaid),FIPS 45027,,2182,2182,https://data.cms.gov/summary-statistics-on-beneficiary-enrollment/medicare-and-medicaid-reports/medicare-monthly-enrollment,2026-02,[source: CMS Medicare Monthly Enrollment 2026-02; DUAL_TOT_BENES]
SC,Colleton,Dual-Eligible (Medicare + Medicaid),Dual-Eligible,Dual-Eligible (Medicare/Medicaid),FIPS 45029,,2242,2242,https://data.cms.gov/summary-statistics-on-beneficiary-enrollment/medicare-and-medicaid-reports/medicare-monthly-enrollment,2026-02,[source: CMS Medicare Monthly Enrollment 2026-02; DUAL_TOT_BENES]
SC,Darlington,Dual-Eligible (Medicare + Medicaid),Dual-Eligible,Dual-Eligible (Medicare/Medicaid),FIPS 45031,,3682,3682,https://data.cms.gov/summary-statistics-on-beneficiary-enrollment/medicare-and-medicaid-reports/medicare-monthly-enrollment,2026-02,[source: CMS Medicare Monthly Enrollment 2026-02; DUAL_TOT_BENES]
SC,Dillon,Dual-Eligible (Medicare + Medicaid),Dual-Eligible,Dual-Eligible (Medicare/Medicaid),FIPS 45033,,2124,2124,https://data.cms.gov/summary-statistics-on-beneficiary-enrollment/medicare-and-medicaid-reports/medicare-monthly-enrollment,2026-02,[source: CMS Medicare Monthly Enrollment 2026-02; DUAL_TOT_BENES]
SC,Dorchester,Dual-Eligible (Medicare + Medicaid),Dual-Eligible,Dual-Eligible (Medicare/Medicaid),FIPS 45035,,3788,3788,https://data.cms.gov/summary-statistics-on-beneficiary-enrollment/medicare-and-medicaid-reports/medicare-monthly-enrollment,2026-02,[source: CMS Medicare Monthly Enrollment 2026-02; DUAL_TOT_BENES]
SC,Edgefield,Dual-Eligible (Medicare + Medicaid),Dual-Eligible,Dual-Eligible (Medicare/Medicaid),FIPS 45037,,1083,1083,https://data.cms.gov/summary-statistics-on-beneficiary-enrollment/medicare-and-medicaid-reports/medicare-monthly-enrollment,2026-02,[source: CMS Medicare Monthly Enrollment 2026-02; DUAL_TOT_BENES]
SC,Fairfield,Dual-Eligible (Medicare + Medicaid),Dual-Eligible,Dual-Eligible (Medicare/Medicaid),FIPS 45039,,1245,1245,https://data.cms.gov/summary-statistics-on-beneficiary-enrollment/medicare-and-medicaid-reports/medicare-monthly-enrollment,2026-02,[source: CMS Medicare Monthly Enrollment 2026-02; DUAL_TOT_BENES]
SC,Florence,Dual-Eligible (Medicare + Medicaid),Dual-Eligible,Dual-Eligible (Medicare/Medicaid),FIPS 45041,,7138,7138,https://data.cms.gov/summary-statistics-on-beneficiary-enrollment/medicare-and-medicaid-reports/medicare-monthly-enrollment,2026-02,[source: CMS Medicare Monthly Enrollment 2026-02; DUAL_TOT_BENES]
SC,Georgetown,Dual-Eligible (Medicare + Medicaid),Dual-Eligible,Dual-Eligible (Medicare/Medicaid),FIPS 45043,,2443,2443,https://data.cms.gov/summary-statistics-on-beneficiary-enrollment/medicare-and-medicaid-reports/medicare-monthly-enrollment,2026-02,[source: CMS Medicare Monthly Enrollment 2026-02; DUAL_TOT_BENES]
SC,Greenville,Dual-Eligible (Medicare + Medicaid),Dual-Eligible,Dual-Eligible (Medicare/Medicaid),FIPS 45045,,14289,14289,https://data.cms.gov/summary-statistics-on-beneficiary-enrollment/medicare-and-medicaid-reports/medicare-monthly-enrollment,2026-02,[source: CMS Medicare Monthly Enrollment 2026-02; DUAL_TOT_BENES]
SC,Greenwood,Dual-Eligible (Medicare + Medicaid),Dual-Eligible,Dual-Eligible (Medicare/Medicaid),FIPS 45047,,2964,2964,https://data.cms.gov/summary-statistics-on-beneficiary-enrollment/medicare-and-medicaid-reports/medicare-monthly-enrollment,2026-02,[source: CMS Medicare Monthly Enrollment 2026-02; DUAL_TOT_BENES]
SC,Hampton,Dual-Eligible (Medicare + Medicaid),Dual-Eligible,Dual-Eligible (Medicare/Medicaid),FIPS 45049,,1258,1258,https://data.cms.gov/summary-statistics-on-beneficiary-enrollment/medicare-and-medicaid-reports/medicare-monthly-enrollment,2026-02,[source: CMS Medicare Monthly Enrollment 2026-02; DUAL_TOT_BENES]
SC,Horry,Dual-Eligible (Medicare + Medicaid),Dual-Eligible,Dual-Eligible (Medicare/Medicaid),FIPS 45051,,10941,10941,https://data.cms.gov/summary-statistics-on-beneficiary-enrollment/medicare-and-medicaid-reports/medicare-monthly-enrollment,2026-02,[source: CMS Medicare Monthly Enrollment 2026-02; DUAL_TOT_BENES]
SC,Jasper,Dual-Eligible (Medicare + Medicaid),Dual-Eligible,Dual-Eligible (Medicare/Medicaid),FIPS 45053,,1057,1057,https://data.cms.gov/summary-statistics-on-beneficiary-enrollment/medicare-and-medicaid-reports/medicare-monthly-enrollment,2026-02,[source: CMS Medicare Monthly Enrollment 2026-02; DUAL_TOT_BENES]
SC,Kershaw,Dual-Eligible (Medicare + Medicaid),Dual-Eligible,Dual-Eligible (Medicare/Medicaid),FIPS 45055,,2586,2586,https://data.cms.gov/summary-statistics-on-beneficiary-enrollment/medicare-and-medicaid-reports/medicare-monthly-enrollment,2026-02,[source: CMS Medicare Monthly Enrollment 2026-02; DUAL_TOT_BENES]
SC,Lancaster,Dual-Eligible (Medicare + Medicaid),Dual-Eligible,Dual-Eligible (Medicare/Medicaid),FIPS 45057,,2825,2825,https://data.cms.gov/summary-statistics-on-beneficiary-enrollment/medicare-and-medicaid-reports/medicare-monthly-enrollment,2026-02,[source: CMS Medicare Monthly Enrollment 2026-02; DUAL_TOT_BENES]
SC,Laurens,Dual-Eligible (Medicare + Medicaid),Dual-Eligible,Dual-Eligible (Medicare/Medicaid),FIPS 45059,,3228,3228,https://data.cms.gov/summary-statistics-on-beneficiary-enrollment/medicare-and-medicaid-reports/medicare-monthly-enrollment,2026-02,[source: CMS Medicare Monthly Enrollment 2026-02; DUAL_TOT_BENES]
SC,Lee,Dual-Eligible (Medicare + Medicaid),Dual-Eligible,Dual-Eligible (Medicare/Medicaid),FIPS 45061,,1189,1189,https://data.cms.gov/summary-statistics-on-beneficiary-enrollment/medicare-and-medicaid-reports/medicare-monthly-enrollment,2026-02,[source: CMS Medicare Monthly Enrollment 2026-02; DUAL_TOT_BENES]
SC,Lexington,Dual-Eligible (Medicare + Medicaid),Dual-Eligible,Dual-Eligible (Medicare/Medicaid),FIPS 45063,,7415,7415,https://data.cms.gov/summary-statistics-on-beneficiary-enrollment/medicare-and-medicaid-reports/medicare-monthly-enrollment,2026-02,[source: CMS Medicare Monthly Enrollment 2026-02; DUAL_TOT_BENES]
SC,Marion,Dual-Eligible (Medicare + Medicaid),Dual-Eligible,Dual-Eligible (Medicare/Medicaid),FIPS 45067,,2348,2348,https://data.cms.gov/summary-statistics-on-beneficiary-enrollment/medicare-and-medicaid-reports/medicare-monthly-enrollment,2026-02,[source: CMS Medicare Monthly Enrollment 2026-02; DUAL_TOT_BENES]
SC,Marlboro,Dual-Eligible (Medicare + Medicaid),Dual-Eligible,Dual-Eligible (Medicare/Medicaid),FIPS 45069,,1957,1957,https://data.cms.gov/summary-statistics-on-beneficiary-enrollment/medicare-and-medicaid-reports/medicare-monthly-enrollment,2026-02,[source: CMS Medicare Monthly Enrollment 2026-02; DUAL_TOT_BENES]
SC,McCormick,Dual-Eligible (Medicare + Medicaid),Dual-Eligible,Dual-Eligible (Medicare/Medicaid),FIPS 45065,,528,528,https://data.cms.gov/summary-statistics-on-beneficiary-enrollment/medicare-and-medicaid-reports/medicare-monthly-enrollment,2026-02,[source: CMS Medicare Monthly Enrollment 2026-02; DUAL_TOT_BENES]
SC,Newberry,Dual-Eligible (Medicare + Medicaid),Dual-Eligible,Dual-Eligible (Medicare/Medicaid),FIPS 45071,,1678,1678,https://data.cms.gov/summary-statistics-on-beneficiary-enrollment/medicare-and-medicaid-reports/medicare-monthly-enrollment,2026-02,[source: CMS Medicare Monthly Enrollment 2026-02; DUAL_TOT_BENES]
SC,Oconee,Dual-Eligible (Medicare + Medicaid),Dual-Eligible,Dual-Eligible (Medicare/Medicaid),FIPS 45073,,2798,2798,https://data.cms.gov/summary-statistics-on-beneficiary-enrollment/medicare-and-medicaid-reports/medicare-monthly-enrollment,2026-02,[source: CMS Medicare Monthly Enrollment 2026-02; DUAL_TOT_BENES]
SC,Orangeburg,Dual-Eligible (Medicare + Medicaid),Dual-Eligible,Dual-Eligible (Medicare/Medicaid),FIPS 45075,,5510,5510,https://data.cms.gov/summary-statistics-on-beneficiary-enrollment/medicare-and-medicaid-reports/medicare-monthly-enrollment,2026-02,[source: CMS Medicare Monthly Enrollment 2026-02; DUAL_TOT_BENES]
SC,Pickens,Dual-Eligible (Medicare + Medicaid),Dual-Eligible,Dual-Eligible (Medicare/Medicaid),FIPS 45077,,4081,4081,https://data.cms.gov/summary-statistics-on-beneficiary-enrollment/medicare-and-medicaid-reports/medicare-monthly-enrollment,2026-02,[source: CMS Medicare Monthly Enrollment 2026-02; DUAL_TOT_BENES]
SC,Richland,Dual-Eligible (Medicare + Medicaid),Dual-Eligible,Dual-Eligible (Medicare/Medicaid),FIPS 45079,,11985,11985,https://data.cms.gov/summary-statistics-on-beneficiary-enrollment/medicare-and-medicaid-reports/medicare-monthly-enrollment,2026-02,[source: CMS Medicare Monthly Enrollment 2026-02; DUAL_TOT_BENES]
SC,Saluda,Dual-Eligible (Medicare + Medicaid),Dual-Eligible,Dual-Eligible (Medicare/Medicaid),FIPS 45081,,659,659,https://data.cms.gov/summary-statistics-on-beneficiary-enrollment/medicare-and-medicaid-reports/medicare-monthly-enrollment,2026-02,[source: CMS Medicare Monthly Enrollment 2026-02; DUAL_TOT_BENES]
SC,Spartanburg,Dual-Eligible (Medicare + Medicaid),Dual-Eligible,Dual-Eligible (Medicare/Medicaid),FIPS 45083,,12004,12004,https://data.cms.gov/summary-statistics-on-beneficiary-enrollment/medicare-and-medicaid-reports/medicare-monthly-enrollment,2026-02,[source: CMS Medicare Monthly Enrollment 2026-02; DUAL_TOT_BENES]
SC,Sumter,Dual-Eligible (Medicare + Medicaid),Dual-Eligible,Dual-Eligible (Medicare/Medicaid),FIPS 45085,,5484,5484,https://data.cms.gov/summary-statistics-on-beneficiary-enrollment/medicare-and-medicaid-reports/medicare-monthly-enrollment,2026-02,[source: CMS Medicare Monthly Enrollment 2026-02; DUAL_TOT_BENES]
SC,Union,Dual-Eligible (Medicare + Medicaid),Dual-Eligible,Dual-Eligible (Medicare/Medicaid),FIPS 45087,,1730,1730,https://data.cms.gov/summary-statistics-on-beneficiary-enrollment/medicare-and-medicaid-reports/medicare-monthly-enrollment,2026-02,[source: CMS Medicare Monthly Enrollment 2026-02; DUAL_TOT_BENES]
SC,Williamsburg,Dual-Eligible (Medicare + Medicaid),Dual-Eligible,Dual-Eligible (Medicare/Medicaid),FIPS 45089,,2523,2523,https://data.cms.gov/summary-statistics-on-beneficiary-enrollment/medicare-and-medicaid-reports/medicare-monthly-enrollment,2026-02,[source: CMS Medicare Monthly Enrollment 2026-02; DUAL_TOT_BENES]
SC,York,Dual-Eligible (Medicare + Medicaid),Dual-Eligible,Dual-Eligible (Medicare/Medicaid),FIPS 45091,,5818,5818,https://data.cms.gov/summary-statistics-on-beneficiary-enrollment/medicare-and-medicaid-reports/medicare-monthly-enrollment,2026-02,[source: CMS Medicare Monthly Enrollment 2026-02; DUAL_TOT_BENES]
TN,Anderson,Dual-Eligible (Medicare + Medicaid),Dual-Eligible,Dual-Eligible (Medicare/Medicaid),FIPS 47001,,2859,2859,https://data.cms.gov/summary-statistics-on-beneficiary-enrollment/medicare-and-medicaid-reports/medicare-monthly-enrollment,2026-02,[source: CMS Medicare Monthly Enrollment 2026-02; DUAL_TOT_BENES]
TN,Bedford,Dual-Eligible (Medicare + Medicaid),Dual-Eligible,Dual-Eligible (Medicare/Medicaid),FIPS 47003,,1535,1535,https://data.cms.gov/summary-statistics-on-beneficiary-enrollment/medicare-and-medicaid-reports/medicare-monthly-enrollment,2026-02,[source: CMS Medicare Monthly Enrollment 2026-02; DUAL_TOT_BENES]
TN,Benton,Dual-Eligible (Medicare + Medicaid),Dual-Eligible,Dual-Eligible (Medicare/Medicaid),FIPS 47005,,917,917,https://data.cms.gov/summary-statistics-on-beneficiary-enrollment/medicare-and-medicaid-reports/medicare-monthly-enrollment,2026-02,[source: CMS Medicare Monthly Enrollment 2026-02; DUAL_TOT_BENES]
TN,Bledsoe,Dual-Eligible (Medicare + Medicaid),Dual-Eligible,Dual-Eligible (Medicare/Medicaid),FIPS 47007,,672,672,https://data.cms.gov/summary-statistics-on-beneficiary-enrollment/medicare-and-medicaid-reports/medicare-monthly-enrollment,2026-02,[source: CMS Medicare Monthly Enrollment 2026-02; DUAL_TOT_BENES]
TN,Blount,Dual-Eligible (Medicare + Medicaid),Dual-Eligible,Dual-Eligible (Medicare/Medicaid),FIPS 47009,,3628,3628,https://data.cms.gov/summary-statistics-on-beneficiary-enrollment/medicare-and-medicaid-reports/medicare-monthly-enrollment,2026-02,[source: CMS Medicare Monthly Enrollment 2026-02; DUAL_TOT_BENES]
TN,Bradley,Dual-Eligible (Medicare + Medicaid),Dual-Eligible,Dual-Eligible (Medicare/Medicaid),FIPS 47011,,3814,3814,https://data.cms.gov/summary-statistics-on-beneficiary-enrollment/medicare-and-medicaid-reports/medicare-monthly-enrollment,2026-02,[source: CMS Medicare Monthly Enrollment 2026-02; DUAL_TOT_BENES]
TN,Campbell,Dual-Eligible (Medicare + Medicaid),Dual-Eligible,Dual-Eligible (Medicare/Medicaid),FIPS 47013,,2653,2653,https://data.cms.gov/summary-statistics-on-beneficiary-enrollment/medicare-and-medicaid-reports/medicare-monthly-enrollment,2026-02,[source: CMS Medicare Monthly Enrollment 2026-02; DUAL_TOT_BENES]
TN,Cannon,Dual-Eligible (Medicare + Medicaid),Dual-Eligible,Dual-Eligible (Medicare/Medicaid),FIPS 47015,,557,557,https://data.cms.gov/summary-statistics-on-beneficiary-enrollment/medicare-and-medicaid-reports/medicare-monthly-enrollment,2026-02,[source: CMS Medicare Monthly Enrollment 2026-02; DUAL_TOT_BENES]
TN,Carroll,Dual-Eligible (Medicare + Medicaid),Dual-Eligible,Dual-Eligible (Medicare/Medicaid),FIPS 47017,,1516,1516,https://data.cms.gov/summary-statistics-on-beneficiary-enrollment/medicare-and-medicaid-reports/medicare-monthly-enrollment,2026-02,[source: CMS Medicare Monthly Enrollment 2026-02; DUAL_TOT_BENES]
TN,Carter,Dual-Eligible (Medicare + Medicaid),Dual-Eligible,Dual-Eligible (Medicare/Medicaid),FIPS 47019,,2972,2972,https://data.cms.gov/summary-statistics-on-beneficiary-enrollment/medicare-and-medicaid-reports/medicare-monthly-enrollment,2026-02,[source: CMS Medicare Monthly Enrollment 2026-02; DUAL_TOT_BENES]
TN,Cheatham,Dual-Eligible (Medicare + Medicaid),Dual-Eligible,Dual-Eligible (Medicare/Medicaid),FIPS 47021,,960,960,https://data.cms.gov/summary-statistics-on-beneficiary-enrollment/medicare-and-medicaid-reports/medicare-monthly-enrollment,2026-02,[source: CMS Medicare Monthly Enrollment 2026-02; DUAL_TOT_BENES]
TN,Chester,Dual-Eligible (Medicare + Medicaid),Dual-Eligible,Dual-Eligible (Medicare/Medicaid),FIPS 47023,,756,756,https://data.cms.gov/summary-statistics-on-beneficiary-enrollment/medicare-and-medicaid-reports/medicare-monthly-enrollment,2026-02,[source: CMS Medicare Monthly Enrollment 2026-02; DUAL_TOT_BENES]
TN,Claiborne,Dual-Eligible (Medicare + Medicaid),Dual-Eligible,Dual-Eligible (Medicare/Medicaid),FIPS 47025,,2311,2311,https://data.cms.gov/summary-statistics-on-beneficiary-enrollment/medicare-and-medicaid-reports/medicare-monthly-enrollment,2026-02,[source: CMS Medicare Monthly Enrollment 2026-02; DUAL_TOT_BENES]
TN,Clay,Dual-Eligible (Medicare + Medicaid),Dual-Eligible,Dual-Eligible (Medicare/Medicaid),FIPS 47027,,478,478,https://data.cms.gov/summary-statistics-on-beneficiary-enrollment/medicare-and-medicaid-reports/medicare-monthly-enrollment,2026-02,[source: CMS Medicare Monthly Enrollment 2026-02; DUAL_TOT_BENES]
TN,Cocke,Dual-Eligible (Medicare + Medicaid),Dual-Eligible,Dual-Eligible (Medicare/Medicaid),FIPS 47029,,2652,2652,https://data.cms.gov/summary-statistics-on-beneficiary-enrollment/medicare-and-medicaid-reports/medicare-monthly-enrollment,2026-02,[source: CMS Medicare Monthly Enrollment 2026-02; DUAL_TOT_BENES]
TN,Coffee,Dual-Eligible (Medicare + Medicaid),Dual-Eligible,Dual-Eligible (Medicare/Medicaid),FIPS 47031,,2307,2307,https://data.cms.gov/summary-statistics-on-beneficiary-enrollment/medicare-and-medicaid-reports/medicare-monthly-enrollment,2026-02,[source: CMS Medicare Monthly Enrollment 2026-02; DUAL_TOT_BENES]
TN,Crockett,Dual-Eligible (Medicare + Medicaid),Dual-Eligible,Dual-Eligible (Medicare/Medicaid),FIPS 47033,,703,703,https://data.cms.gov/summary-statistics-on-beneficiary-enrollment/medicare-and-medicaid-reports/medicare-monthly-enrollment,2026-02,[source: CMS Medicare Monthly Enrollment 2026-02; DUAL_TOT_BENES]
TN,Cumberland,Dual-Eligible (Medicare + Medicaid),Dual-Eligible,Dual-Eligible (Medicare/Medicaid),FIPS 47035,,2524,2524,https://data.cms.gov/summary-statistics-on-beneficiary-enrollment/medicare-and-medicaid-reports/medicare-monthly-enrollment,2026-02,[source: CMS Medicare Monthly Enrollment 2026-02; DUAL_TOT_BENES]
TN,Davidson,Dual-Eligible (Medicare + Medicaid),Dual-Eligible,Dual-Eligible (Medicare/Medicaid),FIPS 47037,,16779,16779,https://data.cms.gov/summary-statistics-on-beneficiary-enrollment/medicare-and-medicaid-reports/medicare-monthly-enrollment,2026-02,[source: CMS Medicare Monthly Enrollment 2026-02; DUAL_TOT_BENES]
TN,DeKalb,Dual-Eligible (Medicare + Medicaid),Dual-Eligible,Dual-Eligible (Medicare/Medicaid),FIPS 47041,,931,931,https://data.cms.gov/summary-statistics-on-beneficiary-enrollment/medicare-and-medicaid-reports/medicare-monthly-enrollment,2026-02,[source: CMS Medicare Monthly Enrollment 2026-02; DUAL_TOT_BENES]
TN,Decatur,Dual-Eligible (Medicare + Medicaid),Dual-Eligible,Dual-Eligible (Medicare/Medicaid),FIPS 47039,,726,726,https://data.cms.gov/summary-statistics-on-beneficiary-enrollment/medicare-and-medicaid-reports/medicare-monthly-enrollment,2026-02,[source: CMS Medicare Monthly Enrollment 2026-02; DUAL_TOT_BENES]
TN,Dickson,Dual-Eligible (Medicare + Medicaid),Dual-Eligible,Dual-Eligible (Medicare/Medicaid),FIPS 47043,,1769,1769,https://data.cms.gov/summary-statistics-on-beneficiary-enrollment/medicare-and-medicaid-reports/medicare-monthly-enrollment,2026-02,[source: CMS Medicare Monthly Enrollment 2026-02; DUAL_TOT_BENES]
TN,Dyer,Dual-Eligible (Medicare + Medicaid),Dual-Eligible,Dual-Eligible (Medicare/Medicaid),FIPS 47045,,1844,1844,https://data.cms.gov/summary-statistics-on-beneficiary-enrollment/medicare-and-medicaid-reports/medicare-monthly-enrollment,2026-02,[source: CMS Medicare Monthly Enrollment 2026-02; DUAL_TOT_BENES]
TN,Fayette,Dual-Eligible (Medicare + Medicaid),Dual-Eligible,Dual-Eligible (Medicare/Medicaid),FIPS 47047,,1381,1381,https://data.cms.gov/summary-statistics-on-beneficiary-enrollment/medicare-and-medicaid-reports/medicare-monthly-enrollment,2026-02,[source: CMS Medicare Monthly Enrollment 2026-02; DUAL_TOT_BENES]
TN,Fentress,Dual-Eligible (Medicare + Medicaid),Dual-Eligible,Dual-Eligible (Medicare/Medicaid),FIPS 47049,,1456,1456,https://data.cms.gov/summary-statistics-on-beneficiary-enrollment/medicare-and-medicaid-reports/medicare-monthly-enrollment,2026-02,[source: CMS Medicare Monthly Enrollment 2026-02; DUAL_TOT_BENES]
TN,Franklin,Dual-Eligible (Medicare + Medicaid),Dual-Eligible,Dual-Eligible (Medicare/Medicaid),FIPS 47051,,1469,1469,https://data.cms.gov/summary-statistics-on-beneficiary-enrollment/medicare-and-medicaid-reports/medicare-monthly-enrollment,2026-02,[source: CMS Medicare Monthly Enrollment 2026-02; DUAL_TOT_BENES]
TN,Gibson,Dual-Eligible (Medicare + Medicaid),Dual-Eligible,Dual-Eligible (Medicare/Medicaid),FIPS 47053,,2410,2410,https://data.cms.gov/summary-statistics-on-beneficiary-enrollment/medicare-and-medicaid-reports/medicare-monthly-enrollment,2026-02,[source: CMS Medicare Monthly Enrollment 2026-02; DUAL_TOT_BENES]
TN,Giles,Dual-Eligible (Medicare + Medicaid),Dual-Eligible,Dual-Eligible (Medicare/Medicaid),FIPS 47055,,1148,1148,https://data.cms.gov/summary-statistics-on-beneficiary-enrollment/medicare-and-medicaid-reports/medicare-monthly-enrollment,2026-02,[source: CMS Medicare Monthly Enrollment 2026-02; DUAL_TOT_BENES]
TN,Grainger,Dual-Eligible (Medicare + Medicaid),Dual-Eligible,Dual-Eligible (Medicare/Medicaid),FIPS 47057,,1337,1337,https://data.cms.gov/summary-statistics-on-beneficiary-enrollment/medicare-and-medicaid-reports/medicare-monthly-enrollment,2026-02,[source: CMS Medicare Monthly Enrollment 2026-02; DUAL_TOT_BENES]
TN,Greene,Dual-Eligible (Medicare + Medicaid),Dual-Eligible,Dual-Eligible (Medicare/Medicaid),FIPS 47059,,3724,3724,https://data.cms.gov/summary-statistics-on-beneficiary-enrollment/medicare-and-medicaid-reports/medicare-monthly-enrollment,2026-02,[source: CMS Medicare Monthly Enrollment 2026-02; DUAL_TOT_BENES]
TN,Grundy,Dual-Eligible (Medicare + Medicaid),Dual-Eligible,Dual-Eligible (Medicare/Medicaid),FIPS 47061,,997,997,https://data.cms.gov/summary-statistics-on-beneficiary-enrollment/medicare-and-medicaid-reports/medicare-monthly-enrollment,2026-02,[source: CMS Medicare Monthly Enrollment 2026-02; DUAL_TOT_BENES]
TN,Hamblen,Dual-Eligible (Medicare + Medicaid),Dual-Eligible,Dual-Eligible (Medicare/Medicaid),FIPS 47063,,2739,2739,https://data.cms.gov/summary-statistics-on-beneficiary-enrollment/medicare-and-medicaid-reports/medicare-monthly-enrollment,2026-02,[source: CMS Medicare Monthly Enrollment 2026-02; DUAL_TOT_BENES]
TN,Hamilton,Dual-Eligible (Medicare + Medicaid),Dual-Eligible,Dual-Eligible (Medicare/Medicaid),FIPS 47065,,11188,11188,https://data.cms.gov/summary-statistics-on-beneficiary-enrollment/medicare-and-medicaid-reports/medicare-monthly-enrollment,2026-02,[source: CMS Medicare Monthly Enrollment 2026-02; DUAL_TOT_BENES]
TN,Hancock,Dual-Eligible (Medicare + Medicaid),Dual-Eligible,Dual-Eligible (Medicare/Medicaid),FIPS 47067,,551,551,https://data.cms.gov/summary-statistics-on-beneficiary-enrollment/medicare-and-medicaid-reports/medicare-monthly-enrollment,2026-02,[source: CMS Medicare Monthly Enrollment 2026-02; DUAL_TOT_BENES]
TN,Hardeman,Dual-Eligible (Medicare + Medicaid),Dual-Eligible,Dual-Eligible (Medicare/Medicaid),FIPS 47069,,1451,1451,https://data.cms.gov/summary-statistics-on-beneficiary-enrollment/medicare-and-medicaid-reports/medicare-monthly-enrollment,2026-02,[source: CMS Medicare Monthly Enrollment 2026-02; DUAL_TOT_BENES]
TN,Hardin,Dual-Eligible (Medicare + Medicaid),Dual-Eligible,Dual-Eligible (Medicare/Medicaid),FIPS 47071,,1574,1574,https://data.cms.gov/summary-statistics-on-beneficiary-enrollment/medicare-and-medicaid-reports/medicare-monthly-enrollment,2026-02,[source: CMS Medicare Monthly Enrollment 2026-02; DUAL_TOT_BENES]
TN,Hawkins,Dual-Eligible (Medicare + Medicaid),Dual-Eligible,Dual-Eligible (Medicare/Medicaid),FIPS 47073,,2926,2926,https://data.cms.gov/summary-statistics-on-beneficiary-enrollment/medicare-and-medicaid-reports/medicare-monthly-enrollment,2026-02,[source: CMS Medicare Monthly Enrollment 2026-02; DUAL_TOT_BENES]
TN,Haywood,Dual-Eligible (Medicare + Medicaid),Dual-Eligible,Dual-Eligible (Medicare/Medicaid),FIPS 47075,,1108,1108,https://data.cms.gov/summary-statistics-on-beneficiary-enrollment/medicare-and-medicaid-reports/medicare-monthly-enrollment,2026-02,[source: CMS Medicare Monthly Enrollment 2026-02; DUAL_TOT_BENES]
TN,Henderson,Dual-Eligible (Medicare + Medicaid),Dual-Eligible,Dual-Eligible (Medicare/Medicaid),FIPS 47077,,1363,1363,https://data.cms.gov/summary-statistics-on-beneficiary-enrollment/medicare-and-medicaid-reports/medicare-monthly-enrollment,2026-02,[source: CMS Medicare Monthly Enrollment 2026-02; DUAL_TOT_BENES]
TN,Henry,Dual-Eligible (Medicare + Medicaid),Dual-Eligible,Dual-Eligible (Medicare/Medicaid),FIPS 47079,,1556,1556,https://data.cms.gov/summary-statistics-on-beneficiary-enrollment/medicare-and-medicaid-reports/medicare-monthly-enrollment,2026-02,[source: CMS Medicare Monthly Enrollment 2026-02; DUAL_TOT_BENES]
TN,Hickman,Dual-Eligible (Medicare + Medicaid),Dual-Eligible,Dual-Eligible (Medicare/Medicaid),FIPS 47081,,1048,1048,https://data.cms.gov/summary-statistics-on-beneficiary-enrollment/medicare-and-medicaid-reports/medicare-monthly-enrollment,2026-02,[source: CMS Medicare Monthly Enrollment 2026-02; DUAL_TOT_BENES]
TN,Houston,Dual-Eligible (Medicare + Medicaid),Dual-Eligible,Dual-Eligible (Medicare/Medicaid),FIPS 47083,,433,433,https://data.cms.gov/summary-statistics-on-beneficiary-enrollment/medicare-and-medicaid-reports/medicare-monthly-enrollment,2026-02,[source: CMS Medicare Monthly Enrollment 2026-02; DUAL_TOT_BENES]
TN,Humphreys,Dual-Eligible (Medicare + Medicaid),Dual-Eligible,Dual-Eligible (Medicare/Medicaid),FIPS 47085,,703,703,https://data.cms.gov/summary-statistics-on-beneficiary-enrollment/medicare-and-medicaid-reports/medicare-monthly-enrollment,2026-02,[source: CMS Medicare Monthly Enrollment 2026-02; DUAL_TOT_BENES]
TN,Jackson,Dual-Eligible (Medicare + Medicaid),Dual-Eligible,Dual-Eligible (Medicare/Medicaid),FIPS 47087,,598,598,https://data.cms.gov/summary-statistics-on-beneficiary-enrollment/medicare-and-medicaid-reports/medicare-monthly-enrollment,2026-02,[source: CMS Medicare Monthly Enrollment 2026-02; DUAL_TOT_BENES]
TN,Jefferson,Dual-Eligible (Medicare + Medicaid),Dual-Eligible,Dual-Eligible (Medicare/Medicaid),FIPS 47089,,2301,2301,https://data.cms.gov/summary-statistics-on-beneficiary-enrollment/medicare-and-medicaid-reports/medicare-monthly-enrollment,2026-02,[source: CMS Medicare Monthly Enrollment 2026-02; DUAL_TOT_BENES]
TN,Johnson,Dual-Eligible (Medicare + Medicaid),Dual-Eligible,Dual-Eligible (Medicare/Medicaid),FIPS 47091,,1201,1201,https://data.cms.gov/summary-statistics-on-beneficiary-enrollment/medicare-and-medicaid-reports/medicare-monthly-enrollment,2026-02,[source: CMS Medicare Monthly Enrollment 2026-02; DUAL_TOT_BENES]
TN,Knox,Dual-Eligible (Medicare + Medicaid),Dual-Eligible,Dual-Eligible (Medicare/Medicaid),FIPS 47093,,13019,13019,https://data.cms.gov/summary-statistics-on-beneficiary-enrollment/medicare-and-medicaid-reports/medicare-monthly-enrollment,2026-02,[source: CMS Medicare Monthly Enrollment 2026-02; DUAL_TOT_BENES]
TN,Lake,Dual-Eligible (Medicare + Medicaid),Dual-Eligible,Dual-Eligible (Medicare/Medicaid),FIPS 47095,,452,452,https://data.cms.gov/summary-statistics-on-beneficiary-enrollment/medicare-and-medicaid-reports/medicare-monthly-enrollment,2026-02,[source: CMS Medicare Monthly Enrollment 2026-02; DUAL_TOT_BENES]
TN,Lauderdale,Dual-Eligible (Medicare + Medicaid),Dual-Eligible,Dual-Eligible (Medicare/Medicaid),FIPS 47097,,1397,1397,https://data.cms.gov/summary-statistics-on-beneficiary-enrollment/medicare-and-medicaid-reports/medicare-monthly-enrollment,2026-02,[source: CMS Medicare Monthly Enrollment 2026-02; DUAL_TOT_BENES]
TN,Lawrence,Dual-Eligible (Medicare + Medicaid),Dual-Eligible,Dual-Eligible (Medicare/Medicaid),FIPS 47099,,2006,2006,https://data.cms.gov/summary-statistics-on-beneficiary-enrollment/medicare-and-medicaid-reports/medicare-monthly-enrollment,2026-02,[source: CMS Medicare Monthly Enrollment 2026-02; DUAL_TOT_BENES]
TN,Lewis,Dual-Eligible (Medicare + Medicaid),Dual-Eligible,Dual-Eligible (Medicare/Medicaid),FIPS 47101,,569,569,https://data.cms.gov/summary-statistics-on-beneficiary-enrollment/medicare-and-medicaid-reports/medicare-monthly-enrollment,2026-02,[source: CMS Medicare Monthly Enrollment 2026-02; DUAL_TOT_BENES]
TN,Lincoln,Dual-Eligible (Medicare + Medicaid),Dual-Eligible,Dual-Eligible (Medicare/Medicaid),FIPS 47103,,1406,1406,https://data.cms.gov/summary-statistics-on-beneficiary-enrollment/medicare-and-medicaid-reports/medicare-monthly-enrollment,2026-02,[source: CMS Medicare Monthly Enrollment 2026-02; DUAL_TOT_BENES]
TN,Loudon,Dual-Eligible (Medicare + Medicaid),Dual-Eligible,Dual-Eligible (Medicare/Medicaid),FIPS 47105,,1583,1583,https://data.cms.gov/summary-statistics-on-beneficiary-enrollment/medicare-and-medicaid-reports/medicare-monthly-enrollment,2026-02,[source: CMS Medicare Monthly Enrollment 2026-02; DUAL_TOT_BENES]
TN,Macon,Dual-Eligible (Medicare + Medicaid),Dual-Eligible,Dual-Eligible (Medicare/Medicaid),FIPS 47111,,1067,1067,https://data.cms.gov/summary-statistics-on-beneficiary-enrollment/medicare-and-medicaid-reports/medicare-monthly-enrollment,2026-02,[source: CMS Medicare Monthly Enrollment 2026-02; DUAL_TOT_BENES]
TN,Madison,Dual-Eligible (Medicare + Medicaid),Dual-Eligible,Dual-Eligible (Medicare/Medicaid),FIPS 47113,,4274,4274,https://data.cms.gov/summary-statistics-on-beneficiary-enrollment/medicare-and-medicaid-reports/medicare-monthly-enrollment,2026-02,[source: CMS Medicare Monthly Enrollment 2026-02; DUAL_TOT_BENES]
TN,Marion,Dual-Eligible (Medicare + Medicaid),Dual-Eligible,Dual-Eligible (Medicare/Medicaid),FIPS 47115,,1142,1142,https://data.cms.gov/summary-statistics-on-beneficiary-enrollment/medicare-and-medicaid-reports/medicare-monthly-enrollment,2026-02,[source: CMS Medicare Monthly Enrollment 2026-02; DUAL_TOT_BENES]
TN,Marshall,Dual-Eligible (Medicare + Medicaid),Dual-Eligible,Dual-Eligible (Medicare/Medicaid),FIPS 47117,,1114,1114,https://data.cms.gov/summary-statistics-on-beneficiary-enrollment/medicare-and-medicaid-reports/medicare-monthly-enrollment,2026-02,[source: CMS Medicare Monthly Enrollment 2026-02; DUAL_TOT_BENES]
TN,Maury,Dual-Eligible (Medicare + Medicaid),Dual-Eligible,Dual-Eligible (Medicare/Medicaid),FIPS 47119,,2584,2584,https://data.cms.gov/summary-statistics-on-beneficiary-enrollment/medicare-and-medicaid-reports/medicare-monthly-enrollment,2026-02,[source: CMS Medicare Monthly Enrollment 2026-02; DUAL_TOT_BENES]
TN,McMinn,Dual-Eligible (Medicare + Medicaid),Dual-Eligible,Dual-Eligible (Medicare/Medicaid),FIPS 47107,,2438,2438,https://data.cms.gov/summary-statistics-on-beneficiary-enrollment/medicare-and-medicaid-reports/medicare-monthly-enrollment,2026-02,[source: CMS Medicare Monthly Enrollment 2026-02; DUAL_TOT_BENES]
TN,McNairy,Dual-Eligible (Medicare + Medicaid),Dual-Eligible,Dual-Eligible (Medicare/Medicaid),FIPS 47109,,1493,1493,https://data.cms.gov/summary-statistics-on-beneficiary-enrollment/medicare-and-medicaid-reports/medicare-monthly-enrollment,2026-02,[source: CMS Medicare Monthly Enrollment 2026-02; DUAL_TOT_BENES]
TN,Meigs,Dual-Eligible (Medicare + Medicaid),Dual-Eligible,Dual-Eligible (Medicare/Medicaid),FIPS 47121,,724,724,https://data.cms.gov/summary-statistics-on-beneficiary-enrollment/medicare-and-medicaid-reports/medicare-monthly-enrollment,2026-02,[source: CMS Medicare Monthly Enrollment 2026-02; DUAL_TOT_BENES]
TN,Monroe,Dual-Eligible (Medicare + Medicaid),Dual-Eligible,Dual-Eligible (Medicare/Medicaid),FIPS 47123,,2365,2365,https://data.cms.gov/summary-statistics-on-beneficiary-enrollment/medicare-and-medicaid-reports/medicare-monthly-enrollment,2026-02,[source: CMS Medicare Monthly Enrollment 2026-02; DUAL_TOT_BENES]
TN,Montgomery,Dual-Eligible (Medicare + Medicaid),Dual-Eligible,Dual-Eligible (Medicare/Medicaid),FIPS 47125,,4534,4534,https://data.cms.gov/summary-statistics-on-beneficiary-enrollment/medicare-and-medicaid-reports/medicare-monthly-enrollment,2026-02,[source: CMS Medicare Monthly Enrollment 2026-02; DUAL_TOT_BENES]
TN,Moore,Dual-Eligible (Medicare + Medicaid),Dual-Eligible,Dual-Eligible (Medicare/Medicaid),FIPS 47127,,156,156,https://data.cms.gov/summary-statistics-on-beneficiary-enrollment/medicare-and-medicaid-reports/medicare-monthly-enrollment,2026-02,[source: CMS Medicare Monthly Enrollment 2026-02; DUAL_TOT_BENES]
TN,Morgan,Dual-Eligible (Medicare + Medicaid),Dual-Eligible,Dual-Eligible (Medicare/Medicaid),FIPS 47129,,994,994,https://data.cms.gov/summary-statistics-on-beneficiary-enrollment/medicare-and-medicaid-reports/medicare-monthly-enrollment,2026-02,[source: CMS Medicare Monthly Enrollment 2026-02; DUAL_TOT_BENES]
TN,Obion,Dual-Eligible (Medicare + Medicaid),Dual-Eligible,Dual-Eligible (Medicare/Medicaid),FIPS 47131,,1442,1442,https://data.cms.gov/summary-statistics-on-beneficiary-enrollment/medicare-and-medicaid-reports/medicare-monthly-enrollment,2026-02,[source: CMS Medicare Monthly Enrollment 2026-02; DUAL_TOT_BENES]
TN,Overton,Dual-Eligible (Medicare + Medicaid),Dual-Eligible,Dual-Eligible (Medicare/Medicaid),FIPS 47133,,1113,1113,https://data.cms.gov/summary-statistics-on-beneficiary-enrollment/medicare-and-medicaid-reports/medicare-monthly-enrollment,2026-02,[source: CMS Medicare Monthly Enrollment 2026-02; DUAL_TOT_BENES]
TN,Perry,Dual-Eligible (Medicare + Medicaid),Dual-Eligible,Dual-Eligible (Medicare/Medicaid),FIPS 47135,,464,464,https://data.cms.gov/summary-statistics-on-beneficiary-enrollment/medicare-and-medicaid-reports/medicare-monthly-enrollment,2026-02,[source: CMS Medicare Monthly Enrollment 2026-02; DUAL_TOT_BENES]
TN,Pickett,Dual-Eligible (Medicare + Medicaid),Dual-Eligible,Dual-Eligible (Medicare/Medicaid),FIPS 47137,,292,292,https://data.cms.gov/summary-statistics-on-beneficiary-enrollment/medicare-and-medicaid-reports/medicare-monthly-enrollment,2026-02,[source: CMS Medicare Monthly Enrollment 2026-02; DUAL_TOT_BENES]
TN,Polk,Dual-Eligible (Medicare + Medicaid),Dual-Eligible,Dual-Eligible (Medicare/Medicaid),FIPS 47139,,950,950,https://data.cms.gov/summary-statistics-on-beneficiary-enrollment/medicare-and-medicaid-reports/medicare-monthly-enrollment,2026-02,[source: CMS Medicare Monthly Enrollment 2026-02; DUAL_TOT_BENES]
TN,Putnam,Dual-Eligible (Medicare + Medicaid),Dual-Eligible,Dual-Eligible (Medicare/Medicaid),FIPS 47141,,3184,3184,https://data.cms.gov/summary-statistics-on-beneficiary-enrollment/medicare-and-medicaid-reports/medicare-monthly-enrollment,2026-02,[source: CMS Medicare Monthly Enrollment 2026-02; DUAL_TOT_BENES]
TN,Rhea,Dual-Eligible (Medicare + Medicaid),Dual-Eligible,Dual-Eligible (Medicare/Medicaid),FIPS 47143,,1546,1546,https://data.cms.gov/summary-statistics-on-beneficiary-enrollment/medicare-and-medicaid-reports/medicare-monthly-enrollment,2026-02,[source: CMS Medicare Monthly Enrollment 2026-02; DUAL_TOT_BENES]
TN,Roane,Dual-Eligible (Medicare + Medicaid),Dual-Eligible,Dual-Eligible (Medicare/Medicaid),FIPS 47145,,2346,2346,https://data.cms.gov/summary-statistics-on-beneficiary-enrollment/medicare-and-medicaid-reports/medicare-monthly-enrollment,2026-02,[source: CMS Medicare Monthly Enrollment 2026-02; DUAL_TOT_BENES]
TN,Robertson,Dual-Eligible (Medicare + Medicaid),Dual-Eligible,Dual-Eligible (Medicare/Medicaid),FIPS 47147,,1846,1846,https://data.cms.gov/summary-statistics-on-beneficiary-enrollment/medicare-and-medicaid-reports/medicare-monthly-enrollment,2026-02,[source: CMS Medicare Monthly Enrollment 2026-02; DUAL_TOT_BENES]
TN,Rutherford,Dual-Eligible (Medicare + Medicaid),Dual-Eligible,Dual-Eligible (Medicare/Medicaid),FIPS 47149,,5916,5916,https://data.cms.gov/summary-statistics-on-beneficiary-enrollment/medicare-and-medicaid-reports/medicare-monthly-enrollment,2026-02,[source: CMS Medicare Monthly Enrollment 2026-02; DUAL_TOT_BENES]
TN,Scott,Dual-Eligible (Medicare + Medicaid),Dual-Eligible,Dual-Eligible (Medicare/Medicaid),FIPS 47151,,1547,1547,https://data.cms.gov/summary-statistics-on-beneficiary-enrollment/medicare-and-medicaid-reports/medicare-monthly-enrollment,2026-02,[source: CMS Medicare Monthly Enrollment 2026-02; DUAL_TOT_BENES]
TN,Sequatchie,Dual-Eligible (Medicare + Medicaid),Dual-Eligible,Dual-Eligible (Medicare/Medicaid),FIPS 47153,,1425,1425,https://data.cms.gov/summary-statistics-on-beneficiary-enrollment/medicare-and-medicaid-reports/medicare-monthly-enrollment,2026-02,[source: CMS Medicare Monthly Enrollment 2026-02; DUAL_TOT_BENES]
TN,Sevier,Dual-Eligible (Medicare + Medicaid),Dual-Eligible,Dual-Eligible (Medicare/Medicaid),FIPS 47155,,3013,3013,https://data.cms.gov/summary-statistics-on-beneficiary-enrollment/medicare-and-medicaid-reports/medicare-monthly-enrollment,2026-02,[source: CMS Medicare Monthly Enrollment 2026-02; DUAL_TOT_BENES]
TN,Shelby,Dual-Eligible (Medicare + Medicaid),Dual-Eligible,Dual-Eligible (Medicare/Medicaid),FIPS 47157,,34924,34924,https://data.cms.gov/summary-statistics-on-beneficiary-enrollment/medicare-and-medicaid-reports/medicare-monthly-enrollment,2026-02,[source: CMS Medicare Monthly Enrollment 2026-02; DUAL_TOT_BENES]
TN,Smith,Dual-Eligible (Medicare + Medicaid),Dual-Eligible,Dual-Eligible (Medicare/Medicaid),FIPS 47159,,712,712,https://data.cms.gov/summary-statistics-on-beneficiary-enrollment/medicare-and-medicaid-reports/medicare-monthly-enrollment,2026-02,[source: CMS Medicare Monthly Enrollment 2026-02; DUAL_TOT_BENES]
TN,Stewart,Dual-Eligible (Medicare + Medicaid),Dual-Eligible,Dual-Eligible (Medicare/Medicaid),FIPS 47161,,562,562,https://data.cms.gov/summary-statistics-on-beneficiary-enrollment/medicare-and-medicaid-reports/medicare-monthly-enrollment,2026-02,[source: CMS Medicare Monthly Enrollment 2026-02; DUAL_TOT_BENES]
TN,Sullivan,Dual-Eligible (Medicare + Medicaid),Dual-Eligible,Dual-Eligible (Medicare/Medicaid),FIPS 47163,,6902,6902,https://data.cms.gov/summary-statistics-on-beneficiary-enrollment/medicare-and-medicaid-reports/medicare-monthly-enrollment,2026-02,[source: CMS Medicare Monthly Enrollment 2026-02; DUAL_TOT_BENES]
TN,Sumner,Dual-Eligible (Medicare + Medicaid),Dual-Eligible,Dual-Eligible (Medicare/Medicaid),FIPS 47165,,4113,4113,https://data.cms.gov/summary-statistics-on-beneficiary-enrollment/medicare-and-medicaid-reports/medicare-monthly-enrollment,2026-02,[source: CMS Medicare Monthly Enrollment 2026-02; DUAL_TOT_BENES]
TN,Tipton,Dual-Eligible (Medicare + Medicaid),Dual-Eligible,Dual-Eligible (Medicare/Medicaid),FIPS 47167,,2010,2010,https://data.cms.gov/summary-statistics-on-beneficiary-enrollment/medicare-and-medicaid-reports/medicare-monthly-enrollment,2026-02,[source: CMS Medicare Monthly Enrollment 2026-02; DUAL_TOT_BENES]
TN,Trousdale,Dual-Eligible (Medicare + Medicaid),Dual-Eligible,Dual-Eligible (Medicare/Medicaid),FIPS 47169,,373,373,https://data.cms.gov/summary-statistics-on-beneficiary-enrollment/medicare-and-medicaid-reports/medicare-monthly-enrollment,2026-02,[source: CMS Medicare Monthly Enrollment 2026-02; DUAL_TOT_BENES]
TN,Unicoi,Dual-Eligible (Medicare + Medicaid),Dual-Eligible,Dual-Eligible (Medicare/Medicaid),FIPS 47171,,1024,1024,https://data.cms.gov/summary-statistics-on-beneficiary-enrollment/medicare-and-medicaid-reports/medicare-monthly-enrollment,2026-02,[source: CMS Medicare Monthly Enrollment 2026-02; DUAL_TOT_BENES]
TN,Union,Dual-Eligible (Medicare + Medicaid),Dual-Eligible,Dual-Eligible (Medicare/Medicaid),FIPS 47173,,1030,1030,https://data.cms.gov/summary-statistics-on-beneficiary-enrollment/medicare-and-medicaid-reports/medicare-monthly-enrollment,2026-02,[source: CMS Medicare Monthly Enrollment 2026-02; DUAL_TOT_BENES]
TN,Van Buren,Dual-Eligible (Medicare + Medicaid),Dual-Eligible,Dual-Eligible (Medicare/Medicaid),FIPS 47175,,294,294,https://data.cms.gov/summary-statistics-on-beneficiary-enrollment/medicare-and-medicaid-reports/medicare-monthly-enrollment,2026-02,[source: CMS Medicare Monthly Enrollment 2026-02; DUAL_TOT_BENES]
TN,Warren,Dual-Eligible (Medicare + Medicaid),Dual-Eligible,Dual-Eligible (Medicare/Medicaid),FIPS 47177,,2155,2155,https://data.cms.gov/summary-statistics-on-beneficiary-enrollment/medicare-and-medicaid-reports/medicare-monthly-enrollment,2026-02,[source: CMS Medicare Monthly Enrollment 2026-02; DUAL_TOT_BENES]
TN,Washington,Dual-Eligible (Medicare + Medicaid),Dual-Eligible,Dual-Eligible (Medicare/Medicaid),FIPS 47179,,4952,4952,https://data.cms.gov/summary-statistics-on-beneficiary-enrollment/medicare-and-medicaid-reports/medicare-monthly-enrollment,2026-02,[source: CMS Medicare Monthly Enrollment 2026-02; DUAL_TOT_BENES]
TN,Wayne,Dual-Eligible (Medicare + Medicaid),Dual-Eligible,Dual-Eligible (Medicare/Medicaid),FIPS 47181,,727,727,https://data.cms.gov/summary-statistics-on-beneficiary-enrollment/medicare-and-medicaid-reports/medicare-monthly-enrollment,2026-02,[source: CMS Medicare Monthly Enrollment 2026-02; DUAL_TOT_BENES]
TN,Weakley,Dual-Eligible (Medicare + Medicaid),Dual-Eligible,Dual-Eligible (Medicare/Medicaid),FIPS 47183,,1367,1367,https://data.cms.gov/summary-statistics-on-beneficiary-enrollment/medicare-and-medicaid-reports/medicare-monthly-enrollment,2026-02,[source: CMS Medicare Monthly Enrollment 2026-02; DUAL_TOT_BENES]
TN,White,Dual-Eligible (Medicare + Medicaid),Dual-Eligible,Dual-Eligible (Medicare/Medicaid),FIPS 47185,,1416,1416,https://data.cms.gov/summary-statistics-on-beneficiary-enrollment/medicare-and-medicaid-reports/medicare-monthly-enrollment,2026-02,[source: CMS Medicare Monthly Enrollment 2026-02; DUAL_TOT_BENES]
TN,Williamson,Dual-Eligible (Medicare + Medicaid),Dual-Eligible,Dual-Eligible (Medicare/Medicaid),FIPS 47187,,1782,1782,https://data.cms.gov/summary-statistics-on-beneficiary-enrollment/medicare-and-medicaid-reports/medicare-monthly-enrollment,2026-02,[source: CMS Medicare Monthly Enrollment 2026-02; DUAL_TOT_BENES]
TN,Wilson,Dual-Eligible (Medicare + Medicaid),Dual-Eligible,Dual-Eligible (Medicare/Medicaid),FIPS 47189,,2801,2801,https://data.cms.gov/summary-statistics-on-beneficiary-enrollment/medicare-and-medicaid-reports/medicare-monthly-enrollment,2026-02,[source: CMS Medicare Monthly Enrollment 2026-02; DUAL_TOT_BENES]
TX,Anderson,Dual-Eligible (Medicare + Medicaid),Dual-Eligible,Dual-Eligible (Medicare/Medicaid),FIPS 48001,,1589,1589,https://data.cms.gov/summary-statistics-on-beneficiary-enrollment/medicare-and-medicaid-reports/medicare-monthly-enrollment,2026-02,[source: CMS Medicare Monthly Enrollment 2026-02; DUAL_TOT_BENES]
TX,Andrews,Dual-Eligible (Medicare + Medicaid),Dual-Eligible,Dual-Eligible (Medicare/Medicaid),FIPS 48003,,285,285,https://data.cms.gov/summary-statistics-on-beneficiary-enrollment/medicare-and-medicaid-reports/medicare-monthly-enrollment,2026-02,[source: CMS Medicare Monthly Enrollment 2026-02; DUAL_TOT_BENES]
TX,Angelina,Dual-Eligible (Medicare + Medicaid),Dual-Eligible,Dual-Eligible (Medicare/Medicaid),FIPS 48005,,2814,2814,https://data.cms.gov/summary-statistics-on-beneficiary-enrollment/medicare-and-medicaid-reports/medicare-monthly-enrollment,2026-02,[source: CMS Medicare Monthly Enrollment 2026-02; DUAL_TOT_BENES]
TX,Aransas,Dual-Eligible (Medicare + Medicaid),Dual-Eligible,Dual-Eligible (Medicare/Medicaid),FIPS 48007,,744,744,https://data.cms.gov/summary-statistics-on-beneficiary-enrollment/medicare-and-medicaid-reports/medicare-monthly-enrollment,2026-02,[source: CMS Medicare Monthly Enrollment 2026-02; DUAL_TOT_BENES]
TX,Archer,Dual-Eligible (Medicare + Medicaid),Dual-Eligible,Dual-Eligible (Medicare/Medicaid),FIPS 48009,,147,147,https://data.cms.gov/summary-statistics-on-beneficiary-enrollment/medicare-and-medicaid-reports/medicare-monthly-enrollment,2026-02,[source: CMS Medicare Monthly Enrollment 2026-02; DUAL_TOT_BENES]
TX,Atascosa,Dual-Eligible (Medicare + Medicaid),Dual-Eligible,Dual-Eligible (Medicare/Medicaid),FIPS 48013,,1718,1718,https://data.cms.gov/summary-statistics-on-beneficiary-enrollment/medicare-and-medicaid-reports/medicare-monthly-enrollment,2026-02,[source: CMS Medicare Monthly Enrollment 2026-02; DUAL_TOT_BENES]
TX,Austin,Dual-Eligible (Medicare + Medicaid),Dual-Eligible,Dual-Eligible (Medicare/Medicaid),FIPS 48015,,652,652,https://data.cms.gov/summary-statistics-on-beneficiary-enrollment/medicare-and-medicaid-reports/medicare-monthly-enrollment,2026-02,[source: CMS Medicare Monthly Enrollment 2026-02; DUAL_TOT_BENES]
TX,Bailey,Dual-Eligible (Medicare + Medicaid),Dual-Eligible,Dual-Eligible (Medicare/Medicaid),FIPS 48017,,155,155,https://data.cms.gov/summary-statistics-on-beneficiary-enrollment/medicare-and-medicaid-reports/medicare-monthly-enrollment,2026-02,[source: CMS Medicare Monthly Enrollment 2026-02; DUAL_TOT_BENES]
TX,Bandera,Dual-Eligible (Medicare + Medicaid),Dual-Eligible,Dual-Eligible (Medicare/Medicaid),FIPS 48019,,562,562,https://data.cms.gov/summary-statistics-on-beneficiary-enrollment/medicare-and-medicaid-reports/medicare-monthly-enrollment,2026-02,[source: CMS Medicare Monthly Enrollment 2026-02; DUAL_TOT_BENES]
TX,Bastrop,Dual-Eligible (Medicare + Medicaid),Dual-Eligible,Dual-Eligible (Medicare/Medicaid),FIPS 48021,,1896,1896,https://data.cms.gov/summary-statistics-on-beneficiary-enrollment/medicare-and-medicaid-reports/medicare-monthly-enrollment,2026-02,[source: CMS Medicare Monthly Enrollment 2026-02; DUAL_TOT_BENES]
TX,Baylor,Dual-Eligible (Medicare + Medicaid),Dual-Eligible,Dual-Eligible (Medicare/Medicaid),FIPS 48023,,131,131,https://data.cms.gov/summary-statistics-on-beneficiary-enrollment/medicare-and-medicaid-reports/medicare-monthly-enrollment,2026-02,[source: CMS Medicare Monthly Enrollment 2026-02; DUAL_TOT_BENES]
TX,Bee,Dual-Eligible (Medicare + Medicaid),Dual-Eligible,Dual-Eligible (Medicare/Medicaid),FIPS 48025,,967,967,https://data.cms.gov/summary-statistics-on-beneficiary-enrollment/medicare-and-medicaid-reports/medicare-monthly-enrollment,2026-02,[source: CMS Medicare Monthly Enrollment 2026-02; DUAL_TOT_BENES]
TX,Bell,Dual-Eligible (Medicare + Medicaid),Dual-Eligible,Dual-Eligible (Medicare/Medicaid),FIPS 48027,,7856,7856,https://data.cms.gov/summary-statistics-on-beneficiary-enrollment/medicare-and-medicaid-reports/medicare-monthly-enrollment,2026-02,[source: CMS Medicare Monthly Enrollment 2026-02; DUAL_TOT_BENES]
TX,Bexar,Dual-Eligible (Medicare + Medicaid),Dual-Eligible,Dual-Eligible (Medicare/Medicaid),FIPS 48029,,54175,54175,https://data.cms.gov/summary-statistics-on-beneficiary-enrollment/medicare-and-medicaid-reports/medicare-monthly-enrollment,2026-02,[source: CMS Medicare Monthly Enrollment 2026-02; DUAL_TOT_BENES]
TX,Blanco,Dual-Eligible (Medicare + Medicaid),Dual-Eligible,Dual-Eligible (Medicare/Medicaid),FIPS 48031,,223,223,https://data.cms.gov/summary-statistics-on-beneficiary-enrollment/medicare-and-medicaid-reports/medicare-monthly-enrollment,2026-02,[source: CMS Medicare Monthly Enrollment 2026-02; DUAL_TOT_BENES]
TX,Bosque,Dual-Eligible (Medicare + Medicaid),Dual-Eligible,Dual-Eligible (Medicare/Medicaid),FIPS 48035,,519,519,https://data.cms.gov/summary-statistics-on-beneficiary-enrollment/medicare-and-medicaid-reports/medicare-monthly-enrollment,2026-02,[source: CMS Medicare Monthly Enrollment 2026-02; DUAL_TOT_BENES]
TX,Bowie,Dual-Eligible (Medicare + Medicaid),Dual-Eligible,Dual-Eligible (Medicare/Medicaid),FIPS 48037,,3056,3056,https://data.cms.gov/summary-statistics-on-beneficiary-enrollment/medicare-and-medicaid-reports/medicare-monthly-enrollment,2026-02,[source: CMS Medicare Monthly Enrollment 2026-02; DUAL_TOT_BENES]
TX,Brazoria,Dual-Eligible (Medicare + Medicaid),Dual-Eligible,Dual-Eligible (Medicare/Medicaid),FIPS 48039,,6502,6502,https://data.cms.gov/summary-statistics-on-beneficiary-enrollment/medicare-and-medicaid-reports/medicare-monthly-enrollment,2026-02,[source: CMS Medicare Monthly Enrollment 2026-02; DUAL_TOT_BENES]
TX,Brazos,Dual-Eligible (Medicare + Medicaid),Dual-Eligible,Dual-Eligible (Medicare/Medicaid),FIPS 48041,,2811,2811,https://data.cms.gov/summary-statistics-on-beneficiary-enrollment/medicare-and-medicaid-reports/medicare-monthly-enrollment,2026-02,[source: CMS Medicare Monthly Enrollment 2026-02; DUAL_TOT_BENES]
TX,Brewster,Dual-Eligible (Medicare + Medicaid),Dual-Eligible,Dual-Eligible (Medicare/Medicaid),FIPS 48043,,206,206,https://data.cms.gov/summary-statistics-on-beneficiary-enrollment/medicare-and-medicaid-reports/medicare-monthly-enrollment,2026-02,[source: CMS Medicare Monthly Enrollment 2026-02; DUAL_TOT_BENES]
TX,Brooks,Dual-Eligible (Medicare + Medicaid),Dual-Eligible,Dual-Eligible (Medicare/Medicaid),FIPS 48047,,485,485,https://data.cms.gov/summary-statistics-on-beneficiary-enrollment/medicare-and-medicaid-reports/medicare-monthly-enrollment,2026-02,[source: CMS Medicare Monthly Enrollment 2026-02; DUAL_TOT_BENES]
TX,Brown,Dual-Eligible (Medicare + Medicaid),Dual-Eligible,Dual-Eligible (Medicare/Medicaid),FIPS 48049,,1473,1473,https://data.cms.gov/summary-statistics-on-beneficiary-enrollment/medicare-and-medicaid-reports/medicare-monthly-enrollment,2026-02,[source: CMS Medicare Monthly Enrollment 2026-02; DUAL_TOT_BENES]
TX,Burleson,Dual-Eligible (Medicare + Medicaid),Dual-Eligible,Dual-Eligible (Medicare/Medicaid),FIPS 48051,,505,505,https://data.cms.gov/summary-statistics-on-beneficiary-enrollment/medicare-and-medicaid-reports/medicare-monthly-enrollment,2026-02,[source: CMS Medicare Monthly Enrollment 2026-02; DUAL_TOT_BENES]
TX,Burnet,Dual-Eligible (Medicare + Medicaid),Dual-Eligible,Dual-Eligible (Medicare/Medicaid),FIPS 48053,,871,871,https://data.cms.gov/summary-statistics-on-beneficiary-enrollment/medicare-and-medicaid-reports/medicare-monthly-enrollment,2026-02,[source: CMS Medicare Monthly Enrollment 2026-02; DUAL_TOT_BENES]
TX,Caldwell,Dual-Eligible (Medicare + Medicaid),Dual-Eligible,Dual-Eligible (Medicare/Medicaid),FIPS 48055,,1215,1215,https://data.cms.gov/summary-statistics-on-beneficiary-enrollment/medicare-and-medicaid-reports/medicare-monthly-enrollment,2026-02,[source: CMS Medicare Monthly Enrollment 2026-02; DUAL_TOT_BENES]
TX,Calhoun,Dual-Eligible (Medicare + Medicaid),Dual-Eligible,Dual-Eligible (Medicare/Medicaid),FIPS 48057,,533,533,https://data.cms.gov/summary-statistics-on-beneficiary-enrollment/medicare-and-medicaid-reports/medicare-monthly-enrollment,2026-02,[source: CMS Medicare Monthly Enrollment 2026-02; DUAL_TOT_BENES]
TX,Callahan,Dual-Eligible (Medicare + Medicaid),Dual-Eligible,Dual-Eligible (Medicare/Medicaid),FIPS 48059,,394,394,https://data.cms.gov/summary-statistics-on-beneficiary-enrollment/medicare-and-medicaid-reports/medicare-monthly-enrollment,2026-02,[source: CMS Medicare Monthly Enrollment 2026-02; DUAL_TOT_BENES]
TX,Cameron,Dual-Eligible (Medicare + Medicaid),Dual-Eligible,Dual-Eligible (Medicare/Medicaid),FIPS 48061,,24824,24824,https://data.cms.gov/summary-statistics-on-beneficiary-enrollment/medicare-and-medicaid-reports/medicare-monthly-enrollment,2026-02,[source: CMS Medicare Monthly Enrollment 2026-02; DUAL_TOT_BENES]
TX,Camp,Dual-Eligible (Medicare + Medicaid),Dual-Eligible,Dual-Eligible (Medicare/Medicaid),FIPS 48063,,443,443,https://data.cms.gov/summary-statistics-on-beneficiary-enrollment/medicare-and-medicaid-reports/medicare-monthly-enrollment,2026-02,[source: CMS Medicare Monthly Enrollment 2026-02; DUAL_TOT_BENES]
TX,Carson,Dual-Eligible (Medicare + Medicaid),Dual-Eligible,Dual-Eligible (Medicare/Medicaid),FIPS 48065,,89,89,https://data.cms.gov/summary-statistics-on-beneficiary-enrollment/medicare-and-medicaid-reports/medicare-monthly-enrollment,2026-02,[source: CMS Medicare Monthly Enrollment 2026-02; DUAL_TOT_BENES]
TX,Cass,Dual-Eligible (Medicare + Medicaid),Dual-Eligible,Dual-Eligible (Medicare/Medicaid),FIPS 48067,,1223,1223,https://data.cms.gov/summary-statistics-on-beneficiary-enrollment/medicare-and-medicaid-reports/medicare-monthly-enrollment,2026-02,[source: CMS Medicare Monthly Enrollment 2026-02; DUAL_TOT_BENES]
TX,Castro,Dual-Eligible (Medicare + Medicaid),Dual-Eligible,Dual-Eligible (Medicare/Medicaid),FIPS 48069,,183,183,https://data.cms.gov/summary-statistics-on-beneficiary-enrollment/medicare-and-medicaid-reports/medicare-monthly-enrollment,2026-02,[source: CMS Medicare Monthly Enrollment 2026-02; DUAL_TOT_BENES]
TX,Chambers,Dual-Eligible (Medicare + Medicaid),Dual-Eligible,Dual-Eligible (Medicare/Medicaid),FIPS 48071,,636,636,https://data.cms.gov/summary-statistics-on-beneficiary-enrollment/medicare-and-medicaid-reports/medicare-monthly-enrollment,2026-02,[source: CMS Medicare Monthly Enrollment 2026-02; DUAL_TOT_BENES]
TX,Cherokee,Dual-Eligible (Medicare + Medicaid),Dual-Eligible,Dual-Eligible (Medicare/Medicaid),FIPS 48073,,1521,1521,https://data.cms.gov/summary-statistics-on-beneficiary-enrollment/medicare-and-medicaid-reports/medicare-monthly-enrollment,2026-02,[source: CMS Medicare Monthly Enrollment 2026-02; DUAL_TOT_BENES]
TX,Childress,Dual-Eligible (Medicare + Medicaid),Dual-Eligible,Dual-Eligible (Medicare/Medicaid),FIPS 48075,,204,204,https://data.cms.gov/summary-statistics-on-beneficiary-enrollment/medicare-and-medicaid-reports/medicare-monthly-enrollment,2026-02,[source: CMS Medicare Monthly Enrollment 2026-02; DUAL_TOT_BENES]
TX,Clay,Dual-Eligible (Medicare + Medicaid),Dual-Eligible,Dual-Eligible (Medicare/Medicaid),FIPS 48077,,216,216,https://data.cms.gov/summary-statistics-on-beneficiary-enrollment/medicare-and-medicaid-reports/medicare-monthly-enrollment,2026-02,[source: CMS Medicare Monthly Enrollment 2026-02; DUAL_TOT_BENES]
TX,Cochran,Dual-Eligible (Medicare + Medicaid),Dual-Eligible,Dual-Eligible (Medicare/Medicaid),FIPS 48079,,106,106,https://data.cms.gov/summary-statistics-on-beneficiary-enrollment/medicare-and-medicaid-reports/medicare-monthly-enrollment,2026-02,[source: CMS Medicare Monthly Enrollment 2026-02; DUAL_TOT_BENES]
TX,Coke,Dual-Eligible (Medicare + Medicaid),Dual-Eligible,Dual-Eligible (Medicare/Medicaid),FIPS 48081,,95,95,https://data.cms.gov/summary-statistics-on-beneficiary-enrollment/medicare-and-medicaid-reports/medicare-monthly-enrollment,2026-02,[source: CMS Medicare Monthly Enrollment 2026-02; DUAL_TOT_BENES]
TX,Coleman,Dual-Eligible (Medicare + Medicaid),Dual-Eligible,Dual-Eligible (Medicare/Medicaid),FIPS 48083,,366,366,https://data.cms.gov/summary-statistics-on-beneficiary-enrollment/medicare-and-medicaid-reports/medicare-monthly-enrollment,2026-02,[source: CMS Medicare Monthly Enrollment 2026-02; DUAL_TOT_BENES]
TX,Collin,Dual-Eligible (Medicare + Medicaid),Dual-Eligible,Dual-Eligible (Medicare/Medicaid),FIPS 48085,,11852,11852,https://data.cms.gov/summary-statistics-on-beneficiary-enrollment/medicare-and-medicaid-reports/medicare-monthly-enrollment,2026-02,[source: CMS Medicare Monthly Enrollment 2026-02; DUAL_TOT_BENES]
TX,Collingsworth,Dual-Eligible (Medicare + Medicaid),Dual-Eligible,Dual-Eligible (Medicare/Medicaid),FIPS 48087,,100,100,https://data.cms.gov/summary-statistics-on-beneficiary-enrollment/medicare-and-medicaid-reports/medicare-monthly-enrollment,2026-02,[source: CMS Medicare Monthly Enrollment 2026-02; DUAL_TOT_BENES]
TX,Colorado,Dual-Eligible (Medicare + Medicaid),Dual-Eligible,Dual-Eligible (Medicare/Medicaid),FIPS 48089,,551,551,https://data.cms.gov/summary-statistics-on-beneficiary-enrollment/medicare-and-medicaid-reports/medicare-monthly-enrollment,2026-02,[source: CMS Medicare Monthly Enrollment 2026-02; DUAL_TOT_BENES]
TX,Comal,Dual-Eligible (Medicare + Medicaid),Dual-Eligible,Dual-Eligible (Medicare/Medicaid),FIPS 48091,,2403,2403,https://data.cms.gov/summary-statistics-on-beneficiary-enrollment/medicare-and-medicaid-reports/medicare-monthly-enrollment,2026-02,[source: CMS Medicare Monthly Enrollment 2026-02; DUAL_TOT_BENES]
TX,Comanche,Dual-Eligible (Medicare + Medicaid),Dual-Eligible,Dual-Eligible (Medicare/Medicaid),FIPS 48093,,458,458,https://data.cms.gov/summary-statistics-on-beneficiary-enrollment/medicare-and-medicaid-reports/medicare-monthly-enrollment,2026-02,[source: CMS Medicare Monthly Enrollment 2026-02; DUAL_TOT_BENES]
TX,Concho,Dual-Eligible (Medicare + Medicaid),Dual-Eligible,Dual-Eligible (Medicare/Medicaid),FIPS 48095,,91,91,https://data.cms.gov/summary-statistics-on-beneficiary-enrollment/medicare-and-medicaid-reports/medicare-monthly-enrollment,2026-02,[source: CMS Medicare Monthly Enrollment 2026-02; DUAL_TOT_BENES]
TX,Cooke,Dual-Eligible (Medicare + Medicaid),Dual-Eligible,Dual-Eligible (Medicare/Medicaid),FIPS 48097,,777,777,https://data.cms.gov/summary-statistics-on-beneficiary-enrollment/medicare-and-medicaid-reports/medicare-monthly-enrollment,2026-02,[source: CMS Medicare Monthly Enrollment 2026-02; DUAL_TOT_BENES]
TX,Coryell,Dual-Eligible (Medicare + Medicaid),Dual-Eligible,Dual-Eligible (Medicare/Medicaid),FIPS 48099,,1356,1356,https://data.cms.gov/summary-statistics-on-beneficiary-enrollment/medicare-and-medicaid-reports/medicare-monthly-enrollment,2026-02,[source: CMS Medicare Monthly Enrollment 2026-02; DUAL_TOT_BENES]
TX,Crane,Dual-Eligible (Medicare + Medicaid),Dual-Eligible,Dual-Eligible (Medicare/Medicaid),FIPS 48103,,94,94,https://data.cms.gov/summary-statistics-on-beneficiary-enrollment/medicare-and-medicaid-reports/medicare-monthly-enrollment,2026-02,[source: CMS Medicare Monthly Enrollment 2026-02; DUAL_TOT_BENES]
TX,Crockett,Dual-Eligible (Medicare + Medicaid),Dual-Eligible,Dual-Eligible (Medicare/Medicaid),FIPS 48105,,81,81,https://data.cms.gov/summary-statistics-on-beneficiary-enrollment/medicare-and-medicaid-reports/medicare-monthly-enrollment,2026-02,[source: CMS Medicare Monthly Enrollment 2026-02; DUAL_TOT_BENES]
TX,Crosby,Dual-Eligible (Medicare + Medicaid),Dual-Eligible,Dual-Eligible (Medicare/Medicaid),FIPS 48107,,235,235,https://data.cms.gov/summary-statistics-on-beneficiary-enrollment/medicare-and-medicaid-reports/medicare-monthly-enrollment,2026-02,[source: CMS Medicare Monthly Enrollment 2026-02; DUAL_TOT_BENES]
TX,Culberson,Dual-Eligible (Medicare + Medicaid),Dual-Eligible,Dual-Eligible (Medicare/Medicaid),FIPS 48109,,99,99,https://data.cms.gov/summary-statistics-on-beneficiary-enrollment/medicare-and-medicaid-reports/medicare-monthly-enrollment,2026-02,[source: CMS Medicare Monthly Enrollment 2026-02; DUAL_TOT_BENES]
TX,Dallam,Dual-Eligible (Medicare + Medicaid),Dual-Eligible,Dual-Eligible (Medicare/Medicaid),FIPS 48111,,100,100,https://data.cms.gov/summary-statistics-on-beneficiary-enrollment/medicare-and-medicaid-reports/medicare-monthly-enrollment,2026-02,[source: CMS Medicare Monthly Enrollment 2026-02; DUAL_TOT_BENES]
TX,Dallas,Dual-Eligible (Medicare + Medicaid),Dual-Eligible,Dual-Eligible (Medicare/Medicaid),FIPS 48113,,52015,52015,https://data.cms.gov/summary-statistics-on-beneficiary-enrollment/medicare-and-medicaid-reports/medicare-monthly-enrollment,2026-02,[source: CMS Medicare Monthly Enrollment 2026-02; DUAL_TOT_BENES]
TX,Dawson,Dual-Eligible (Medicare + Medicaid),Dual-Eligible,Dual-Eligible (Medicare/Medicaid),FIPS 48115,,405,405,https://data.cms.gov/summary-statistics-on-beneficiary-enrollment/medicare-and-medicaid-reports/medicare-monthly-enrollment,2026-02,[source: CMS Medicare Monthly Enrollment 2026-02; DUAL_TOT_BENES]
TX,DeWitt,Dual-Eligible (Medicare + Medicaid),Dual-Eligible,Dual-Eligible (Medicare/Medicaid),FIPS 48123,,544,544,https://data.cms.gov/summary-statistics-on-beneficiary-enrollment/medicare-and-medicaid-reports/medicare-monthly-enrollment,2026-02,[source: CMS Medicare Monthly Enrollment 2026-02; DUAL_TOT_BENES]
TX,Deaf Smith,Dual-Eligible (Medicare + Medicaid),Dual-Eligible,Dual-Eligible (Medicare/Medicaid),FIPS 48117,,434,434,https://data.cms.gov/summary-statistics-on-beneficiary-enrollment/medicare-and-medicaid-reports/medicare-monthly-enrollment,2026-02,[source: CMS Medicare Monthly Enrollment 2026-02; DUAL_TOT_BENES]
TX,Delta,Dual-Eligible (Medicare + Medicaid),Dual-Eligible,Dual-Eligible (Medicare/Medicaid),FIPS 48119,,194,194,https://data.cms.gov/summary-statistics-on-beneficiary-enrollment/medicare-and-medicaid-reports/medicare-monthly-enrollment,2026-02,[source: CMS Medicare Monthly Enrollment 2026-02; DUAL_TOT_BENES]
TX,Denton,Dual-Eligible (Medicare + Medicaid),Dual-Eligible,Dual-Eligible (Medicare/Medicaid),FIPS 48121,,9515,9515,https://data.cms.gov/summary-statistics-on-beneficiary-enrollment/medicare-and-medicaid-reports/medicare-monthly-enrollment,2026-02,[source: CMS Medicare Monthly Enrollment 2026-02; DUAL_TOT_BENES]
TX,Dickens,Dual-Eligible (Medicare + Medicaid),Dual-Eligible,Dual-Eligible (Medicare/Medicaid),FIPS 48125,,79,79,https://data.cms.gov/summary-statistics-on-beneficiary-enrollment/medicare-and-medicaid-reports/medicare-monthly-enrollment,2026-02,[source: CMS Medicare Monthly Enrollment 2026-02; DUAL_TOT_BENES]
TX,Dimmit,Dual-Eligible (Medicare + Medicaid),Dual-Eligible,Dual-Eligible (Medicare/Medicaid),FIPS 48127,,550,550,https://data.cms.gov/summary-statistics-on-beneficiary-enrollment/medicare-and-medicaid-reports/medicare-monthly-enrollment,2026-02,[source: CMS Medicare Monthly Enrollment 2026-02; DUAL_TOT_BENES]
TX,Donley,Dual-Eligible (Medicare + Medicaid),Dual-Eligible,Dual-Eligible (Medicare/Medicaid),FIPS 48129,,117,117,https://data.cms.gov/summary-statistics-on-beneficiary-enrollment/medicare-and-medicaid-reports/medicare-monthly-enrollment,2026-02,[source: CMS Medicare Monthly Enrollment 2026-02; DUAL_TOT_BENES]
TX,Duval,Dual-Eligible (Medicare + Medicaid),Dual-Eligible,Dual-Eligible (Medicare/Medicaid),FIPS 48131,,689,689,https://data.cms.gov/summary-statistics-on-beneficiary-enrollment/medicare-and-medicaid-reports/medicare-monthly-enrollment,2026-02,[source: CMS Medicare Monthly Enrollment 2026-02; DUAL_TOT_BENES]
TX,Eastland,Dual-Eligible (Medicare + Medicaid),Dual-Eligible,Dual-Eligible (Medicare/Medicaid),FIPS 48133,,666,666,https://data.cms.gov/summary-statistics-on-beneficiary-enrollment/medicare-and-medicaid-reports/medicare-monthly-enrollment,2026-02,[source: CMS Medicare Monthly Enrollment 2026-02; DUAL_TOT_BENES]
TX,Ector,Dual-Eligible (Medicare + Medicaid),Dual-Eligible,Dual-Eligible (Medicare/Medicaid),FIPS 48135,,3283,3283,https://data.cms.gov/summary-statistics-on-beneficiary-enrollment/medicare-and-medicaid-reports/medicare-monthly-enrollment,2026-02,[source: CMS Medicare Monthly Enrollment 2026-02; DUAL_TOT_BENES]
TX,Edwards,Dual-Eligible (Medicare + Medicaid),Dual-Eligible,Dual-Eligible (Medicare/Medicaid),FIPS 48137,,70,70,https://data.cms.gov/summary-statistics-on-beneficiary-enrollment/medicare-and-medicaid-reports/medicare-monthly-enrollment,2026-02,[source: CMS Medicare Monthly Enrollment 2026-02; DUAL_TOT_BENES]
TX,El Paso,Dual-Eligible (Medicare + Medicaid),Dual-Eligible,Dual-Eligible (Medicare/Medicaid),FIPS 48141,,42601,42601,https://data.cms.gov/summary-statistics-on-beneficiary-enrollment/medicare-and-medicaid-reports/medicare-monthly-enrollment,2026-02,[source: CMS Medicare Monthly Enrollment 2026-02; DUAL_TOT_BENES]
TX,Ellis,Dual-Eligible (Medicare + Medicaid),Dual-Eligible,Dual-Eligible (Medicare/Medicaid),FIPS 48139,,3267,3267,https://data.cms.gov/summary-statistics-on-beneficiary-enrollment/medicare-and-medicaid-reports/medicare-monthly-enrollment,2026-02,[source: CMS Medicare Monthly Enrollment 2026-02; DUAL_TOT_BENES]
TX,Erath,Dual-Eligible (Medicare + Medicaid),Dual-Eligible,Dual-Eligible (Medicare/Medicaid),FIPS 48143,,963,963,https://data.cms.gov/summary-statistics-on-beneficiary-enrollment/medicare-and-medicaid-reports/medicare-monthly-enrollment,2026-02,[source: CMS Medicare Monthly Enrollment 2026-02; DUAL_TOT_BENES]
TX,Falls,Dual-Eligible (Medicare + Medicaid),Dual-Eligible,Dual-Eligible (Medicare/Medicaid),FIPS 48145,,606,606,https://data.cms.gov/summary-statistics-on-beneficiary-enrollment/medicare-and-medicaid-reports/medicare-monthly-enrollment,2026-02,[source: CMS Medicare Monthly Enrollment 2026-02; DUAL_TOT_BENES]
TX,Fannin,Dual-Eligible (Medicare + Medicaid),Dual-Eligible,Dual-Eligible (Medicare/Medicaid),FIPS 48147,,956,956,https://data.cms.gov/summary-statistics-on-beneficiary-enrollment/medicare-and-medicaid-reports/medicare-monthly-enrollment,2026-02,[source: CMS Medicare Monthly Enrollment 2026-02; DUAL_TOT_BENES]
TX,Fayette,Dual-Eligible (Medicare + Medicaid),Dual-Eligible,Dual-Eligible (Medicare/Medicaid),FIPS 48149,,564,564,https://data.cms.gov/summary-statistics-on-beneficiary-enrollment/medicare-and-medicaid-reports/medicare-monthly-enrollment,2026-02,[source: CMS Medicare Monthly Enrollment 2026-02; DUAL_TOT_BENES]
TX,Fisher,Dual-Eligible (Medicare + Medicaid),Dual-Eligible,Dual-Eligible (Medicare/Medicaid),FIPS 48151,,112,112,https://data.cms.gov/summary-statistics-on-beneficiary-enrollment/medicare-and-medicaid-reports/medicare-monthly-enrollment,2026-02,[source: CMS Medicare Monthly Enrollment 2026-02; DUAL_TOT_BENES]
TX,Floyd,Dual-Eligible (Medicare + Medicaid),Dual-Eligible,Dual-Eligible (Medicare/Medicaid),FIPS 48153,,173,173,https://data.cms.gov/summary-statistics-on-beneficiary-enrollment/medicare-and-medicaid-reports/medicare-monthly-enrollment,2026-02,[source: CMS Medicare Monthly Enrollment 2026-02; DUAL_TOT_BENES]
TX,Foard,Dual-Eligible (Medicare + Medicaid),Dual-Eligible,Dual-Eligible (Medicare/Medicaid),FIPS 48155,,52,52,https://data.cms.gov/summary-statistics-on-beneficiary-enrollment/medicare-and-medicaid-reports/medicare-monthly-enrollment,2026-02,[source: CMS Medicare Monthly Enrollment 2026-02; DUAL_TOT_BENES]
TX,Fort Bend,Dual-Eligible (Medicare + Medicaid),Dual-Eligible,Dual-Eligible (Medicare/Medicaid),FIPS 48157,,14865,14865,https://data.cms.gov/summary-statistics-on-beneficiary-enrollment/medicare-and-medicaid-reports/medicare-monthly-enrollment,2026-02,[source: CMS Medicare Monthly Enrollment 2026-02; DUAL_TOT_BENES]
TX,Franklin,Dual-Eligible (Medicare + Medicaid),Dual-Eligible,Dual-Eligible (Medicare/Medicaid),FIPS 48159,,280,280,https://data.cms.gov/summary-statistics-on-beneficiary-enrollment/medicare-and-medicaid-reports/medicare-monthly-enrollment,2026-02,[source: CMS Medicare Monthly Enrollment 2026-02; DUAL_TOT_BENES]
TX,Freestone,Dual-Eligible (Medicare + Medicaid),Dual-Eligible,Dual-Eligible (Medicare/Medicaid),FIPS 48161,,537,537,https://data.cms.gov/summary-statistics-on-beneficiary-enrollment/medicare-and-medicaid-reports/medicare-monthly-enrollment,2026-02,[source: CMS Medicare Monthly Enrollment 2026-02; DUAL_TOT_BENES]
TX,Frio,Dual-Eligible (Medicare + Medicaid),Dual-Eligible,Dual-Eligible (Medicare/Medicaid),FIPS 48163,,823,823,https://data.cms.gov/summary-statistics-on-beneficiary-enrollment/medicare-and-medicaid-reports/medicare-monthly-enrollment,2026-02,[source: CMS Medicare Monthly Enrollment 2026-02; DUAL_TOT_BENES]
TX,Gaines,Dual-Eligible (Medicare + Medicaid),Dual-Eligible,Dual-Eligible (Medicare/Medicaid),FIPS 48165,,386,386,https://data.cms.gov/summary-statistics-on-beneficiary-enrollment/medicare-and-medicaid-reports/medicare-monthly-enrollment,2026-02,[source: CMS Medicare Monthly Enrollment 2026-02; DUAL_TOT_BENES]
TX,Galveston,Dual-Eligible (Medicare + Medicaid),Dual-Eligible,Dual-Eligible (Medicare/Medicaid),FIPS 48167,,6771,6771,https://data.cms.gov/summary-statistics-on-beneficiary-enrollment/medicare-and-medicaid-reports/medicare-monthly-enrollment,2026-02,[source: CMS Medicare Monthly Enrollment 2026-02; DUAL_TOT_BENES]
TX,Garza,Dual-Eligible (Medicare + Medicaid),Dual-Eligible,Dual-Eligible (Medicare/Medicaid),FIPS 48169,,138,138,https://data.cms.gov/summary-statistics-on-beneficiary-enrollment/medicare-and-medicaid-reports/medicare-monthly-enrollment,2026-02,[source: CMS Medicare Monthly Enrollment 2026-02; DUAL_TOT_BENES]
TX,Gillespie,Dual-Eligible (Medicare + Medicaid),Dual-Eligible,Dual-Eligible (Medicare/Medicaid),FIPS 48171,,398,398,https://data.cms.gov/summary-statistics-on-beneficiary-enrollment/medicare-and-medicaid-reports/medicare-monthly-enrollment,2026-02,[source: CMS Medicare Monthly Enrollment 2026-02; DUAL_TOT_BENES]
TX,Goliad,Dual-Eligible (Medicare + Medicaid),Dual-Eligible,Dual-Eligible (Medicare/Medicaid),FIPS 48175,,160,160,https://data.cms.gov/summary-statistics-on-beneficiary-enrollment/medicare-and-medicaid-reports/medicare-monthly-enrollment,2026-02,[source: CMS Medicare Monthly Enrollment 2026-02; DUAL_TOT_BENES]
TX,Gonzales,Dual-Eligible (Medicare + Medicaid),Dual-Eligible,Dual-Eligible (Medicare/Medicaid),FIPS 48177,,629,629,https://data.cms.gov/summary-statistics-on-beneficiary-enrollment/medicare-and-medicaid-reports/medicare-monthly-enrollment,2026-02,[source: CMS Medicare Monthly Enrollment 2026-02; DUAL_TOT_BENES]
TX,Gray,Dual-Eligible (Medicare + Medicaid),Dual-Eligible,Dual-Eligible (Medicare/Medicaid),FIPS 48179,,531,531,https://data.cms.gov/summary-statistics-on-beneficiary-enrollment/medicare-and-medicaid-reports/medicare-monthly-enrollment,2026-02,[source: CMS Medicare Monthly Enrollment 2026-02; DUAL_TOT_BENES]
TX,Grayson,Dual-Eligible (Medicare + Medicaid),Dual-Eligible,Dual-Eligible (Medicare/Medicaid),FIPS 48181,,3246,3246,https://data.cms.gov/summary-statistics-on-beneficiary-enrollment/medicare-and-medicaid-reports/medicare-monthly-enrollment,2026-02,[source: CMS Medicare Monthly Enrollment 2026-02; DUAL_TOT_BENES]
TX,Gregg,Dual-Eligible (Medicare + Medicaid),Dual-Eligible,Dual-Eligible (Medicare/Medicaid),FIPS 48183,,4064,4064,https://data.cms.gov/summary-statistics-on-beneficiary-enrollment/medicare-and-medicaid-reports/medicare-monthly-enrollment,2026-02,[source: CMS Medicare Monthly Enrollment 2026-02; DUAL_TOT_BENES]
TX,Grimes,Dual-Eligible (Medicare + Medicaid),Dual-Eligible,Dual-Eligible (Medicare/Medicaid),FIPS 48185,,790,790,https://data.cms.gov/summary-statistics-on-beneficiary-enrollment/medicare-and-medicaid-reports/medicare-monthly-enrollment,2026-02,[source: CMS Medicare Monthly Enrollment 2026-02; DUAL_TOT_BENES]
TX,Guadalupe,Dual-Eligible (Medicare + Medicaid),Dual-Eligible,Dual-Eligible (Medicare/Medicaid),FIPS 48187,,2920,2920,https://data.cms.gov/summary-statistics-on-beneficiary-enrollment/medicare-and-medicaid-reports/medicare-monthly-enrollment,2026-02,[source: CMS Medicare Monthly Enrollment 2026-02; DUAL_TOT_BENES]
TX,Hale,Dual-Eligible (Medicare + Medicaid),Dual-Eligible,Dual-Eligible (Medicare/Medicaid),FIPS 48189,,980,980,https://data.cms.gov/summary-statistics-on-beneficiary-enrollment/medicare-and-medicaid-reports/medicare-monthly-enrollment,2026-02,[source: CMS Medicare Monthly Enrollment 2026-02; DUAL_TOT_BENES]
TX,Hall,Dual-Eligible (Medicare + Medicaid),Dual-Eligible,Dual-Eligible (Medicare/Medicaid),FIPS 48191,,116,116,https://data.cms.gov/summary-statistics-on-beneficiary-enrollment/medicare-and-medicaid-reports/medicare-monthly-enrollment,2026-02,[source: CMS Medicare Monthly Enrollment 2026-02; DUAL_TOT_BENES]
TX,Hamilton,Dual-Eligible (Medicare + Medicaid),Dual-Eligible,Dual-Eligible (Medicare/Medicaid),FIPS 48193,,244,244,https://data.cms.gov/summary-statistics-on-beneficiary-enrollment/medicare-and-medicaid-reports/medicare-monthly-enrollment,2026-02,[source: CMS Medicare Monthly Enrollment 2026-02; DUAL_TOT_BENES]
TX,Hansford,Dual-Eligible (Medicare + Medicaid),Dual-Eligible,Dual-Eligible (Medicare/Medicaid),FIPS 48195,,84,84,https://data.cms.gov/summary-statistics-on-beneficiary-enrollment/medicare-and-medicaid-reports/medicare-monthly-enrollment,2026-02,[source: CMS Medicare Monthly Enrollment 2026-02; DUAL_TOT_BENES]
TX,Hardeman,Dual-Eligible (Medicare + Medicaid),Dual-Eligible,Dual-Eligible (Medicare/Medicaid),FIPS 48197,,115,115,https://data.cms.gov/summary-statistics-on-beneficiary-enrollment/medicare-and-medicaid-reports/medicare-monthly-enrollment,2026-02,[source: CMS Medicare Monthly Enrollment 2026-02; DUAL_TOT_BENES]
TX,Hardin,Dual-Eligible (Medicare + Medicaid),Dual-Eligible,Dual-Eligible (Medicare/Medicaid),FIPS 48199,,1226,1226,https://data.cms.gov/summary-statistics-on-beneficiary-enrollment/medicare-and-medicaid-reports/medicare-monthly-enrollment,2026-02,[source: CMS Medicare Monthly Enrollment 2026-02; DUAL_TOT_BENES]
TX,Harris,Dual-Eligible (Medicare + Medicaid),Dual-Eligible,Dual-Eligible (Medicare/Medicaid),FIPS 48201,,98068,98068,https://data.cms.gov/summary-statistics-on-beneficiary-enrollment/medicare-and-medicaid-reports/medicare-monthly-enrollment,2026-02,[source: CMS Medicare Monthly Enrollment 2026-02; DUAL_TOT_BENES]
TX,Harrison,Dual-Eligible (Medicare + Medicaid),Dual-Eligible,Dual-Eligible (Medicare/Medicaid),FIPS 48203,,1862,1862,https://data.cms.gov/summary-statistics-on-beneficiary-enrollment/medicare-and-medicaid-reports/medicare-monthly-enrollment,2026-02,[source: CMS Medicare Monthly Enrollment 2026-02; DUAL_TOT_BENES]
TX,Haskell,Dual-Eligible (Medicare + Medicaid),Dual-Eligible,Dual-Eligible (Medicare/Medicaid),FIPS 48207,,202,202,https://data.cms.gov/summary-statistics-on-beneficiary-enrollment/medicare-and-medicaid-reports/medicare-monthly-enrollment,2026-02,[source: CMS Medicare Monthly Enrollment 2026-02; DUAL_TOT_BENES]
TX,Hays,Dual-Eligible (Medicare + Medicaid),Dual-Eligible,Dual-Eligible (Medicare/Medicaid),FIPS 48209,,2972,2972,https://data.cms.gov/summary-statistics-on-beneficiary-enrollment/medicare-and-medicaid-reports/medicare-monthly-enrollment,2026-02,[source: CMS Medicare Monthly Enrollment 2026-02; DUAL_TOT_BENES]
TX,Henderson,Dual-Eligible (Medicare + Medicaid),Dual-Eligible,Dual-Eligible (Medicare/Medicaid),FIPS 48213,,2680,2680,https://data.cms.gov/summary-statistics-on-beneficiary-enrollment/medicare-and-medicaid-reports/medicare-monthly-enrollment,2026-02,[source: CMS Medicare Monthly Enrollment 2026-02; DUAL_TOT_BENES]
TX,Hidalgo,Dual-Eligible (Medicare + Medicaid),Dual-Eligible,Dual-Eligible (Medicare/Medicaid),FIPS 48215,,45914,45914,https://data.cms.gov/summary-statistics-on-beneficiary-enrollment/medicare-and-medicaid-reports/medicare-monthly-enrollment,2026-02,[source: CMS Medicare Monthly Enrollment 2026-02; DUAL_TOT_BENES]
TX,Hill,Dual-Eligible (Medicare + Medicaid),Dual-Eligible,Dual-Eligible (Medicare/Medicaid),FIPS 48217,,1132,1132,https://data.cms.gov/summary-statistics-on-beneficiary-enrollment/medicare-and-medicaid-reports/medicare-monthly-enrollment,2026-02,[source: CMS Medicare Monthly Enrollment 2026-02; DUAL_TOT_BENES]
TX,Hockley,Dual-Eligible (Medicare + Medicaid),Dual-Eligible,Dual-Eligible (Medicare/Medicaid),FIPS 48219,,541,541,https://data.cms.gov/summary-statistics-on-beneficiary-enrollment/medicare-and-medicaid-reports/medicare-monthly-enrollment,2026-02,[source: CMS Medicare Monthly Enrollment 2026-02; DUAL_TOT_BENES]
TX,Hood,Dual-Eligible (Medicare + Medicaid),Dual-Eligible,Dual-Eligible (Medicare/Medicaid),FIPS 48221,,1109,1109,https://data.cms.gov/summary-statistics-on-beneficiary-enrollment/medicare-and-medicaid-reports/medicare-monthly-enrollment,2026-02,[source: CMS Medicare Monthly Enrollment 2026-02; DUAL_TOT_BENES]
TX,Hopkins,Dual-Eligible (Medicare + Medicaid),Dual-Eligible,Dual-Eligible (Medicare/Medicaid),FIPS 48223,,1067,1067,https://data.cms.gov/summary-statistics-on-beneficiary-enrollment/medicare-and-medicaid-reports/medicare-monthly-enrollment,2026-02,[source: CMS Medicare Monthly Enrollment 2026-02; DUAL_TOT_BENES]
TX,Houston,Dual-Eligible (Medicare + Medicaid),Dual-Eligible,Dual-Eligible (Medicare/Medicaid),FIPS 48225,,858,858,https://data.cms.gov/summary-statistics-on-beneficiary-enrollment/medicare-and-medicaid-reports/medicare-monthly-enrollment,2026-02,[source: CMS Medicare Monthly Enrollment 2026-02; DUAL_TOT_BENES]
TX,Howard,Dual-Eligible (Medicare + Medicaid),Dual-Eligible,Dual-Eligible (Medicare/Medicaid),FIPS 48227,,680,680,https://data.cms.gov/summary-statistics-on-beneficiary-enrollment/medicare-and-medicaid-reports/medicare-monthly-enrollment,2026-02,[source: CMS Medicare Monthly Enrollment 2026-02; DUAL_TOT_BENES]
TX,Hudspeth,Dual-Eligible (Medicare + Medicaid),Dual-Eligible,Dual-Eligible (Medicare/Medicaid),FIPS 48229,,320,320,https://data.cms.gov/summary-statistics-on-beneficiary-enrollment/medicare-and-medicaid-reports/medicare-monthly-enrollment,2026-02,[source: CMS Medicare Monthly Enrollment 2026-02; DUAL_TOT_BENES]
TX,Hunt,Dual-Eligible (Medicare + Medicaid),Dual-Eligible,Dual-Eligible (Medicare/Medicaid),FIPS 48231,,2608,2608,https://data.cms.gov/summary-statistics-on-beneficiary-enrollment/medicare-and-medicaid-reports/medicare-monthly-enrollment,2026-02,[source: CMS Medicare Monthly Enrollment 2026-02; DUAL_TOT_BENES]
TX,Hutchinson,Dual-Eligible (Medicare + Medicaid),Dual-Eligible,Dual-Eligible (Medicare/Medicaid),FIPS 48233,,418,418,https://data.cms.gov/summary-statistics-on-beneficiary-enrollment/medicare-and-medicaid-reports/medicare-monthly-enrollment,2026-02,[source: CMS Medicare Monthly Enrollment 2026-02; DUAL_TOT_BENES]
TX,Jack,Dual-Eligible (Medicare + Medicaid),Dual-Eligible,Dual-Eligible (Medicare/Medicaid),FIPS 48237,,188,188,https://data.cms.gov/summary-statistics-on-beneficiary-enrollment/medicare-and-medicaid-reports/medicare-monthly-enrollment,2026-02,[source: CMS Medicare Monthly Enrollment 2026-02; DUAL_TOT_BENES]
TX,Jackson,Dual-Eligible (Medicare + Medicaid),Dual-Eligible,Dual-Eligible (Medicare/Medicaid),FIPS 48239,,361,361,https://data.cms.gov/summary-statistics-on-beneficiary-enrollment/medicare-and-medicaid-reports/medicare-monthly-enrollment,2026-02,[source: CMS Medicare Monthly Enrollment 2026-02; DUAL_TOT_BENES]
TX,Jasper,Dual-Eligible (Medicare + Medicaid),Dual-Eligible,Dual-Eligible (Medicare/Medicaid),FIPS 48241,,1208,1208,https://data.cms.gov/summary-statistics-on-beneficiary-enrollment/medicare-and-medicaid-reports/medicare-monthly-enrollment,2026-02,[source: CMS Medicare Monthly Enrollment 2026-02; DUAL_TOT_BENES]
TX,Jefferson,Dual-Eligible (Medicare + Medicaid),Dual-Eligible,Dual-Eligible (Medicare/Medicaid),FIPS 48245,,7764,7764,https://data.cms.gov/summary-statistics-on-beneficiary-enrollment/medicare-and-medicaid-reports/medicare-monthly-enrollment,2026-02,[source: CMS Medicare Monthly Enrollment 2026-02; DUAL_TOT_BENES]
TX,Jim Hogg,Dual-Eligible (Medicare + Medicaid),Dual-Eligible,Dual-Eligible (Medicare/Medicaid),FIPS 48247,,239,239,https://data.cms.gov/summary-statistics-on-beneficiary-enrollment/medicare-and-medicaid-reports/medicare-monthly-enrollment,2026-02,[source: CMS Medicare Monthly Enrollment 2026-02; DUAL_TOT_BENES]
TX,Jim Wells,Dual-Eligible (Medicare + Medicaid),Dual-Eligible,Dual-Eligible (Medicare/Medicaid),FIPS 48249,,2037,2037,https://data.cms.gov/summary-statistics-on-beneficiary-enrollment/medicare-and-medicaid-reports/medicare-monthly-enrollment,2026-02,[source: CMS Medicare Monthly Enrollment 2026-02; DUAL_TOT_BENES]
TX,Johnson,Dual-Eligible (Medicare + Medicaid),Dual-Eligible,Dual-Eligible (Medicare/Medicaid),FIPS 48251,,3630,3630,https://data.cms.gov/summary-statistics-on-beneficiary-enrollment/medicare-and-medicaid-reports/medicare-monthly-enrollment,2026-02,[source: CMS Medicare Monthly Enrollment 2026-02; DUAL_TOT_BENES]
TX,Jones,Dual-Eligible (Medicare + Medicaid),Dual-Eligible,Dual-Eligible (Medicare/Medicaid),FIPS 48253,,464,464,https://data.cms.gov/summary-statistics-on-beneficiary-enrollment/medicare-and-medicaid-reports/medicare-monthly-enrollment,2026-02,[source: CMS Medicare Monthly Enrollment 2026-02; DUAL_TOT_BENES]
TX,Karnes,Dual-Eligible (Medicare + Medicaid),Dual-Eligible,Dual-Eligible (Medicare/Medicaid),FIPS 48255,,450,450,https://data.cms.gov/summary-statistics-on-beneficiary-enrollment/medicare-and-medicaid-reports/medicare-monthly-enrollment,2026-02,[source: CMS Medicare Monthly Enrollment 2026-02; DUAL_TOT_BENES]
TX,Kaufman,Dual-Eligible (Medicare + Medicaid),Dual-Eligible,Dual-Eligible (Medicare/Medicaid),FIPS 48257,,3266,3266,https://data.cms.gov/summary-statistics-on-beneficiary-enrollment/medicare-and-medicaid-reports/medicare-monthly-enrollment,2026-02,[source: CMS Medicare Monthly Enrollment 2026-02; DUAL_TOT_BENES]
TX,Kendall,Dual-Eligible (Medicare + Medicaid),Dual-Eligible,Dual-Eligible (Medicare/Medicaid),FIPS 48259,,619,619,https://data.cms.gov/summary-statistics-on-beneficiary-enrollment/medicare-and-medicaid-reports/medicare-monthly-enrollment,2026-02,[source: CMS Medicare Monthly Enrollment 2026-02; DUAL_TOT_BENES]
TX,Kerr,Dual-Eligible (Medicare + Medicaid),Dual-Eligible,Dual-Eligible (Medicare/Medicaid),FIPS 48265,,1148,1148,https://data.cms.gov/summary-statistics-on-beneficiary-enrollment/medicare-and-medicaid-reports/medicare-monthly-enrollment,2026-02,[source: CMS Medicare Monthly Enrollment 2026-02; DUAL_TOT_BENES]
TX,Kimble,Dual-Eligible (Medicare + Medicaid),Dual-Eligible,Dual-Eligible (Medicare/Medicaid),FIPS 48267,,128,128,https://data.cms.gov/summary-statistics-on-beneficiary-enrollment/medicare-and-medicaid-reports/medicare-monthly-enrollment,2026-02,[source: CMS Medicare Monthly Enrollment 2026-02; DUAL_TOT_BENES]
TX,Kinney,Dual-Eligible (Medicare + Medicaid),Dual-Eligible,Dual-Eligible (Medicare/Medicaid),FIPS 48271,,160,160,https://data.cms.gov/summary-statistics-on-beneficiary-enrollment/medicare-and-medicaid-reports/medicare-monthly-enrollment,2026-02,[source: CMS Medicare Monthly Enrollment 2026-02; DUAL_TOT_BENES]
TX,Kleberg,Dual-Eligible (Medicare + Medicaid),Dual-Eligible,Dual-Eligible (Medicare/Medicaid),FIPS 48273,,1129,1129,https://data.cms.gov/summary-statistics-on-beneficiary-enrollment/medicare-and-medicaid-reports/medicare-monthly-enrollment,2026-02,[source: CMS Medicare Monthly Enrollment 2026-02; DUAL_TOT_BENES]
TX,Knox,Dual-Eligible (Medicare + Medicaid),Dual-Eligible,Dual-Eligible (Medicare/Medicaid),FIPS 48275,,150,150,https://data.cms.gov/summary-statistics-on-beneficiary-enrollment/medicare-and-medicaid-reports/medicare-monthly-enrollment,2026-02,[source: CMS Medicare Monthly Enrollment 2026-02; DUAL_TOT_BENES]
TX,La Salle,Dual-Eligible (Medicare + Medicaid),Dual-Eligible,Dual-Eligible (Medicare/Medicaid),FIPS 48283,,301,301,https://data.cms.gov/summary-statistics-on-beneficiary-enrollment/medicare-and-medicaid-reports/medicare-monthly-enrollment,2026-02,[source: CMS Medicare Monthly Enrollment 2026-02; DUAL_TOT_BENES]
TX,Lamar,Dual-Eligible (Medicare + Medicaid),Dual-Eligible,Dual-Eligible (Medicare/Medicaid),FIPS 48277,,1809,1809,https://data.cms.gov/summary-statistics-on-beneficiary-enrollment/medicare-and-medicaid-reports/medicare-monthly-enrollment,2026-02,[source: CMS Medicare Monthly Enrollment 2026-02; DUAL_TOT_BENES]
TX,Lamb,Dual-Eligible (Medicare + Medicaid),Dual-Eligible,Dual-Eligible (Medicare/Medicaid),FIPS 48279,,468,468,https://data.cms.gov/summary-statistics-on-beneficiary-enrollment/medicare-and-medicaid-reports/medicare-monthly-enrollment,2026-02,[source: CMS Medicare Monthly Enrollment 2026-02; DUAL_TOT_BENES]
TX,Lampasas,Dual-Eligible (Medicare + Medicaid),Dual-Eligible,Dual-Eligible (Medicare/Medicaid),FIPS 48281,,557,557,https://data.cms.gov/summary-statistics-on-beneficiary-enrollment/medicare-and-medicaid-reports/medicare-monthly-enrollment,2026-02,[source: CMS Medicare Monthly Enrollment 2026-02; DUAL_TOT_BENES]
TX,Lavaca,Dual-Eligible (Medicare + Medicaid),Dual-Eligible,Dual-Eligible (Medicare/Medicaid),FIPS 48285,,580,580,https://data.cms.gov/summary-statistics-on-beneficiary-enrollment/medicare-and-medicaid-reports/medicare-monthly-enrollment,2026-02,[source: CMS Medicare Monthly Enrollment 2026-02; DUAL_TOT_BENES]
TX,Lee,Dual-Eligible (Medicare + Medicaid),Dual-Eligible,Dual-Eligible (Medicare/Medicaid),FIPS 48287,,371,371,https://data.cms.gov/summary-statistics-on-beneficiary-enrollment/medicare-and-medicaid-reports/medicare-monthly-enrollment,2026-02,[source: CMS Medicare Monthly Enrollment 2026-02; DUAL_TOT_BENES]
TX,Leon,Dual-Eligible (Medicare + Medicaid),Dual-Eligible,Dual-Eligible (Medicare/Medicaid),FIPS 48289,,471,471,https://data.cms.gov/summary-statistics-on-beneficiary-enrollment/medicare-and-medicaid-reports/medicare-monthly-enrollment,2026-02,[source: CMS Medicare Monthly Enrollment 2026-02; DUAL_TOT_BENES]
TX,Liberty,Dual-Eligible (Medicare + Medicaid),Dual-Eligible,Dual-Eligible (Medicare/Medicaid),FIPS 48291,,2496,2496,https://data.cms.gov/summary-statistics-on-beneficiary-enrollment/medicare-and-medicaid-reports/medicare-monthly-enrollment,2026-02,[source: CMS Medicare Monthly Enrollment 2026-02; DUAL_TOT_BENES]
TX,Limestone,Dual-Eligible (Medicare + Medicaid),Dual-Eligible,Dual-Eligible (Medicare/Medicaid),FIPS 48293,,894,894,https://data.cms.gov/summary-statistics-on-beneficiary-enrollment/medicare-and-medicaid-reports/medicare-monthly-enrollment,2026-02,[source: CMS Medicare Monthly Enrollment 2026-02; DUAL_TOT_BENES]
TX,Live Oak,Dual-Eligible (Medicare + Medicaid),Dual-Eligible,Dual-Eligible (Medicare/Medicaid),FIPS 48297,,266,266,https://data.cms.gov/summary-statistics-on-beneficiary-enrollment/medicare-and-medicaid-reports/medicare-monthly-enrollment,2026-02,[source: CMS Medicare Monthly Enrollment 2026-02; DUAL_TOT_BENES]
TX,Llano,Dual-Eligible (Medicare + Medicaid),Dual-Eligible,Dual-Eligible (Medicare/Medicaid),FIPS 48299,,538,538,https://data.cms.gov/summary-statistics-on-beneficiary-enrollment/medicare-and-medicaid-reports/medicare-monthly-enrollment,2026-02,[source: CMS Medicare Monthly Enrollment 2026-02; DUAL_TOT_BENES]
TX,Lubbock,Dual-Eligible (Medicare + Medicaid),Dual-Eligible,Dual-Eligible (Medicare/Medicaid),FIPS 48303,,7042,7042,https://data.cms.gov/summary-statistics-on-beneficiary-enrollment/medicare-and-medicaid-reports/medicare-monthly-enrollment,2026-02,[source: CMS Medicare Monthly Enrollment 2026-02; DUAL_TOT_BENES]
TX,Lynn,Dual-Eligible (Medicare + Medicaid),Dual-Eligible,Dual-Eligible (Medicare/Medicaid),FIPS 48305,,166,166,https://data.cms.gov/summary-statistics-on-beneficiary-enrollment/medicare-and-medicaid-reports/medicare-monthly-enrollment,2026-02,[source: CMS Medicare Monthly Enrollment 2026-02; DUAL_TOT_BENES]
TX,Madison,Dual-Eligible (Medicare + Medicaid),Dual-Eligible,Dual-Eligible (Medicare/Medicaid),FIPS 48313,,329,329,https://data.cms.gov/summary-statistics-on-beneficiary-enrollment/medicare-and-medicaid-reports/medicare-monthly-enrollment,2026-02,[source: CMS Medicare Monthly Enrollment 2026-02; DUAL_TOT_BENES]
TX,Marion,Dual-Eligible (Medicare + Medicaid),Dual-Eligible,Dual-Eligible (Medicare/Medicaid),FIPS 48315,,498,498,https://data.cms.gov/summary-statistics-on-beneficiary-enrollment/medicare-and-medicaid-reports/medicare-monthly-enrollment,2026-02,[source: CMS Medicare Monthly Enrollment 2026-02; DUAL_TOT_BENES]
TX,Martin,Dual-Eligible (Medicare + Medicaid),Dual-Eligible,Dual-Eligible (Medicare/Medicaid),FIPS 48317,,88,88,https://data.cms.gov/summary-statistics-on-beneficiary-enrollment/medicare-and-medicaid-reports/medicare-monthly-enrollment,2026-02,[source: CMS Medicare Monthly Enrollment 2026-02; DUAL_TOT_BENES]
TX,Mason,Dual-Eligible (Medicare + Medicaid),Dual-Eligible,Dual-Eligible (Medicare/Medicaid),FIPS 48319,,105,105,https://data.cms.gov/summary-statistics-on-beneficiary-enrollment/medicare-and-medicaid-reports/medicare-monthly-enrollment,2026-02,[source: CMS Medicare Monthly Enrollment 2026-02; DUAL_TOT_BENES]
TX,Matagorda,Dual-Eligible (Medicare + Medicaid),Dual-Eligible,Dual-Eligible (Medicare/Medicaid),FIPS 48321,,1070,1070,https://data.cms.gov/summary-statistics-on-beneficiary-enrollment/medicare-and-medicaid-reports/medicare-monthly-enrollment,2026-02,[source: CMS Medicare Monthly Enrollment 2026-02; DUAL_TOT_BENES]
TX,Maverick,Dual-Eligible (Medicare + Medicaid),Dual-Eligible,Dual-Eligible (Medicare/Medicaid),FIPS 48323,,4958,4958,https://data.cms.gov/summary-statistics-on-beneficiary-enrollment/medicare-and-medicaid-reports/medicare-monthly-enrollment,2026-02,[source: CMS Medicare Monthly Enrollment 2026-02; DUAL_TOT_BENES]
TX,McCulloch,Dual-Eligible (Medicare + Medicaid),Dual-Eligible,Dual-Eligible (Medicare/Medicaid),FIPS 48307,,326,326,https://data.cms.gov/summary-statistics-on-beneficiary-enrollment/medicare-and-medicaid-reports/medicare-monthly-enrollment,2026-02,[source: CMS Medicare Monthly Enrollment 2026-02; DUAL_TOT_BENES]
TX,McLennan,Dual-Eligible (Medicare + Medicaid),Dual-Eligible,Dual-Eligible (Medicare/Medicaid),FIPS 48309,,6841,6841,https://data.cms.gov/summary-statistics-on-beneficiary-enrollment/medicare-and-medicaid-reports/medicare-monthly-enrollment,2026-02,[source: CMS Medicare Monthly Enrollment 2026-02; DUAL_TOT_BENES]
TX,Medina,Dual-Eligible (Medicare + Medicaid),Dual-Eligible,Dual-Eligible (Medicare/Medicaid),FIPS 48325,,1420,1420,https://data.cms.gov/summary-statistics-on-beneficiary-enrollment/medicare-and-medicaid-reports/medicare-monthly-enrollment,2026-02,[source: CMS Medicare Monthly Enrollment 2026-02; DUAL_TOT_BENES]
TX,Menard,Dual-Eligible (Medicare + Medicaid),Dual-Eligible,Dual-Eligible (Medicare/Medicaid),FIPS 48327,,82,82,https://data.cms.gov/summary-statistics-on-beneficiary-enrollment/medicare-and-medicaid-reports/medicare-monthly-enrollment,2026-02,[source: CMS Medicare Monthly Enrollment 2026-02; DUAL_TOT_BENES]
TX,Midland,Dual-Eligible (Medicare + Medicaid),Dual-Eligible,Dual-Eligible (Medicare/Medicaid),FIPS 48329,,2345,2345,https://data.cms.gov/summary-statistics-on-beneficiary-enrollment/medicare-and-medicaid-reports/medicare-monthly-enrollment,2026-02,[source: CMS Medicare Monthly Enrollment 2026-02; DUAL_TOT_BENES]
TX,Milam,Dual-Eligible (Medicare + Medicaid),Dual-Eligible,Dual-Eligible (Medicare/Medicaid),FIPS 48331,,793,793,https://data.cms.gov/summary-statistics-on-beneficiary-enrollment/medicare-and-medicaid-reports/medicare-monthly-enrollment,2026-02,[source: CMS Medicare Monthly Enrollment 2026-02; DUAL_TOT_BENES]
TX,Mills,Dual-Eligible (Medicare + Medicaid),Dual-Eligible,Dual-Eligible (Medicare/Medicaid),FIPS 48333,,153,153,https://data.cms.gov/summary-statistics-on-beneficiary-enrollment/medicare-and-medicaid-reports/medicare-monthly-enrollment,2026-02,[source: CMS Medicare Monthly Enrollment 2026-02; DUAL_TOT_BENES]
TX,Mitchell,Dual-Eligible (Medicare + Medicaid),Dual-Eligible,Dual-Eligible (Medicare/Medicaid),FIPS 48335,,212,212,https://data.cms.gov/summary-statistics-on-beneficiary-enrollment/medicare-and-medicaid-reports/medicare-monthly-enrollment,2026-02,[source: CMS Medicare Monthly Enrollment 2026-02; DUAL_TOT_BENES]
TX,Montague,Dual-Eligible (Medicare + Medicaid),Dual-Eligible,Dual-Eligible (Medicare/Medicaid),FIPS 48337,,614,614,https://data.cms.gov/summary-statistics-on-beneficiary-enrollment/medicare-and-medicaid-reports/medicare-monthly-enrollment,2026-02,[source: CMS Medicare Monthly Enrollment 2026-02; DUAL_TOT_BENES]
TX,Montgomery,Dual-Eligible (Medicare + Medicaid),Dual-Eligible,Dual-Eligible (Medicare/Medicaid),FIPS 48339,,8980,8980,https://data.cms.gov/summary-statistics-on-beneficiary-enrollment/medicare-and-medicaid-reports/medicare-monthly-enrollment,2026-02,[source: CMS Medicare Monthly Enrollment 2026-02; DUAL_TOT_BENES]
TX,Moore,Dual-Eligible (Medicare + Medicaid),Dual-Eligible,Dual-Eligible (Medicare/Medicaid),FIPS 48341,,314,314,https://data.cms.gov/summary-statistics-on-beneficiary-enrollment/medicare-and-medicaid-reports/medicare-monthly-enrollment,2026-02,[source: CMS Medicare Monthly Enrollment 2026-02; DUAL_TOT_BENES]
TX,Morris,Dual-Eligible (Medicare + Medicaid),Dual-Eligible,Dual-Eligible (Medicare/Medicaid),FIPS 48343,,575,575,https://data.cms.gov/summary-statistics-on-beneficiary-enrollment/medicare-and-medicaid-reports/medicare-monthly-enrollment,2026-02,[source: CMS Medicare Monthly Enrollment 2026-02; DUAL_TOT_BENES]
TX,Nacogdoches,Dual-Eligible (Medicare + Medicaid),Dual-Eligible,Dual-Eligible (Medicare/Medicaid),FIPS 48347,,1736,1736,https://data.cms.gov/summary-statistics-on-beneficiary-enrollment/medicare-and-medicaid-reports/medicare-monthly-enrollment,2026-02,[source: CMS Medicare Monthly Enrollment 2026-02; DUAL_TOT_BENES]
TX,Navarro,Dual-Eligible (Medicare + Medicaid),Dual-Eligible,Dual-Eligible (Medicare/Medicaid),FIPS 48349,,1689,1689,https://data.cms.gov/summary-statistics-on-beneficiary-enrollment/medicare-and-medicaid-reports/medicare-monthly-enrollment,2026-02,[source: CMS Medicare Monthly Enrollment 2026-02; DUAL_TOT_BENES]
TX,Newton,Dual-Eligible (Medicare + Medicaid),Dual-Eligible,Dual-Eligible (Medicare/Medicaid),FIPS 48351,,447,447,https://data.cms.gov/summary-statistics-on-beneficiary-enrollment/medicare-and-medicaid-reports/medicare-monthly-enrollment,2026-02,[source: CMS Medicare Monthly Enrollment 2026-02; DUAL_TOT_BENES]
TX,Nolan,Dual-Eligible (Medicare + Medicaid),Dual-Eligible,Dual-Eligible (Medicare/Medicaid),FIPS 48353,,525,525,https://data.cms.gov/summary-statistics-on-beneficiary-enrollment/medicare-and-medicaid-reports/medicare-monthly-enrollment,2026-02,[source: CMS Medicare Monthly Enrollment 2026-02; DUAL_TOT_BENES]
TX,Nueces,Dual-Eligible (Medicare + Medicaid),Dual-Eligible,Dual-Eligible (Medicare/Medicaid),FIPS 48355,,11703,11703,https://data.cms.gov/summary-statistics-on-beneficiary-enrollment/medicare-and-medicaid-reports/medicare-monthly-enrollment,2026-02,[source: CMS Medicare Monthly Enrollment 2026-02; DUAL_TOT_BENES]
TX,Ochiltree,Dual-Eligible (Medicare + Medicaid),Dual-Eligible,Dual-Eligible (Medicare/Medicaid),FIPS 48357,,139,139,https://data.cms.gov/summary-statistics-on-beneficiary-enrollment/medicare-and-medicaid-reports/medicare-monthly-enrollment,2026-02,[source: CMS Medicare Monthly Enrollment 2026-02; DUAL_TOT_BENES]
TX,Orange,Dual-Eligible (Medicare + Medicaid),Dual-Eligible,Dual-Eligible (Medicare/Medicaid),FIPS 48361,,1972,1972,https://data.cms.gov/summary-statistics-on-beneficiary-enrollment/medicare-and-medicaid-reports/medicare-monthly-enrollment,2026-02,[source: CMS Medicare Monthly Enrollment 2026-02; DUAL_TOT_BENES]
TX,Palo Pinto,Dual-Eligible (Medicare + Medicaid),Dual-Eligible,Dual-Eligible (Medicare/Medicaid),FIPS 48363,,788,788,https://data.cms.gov/summary-statistics-on-beneficiary-enrollment/medicare-and-medicaid-reports/medicare-monthly-enrollment,2026-02,[source: CMS Medicare Monthly Enrollment 2026-02; DUAL_TOT_BENES]
TX,Panola,Dual-Eligible (Medicare + Medicaid),Dual-Eligible,Dual-Eligible (Medicare/Medicaid),FIPS 48365,,641,641,https://data.cms.gov/summary-statistics-on-beneficiary-enrollment/medicare-and-medicaid-reports/medicare-monthly-enrollment,2026-02,[source: CMS Medicare Monthly Enrollment 2026-02; DUAL_TOT_BENES]
TX,Parker,Dual-Eligible (Medicare + Medicaid),Dual-Eligible,Dual-Eligible (Medicare/Medicaid),FIPS 48367,,2175,2175,https://data.cms.gov/summary-statistics-on-beneficiary-enrollment/medicare-and-medicaid-reports/medicare-monthly-enrollment,2026-02,[source: CMS Medicare Monthly Enrollment 2026-02; DUAL_TOT_BENES]
TX,Parmer,Dual-Eligible (Medicare + Medicaid),Dual-Eligible,Dual-Eligible (Medicare/Medicaid),FIPS 48369,,166,166,https://data.cms.gov/summary-statistics-on-beneficiary-enrollment/medicare-and-medicaid-reports/medicare-monthly-enrollment,2026-02,[source: CMS Medicare Monthly Enrollment 2026-02; DUAL_TOT_BENES]
TX,Pecos,Dual-Eligible (Medicare + Medicaid),Dual-Eligible,Dual-Eligible (Medicare/Medicaid),FIPS 48371,,407,407,https://data.cms.gov/summary-statistics-on-beneficiary-enrollment/medicare-and-medicaid-reports/medicare-monthly-enrollment,2026-02,[source: CMS Medicare Monthly Enrollment 2026-02; DUAL_TOT_BENES]
TX,Polk,Dual-Eligible (Medicare + Medicaid),Dual-Eligible,Dual-Eligible (Medicare/Medicaid),FIPS 48373,,1800,1800,https://data.cms.gov/summary-statistics-on-beneficiary-enrollment/medicare-and-medicaid-reports/medicare-monthly-enrollment,2026-02,[source: CMS Medicare Monthly Enrollment 2026-02; DUAL_TOT_BENES]
TX,Potter,Dual-Eligible (Medicare + Medicaid),Dual-Eligible,Dual-Eligible (Medicare/Medicaid),FIPS 48375,,3432,3432,https://data.cms.gov/summary-statistics-on-beneficiary-enrollment/medicare-and-medicaid-reports/medicare-monthly-enrollment,2026-02,[source: CMS Medicare Monthly Enrollment 2026-02; DUAL_TOT_BENES]
TX,Presidio,Dual-Eligible (Medicare + Medicaid),Dual-Eligible,Dual-Eligible (Medicare/Medicaid),FIPS 48377,,578,578,https://data.cms.gov/summary-statistics-on-beneficiary-enrollment/medicare-and-medicaid-reports/medicare-monthly-enrollment,2026-02,[source: CMS Medicare Monthly Enrollment 2026-02; DUAL_TOT_BENES]
TX,Rains,Dual-Eligible (Medicare + Medicaid),Dual-Eligible,Dual-Eligible (Medicare/Medicaid),FIPS 48379,,326,326,https://data.cms.gov/summary-statistics-on-beneficiary-enrollment/medicare-and-medicaid-reports/medicare-monthly-enrollment,2026-02,[source: CMS Medicare Monthly Enrollment 2026-02; DUAL_TOT_BENES]
TX,Randall,Dual-Eligible (Medicare + Medicaid),Dual-Eligible,Dual-Eligible (Medicare/Medicaid),FIPS 48381,,1880,1880,https://data.cms.gov/summary-statistics-on-beneficiary-enrollment/medicare-and-medicaid-reports/medicare-monthly-enrollment,2026-02,[source: CMS Medicare Monthly Enrollment 2026-02; DUAL_TOT_BENES]
TX,Reagan,Dual-Eligible (Medicare + Medicaid),Dual-Eligible,Dual-Eligible (Medicare/Medicaid),FIPS 48383,,57,57,https://data.cms.gov/summary-statistics-on-beneficiary-enrollment/medicare-and-medicaid-reports/medicare-monthly-enrollment,2026-02,[source: CMS Medicare Monthly Enrollment 2026-02; DUAL_TOT_BENES]
TX,Real,Dual-Eligible (Medicare + Medicaid),Dual-Eligible,Dual-Eligible (Medicare/Medicaid),FIPS 48385,,138,138,https://data.cms.gov/summary-statistics-on-beneficiary-enrollment/medicare-and-medicaid-reports/medicare-monthly-enrollment,2026-02,[source: CMS Medicare Monthly Enrollment 2026-02; DUAL_TOT_BENES]
TX,Red River,Dual-Eligible (Medicare + Medicaid),Dual-Eligible,Dual-Eligible (Medicare/Medicaid),FIPS 48387,,619,619,https://data.cms.gov/summary-statistics-on-beneficiary-enrollment/medicare-and-medicaid-reports/medicare-monthly-enrollment,2026-02,[source: CMS Medicare Monthly Enrollment 2026-02; DUAL_TOT_BENES]
TX,Reeves,Dual-Eligible (Medicare + Medicaid),Dual-Eligible,Dual-Eligible (Medicare/Medicaid),FIPS 48389,,365,365,https://data.cms.gov/summary-statistics-on-beneficiary-enrollment/medicare-and-medicaid-reports/medicare-monthly-enrollment,2026-02,[source: CMS Medicare Monthly Enrollment 2026-02; DUAL_TOT_BENES]
TX,Refugio,Dual-Eligible (Medicare + Medicaid),Dual-Eligible,Dual-Eligible (Medicare/Medicaid),FIPS 48391,,261,261,https://data.cms.gov/summary-statistics-on-beneficiary-enrollment/medicare-and-medicaid-reports/medicare-monthly-enrollment,2026-02,[source: CMS Medicare Monthly Enrollment 2026-02; DUAL_TOT_BENES]
TX,Robertson,Dual-Eligible (Medicare + Medicaid),Dual-Eligible,Dual-Eligible (Medicare/Medicaid),FIPS 48395,,553,553,https://data.cms.gov/summary-statistics-on-beneficiary-enrollment/medicare-and-medicaid-reports/medicare-monthly-enrollment,2026-02,[source: CMS Medicare Monthly Enrollment 2026-02; DUAL_TOT_BENES]
TX,Rockwall,Dual-Eligible (Medicare + Medicaid),Dual-Eligible,Dual-Eligible (Medicare/Medicaid),FIPS 48397,,1328,1328,https://data.cms.gov/summary-statistics-on-beneficiary-enrollment/medicare-and-medicaid-reports/medicare-monthly-enrollment,2026-02,[source: CMS Medicare Monthly Enrollment 2026-02; DUAL_TOT_BENES]
TX,Runnels,Dual-Eligible (Medicare + Medicaid),Dual-Eligible,Dual-Eligible (Medicare/Medicaid),FIPS 48399,,346,346,https://data.cms.gov/summary-statistics-on-beneficiary-enrollment/medicare-and-medicaid-reports/medicare-monthly-enrollment,2026-02,[source: CMS Medicare Monthly Enrollment 2026-02; DUAL_TOT_BENES]
TX,Rusk,Dual-Eligible (Medicare + Medicaid),Dual-Eligible,Dual-Eligible (Medicare/Medicaid),FIPS 48401,,1298,1298,https://data.cms.gov/summary-statistics-on-beneficiary-enrollment/medicare-and-medicaid-reports/medicare-monthly-enrollment,2026-02,[source: CMS Medicare Monthly Enrollment 2026-02; DUAL_TOT_BENES]
TX,Sabine,Dual-Eligible (Medicare + Medicaid),Dual-Eligible,Dual-Eligible (Medicare/Medicaid),FIPS 48403,,383,383,https://data.cms.gov/summary-statistics-on-beneficiary-enrollment/medicare-and-medicaid-reports/medicare-monthly-enrollment,2026-02,[source: CMS Medicare Monthly Enrollment 2026-02; DUAL_TOT_BENES]
TX,San Augustine,Dual-Eligible (Medicare + Medicaid),Dual-Eligible,Dual-Eligible (Medicare/Medicaid),FIPS 48405,,386,386,https://data.cms.gov/summary-statistics-on-beneficiary-enrollment/medicare-and-medicaid-reports/medicare-monthly-enrollment,2026-02,[source: CMS Medicare Monthly Enrollment 2026-02; DUAL_TOT_BENES]
TX,San Jacinto,Dual-Eligible (Medicare + Medicaid),Dual-Eligible,Dual-Eligible (Medicare/Medicaid),FIPS 48407,,763,763,https://data.cms.gov/summary-statistics-on-beneficiary-enrollment/medicare-and-medicaid-reports/medicare-monthly-enrollment,2026-02,[source: CMS Medicare Monthly Enrollment 2026-02; DUAL_TOT_BENES]
TX,San Patricio,Dual-Eligible (Medicare + Medicaid),Dual-Eligible,Dual-Eligible (Medicare/Medicaid),FIPS 48409,,2252,2252,https://data.cms.gov/summary-statistics-on-beneficiary-enrollment/medicare-and-medicaid-reports/medicare-monthly-enrollment,2026-02,[source: CMS Medicare Monthly Enrollment 2026-02; DUAL_TOT_BENES]
TX,San Saba,Dual-Eligible (Medicare + Medicaid),Dual-Eligible,Dual-Eligible (Medicare/Medicaid),FIPS 48411,,156,156,https://data.cms.gov/summary-statistics-on-beneficiary-enrollment/medicare-and-medicaid-reports/medicare-monthly-enrollment,2026-02,[source: CMS Medicare Monthly Enrollment 2026-02; DUAL_TOT_BENES]
TX,Schleicher,Dual-Eligible (Medicare + Medicaid),Dual-Eligible,Dual-Eligible (Medicare/Medicaid),FIPS 48413,,85,85,https://data.cms.gov/summary-statistics-on-beneficiary-enrollment/medicare-and-medicaid-reports/medicare-monthly-enrollment,2026-02,[source: CMS Medicare Monthly Enrollment 2026-02; DUAL_TOT_BENES]
TX,Scurry,Dual-Eligible (Medicare + Medicaid),Dual-Eligible,Dual-Eligible (Medicare/Medicaid),FIPS 48415,,379,379,https://data.cms.gov/summary-statistics-on-beneficiary-enrollment/medicare-and-medicaid-reports/medicare-monthly-enrollment,2026-02,[source: CMS Medicare Monthly Enrollment 2026-02; DUAL_TOT_BENES]
TX,Shackelford,Dual-Eligible (Medicare + Medicaid),Dual-Eligible,Dual-Eligible (Medicare/Medicaid),FIPS 48417,,72,72,https://data.cms.gov/summary-statistics-on-beneficiary-enrollment/medicare-and-medicaid-reports/medicare-monthly-enrollment,2026-02,[source: CMS Medicare Monthly Enrollment 2026-02; DUAL_TOT_BENES]
TX,Shelby,Dual-Eligible (Medicare + Medicaid),Dual-Eligible,Dual-Eligible (Medicare/Medicaid),FIPS 48419,,912,912,https://data.cms.gov/summary-statistics-on-beneficiary-enrollment/medicare-and-medicaid-reports/medicare-monthly-enrollment,2026-02,[source: CMS Medicare Monthly Enrollment 2026-02; DUAL_TOT_BENES]
TX,Smith,Dual-Eligible (Medicare + Medicaid),Dual-Eligible,Dual-Eligible (Medicare/Medicaid),FIPS 48423,,5504,5504,https://data.cms.gov/summary-statistics-on-beneficiary-enrollment/medicare-and-medicaid-reports/medicare-monthly-enrollment,2026-02,[source: CMS Medicare Monthly Enrollment 2026-02; DUAL_TOT_BENES]
TX,Somervell,Dual-Eligible (Medicare + Medicaid),Dual-Eligible,Dual-Eligible (Medicare/Medicaid),FIPS 48425,,188,188,https://data.cms.gov/summary-statistics-on-beneficiary-enrollment/medicare-and-medicaid-reports/medicare-monthly-enrollment,2026-02,[source: CMS Medicare Monthly Enrollment 2026-02; DUAL_TOT_BENES]
TX,Starr,Dual-Eligible (Medicare + Medicaid),Dual-Eligible,Dual-Eligible (Medicare/Medicaid),FIPS 48427,,5567,5567,https://data.cms.gov/summary-statistics-on-beneficiary-enrollment/medicare-and-medicaid-reports/medicare-monthly-enrollment,2026-02,[source: CMS Medicare Monthly Enrollment 2026-02; DUAL_TOT_BENES]
TX,Stephens,Dual-Eligible (Medicare + Medicaid),Dual-Eligible,Dual-Eligible (Medicare/Medicaid),FIPS 48429,,242,242,https://data.cms.gov/summary-statistics-on-beneficiary-enrollment/medicare-and-medicaid-reports/medicare-monthly-enrollment,2026-02,[source: CMS Medicare Monthly Enrollment 2026-02; DUAL_TOT_BENES]
TX,Stonewall,Dual-Eligible (Medicare + Medicaid),Dual-Eligible,Dual-Eligible (Medicare/Medicaid),FIPS 48433,,50,50,https://data.cms.gov/summary-statistics-on-beneficiary-enrollment/medicare-and-medicaid-reports/medicare-monthly-enrollment,2026-02,[source: CMS Medicare Monthly Enrollment 2026-02; DUAL_TOT_BENES]
TX,Sutton,Dual-Eligible (Medicare + Medicaid),Dual-Eligible,Dual-Eligible (Medicare/Medicaid),FIPS 48435,,89,89,https://data.cms.gov/summary-statistics-on-beneficiary-enrollment/medicare-and-medicaid-reports/medicare-monthly-enrollment,2026-02,[source: CMS Medicare Monthly Enrollment 2026-02; DUAL_TOT_BENES]
TX,Swisher,Dual-Eligible (Medicare + Medicaid),Dual-Eligible,Dual-Eligible (Medicare/Medicaid),FIPS 48437,,195,195,https://data.cms.gov/summary-statistics-on-beneficiary-enrollment/medicare-and-medicaid-reports/medicare-monthly-enrollment,2026-02,[source: CMS Medicare Monthly Enrollment 2026-02; DUAL_TOT_BENES]
TX,Tarrant,Dual-Eligible (Medicare + Medicaid),Dual-Eligible,Dual-Eligible (Medicare/Medicaid),FIPS 48439,,37849,37849,https://data.cms.gov/summary-statistics-on-beneficiary-enrollment/medicare-and-medicaid-reports/medicare-monthly-enrollment,2026-02,[source: CMS Medicare Monthly Enrollment 2026-02; DUAL_TOT_BENES]
TX,Taylor,Dual-Eligible (Medicare + Medicaid),Dual-Eligible,Dual-Eligible (Medicare/Medicaid),FIPS 48441,,3809,3809,https://data.cms.gov/summary-statistics-on-beneficiary-enrollment/medicare-and-medicaid-reports/medicare-monthly-enrollment,2026-02,[source: CMS Medicare Monthly Enrollment 2026-02; DUAL_TOT_BENES]
TX,Terry,Dual-Eligible (Medicare + Medicaid),Dual-Eligible,Dual-Eligible (Medicare/Medicaid),FIPS 48445,,374,374,https://data.cms.gov/summary-statistics-on-beneficiary-enrollment/medicare-and-medicaid-reports/medicare-monthly-enrollment,2026-02,[source: CMS Medicare Monthly Enrollment 2026-02; DUAL_TOT_BENES]
TX,Titus,Dual-Eligible (Medicare + Medicaid),Dual-Eligible,Dual-Eligible (Medicare/Medicaid),FIPS 48449,,816,816,https://data.cms.gov/summary-statistics-on-beneficiary-enrollment/medicare-and-medicaid-reports/medicare-monthly-enrollment,2026-02,[source: CMS Medicare Monthly Enrollment 2026-02; DUAL_TOT_BENES]
TX,Tom Green,Dual-Eligible (Medicare + Medicaid),Dual-Eligible,Dual-Eligible (Medicare/Medicaid),FIPS 48451,,3091,3091,https://data.cms.gov/summary-statistics-on-beneficiary-enrollment/medicare-and-medicaid-reports/medicare-monthly-enrollment,2026-02,[source: CMS Medicare Monthly Enrollment 2026-02; DUAL_TOT_BENES]
TX,Travis,Dual-Eligible (Medicare + Medicaid),Dual-Eligible,Dual-Eligible (Medicare/Medicaid),FIPS 48453,,15467,15467,https://data.cms.gov/summary-statistics-on-beneficiary-enrollment/medicare-and-medicaid-reports/medicare-monthly-enrollment,2026-02,[source: CMS Medicare Monthly Enrollment 2026-02; DUAL_TOT_BENES]
TX,Trinity,Dual-Eligible (Medicare + Medicaid),Dual-Eligible,Dual-Eligible (Medicare/Medicaid),FIPS 48455,,634,634,https://data.cms.gov/summary-statistics-on-beneficiary-enrollment/medicare-and-medicaid-reports/medicare-monthly-enrollment,2026-02,[source: CMS Medicare Monthly Enrollment 2026-02; DUAL_TOT_BENES]
TX,Tyler,Dual-Eligible (Medicare + Medicaid),Dual-Eligible,Dual-Eligible (Medicare/Medicaid),FIPS 48457,,649,649,https://data.cms.gov/summary-statistics-on-beneficiary-enrollment/medicare-and-medicaid-reports/medicare-monthly-enrollment,2026-02,[source: CMS Medicare Monthly Enrollment 2026-02; DUAL_TOT_BENES]
TX,Upshur,Dual-Eligible (Medicare + Medicaid),Dual-Eligible,Dual-Eligible (Medicare/Medicaid),FIPS 48459,,1190,1190,https://data.cms.gov/summary-statistics-on-beneficiary-enrollment/medicare-and-medicaid-reports/medicare-monthly-enrollment,2026-02,[source: CMS Medicare Monthly Enrollment 2026-02; DUAL_TOT_BENES]
TX,Upton,Dual-Eligible (Medicare + Medicaid),Dual-Eligible,Dual-Eligible (Medicare/Medicaid),FIPS 48461,,85,85,https://data.cms.gov/summary-statistics-on-beneficiary-enrollment/medicare-and-medicaid-reports/medicare-monthly-enrollment,2026-02,[source: CMS Medicare Monthly Enrollment 2026-02; DUAL_TOT_BENES]
TX,Uvalde,Dual-Eligible (Medicare + Medicaid),Dual-Eligible,Dual-Eligible (Medicare/Medicaid),FIPS 48463,,1260,1260,https://data.cms.gov/summary-statistics-on-beneficiary-enrollment/medicare-and-medicaid-reports/medicare-monthly-enrollment,2026-02,[source: CMS Medicare Monthly Enrollment 2026-02; DUAL_TOT_BENES]
TX,Val Verde,Dual-Eligible (Medicare + Medicaid),Dual-Eligible,Dual-Eligible (Medicare/Medicaid),FIPS 48465,,2565,2565,https://data.cms.gov/summary-statistics-on-beneficiary-enrollment/medicare-and-medicaid-reports/medicare-monthly-enrollment,2026-02,[source: CMS Medicare Monthly Enrollment 2026-02; DUAL_TOT_BENES]
TX,Van Zandt,Dual-Eligible (Medicare + Medicaid),Dual-Eligible,Dual-Eligible (Medicare/Medicaid),FIPS 48467,,1551,1551,https://data.cms.gov/summary-statistics-on-beneficiary-enrollment/medicare-and-medicaid-reports/medicare-monthly-enrollment,2026-02,[source: CMS Medicare Monthly Enrollment 2026-02; DUAL_TOT_BENES]
TX,Victoria,Dual-Eligible (Medicare + Medicaid),Dual-Eligible,Dual-Eligible (Medicare/Medicaid),FIPS 48469,,2443,2443,https://data.cms.gov/summary-statistics-on-beneficiary-enrollment/medicare-and-medicaid-reports/medicare-monthly-enrollment,2026-02,[source: CMS Medicare Monthly Enrollment 2026-02; DUAL_TOT_BENES]
TX,Walker,Dual-Eligible (Medicare + Medicaid),Dual-Eligible,Dual-Eligible (Medicare/Medicaid),FIPS 48471,,1321,1321,https://data.cms.gov/summary-statistics-on-beneficiary-enrollment/medicare-and-medicaid-reports/medicare-monthly-enrollment,2026-02,[source: CMS Medicare Monthly Enrollment 2026-02; DUAL_TOT_BENES]
TX,Waller,Dual-Eligible (Medicare + Medicaid),Dual-Eligible,Dual-Eligible (Medicare/Medicaid),FIPS 48473,,927,927,https://data.cms.gov/summary-statistics-on-beneficiary-enrollment/medicare-and-medicaid-reports/medicare-monthly-enrollment,2026-02,[source: CMS Medicare Monthly Enrollment 2026-02; DUAL_TOT_BENES]
TX,Ward,Dual-Eligible (Medicare + Medicaid),Dual-Eligible,Dual-Eligible (Medicare/Medicaid),FIPS 48475,,232,232,https://data.cms.gov/summary-statistics-on-beneficiary-enrollment/medicare-and-medicaid-reports/medicare-monthly-enrollment,2026-02,[source: CMS Medicare Monthly Enrollment 2026-02; DUAL_TOT_BENES]
TX,Washington,Dual-Eligible (Medicare + Medicaid),Dual-Eligible,Dual-Eligible (Medicare/Medicaid),FIPS 48477,,920,920,https://data.cms.gov/summary-statistics-on-beneficiary-enrollment/medicare-and-medicaid-reports/medicare-monthly-enrollment,2026-02,[source: CMS Medicare Monthly Enrollment 2026-02; DUAL_TOT_BENES]
TX,Webb,Dual-Eligible (Medicare + Medicaid),Dual-Eligible,Dual-Eligible (Medicare/Medicaid),FIPS 48479,,11870,11870,https://data.cms.gov/summary-statistics-on-beneficiary-enrollment/medicare-and-medicaid-reports/medicare-monthly-enrollment,2026-02,[source: CMS Medicare Monthly Enrollment 2026-02; DUAL_TOT_BENES]
TX,Wharton,Dual-Eligible (Medicare + Medicaid),Dual-Eligible,Dual-Eligible (Medicare/Medicaid),FIPS 48481,,1158,1158,https://data.cms.gov/summary-statistics-on-beneficiary-enrollment/medicare-and-medicaid-reports/medicare-monthly-enrollment,2026-02,[source: CMS Medicare Monthly Enrollment 2026-02; DUAL_TOT_BENES]
TX,Wheeler,Dual-Eligible (Medicare + Medicaid),Dual-Eligible,Dual-Eligible (Medicare/Medicaid),FIPS 48483,,90,90,https://data.cms.gov/summary-statistics-on-beneficiary-enrollment/medicare-and-medicaid-reports/medicare-monthly-enrollment,2026-02,[source: CMS Medicare Monthly Enrollment 2026-02; DUAL_TOT_BENES]
TX,Wichita,Dual-Eligible (Medicare + Medicaid),Dual-Eligible,Dual-Eligible (Medicare/Medicaid),FIPS 48485,,3858,3858,https://data.cms.gov/summary-statistics-on-beneficiary-enrollment/medicare-and-medicaid-reports/medicare-monthly-enrollment,2026-02,[source: CMS Medicare Monthly Enrollment 2026-02; DUAL_TOT_BENES]
TX,Wilbarger,Dual-Eligible (Medicare + Medicaid),Dual-Eligible,Dual-Eligible (Medicare/Medicaid),FIPS 48487,,434,434,https://data.cms.gov/summary-statistics-on-beneficiary-enrollment/medicare-and-medicaid-reports/medicare-monthly-enrollment,2026-02,[source: CMS Medicare Monthly Enrollment 2026-02; DUAL_TOT_BENES]
TX,Willacy,Dual-Eligible (Medicare + Medicaid),Dual-Eligible,Dual-Eligible (Medicare/Medicaid),FIPS 48489,,1321,1321,https://data.cms.gov/summary-statistics-on-beneficiary-enrollment/medicare-and-medicaid-reports/medicare-monthly-enrollment,2026-02,[source: CMS Medicare Monthly Enrollment 2026-02; DUAL_TOT_BENES]
TX,Williamson,Dual-Eligible (Medicare + Medicaid),Dual-Eligible,Dual-Eligible (Medicare/Medicaid),FIPS 48491,,6500,6500,https://data.cms.gov/summary-statistics-on-beneficiary-enrollment/medicare-and-medicaid-reports/medicare-monthly-enrollment,2026-02,[source: CMS Medicare Monthly Enrollment 2026-02; DUAL_TOT_BENES]
TX,Wilson,Dual-Eligible (Medicare + Medicaid),Dual-Eligible,Dual-Eligible (Medicare/Medicaid),FIPS 48493,,910,910,https://data.cms.gov/summary-statistics-on-beneficiary-enrollment/medicare-and-medicaid-reports/medicare-monthly-enrollment,2026-02,[source: CMS Medicare Monthly Enrollment 2026-02; DUAL_TOT_BENES]
TX,Winkler,Dual-Eligible (Medicare + Medicaid),Dual-Eligible,Dual-Eligible (Medicare/Medicaid),FIPS 48495,,146,146,https://data.cms.gov/summary-statistics-on-beneficiary-enrollment/medicare-and-medicaid-reports/medicare-monthly-enrollment,2026-02,[source: CMS Medicare Monthly Enrollment 2026-02; DUAL_TOT_BENES]
TX,Wise,Dual-Eligible (Medicare + Medicaid),Dual-Eligible,Dual-Eligible (Medicare/Medicaid),FIPS 48497,,1121,1121,https://data.cms.gov/summary-statistics-on-beneficiary-enrollment/medicare-and-medicaid-reports/medicare-monthly-enrollment,2026-02,[source: CMS Medicare Monthly Enrollment 2026-02; DUAL_TOT_BENES]
TX,Wood,Dual-Eligible (Medicare + Medicaid),Dual-Eligible,Dual-Eligible (Medicare/Medicaid),FIPS 48499,,1458,1458,https://data.cms.gov/summary-statistics-on-beneficiary-enrollment/medicare-and-medicaid-reports/medicare-monthly-enrollment,2026-02,[source: CMS Medicare Monthly Enrollment 2026-02; DUAL_TOT_BENES]
TX,Yoakum,Dual-Eligible (Medicare + Medicaid),Dual-Eligible,Dual-Eligible (Medicare/Medicaid),FIPS 48501,,159,159,https://data.cms.gov/summary-statistics-on-beneficiary-enrollment/medicare-and-medicaid-reports/medicare-monthly-enrollment,2026-02,[source: CMS Medicare Monthly Enrollment 2026-02; DUAL_TOT_BENES]
TX,Young,Dual-Eligible (Medicare + Medicaid),Dual-Eligible,Dual-Eligible (Medicare/Medicaid),FIPS 48503,,501,501,https://data.cms.gov/summary-statistics-on-beneficiary-enrollment/medicare-and-medicaid-reports/medicare-monthly-enrollment,2026-02,[source: CMS Medicare Monthly Enrollment 2026-02; DUAL_TOT_BENES]
TX,Zapata,Dual-Eligible (Medicare + Medicaid),Dual-Eligible,Dual-Eligible (Medicare/Medicaid),FIPS 48505,,755,755,https://data.cms.gov/summary-statistics-on-beneficiary-enrollment/medicare-and-medicaid-reports/medicare-monthly-enrollment,2026-02,[source: CMS Medicare Monthly Enrollment 2026-02; DUAL_TOT_BENES]
TX,Zavala,Dual-Eligible (Medicare + Medicaid),Dual-Eligible,Dual-Eligible (Medicare/Medicaid),FIPS 48507,,755,755,https://data.cms.gov/summary-statistics-on-beneficiary-enrollment/medicare-and-medicaid-reports/medicare-monthly-enrollment,2026-02,[source: CMS Medicare Monthly Enrollment 2026-02; DUAL_TOT_BENES]
UT,Beaver,Dual-Eligible (Medicare + Medicaid),Dual-Eligible,Dual-Eligible (Medicare/Medicaid),FIPS 49001,,138,138,https://data.cms.gov/summary-statistics-on-beneficiary-enrollment/medicare-and-medicaid-reports/medicare-monthly-enrollment,2026-02,[source: CMS Medicare Monthly Enrollment 2026-02; DUAL_TOT_BENES]
UT,Box Elder,Dual-Eligible (Medicare + Medicaid),Dual-Eligible,Dual-Eligible (Medicare/Medicaid),FIPS 49003,,679,679,https://data.cms.gov/summary-statistics-on-beneficiary-enrollment/medicare-and-medicaid-reports/medicare-monthly-enrollment,2026-02,[source: CMS Medicare Monthly Enrollment 2026-02; DUAL_TOT_BENES]
UT,Cache,Dual-Eligible (Medicare + Medicaid),Dual-Eligible,Dual-Eligible (Medicare/Medicaid),FIPS 49005,,1220,1220,https://data.cms.gov/summary-statistics-on-beneficiary-enrollment/medicare-and-medicaid-reports/medicare-monthly-enrollment,2026-02,[source: CMS Medicare Monthly Enrollment 2026-02; DUAL_TOT_BENES]
UT,Carbon,Dual-Eligible (Medicare + Medicaid),Dual-Eligible,Dual-Eligible (Medicare/Medicaid),FIPS 49007,,633,633,https://data.cms.gov/summary-statistics-on-beneficiary-enrollment/medicare-and-medicaid-reports/medicare-monthly-enrollment,2026-02,[source: CMS Medicare Monthly Enrollment 2026-02; DUAL_TOT_BENES]
UT,Davis,Dual-Eligible (Medicare + Medicaid),Dual-Eligible,Dual-Eligible (Medicare/Medicaid),FIPS 49011,,3024,3024,https://data.cms.gov/summary-statistics-on-beneficiary-enrollment/medicare-and-medicaid-reports/medicare-monthly-enrollment,2026-02,[source: CMS Medicare Monthly Enrollment 2026-02; DUAL_TOT_BENES]
UT,Duchesne,Dual-Eligible (Medicare + Medicaid),Dual-Eligible,Dual-Eligible (Medicare/Medicaid),FIPS 49013,,381,381,https://data.cms.gov/summary-statistics-on-beneficiary-enrollment/medicare-and-medicaid-reports/medicare-monthly-enrollment,2026-02,[source: CMS Medicare Monthly Enrollment 2026-02; DUAL_TOT_BENES]
UT,Emery,Dual-Eligible (Medicare + Medicaid),Dual-Eligible,Dual-Eligible (Medicare/Medicaid),FIPS 49015,,188,188,https://data.cms.gov/summary-statistics-on-beneficiary-enrollment/medicare-and-medicaid-reports/medicare-monthly-enrollment,2026-02,[source: CMS Medicare Monthly Enrollment 2026-02; DUAL_TOT_BENES]
UT,Garfield,Dual-Eligible (Medicare + Medicaid),Dual-Eligible,Dual-Eligible (Medicare/Medicaid),FIPS 49017,,77,77,https://data.cms.gov/summary-statistics-on-beneficiary-enrollment/medicare-and-medicaid-reports/medicare-monthly-enrollment,2026-02,[source: CMS Medicare Monthly Enrollment 2026-02; DUAL_TOT_BENES]
UT,Grand,Dual-Eligible (Medicare + Medicaid),Dual-Eligible,Dual-Eligible (Medicare/Medicaid),FIPS 49019,,213,213,https://data.cms.gov/summary-statistics-on-beneficiary-enrollment/medicare-and-medicaid-reports/medicare-monthly-enrollment,2026-02,[source: CMS Medicare Monthly Enrollment 2026-02; DUAL_TOT_BENES]
UT,Iron,Dual-Eligible (Medicare + Medicaid),Dual-Eligible,Dual-Eligible (Medicare/Medicaid),FIPS 49021,,974,974,https://data.cms.gov/summary-statistics-on-beneficiary-enrollment/medicare-and-medicaid-reports/medicare-monthly-enrollment,2026-02,[source: CMS Medicare Monthly Enrollment 2026-02; DUAL_TOT_BENES]
UT,Juab,Dual-Eligible (Medicare + Medicaid),Dual-Eligible,Dual-Eligible (Medicare/Medicaid),FIPS 49023,,158,158,https://data.cms.gov/summary-statistics-on-beneficiary-enrollment/medicare-and-medicaid-reports/medicare-monthly-enrollment,2026-02,[source: CMS Medicare Monthly Enrollment 2026-02; DUAL_TOT_BENES]
UT,Kane,Dual-Eligible (Medicare + Medicaid),Dual-Eligible,Dual-Eligible (Medicare/Medicaid),FIPS 49025,,148,148,https://data.cms.gov/summary-statistics-on-beneficiary-enrollment/medicare-and-medicaid-reports/medicare-monthly-enrollment,2026-02,[source: CMS Medicare Monthly Enrollment 2026-02; DUAL_TOT_BENES]
UT,Millard,Dual-Eligible (Medicare + Medicaid),Dual-Eligible,Dual-Eligible (Medicare/Medicaid),FIPS 49027,,194,194,https://data.cms.gov/summary-statistics-on-beneficiary-enrollment/medicare-and-medicaid-reports/medicare-monthly-enrollment,2026-02,[source: CMS Medicare Monthly Enrollment 2026-02; DUAL_TOT_BENES]
UT,Salt Lake,Dual-Eligible (Medicare + Medicaid),Dual-Eligible,Dual-Eligible (Medicare/Medicaid),FIPS 49035,,16019,16019,https://data.cms.gov/summary-statistics-on-beneficiary-enrollment/medicare-and-medicaid-reports/medicare-monthly-enrollment,2026-02,[source: CMS Medicare Monthly Enrollment 2026-02; DUAL_TOT_BENES]
UT,San Juan,Dual-Eligible (Medicare + Medicaid),Dual-Eligible,Dual-Eligible (Medicare/Medicaid),FIPS 49037,,555,555,https://data.cms.gov/summary-statistics-on-beneficiary-enrollment/medicare-and-medicaid-reports/medicare-monthly-enrollment,2026-02,[source: CMS Medicare Monthly Enrollment 2026-02; DUAL_TOT_BENES]
UT,Sanpete,Dual-Eligible (Medicare + Medicaid),Dual-Eligible,Dual-Eligible (Medicare/Medicaid),FIPS 49039,,412,412,https://data.cms.gov/summary-statistics-on-beneficiary-enrollment/medicare-and-medicaid-reports/medicare-monthly-enrollment,2026-02,[source: CMS Medicare Monthly Enrollment 2026-02; DUAL_TOT_BENES]
UT,Sevier,Dual-Eligible (Medicare + Medicaid),Dual-Eligible,Dual-Eligible (Medicare/Medicaid),FIPS 49041,,467,467,https://data.cms.gov/summary-statistics-on-beneficiary-enrollment/medicare-and-medicaid-reports/medicare-monthly-enrollment,2026-02,[source: CMS Medicare Monthly Enrollment 2026-02; DUAL_TOT_BENES]
UT,Summit,Dual-Eligible (Medicare + Medicaid),Dual-Eligible,Dual-Eligible (Medicare/Medicaid),FIPS 49043,,148,148,https://data.cms.gov/summary-statistics-on-beneficiary-enrollment/medicare-and-medicaid-reports/medicare-monthly-enrollment,2026-02,[source: CMS Medicare Monthly Enrollment 2026-02; DUAL_TOT_BENES]
UT,Tooele,Dual-Eligible (Medicare + Medicaid),Dual-Eligible,Dual-Eligible (Medicare/Medicaid),FIPS 49045,,998,998,https://data.cms.gov/summary-statistics-on-beneficiary-enrollment/medicare-and-medicaid-reports/medicare-monthly-enrollment,2026-02,[source: CMS Medicare Monthly Enrollment 2026-02; DUAL_TOT_BENES]
UT,Uintah,Dual-Eligible (Medicare + Medicaid),Dual-Eligible,Dual-Eligible (Medicare/Medicaid),FIPS 49047,,494,494,https://data.cms.gov/summary-statistics-on-beneficiary-enrollment/medicare-and-medicaid-reports/medicare-monthly-enrollment,2026-02,[source: CMS Medicare Monthly Enrollment 2026-02; DUAL_TOT_BENES]
UT,Utah,Dual-Eligible (Medicare + Medicaid),Dual-Eligible,Dual-Eligible (Medicare/Medicaid),FIPS 49049,,6002,6002,https://data.cms.gov/summary-statistics-on-beneficiary-enrollment/medicare-and-medicaid-reports/medicare-monthly-enrollment,2026-02,[source: CMS Medicare Monthly Enrollment 2026-02; DUAL_TOT_BENES]
UT,Wasatch,Dual-Eligible (Medicare + Medicaid),Dual-Eligible,Dual-Eligible (Medicare/Medicaid),FIPS 49051,,199,199,https://data.cms.gov/summary-statistics-on-beneficiary-enrollment/medicare-and-medicaid-reports/medicare-monthly-enrollment,2026-02,[source: CMS Medicare Monthly Enrollment 2026-02; DUAL_TOT_BENES]
UT,Washington,Dual-Eligible (Medicare + Medicaid),Dual-Eligible,Dual-Eligible (Medicare/Medicaid),FIPS 49053,,2392,2392,https://data.cms.gov/summary-statistics-on-beneficiary-enrollment/medicare-and-medicaid-reports/medicare-monthly-enrollment,2026-02,[source: CMS Medicare Monthly Enrollment 2026-02; DUAL_TOT_BENES]
UT,Weber,Dual-Eligible (Medicare + Medicaid),Dual-Eligible,Dual-Eligible (Medicare/Medicaid),FIPS 49057,,4234,4234,https://data.cms.gov/summary-statistics-on-beneficiary-enrollment/medicare-and-medicaid-reports/medicare-monthly-enrollment,2026-02,[source: CMS Medicare Monthly Enrollment 2026-02; DUAL_TOT_BENES]
VA,Accomack,Dual-Eligible (Medicare + Medicaid),Dual-Eligible,Dual-Eligible (Medicare/Medicaid),FIPS 51001,,1515,1515,https://data.cms.gov/summary-statistics-on-beneficiary-enrollment/medicare-and-medicaid-reports/medicare-monthly-enrollment,2026-02,[source: CMS Medicare Monthly Enrollment 2026-02; DUAL_TOT_BENES]
VA,Albemarle,Dual-Eligible (Medicare + Medicaid),Dual-Eligible,Dual-Eligible (Medicare/Medicaid),FIPS 51003,,1495,1495,https://data.cms.gov/summary-statistics-on-beneficiary-enrollment/medicare-and-medicaid-reports/medicare-monthly-enrollment,2026-02,[source: CMS Medicare Monthly Enrollment 2026-02; DUAL_TOT_BENES]
VA,Alexandria,Dual-Eligible (Medicare + Medicaid),Dual-Eligible,Dual-Eligible (Medicare/Medicaid),FIPS 51510,,2097,2097,https://data.cms.gov/summary-statistics-on-beneficiary-enrollment/medicare-and-medicaid-reports/medicare-monthly-enrollment,2026-02,[source: CMS Medicare Monthly Enrollment 2026-02; DUAL_TOT_BENES]
VA,Alleghany,Dual-Eligible (Medicare + Medicaid),Dual-Eligible,Dual-Eligible (Medicare/Medicaid),FIPS 51005,,629,629,https://data.cms.gov/summary-statistics-on-beneficiary-enrollment/medicare-and-medicaid-reports/medicare-monthly-enrollment,2026-02,[source: CMS Medicare Monthly Enrollment 2026-02; DUAL_TOT_BENES]
VA,Amelia,Dual-Eligible (Medicare + Medicaid),Dual-Eligible,Dual-Eligible (Medicare/Medicaid),FIPS 51007,,441,441,https://data.cms.gov/summary-statistics-on-beneficiary-enrollment/medicare-and-medicaid-reports/medicare-monthly-enrollment,2026-02,[source: CMS Medicare Monthly Enrollment 2026-02; DUAL_TOT_BENES]
VA,Amherst,Dual-Eligible (Medicare + Medicaid),Dual-Eligible,Dual-Eligible (Medicare/Medicaid),FIPS 51009,,1194,1194,https://data.cms.gov/summary-statistics-on-beneficiary-enrollment/medicare-and-medicaid-reports/medicare-monthly-enrollment,2026-02,[source: CMS Medicare Monthly Enrollment 2026-02; DUAL_TOT_BENES]
VA,Appomattox,Dual-Eligible (Medicare + Medicaid),Dual-Eligible,Dual-Eligible (Medicare/Medicaid),FIPS 51011,,649,649,https://data.cms.gov/summary-statistics-on-beneficiary-enrollment/medicare-and-medicaid-reports/medicare-monthly-enrollment,2026-02,[source: CMS Medicare Monthly Enrollment 2026-02; DUAL_TOT_BENES]
VA,Arlington,Dual-Eligible (Medicare + Medicaid),Dual-Eligible,Dual-Eligible (Medicare/Medicaid),FIPS 51013,,3156,3156,https://data.cms.gov/summary-statistics-on-beneficiary-enrollment/medicare-and-medicaid-reports/medicare-monthly-enrollment,2026-02,[source: CMS Medicare Monthly Enrollment 2026-02; DUAL_TOT_BENES]
VA,Augusta,Dual-Eligible (Medicare + Medicaid),Dual-Eligible,Dual-Eligible (Medicare/Medicaid),FIPS 51015,,1494,1494,https://data.cms.gov/summary-statistics-on-beneficiary-enrollment/medicare-and-medicaid-reports/medicare-monthly-enrollment,2026-02,[source: CMS Medicare Monthly Enrollment 2026-02; DUAL_TOT_BENES]
VA,Bath,Dual-Eligible (Medicare + Medicaid),Dual-Eligible,Dual-Eligible (Medicare/Medicaid),FIPS 51017,,164,164,https://data.cms.gov/summary-statistics-on-beneficiary-enrollment/medicare-and-medicaid-reports/medicare-monthly-enrollment,2026-02,[source: CMS Medicare Monthly Enrollment 2026-02; DUAL_TOT_BENES]
VA,Bedford,Dual-Eligible (Medicare + Medicaid),Dual-Eligible,Dual-Eligible (Medicare/Medicaid),FIPS 51019,,1871,1871,https://data.cms.gov/summary-statistics-on-beneficiary-enrollment/medicare-and-medicaid-reports/medicare-monthly-enrollment,2026-02,[source: CMS Medicare Monthly Enrollment 2026-02; DUAL_TOT_BENES]
VA,Bland,Dual-Eligible (Medicare + Medicaid),Dual-Eligible,Dual-Eligible (Medicare/Medicaid),FIPS 51021,,200,200,https://data.cms.gov/summary-statistics-on-beneficiary-enrollment/medicare-and-medicaid-reports/medicare-monthly-enrollment,2026-02,[source: CMS Medicare Monthly Enrollment 2026-02; DUAL_TOT_BENES]
VA,Botetourt,Dual-Eligible (Medicare + Medicaid),Dual-Eligible,Dual-Eligible (Medicare/Medicaid),FIPS 51023,,633,633,https://data.cms.gov/summary-statistics-on-beneficiary-enrollment/medicare-and-medicaid-reports/medicare-monthly-enrollment,2026-02,[source: CMS Medicare Monthly Enrollment 2026-02; DUAL_TOT_BENES]
VA,Bristol,Dual-Eligible (Medicare + Medicaid),Dual-Eligible,Dual-Eligible (Medicare/Medicaid),FIPS 51520,,938,938,https://data.cms.gov/summary-statistics-on-beneficiary-enrollment/medicare-and-medicaid-reports/medicare-monthly-enrollment,2026-02,[source: CMS Medicare Monthly Enrollment 2026-02; DUAL_TOT_BENES]
VA,Brunswick,Dual-Eligible (Medicare + Medicaid),Dual-Eligible,Dual-Eligible (Medicare/Medicaid),FIPS 51025,,934,934,https://data.cms.gov/summary-statistics-on-beneficiary-enrollment/medicare-and-medicaid-reports/medicare-monthly-enrollment,2026-02,[source: CMS Medicare Monthly Enrollment 2026-02; DUAL_TOT_BENES]
VA,Buchanan,Dual-Eligible (Medicare + Medicaid),Dual-Eligible,Dual-Eligible (Medicare/Medicaid),FIPS 51027,,1337,1337,https://data.cms.gov/summary-statistics-on-beneficiary-enrollment/medicare-and-medicaid-reports/medicare-monthly-enrollment,2026-02,[source: CMS Medicare Monthly Enrollment 2026-02; DUAL_TOT_BENES]
VA,Buckingham,Dual-Eligible (Medicare + Medicaid),Dual-Eligible,Dual-Eligible (Medicare/Medicaid),FIPS 51029,,715,715,https://data.cms.gov/summary-statistics-on-beneficiary-enrollment/medicare-and-medicaid-reports/medicare-monthly-enrollment,2026-02,[source: CMS Medicare Monthly Enrollment 2026-02; DUAL_TOT_BENES]
VA,Buena Vista,Dual-Eligible (Medicare + Medicaid),Dual-Eligible,Dual-Eligible (Medicare/Medicaid),FIPS 51530,,351,351,https://data.cms.gov/summary-statistics-on-beneficiary-enrollment/medicare-and-medicaid-reports/medicare-monthly-enrollment,2026-02,[source: CMS Medicare Monthly Enrollment 2026-02; DUAL_TOT_BENES]
VA,Campbell,Dual-Eligible (Medicare + Medicaid),Dual-Eligible,Dual-Eligible (Medicare/Medicaid),FIPS 51031,,1783,1783,https://data.cms.gov/summary-statistics-on-beneficiary-enrollment/medicare-and-medicaid-reports/medicare-monthly-enrollment,2026-02,[source: CMS Medicare Monthly Enrollment 2026-02; DUAL_TOT_BENES]
VA,Caroline,Dual-Eligible (Medicare + Medicaid),Dual-Eligible,Dual-Eligible (Medicare/Medicaid),FIPS 51033,,834,834,https://data.cms.gov/summary-statistics-on-beneficiary-enrollment/medicare-and-medicaid-reports/medicare-monthly-enrollment,2026-02,[source: CMS Medicare Monthly Enrollment 2026-02; DUAL_TOT_BENES]
VA,Carroll,Dual-Eligible (Medicare + Medicaid),Dual-Eligible,Dual-Eligible (Medicare/Medicaid),FIPS 51035,,1220,1220,https://data.cms.gov/summary-statistics-on-beneficiary-enrollment/medicare-and-medicaid-reports/medicare-monthly-enrollment,2026-02,[source: CMS Medicare Monthly Enrollment 2026-02; DUAL_TOT_BENES]
VA,Charles City,Dual-Eligible (Medicare + Medicaid),Dual-Eligible,Dual-Eligible (Medicare/Medicaid),FIPS 51036,,227,227,https://data.cms.gov/summary-statistics-on-beneficiary-enrollment/medicare-and-medicaid-reports/medicare-monthly-enrollment,2026-02,[source: CMS Medicare Monthly Enrollment 2026-02; DUAL_TOT_BENES]
VA,Charlotte,Dual-Eligible (Medicare + Medicaid),Dual-Eligible,Dual-Eligible (Medicare/Medicaid),FIPS 51037,,676,676,https://data.cms.gov/summary-statistics-on-beneficiary-enrollment/medicare-and-medicaid-reports/medicare-monthly-enrollment,2026-02,[source: CMS Medicare Monthly Enrollment 2026-02; DUAL_TOT_BENES]
VA,Charlottesville,Dual-Eligible (Medicare + Medicaid),Dual-Eligible,Dual-Eligible (Medicare/Medicaid),FIPS 51540,,1099,1099,https://data.cms.gov/summary-statistics-on-beneficiary-enrollment/medicare-and-medicaid-reports/medicare-monthly-enrollment,2026-02,[source: CMS Medicare Monthly Enrollment 2026-02; DUAL_TOT_BENES]
VA,Chesapeake,Dual-Eligible (Medicare + Medicaid),Dual-Eligible,Dual-Eligible (Medicare/Medicaid),FIPS 51550,,4478,4478,https://data.cms.gov/summary-statistics-on-beneficiary-enrollment/medicare-and-medicaid-reports/medicare-monthly-enrollment,2026-02,[source: CMS Medicare Monthly Enrollment 2026-02; DUAL_TOT_BENES]
VA,Chesterfield,Dual-Eligible (Medicare + Medicaid),Dual-Eligible,Dual-Eligible (Medicare/Medicaid),FIPS 51041,,5994,5994,https://data.cms.gov/summary-statistics-on-beneficiary-enrollment/medicare-and-medicaid-reports/medicare-monthly-enrollment,2026-02,[source: CMS Medicare Monthly Enrollment 2026-02; DUAL_TOT_BENES]
VA,Clarke,Dual-Eligible (Medicare + Medicaid),Dual-Eligible,Dual-Eligible (Medicare/Medicaid),FIPS 51043,,311,311,https://data.cms.gov/summary-statistics-on-beneficiary-enrollment/medicare-and-medicaid-reports/medicare-monthly-enrollment,2026-02,[source: CMS Medicare Monthly Enrollment 2026-02; DUAL_TOT_BENES]
VA,Colonial Heights,Dual-Eligible (Medicare + Medicaid),Dual-Eligible,Dual-Eligible (Medicare/Medicaid),FIPS 51570,,593,593,https://data.cms.gov/summary-statistics-on-beneficiary-enrollment/medicare-and-medicaid-reports/medicare-monthly-enrollment,2026-02,[source: CMS Medicare Monthly Enrollment 2026-02; DUAL_TOT_BENES]
VA,Covington,Dual-Eligible (Medicare + Medicaid),Dual-Eligible,Dual-Eligible (Medicare/Medicaid),FIPS 51580,,451,451,https://data.cms.gov/summary-statistics-on-beneficiary-enrollment/medicare-and-medicaid-reports/medicare-monthly-enrollment,2026-02,[source: CMS Medicare Monthly Enrollment 2026-02; DUAL_TOT_BENES]
VA,Craig,Dual-Eligible (Medicare + Medicaid),Dual-Eligible,Dual-Eligible (Medicare/Medicaid),FIPS 51045,,171,171,https://data.cms.gov/summary-statistics-on-beneficiary-enrollment/medicare-and-medicaid-reports/medicare-monthly-enrollment,2026-02,[source: CMS Medicare Monthly Enrollment 2026-02; DUAL_TOT_BENES]
VA,Culpeper,Dual-Eligible (Medicare + Medicaid),Dual-Eligible,Dual-Eligible (Medicare/Medicaid),FIPS 51047,,1182,1182,https://data.cms.gov/summary-statistics-on-beneficiary-enrollment/medicare-and-medicaid-reports/medicare-monthly-enrollment,2026-02,[source: CMS Medicare Monthly Enrollment 2026-02; DUAL_TOT_BENES]
VA,Cumberland,Dual-Eligible (Medicare + Medicaid),Dual-Eligible,Dual-Eligible (Medicare/Medicaid),FIPS 51049,,364,364,https://data.cms.gov/summary-statistics-on-beneficiary-enrollment/medicare-and-medicaid-reports/medicare-monthly-enrollment,2026-02,[source: CMS Medicare Monthly Enrollment 2026-02; DUAL_TOT_BENES]
VA,Danville,Dual-Eligible (Medicare + Medicaid),Dual-Eligible,Dual-Eligible (Medicare/Medicaid),FIPS 51590,,3276,3276,https://data.cms.gov/summary-statistics-on-beneficiary-enrollment/medicare-and-medicaid-reports/medicare-monthly-enrollment,2026-02,[source: CMS Medicare Monthly Enrollment 2026-02; DUAL_TOT_BENES]
VA,Dickenson,Dual-Eligible (Medicare + Medicaid),Dual-Eligible,Dual-Eligible (Medicare/Medicaid),FIPS 51051,,906,906,https://data.cms.gov/summary-statistics-on-beneficiary-enrollment/medicare-and-medicaid-reports/medicare-monthly-enrollment,2026-02,[source: CMS Medicare Monthly Enrollment 2026-02; DUAL_TOT_BENES]
VA,Dinwiddie,Dual-Eligible (Medicare + Medicaid),Dual-Eligible,Dual-Eligible (Medicare/Medicaid),FIPS 51053,,670,670,https://data.cms.gov/summary-statistics-on-beneficiary-enrollment/medicare-and-medicaid-reports/medicare-monthly-enrollment,2026-02,[source: CMS Medicare Monthly Enrollment 2026-02; DUAL_TOT_BENES]
VA,Emporia,Dual-Eligible (Medicare + Medicaid),Dual-Eligible,Dual-Eligible (Medicare/Medicaid),FIPS 51595,,412,412,https://data.cms.gov/summary-statistics-on-beneficiary-enrollment/medicare-and-medicaid-reports/medicare-monthly-enrollment,2026-02,[source: CMS Medicare Monthly Enrollment 2026-02; DUAL_TOT_BENES]
VA,Essex,Dual-Eligible (Medicare + Medicaid),Dual-Eligible,Dual-Eligible (Medicare/Medicaid),FIPS 51057,,460,460,https://data.cms.gov/summary-statistics-on-beneficiary-enrollment/medicare-and-medicaid-reports/medicare-monthly-enrollment,2026-02,[source: CMS Medicare Monthly Enrollment 2026-02; DUAL_TOT_BENES]
VA,Fairfax,Dual-Eligible (Medicare + Medicaid),Dual-Eligible,Dual-Eligible (Medicare/Medicaid),FIPS 51059,,15337,15337,https://data.cms.gov/summary-statistics-on-beneficiary-enrollment/medicare-and-medicaid-reports/medicare-monthly-enrollment,2026-02,[source: CMS Medicare Monthly Enrollment 2026-02; DUAL_TOT_BENES]
VA,Fairfax,Dual-Eligible (Medicare + Medicaid),Dual-Eligible,Dual-Eligible (Medicare/Medicaid),FIPS 51600,,614,614,https://data.cms.gov/summary-statistics-on-beneficiary-enrollment/medicare-and-medicaid-reports/medicare-monthly-enrollment,2026-02,[source: CMS Medicare Monthly Enrollment 2026-02; DUAL_TOT_BENES]
VA,Falls Church,Dual-Eligible (Medicare + Medicaid),Dual-Eligible,Dual-Eligible (Medicare/Medicaid),FIPS 51610,,130,130,https://data.cms.gov/summary-statistics-on-beneficiary-enrollment/medicare-and-medicaid-reports/medicare-monthly-enrollment,2026-02,[source: CMS Medicare Monthly Enrollment 2026-02; DUAL_TOT_BENES]
VA,Fauquier,Dual-Eligible (Medicare + Medicaid),Dual-Eligible,Dual-Eligible (Medicare/Medicaid),FIPS 51061,,935,935,https://data.cms.gov/summary-statistics-on-beneficiary-enrollment/medicare-and-medicaid-reports/medicare-monthly-enrollment,2026-02,[source: CMS Medicare Monthly Enrollment 2026-02; DUAL_TOT_BENES]
VA,Floyd,Dual-Eligible (Medicare + Medicaid),Dual-Eligible,Dual-Eligible (Medicare/Medicaid),FIPS 51063,,494,494,https://data.cms.gov/summary-statistics-on-beneficiary-enrollment/medicare-and-medicaid-reports/medicare-monthly-enrollment,2026-02,[source: CMS Medicare Monthly Enrollment 2026-02; DUAL_TOT_BENES]
VA,Fluvanna,Dual-Eligible (Medicare + Medicaid),Dual-Eligible,Dual-Eligible (Medicare/Medicaid),FIPS 51065,,545,545,https://data.cms.gov/summary-statistics-on-beneficiary-enrollment/medicare-and-medicaid-reports/medicare-monthly-enrollment,2026-02,[source: CMS Medicare Monthly Enrollment 2026-02; DUAL_TOT_BENES]
VA,Franklin,Dual-Eligible (Medicare + Medicaid),Dual-Eligible,Dual-Eligible (Medicare/Medicaid),FIPS 51067,,1863,1863,https://data.cms.gov/summary-statistics-on-beneficiary-enrollment/medicare-and-medicaid-reports/medicare-monthly-enrollment,2026-02,[source: CMS Medicare Monthly Enrollment 2026-02; DUAL_TOT_BENES]
VA,Franklin,Dual-Eligible (Medicare + Medicaid),Dual-Eligible,Dual-Eligible (Medicare/Medicaid),FIPS 51620,,628,628,https://data.cms.gov/summary-statistics-on-beneficiary-enrollment/medicare-and-medicaid-reports/medicare-monthly-enrollment,2026-02,[source: CMS Medicare Monthly Enrollment 2026-02; DUAL_TOT_BENES]
VA,Frederick,Dual-Eligible (Medicare + Medicaid),Dual-Eligible,Dual-Eligible (Medicare/Medicaid),FIPS 51069,,1403,1403,https://data.cms.gov/summary-statistics-on-beneficiary-enrollment/medicare-and-medicaid-reports/medicare-monthly-enrollment,2026-02,[source: CMS Medicare Monthly Enrollment 2026-02; DUAL_TOT_BENES]
VA,Fredericksburg,Dual-Eligible (Medicare + Medicaid),Dual-Eligible,Dual-Eligible (Medicare/Medicaid),FIPS 51630,,794,794,https://data.cms.gov/summary-statistics-on-beneficiary-enrollment/medicare-and-medicaid-reports/medicare-monthly-enrollment,2026-02,[source: CMS Medicare Monthly Enrollment 2026-02; DUAL_TOT_BENES]
VA,Galax,Dual-Eligible (Medicare + Medicaid),Dual-Eligible,Dual-Eligible (Medicare/Medicaid),FIPS 51640,,714,714,https://data.cms.gov/summary-statistics-on-beneficiary-enrollment/medicare-and-medicaid-reports/medicare-monthly-enrollment,2026-02,[source: CMS Medicare Monthly Enrollment 2026-02; DUAL_TOT_BENES]
VA,Giles,Dual-Eligible (Medicare + Medicaid),Dual-Eligible,Dual-Eligible (Medicare/Medicaid),FIPS 51071,,660,660,https://data.cms.gov/summary-statistics-on-beneficiary-enrollment/medicare-and-medicaid-reports/medicare-monthly-enrollment,2026-02,[source: CMS Medicare Monthly Enrollment 2026-02; DUAL_TOT_BENES]
VA,Gloucester,Dual-Eligible (Medicare + Medicaid),Dual-Eligible,Dual-Eligible (Medicare/Medicaid),FIPS 51073,,988,988,https://data.cms.gov/summary-statistics-on-beneficiary-enrollment/medicare-and-medicaid-reports/medicare-monthly-enrollment,2026-02,[source: CMS Medicare Monthly Enrollment 2026-02; DUAL_TOT_BENES]
VA,Goochland,Dual-Eligible (Medicare + Medicaid),Dual-Eligible,Dual-Eligible (Medicare/Medicaid),FIPS 51075,,421,421,https://data.cms.gov/summary-statistics-on-beneficiary-enrollment/medicare-and-medicaid-reports/medicare-monthly-enrollment,2026-02,[source: CMS Medicare Monthly Enrollment 2026-02; DUAL_TOT_BENES]
VA,Grayson,Dual-Eligible (Medicare + Medicaid),Dual-Eligible,Dual-Eligible (Medicare/Medicaid),FIPS 51077,,819,819,https://data.cms.gov/summary-statistics-on-beneficiary-enrollment/medicare-and-medicaid-reports/medicare-monthly-enrollment,2026-02,[source: CMS Medicare Monthly Enrollment 2026-02; DUAL_TOT_BENES]
VA,Greene,Dual-Eligible (Medicare + Medicaid),Dual-Eligible,Dual-Eligible (Medicare/Medicaid),FIPS 51079,,472,472,https://data.cms.gov/summary-statistics-on-beneficiary-enrollment/medicare-and-medicaid-reports/medicare-monthly-enrollment,2026-02,[source: CMS Medicare Monthly Enrollment 2026-02; DUAL_TOT_BENES]
VA,Greensville,Dual-Eligible (Medicare + Medicaid),Dual-Eligible,Dual-Eligible (Medicare/Medicaid),FIPS 51081,,503,503,https://data.cms.gov/summary-statistics-on-beneficiary-enrollment/medicare-and-medicaid-reports/medicare-monthly-enrollment,2026-02,[source: CMS Medicare Monthly Enrollment 2026-02; DUAL_TOT_BENES]
VA,Halifax,Dual-Eligible (Medicare + Medicaid),Dual-Eligible,Dual-Eligible (Medicare/Medicaid),FIPS 51083,,1771,1771,https://data.cms.gov/summary-statistics-on-beneficiary-enrollment/medicare-and-medicaid-reports/medicare-monthly-enrollment,2026-02,[source: CMS Medicare Monthly Enrollment 2026-02; DUAL_TOT_BENES]
VA,Hampton,Dual-Eligible (Medicare + Medicaid),Dual-Eligible,Dual-Eligible (Medicare/Medicaid),FIPS 51650,,4031,4031,https://data.cms.gov/summary-statistics-on-beneficiary-enrollment/medicare-and-medicaid-reports/medicare-monthly-enrollment,2026-02,[source: CMS Medicare Monthly Enrollment 2026-02; DUAL_TOT_BENES]
VA,Hanover,Dual-Eligible (Medicare + Medicaid),Dual-Eligible,Dual-Eligible (Medicare/Medicaid),FIPS 51085,,1535,1535,https://data.cms.gov/summary-statistics-on-beneficiary-enrollment/medicare-and-medicaid-reports/medicare-monthly-enrollment,2026-02,[source: CMS Medicare Monthly Enrollment 2026-02; DUAL_TOT_BENES]
VA,Harrisonburg,Dual-Eligible (Medicare + Medicaid),Dual-Eligible,Dual-Eligible (Medicare/Medicaid),FIPS 51660,,1150,1150,https://data.cms.gov/summary-statistics-on-beneficiary-enrollment/medicare-and-medicaid-reports/medicare-monthly-enrollment,2026-02,[source: CMS Medicare Monthly Enrollment 2026-02; DUAL_TOT_BENES]
VA,Henrico,Dual-Eligible (Medicare + Medicaid),Dual-Eligible,Dual-Eligible (Medicare/Medicaid),FIPS 51087,,6691,6691,https://data.cms.gov/summary-statistics-on-beneficiary-enrollment/medicare-and-medicaid-reports/medicare-monthly-enrollment,2026-02,[source: CMS Medicare Monthly Enrollment 2026-02; DUAL_TOT_BENES]
VA,Henry,Dual-Eligible (Medicare + Medicaid),Dual-Eligible,Dual-Eligible (Medicare/Medicaid),FIPS 51089,,2343,2343,https://data.cms.gov/summary-statistics-on-beneficiary-enrollment/medicare-and-medicaid-reports/medicare-monthly-enrollment,2026-02,[source: CMS Medicare Monthly Enrollment 2026-02; DUAL_TOT_BENES]
VA,Highland,Dual-Eligible (Medicare + Medicaid),Dual-Eligible,Dual-Eligible (Medicare/Medicaid),FIPS 51091,,69,69,https://data.cms.gov/summary-statistics-on-beneficiary-enrollment/medicare-and-medicaid-reports/medicare-monthly-enrollment,2026-02,[source: CMS Medicare Monthly Enrollment 2026-02; DUAL_TOT_BENES]
VA,Hopewell,Dual-Eligible (Medicare + Medicaid),Dual-Eligible,Dual-Eligible (Medicare/Medicaid),FIPS 51670,,1173,1173,https://data.cms.gov/summary-statistics-on-beneficiary-enrollment/medicare-and-medicaid-reports/medicare-monthly-enrollment,2026-02,[source: CMS Medicare Monthly Enrollment 2026-02; DUAL_TOT_BENES]
VA,Isle of Wight,Dual-Eligible (Medicare + Medicaid),Dual-Eligible,Dual-Eligible (Medicare/Medicaid),FIPS 51093,,976,976,https://data.cms.gov/summary-statistics-on-beneficiary-enrollment/medicare-and-medicaid-reports/medicare-monthly-enrollment,2026-02,[source: CMS Medicare Monthly Enrollment 2026-02; DUAL_TOT_BENES]
VA,James City,Dual-Eligible (Medicare + Medicaid),Dual-Eligible,Dual-Eligible (Medicare/Medicaid),FIPS 51095,,1127,1127,https://data.cms.gov/summary-statistics-on-beneficiary-enrollment/medicare-and-medicaid-reports/medicare-monthly-enrollment,2026-02,[source: CMS Medicare Monthly Enrollment 2026-02; DUAL_TOT_BENES]
VA,King George,Dual-Eligible (Medicare + Medicaid),Dual-Eligible,Dual-Eligible (Medicare/Medicaid),FIPS 51099,,438,438,https://data.cms.gov/summary-statistics-on-beneficiary-enrollment/medicare-and-medicaid-reports/medicare-monthly-enrollment,2026-02,[source: CMS Medicare Monthly Enrollment 2026-02; DUAL_TOT_BENES]
VA,King William,Dual-Eligible (Medicare + Medicaid),Dual-Eligible,Dual-Eligible (Medicare/Medicaid),FIPS 51101,,405,405,https://data.cms.gov/summary-statistics-on-beneficiary-enrollment/medicare-and-medicaid-reports/medicare-monthly-enrollment,2026-02,[source: CMS Medicare Monthly Enrollment 2026-02; DUAL_TOT_BENES]
VA,King and Queen,Dual-Eligible (Medicare + Medicaid),Dual-Eligible,Dual-Eligible (Medicare/Medicaid),FIPS 51097,,274,274,https://data.cms.gov/summary-statistics-on-beneficiary-enrollment/medicare-and-medicaid-reports/medicare-monthly-enrollment,2026-02,[source: CMS Medicare Monthly Enrollment 2026-02; DUAL_TOT_BENES]
VA,Lancaster,Dual-Eligible (Medicare + Medicaid),Dual-Eligible,Dual-Eligible (Medicare/Medicaid),FIPS 51103,,483,483,https://data.cms.gov/summary-statistics-on-beneficiary-enrollment/medicare-and-medicaid-reports/medicare-monthly-enrollment,2026-02,[source: CMS Medicare Monthly Enrollment 2026-02; DUAL_TOT_BENES]
VA,Lee,Dual-Eligible (Medicare + Medicaid),Dual-Eligible,Dual-Eligible (Medicare/Medicaid),FIPS 51105,,1665,1665,https://data.cms.gov/summary-statistics-on-beneficiary-enrollment/medicare-and-medicaid-reports/medicare-monthly-enrollment,2026-02,[source: CMS Medicare Monthly Enrollment 2026-02; DUAL_TOT_BENES]
VA,Lexington,Dual-Eligible (Medicare + Medicaid),Dual-Eligible,Dual-Eligible (Medicare/Medicaid),FIPS 51678,,313,313,https://data.cms.gov/summary-statistics-on-beneficiary-enrollment/medicare-and-medicaid-reports/medicare-monthly-enrollment,2026-02,[source: CMS Medicare Monthly Enrollment 2026-02; DUAL_TOT_BENES]
VA,Loudoun,Dual-Eligible (Medicare + Medicaid),Dual-Eligible,Dual-Eligible (Medicare/Medicaid),FIPS 51107,,3959,3959,https://data.cms.gov/summary-statistics-on-beneficiary-enrollment/medicare-and-medicaid-reports/medicare-monthly-enrollment,2026-02,[source: CMS Medicare Monthly Enrollment 2026-02; DUAL_TOT_BENES]
VA,Louisa,Dual-Eligible (Medicare + Medicaid),Dual-Eligible,Dual-Eligible (Medicare/Medicaid),FIPS 51109,,1110,1110,https://data.cms.gov/summary-statistics-on-beneficiary-enrollment/medicare-and-medicaid-reports/medicare-monthly-enrollment,2026-02,[source: CMS Medicare Monthly Enrollment 2026-02; DUAL_TOT_BENES]
VA,Lunenburg,Dual-Eligible (Medicare + Medicaid),Dual-Eligible,Dual-Eligible (Medicare/Medicaid),FIPS 51111,,565,565,https://data.cms.gov/summary-statistics-on-beneficiary-enrollment/medicare-and-medicaid-reports/medicare-monthly-enrollment,2026-02,[source: CMS Medicare Monthly Enrollment 2026-02; DUAL_TOT_BENES]
VA,Lynchburg,Dual-Eligible (Medicare + Medicaid),Dual-Eligible,Dual-Eligible (Medicare/Medicaid),FIPS 51680,,3188,3188,https://data.cms.gov/summary-statistics-on-beneficiary-enrollment/medicare-and-medicaid-reports/medicare-monthly-enrollment,2026-02,[source: CMS Medicare Monthly Enrollment 2026-02; DUAL_TOT_BENES]
VA,Madison,Dual-Eligible (Medicare + Medicaid),Dual-Eligible,Dual-Eligible (Medicare/Medicaid),FIPS 51113,,373,373,https://data.cms.gov/summary-statistics-on-beneficiary-enrollment/medicare-and-medicaid-reports/medicare-monthly-enrollment,2026-02,[source: CMS Medicare Monthly Enrollment 2026-02; DUAL_TOT_BENES]
VA,Manassas,Dual-Eligible (Medicare + Medicaid),Dual-Eligible,Dual-Eligible (Medicare/Medicaid),FIPS 51683,,650,650,https://data.cms.gov/summary-statistics-on-beneficiary-enrollment/medicare-and-medicaid-reports/medicare-monthly-enrollment,2026-02,[source: CMS Medicare Monthly Enrollment 2026-02; DUAL_TOT_BENES]
VA,Manassas Park,Dual-Eligible (Medicare + Medicaid),Dual-Eligible,Dual-Eligible (Medicare/Medicaid),FIPS 51685,,119,119,https://data.cms.gov/summary-statistics-on-beneficiary-enrollment/medicare-and-medicaid-reports/medicare-monthly-enrollment,2026-02,[source: CMS Medicare Monthly Enrollment 2026-02; DUAL_TOT_BENES]
VA,Martinsville,Dual-Eligible (Medicare + Medicaid),Dual-Eligible,Dual-Eligible (Medicare/Medicaid),FIPS 51690,,1584,1584,https://data.cms.gov/summary-statistics-on-beneficiary-enrollment/medicare-and-medicaid-reports/medicare-monthly-enrollment,2026-02,[source: CMS Medicare Monthly Enrollment 2026-02; DUAL_TOT_BENES]
VA,Mathews,Dual-Eligible (Medicare + Medicaid),Dual-Eligible,Dual-Eligible (Medicare/Medicaid),FIPS 51115,,282,282,https://data.cms.gov/summary-statistics-on-beneficiary-enrollment/medicare-and-medicaid-reports/medicare-monthly-enrollment,2026-02,[source: CMS Medicare Monthly Enrollment 2026-02; DUAL_TOT_BENES]
VA,Mecklenburg,Dual-Eligible (Medicare + Medicaid),Dual-Eligible,Dual-Eligible (Medicare/Medicaid),FIPS 51117,,1606,1606,https://data.cms.gov/summary-statistics-on-beneficiary-enrollment/medicare-and-medicaid-reports/medicare-monthly-enrollment,2026-02,[source: CMS Medicare Monthly Enrollment 2026-02; DUAL_TOT_BENES]
VA,Middlesex,Dual-Eligible (Medicare + Medicaid),Dual-Eligible,Dual-Eligible (Medicare/Medicaid),FIPS 51119,,410,410,https://data.cms.gov/summary-statistics-on-beneficiary-enrollment/medicare-and-medicaid-reports/medicare-monthly-enrollment,2026-02,[source: CMS Medicare Monthly Enrollment 2026-02; DUAL_TOT_BENES]
VA,Montgomery,Dual-Eligible (Medicare + Medicaid),Dual-Eligible,Dual-Eligible (Medicare/Medicaid),FIPS 51121,,1757,1757,https://data.cms.gov/summary-statistics-on-beneficiary-enrollment/medicare-and-medicaid-reports/medicare-monthly-enrollment,2026-02,[source: CMS Medicare Monthly Enrollment 2026-02; DUAL_TOT_BENES]
VA,Nelson,Dual-Eligible (Medicare + Medicaid),Dual-Eligible,Dual-Eligible (Medicare/Medicaid),FIPS 51125,,554,554,https://data.cms.gov/summary-statistics-on-beneficiary-enrollment/medicare-and-medicaid-reports/medicare-monthly-enrollment,2026-02,[source: CMS Medicare Monthly Enrollment 2026-02; DUAL_TOT_BENES]
VA,New Kent,Dual-Eligible (Medicare + Medicaid),Dual-Eligible,Dual-Eligible (Medicare/Medicaid),FIPS 51127,,363,363,https://data.cms.gov/summary-statistics-on-beneficiary-enrollment/medicare-and-medicaid-reports/medicare-monthly-enrollment,2026-02,[source: CMS Medicare Monthly Enrollment 2026-02; DUAL_TOT_BENES]
VA,Newport News,Dual-Eligible (Medicare + Medicaid),Dual-Eligible,Dual-Eligible (Medicare/Medicaid),FIPS 51700,,5354,5354,https://data.cms.gov/summary-statistics-on-beneficiary-enrollment/medicare-and-medicaid-reports/medicare-monthly-enrollment,2026-02,[source: CMS Medicare Monthly Enrollment 2026-02; DUAL_TOT_BENES]
VA,Norfolk,Dual-Eligible (Medicare + Medicaid),Dual-Eligible,Dual-Eligible (Medicare/Medicaid),FIPS 51710,,8140,8140,https://data.cms.gov/summary-statistics-on-beneficiary-enrollment/medicare-and-medicaid-reports/medicare-monthly-enrollment,2026-02,[source: CMS Medicare Monthly Enrollment 2026-02; DUAL_TOT_BENES]
VA,Northampton,Dual-Eligible (Medicare + Medicaid),Dual-Eligible,Dual-Eligible (Medicare/Medicaid),FIPS 51131,,873,873,https://data.cms.gov/summary-statistics-on-beneficiary-enrollment/medicare-and-medicaid-reports/medicare-monthly-enrollment,2026-02,[source: CMS Medicare Monthly Enrollment 2026-02; DUAL_TOT_BENES]
VA,Northumberland,Dual-Eligible (Medicare + Medicaid),Dual-Eligible,Dual-Eligible (Medicare/Medicaid),FIPS 51133,,411,411,https://data.cms.gov/summary-statistics-on-beneficiary-enrollment/medicare-and-medicaid-reports/medicare-monthly-enrollment,2026-02,[source: CMS Medicare Monthly Enrollment 2026-02; DUAL_TOT_BENES]
VA,Norton,Dual-Eligible (Medicare + Medicaid),Dual-Eligible,Dual-Eligible (Medicare/Medicaid),FIPS 51720,,349,349,https://data.cms.gov/summary-statistics-on-beneficiary-enrollment/medicare-and-medicaid-reports/medicare-monthly-enrollment,2026-02,[source: CMS Medicare Monthly Enrollment 2026-02; DUAL_TOT_BENES]
VA,Nottoway,Dual-Eligible (Medicare + Medicaid),Dual-Eligible,Dual-Eligible (Medicare/Medicaid),FIPS 51135,,710,710,https://data.cms.gov/summary-statistics-on-beneficiary-enrollment/medicare-and-medicaid-reports/medicare-monthly-enrollment,2026-02,[source: CMS Medicare Monthly Enrollment 2026-02; DUAL_TOT_BENES]
VA,Orange,Dual-Eligible (Medicare + Medicaid),Dual-Eligible,Dual-Eligible (Medicare/Medicaid),FIPS 51137,,996,996,https://data.cms.gov/summary-statistics-on-beneficiary-enrollment/medicare-and-medicaid-reports/medicare-monthly-enrollment,2026-02,[source: CMS Medicare Monthly Enrollment 2026-02; DUAL_TOT_BENES]
VA,Page,Dual-Eligible (Medicare + Medicaid),Dual-Eligible,Dual-Eligible (Medicare/Medicaid),FIPS 51139,,1020,1020,https://data.cms.gov/summary-statistics-on-beneficiary-enrollment/medicare-and-medicaid-reports/medicare-monthly-enrollment,2026-02,[source: CMS Medicare Monthly Enrollment 2026-02; DUAL_TOT_BENES]
VA,Patrick,Dual-Eligible (Medicare + Medicaid),Dual-Eligible,Dual-Eligible (Medicare/Medicaid),FIPS 51141,,874,874,https://data.cms.gov/summary-statistics-on-beneficiary-enrollment/medicare-and-medicaid-reports/medicare-monthly-enrollment,2026-02,[source: CMS Medicare Monthly Enrollment 2026-02; DUAL_TOT_BENES]
VA,Petersburg,Dual-Eligible (Medicare + Medicaid),Dual-Eligible,Dual-Eligible (Medicare/Medicaid),FIPS 51730,,2465,2465,https://data.cms.gov/summary-statistics-on-beneficiary-enrollment/medicare-and-medicaid-reports/medicare-monthly-enrollment,2026-02,[source: CMS Medicare Monthly Enrollment 2026-02; DUAL_TOT_BENES]
VA,Pittsylvania,Dual-Eligible (Medicare + Medicaid),Dual-Eligible,Dual-Eligible (Medicare/Medicaid),FIPS 51143,,2588,2588,https://data.cms.gov/summary-statistics-on-beneficiary-enrollment/medicare-and-medicaid-reports/medicare-monthly-enrollment,2026-02,[source: CMS Medicare Monthly Enrollment 2026-02; DUAL_TOT_BENES]
VA,Poquoson,Dual-Eligible (Medicare + Medicaid),Dual-Eligible,Dual-Eligible (Medicare/Medicaid),FIPS 51735,,119,119,https://data.cms.gov/summary-statistics-on-beneficiary-enrollment/medicare-and-medicaid-reports/medicare-monthly-enrollment,2026-02,[source: CMS Medicare Monthly Enrollment 2026-02; DUAL_TOT_BENES]
VA,Portsmouth,Dual-Eligible (Medicare + Medicaid),Dual-Eligible,Dual-Eligible (Medicare/Medicaid),FIPS 51740,,3807,3807,https://data.cms.gov/summary-statistics-on-beneficiary-enrollment/medicare-and-medicaid-reports/medicare-monthly-enrollment,2026-02,[source: CMS Medicare Monthly Enrollment 2026-02; DUAL_TOT_BENES]
VA,Powhatan,Dual-Eligible (Medicare + Medicaid),Dual-Eligible,Dual-Eligible (Medicare/Medicaid),FIPS 51145,,386,386,https://data.cms.gov/summary-statistics-on-beneficiary-enrollment/medicare-and-medicaid-reports/medicare-monthly-enrollment,2026-02,[source: CMS Medicare Monthly Enrollment 2026-02; DUAL_TOT_BENES]
VA,Prince Edward,Dual-Eligible (Medicare + Medicaid),Dual-Eligible,Dual-Eligible (Medicare/Medicaid),FIPS 51147,,1009,1009,https://data.cms.gov/summary-statistics-on-beneficiary-enrollment/medicare-and-medicaid-reports/medicare-monthly-enrollment,2026-02,[source: CMS Medicare Monthly Enrollment 2026-02; DUAL_TOT_BENES]
VA,Prince George,Dual-Eligible (Medicare + Medicaid),Dual-Eligible,Dual-Eligible (Medicare/Medicaid),FIPS 51149,,614,614,https://data.cms.gov/summary-statistics-on-beneficiary-enrollment/medicare-and-medicaid-reports/medicare-monthly-enrollment,2026-02,[source: CMS Medicare Monthly Enrollment 2026-02; DUAL_TOT_BENES]
VA,Prince William,Dual-Eligible (Medicare + Medicaid),Dual-Eligible,Dual-Eligible (Medicare/Medicaid),FIPS 51153,,6277,6277,https://data.cms.gov/summary-statistics-on-beneficiary-enrollment/medicare-and-medicaid-reports/medicare-monthly-enrollment,2026-02,[source: CMS Medicare Monthly Enrollment 2026-02; DUAL_TOT_BENES]
VA,Pulaski,Dual-Eligible (Medicare + Medicaid),Dual-Eligible,Dual-Eligible (Medicare/Medicaid),FIPS 51155,,1357,1357,https://data.cms.gov/summary-statistics-on-beneficiary-enrollment/medicare-and-medicaid-reports/medicare-monthly-enrollment,2026-02,[source: CMS Medicare Monthly Enrollment 2026-02; DUAL_TOT_BENES]
VA,Radford,Dual-Eligible (Medicare + Medicaid),Dual-Eligible,Dual-Eligible (Medicare/Medicaid),FIPS 51750,,389,389,https://data.cms.gov/summary-statistics-on-beneficiary-enrollment/medicare-and-medicaid-reports/medicare-monthly-enrollment,2026-02,[source: CMS Medicare Monthly Enrollment 2026-02; DUAL_TOT_BENES]
VA,Rappahannock,Dual-Eligible (Medicare + Medicaid),Dual-Eligible,Dual-Eligible (Medicare/Medicaid),FIPS 51157,,129,129,https://data.cms.gov/summary-statistics-on-beneficiary-enrollment/medicare-and-medicaid-reports/medicare-monthly-enrollment,2026-02,[source: CMS Medicare Monthly Enrollment 2026-02; DUAL_TOT_BENES]
VA,Richmond,Dual-Eligible (Medicare + Medicaid),Dual-Eligible,Dual-Eligible (Medicare/Medicaid),FIPS 51159,,333,333,https://data.cms.gov/summary-statistics-on-beneficiary-enrollment/medicare-and-medicaid-reports/medicare-monthly-enrollment,2026-02,[source: CMS Medicare Monthly Enrollment 2026-02; DUAL_TOT_BENES]
VA,Richmond,Dual-Eligible (Medicare + Medicaid),Dual-Eligible,Dual-Eligible (Medicare/Medicaid),FIPS 51760,,8164,8164,https://data.cms.gov/summary-statistics-on-beneficiary-enrollment/medicare-and-medicaid-reports/medicare-monthly-enrollment,2026-02,[source: CMS Medicare Monthly Enrollment 2026-02; DUAL_TOT_BENES]
VA,Roanoke,Dual-Eligible (Medicare + Medicaid),Dual-Eligible,Dual-Eligible (Medicare/Medicaid),FIPS 51161,,1977,1977,https://data.cms.gov/summary-statistics-on-beneficiary-enrollment/medicare-and-medicaid-reports/medicare-monthly-enrollment,2026-02,[source: CMS Medicare Monthly Enrollment 2026-02; DUAL_TOT_BENES]
VA,Roanoke,Dual-Eligible (Medicare + Medicaid),Dual-Eligible,Dual-Eligible (Medicare/Medicaid),FIPS 51770,,4508,4508,https://data.cms.gov/summary-statistics-on-beneficiary-enrollment/medicare-and-medicaid-reports/medicare-monthly-enrollment,2026-02,[source: CMS Medicare Monthly Enrollment 2026-02; DUAL_TOT_BENES]
VA,Rockbridge,Dual-Eligible (Medicare + Medicaid),Dual-Eligible,Dual-Eligible (Medicare/Medicaid),FIPS 51163,,672,672,https://data.cms.gov/summary-statistics-on-beneficiary-enrollment/medicare-and-medicaid-reports/medicare-monthly-enrollment,2026-02,[source: CMS Medicare Monthly Enrollment 2026-02; DUAL_TOT_BENES]
VA,Rockingham,Dual-Eligible (Medicare + Medicaid),Dual-Eligible,Dual-Eligible (Medicare/Medicaid),FIPS 51165,,1546,1546,https://data.cms.gov/summary-statistics-on-beneficiary-enrollment/medicare-and-medicaid-reports/medicare-monthly-enrollment,2026-02,[source: CMS Medicare Monthly Enrollment 2026-02; DUAL_TOT_BENES]
VA,Russell,Dual-Eligible (Medicare + Medicaid),Dual-Eligible,Dual-Eligible (Medicare/Medicaid),FIPS 51167,,1433,1433,https://data.cms.gov/summary-statistics-on-beneficiary-enrollment/medicare-and-medicaid-reports/medicare-monthly-enrollment,2026-02,[source: CMS Medicare Monthly Enrollment 2026-02; DUAL_TOT_BENES]
VA,Salem,Dual-Eligible (Medicare + Medicaid),Dual-Eligible,Dual-Eligible (Medicare/Medicaid),FIPS 51775,,779,779,https://data.cms.gov/summary-statistics-on-beneficiary-enrollment/medicare-and-medicaid-reports/medicare-monthly-enrollment,2026-02,[source: CMS Medicare Monthly Enrollment 2026-02; DUAL_TOT_BENES]
VA,Scott,Dual-Eligible (Medicare + Medicaid),Dual-Eligible,Dual-Eligible (Medicare/Medicaid),FIPS 51169,,1329,1329,https://data.cms.gov/summary-statistics-on-beneficiary-enrollment/medicare-and-medicaid-reports/medicare-monthly-enrollment,2026-02,[source: CMS Medicare Monthly Enrollment 2026-02; DUAL_TOT_BENES]
VA,Shenandoah,Dual-Eligible (Medicare + Medicaid),Dual-Eligible,Dual-Eligible (Medicare/Medicaid),FIPS 51171,,1236,1236,https://data.cms.gov/summary-statistics-on-beneficiary-enrollment/medicare-and-medicaid-reports/medicare-monthly-enrollment,2026-02,[source: CMS Medicare Monthly Enrollment 2026-02; DUAL_TOT_BENES]
VA,Smyth,Dual-Eligible (Medicare + Medicaid),Dual-Eligible,Dual-Eligible (Medicare/Medicaid),FIPS 51173,,1860,1860,https://data.cms.gov/summary-statistics-on-beneficiary-enrollment/medicare-and-medicaid-reports/medicare-monthly-enrollment,2026-02,[source: CMS Medicare Monthly Enrollment 2026-02; DUAL_TOT_BENES]
VA,Southampton,Dual-Eligible (Medicare + Medicaid),Dual-Eligible,Dual-Eligible (Medicare/Medicaid),FIPS 51175,,557,557,https://data.cms.gov/summary-statistics-on-beneficiary-enrollment/medicare-and-medicaid-reports/medicare-monthly-enrollment,2026-02,[source: CMS Medicare Monthly Enrollment 2026-02; DUAL_TOT_BENES]
VA,Spotsylvania,Dual-Eligible (Medicare + Medicaid),Dual-Eligible,Dual-Eligible (Medicare/Medicaid),FIPS 51177,,2345,2345,https://data.cms.gov/summary-statistics-on-beneficiary-enrollment/medicare-and-medicaid-reports/medicare-monthly-enrollment,2026-02,[source: CMS Medicare Monthly Enrollment 2026-02; DUAL_TOT_BENES]
VA,Stafford,Dual-Eligible (Medicare + Medicaid),Dual-Eligible,Dual-Eligible (Medicare/Medicaid),FIPS 51179,,1726,1726,https://data.cms.gov/summary-statistics-on-beneficiary-enrollment/medicare-and-medicaid-reports/medicare-monthly-enrollment,2026-02,[source: CMS Medicare Monthly Enrollment 2026-02; DUAL_TOT_BENES]
VA,Staunton,Dual-Eligible (Medicare + Medicaid),Dual-Eligible,Dual-Eligible (Medicare/Medicaid),FIPS 51790,,1184,1184,https://data.cms.gov/summary-statistics-on-beneficiary-enrollment/medicare-and-medicaid-reports/medicare-monthly-enrollment,2026-02,[source: CMS Medicare Monthly Enrollment 2026-02; DUAL_TOT_BENES]
VA,Suffolk,Dual-Eligible (Medicare + Medicaid),Dual-Eligible,Dual-Eligible (Medicare/Medicaid),FIPS 51800,,2754,2754,https://data.cms.gov/summary-statistics-on-beneficiary-enrollment/medicare-and-medicaid-reports/medicare-monthly-enrollment,2026-02,[source: CMS Medicare Monthly Enrollment 2026-02; DUAL_TOT_BENES]
VA,Surry,Dual-Eligible (Medicare + Medicaid),Dual-Eligible,Dual-Eligible (Medicare/Medicaid),FIPS 51181,,212,212,https://data.cms.gov/summary-statistics-on-beneficiary-enrollment/medicare-and-medicaid-reports/medicare-monthly-enrollment,2026-02,[source: CMS Medicare Monthly Enrollment 2026-02; DUAL_TOT_BENES]
VA,Sussex,Dual-Eligible (Medicare + Medicaid),Dual-Eligible,Dual-Eligible (Medicare/Medicaid),FIPS 51183,,479,479,https://data.cms.gov/summary-statistics-on-beneficiary-enrollment/medicare-and-medicaid-reports/medicare-monthly-enrollment,2026-02,[source: CMS Medicare Monthly Enrollment 2026-02; DUAL_TOT_BENES]
VA,Tazewell,Dual-Eligible (Medicare + Medicaid),Dual-Eligible,Dual-Eligible (Medicare/Medicaid),FIPS 51185,,1934,1934,https://data.cms.gov/summary-statistics-on-beneficiary-enrollment/medicare-and-medicaid-reports/medicare-monthly-enrollment,2026-02,[source: CMS Medicare Monthly Enrollment 2026-02; DUAL_TOT_BENES]
VA,Virginia Beach,Dual-Eligible (Medicare + Medicaid),Dual-Eligible,Dual-Eligible (Medicare/Medicaid),FIPS 51810,,7422,7422,https://data.cms.gov/summary-statistics-on-beneficiary-enrollment/medicare-and-medicaid-reports/medicare-monthly-enrollment,2026-02,[source: CMS Medicare Monthly Enrollment 2026-02; DUAL_TOT_BENES]
VA,Warren,Dual-Eligible (Medicare + Medicaid),Dual-Eligible,Dual-Eligible (Medicare/Medicaid),FIPS 51187,,958,958,https://data.cms.gov/summary-statistics-on-beneficiary-enrollment/medicare-and-medicaid-reports/medicare-monthly-enrollment,2026-02,[source: CMS Medicare Monthly Enrollment 2026-02; DUAL_TOT_BENES]
VA,Washington,Dual-Eligible (Medicare + Medicaid),Dual-Eligible,Dual-Eligible (Medicare/Medicaid),FIPS 51191,,2026,2026,https://data.cms.gov/summary-statistics-on-beneficiary-enrollment/medicare-and-medicaid-reports/medicare-monthly-enrollment,2026-02,[source: CMS Medicare Monthly Enrollment 2026-02; DUAL_TOT_BENES]
VA,Waynesboro,Dual-Eligible (Medicare + Medicaid),Dual-Eligible,Dual-Eligible (Medicare/Medicaid),FIPS 51820,,843,843,https://data.cms.gov/summary-statistics-on-beneficiary-enrollment/medicare-and-medicaid-reports/medicare-monthly-enrollment,2026-02,[source: CMS Medicare Monthly Enrollment 2026-02; DUAL_TOT_BENES]
VA,Westmoreland,Dual-Eligible (Medicare + Medicaid),Dual-Eligible,Dual-Eligible (Medicare/Medicaid),FIPS 51193,,698,698,https://data.cms.gov/summary-statistics-on-beneficiary-enrollment/medicare-and-medicaid-reports/medicare-monthly-enrollment,2026-02,[source: CMS Medicare Monthly Enrollment 2026-02; DUAL_TOT_BENES]
VA,Williamsburg,Dual-Eligible (Medicare + Medicaid),Dual-Eligible,Dual-Eligible (Medicare/Medicaid),FIPS 51830,,138,138,https://data.cms.gov/summary-statistics-on-beneficiary-enrollment/medicare-and-medicaid-reports/medicare-monthly-enrollment,2026-02,[source: CMS Medicare Monthly Enrollment 2026-02; DUAL_TOT_BENES]
VA,Winchester,Dual-Eligible (Medicare + Medicaid),Dual-Eligible,Dual-Eligible (Medicare/Medicaid),FIPS 51840,,959,959,https://data.cms.gov/summary-statistics-on-beneficiary-enrollment/medicare-and-medicaid-reports/medicare-monthly-enrollment,2026-02,[source: CMS Medicare Monthly Enrollment 2026-02; DUAL_TOT_BENES]
VA,Wise,Dual-Eligible (Medicare + Medicaid),Dual-Eligible,Dual-Eligible (Medicare/Medicaid),FIPS 51195,,2142,2142,https://data.cms.gov/summary-statistics-on-beneficiary-enrollment/medicare-and-medicaid-reports/medicare-monthly-enrollment,2026-02,[source: CMS Medicare Monthly Enrollment 2026-02; DUAL_TOT_BENES]
VA,Wythe,Dual-Eligible (Medicare + Medicaid),Dual-Eligible,Dual-Eligible (Medicare/Medicaid),FIPS 51197,,1515,1515,https://data.cms.gov/summary-statistics-on-beneficiary-enrollment/medicare-and-medicaid-reports/medicare-monthly-enrollment,2026-02,[source: CMS Medicare Monthly Enrollment 2026-02; DUAL_TOT_BENES]
VA,York,Dual-Eligible (Medicare + Medicaid),Dual-Eligible,Dual-Eligible (Medicare/Medicaid),FIPS 51199,,700,700,https://data.cms.gov/summary-statistics-on-beneficiary-enrollment/medicare-and-medicaid-reports/medicare-monthly-enrollment,2026-02,[source: CMS Medicare Monthly Enrollment 2026-02; DUAL_TOT_BENES]
WA,Adams,Dual-Eligible (Medicare + Medicaid),Dual-Eligible,Dual-Eligible (Medicare/Medicaid),FIPS 53001,,587,587,https://data.cms.gov/summary-statistics-on-beneficiary-enrollment/medicare-and-medicaid-reports/medicare-monthly-enrollment,2026-02,[source: CMS Medicare Monthly Enrollment 2026-02; DUAL_TOT_BENES]
WA,Asotin,Dual-Eligible (Medicare + Medicaid),Dual-Eligible,Dual-Eligible (Medicare/Medicaid),FIPS 53003,,1196,1196,https://data.cms.gov/summary-statistics-on-beneficiary-enrollment/medicare-and-medicaid-reports/medicare-monthly-enrollment,2026-02,[source: CMS Medicare Monthly Enrollment 2026-02; DUAL_TOT_BENES]
WA,Benton,Dual-Eligible (Medicare + Medicaid),Dual-Eligible,Dual-Eligible (Medicare/Medicaid),FIPS 53005,,5781,5781,https://data.cms.gov/summary-statistics-on-beneficiary-enrollment/medicare-and-medicaid-reports/medicare-monthly-enrollment,2026-02,[source: CMS Medicare Monthly Enrollment 2026-02; DUAL_TOT_BENES]
WA,Chelan,Dual-Eligible (Medicare + Medicaid),Dual-Eligible,Dual-Eligible (Medicare/Medicaid),FIPS 53007,,2815,2815,https://data.cms.gov/summary-statistics-on-beneficiary-enrollment/medicare-and-medicaid-reports/medicare-monthly-enrollment,2026-02,[source: CMS Medicare Monthly Enrollment 2026-02; DUAL_TOT_BENES]
WA,Clallam,Dual-Eligible (Medicare + Medicaid),Dual-Eligible,Dual-Eligible (Medicare/Medicaid),FIPS 53009,,3338,3338,https://data.cms.gov/summary-statistics-on-beneficiary-enrollment/medicare-and-medicaid-reports/medicare-monthly-enrollment,2026-02,[source: CMS Medicare Monthly Enrollment 2026-02; DUAL_TOT_BENES]
WA,Clark,Dual-Eligible (Medicare + Medicaid),Dual-Eligible,Dual-Eligible (Medicare/Medicaid),FIPS 53011,,13905,13905,https://data.cms.gov/summary-statistics-on-beneficiary-enrollment/medicare-and-medicaid-reports/medicare-monthly-enrollment,2026-02,[source: CMS Medicare Monthly Enrollment 2026-02; DUAL_TOT_BENES]
WA,Columbia,Dual-Eligible (Medicare + Medicaid),Dual-Eligible,Dual-Eligible (Medicare/Medicaid),FIPS 53013,,220,220,https://data.cms.gov/summary-statistics-on-beneficiary-enrollment/medicare-and-medicaid-reports/medicare-monthly-enrollment,2026-02,[source: CMS Medicare Monthly Enrollment 2026-02; DUAL_TOT_BENES]
WA,Cowlitz,Dual-Eligible (Medicare + Medicaid),Dual-Eligible,Dual-Eligible (Medicare/Medicaid),FIPS 53015,,5010,5010,https://data.cms.gov/summary-statistics-on-beneficiary-enrollment/medicare-and-medicaid-reports/medicare-monthly-enrollment,2026-02,[source: CMS Medicare Monthly Enrollment 2026-02; DUAL_TOT_BENES]
WA,Douglas,Dual-Eligible (Medicare + Medicaid),Dual-Eligible,Dual-Eligible (Medicare/Medicaid),FIPS 53017,,1166,1166,https://data.cms.gov/summary-statistics-on-beneficiary-enrollment/medicare-and-medicaid-reports/medicare-monthly-enrollment,2026-02,[source: CMS Medicare Monthly Enrollment 2026-02; DUAL_TOT_BENES]
WA,Ferry,Dual-Eligible (Medicare + Medicaid),Dual-Eligible,Dual-Eligible (Medicare/Medicaid),FIPS 53019,,490,490,https://data.cms.gov/summary-statistics-on-beneficiary-enrollment/medicare-and-medicaid-reports/medicare-monthly-enrollment,2026-02,[source: CMS Medicare Monthly Enrollment 2026-02; DUAL_TOT_BENES]
WA,Franklin,Dual-Eligible (Medicare + Medicaid),Dual-Eligible,Dual-Eligible (Medicare/Medicaid),FIPS 53021,,2472,2472,https://data.cms.gov/summary-statistics-on-beneficiary-enrollment/medicare-and-medicaid-reports/medicare-monthly-enrollment,2026-02,[source: CMS Medicare Monthly Enrollment 2026-02; DUAL_TOT_BENES]
WA,Garfield,Dual-Eligible (Medicare + Medicaid),Dual-Eligible,Dual-Eligible (Medicare/Medicaid),FIPS 53023,,96,96,https://data.cms.gov/summary-statistics-on-beneficiary-enrollment/medicare-and-medicaid-reports/medicare-monthly-enrollment,2026-02,[source: CMS Medicare Monthly Enrollment 2026-02; DUAL_TOT_BENES]
WA,Grant,Dual-Eligible (Medicare + Medicaid),Dual-Eligible,Dual-Eligible (Medicare/Medicaid),FIPS 53025,,3538,3538,https://data.cms.gov/summary-statistics-on-beneficiary-enrollment/medicare-and-medicaid-reports/medicare-monthly-enrollment,2026-02,[source: CMS Medicare Monthly Enrollment 2026-02; DUAL_TOT_BENES]
WA,Grays Harbor,Dual-Eligible (Medicare + Medicaid),Dual-Eligible,Dual-Eligible (Medicare/Medicaid),FIPS 53027,,4192,4192,https://data.cms.gov/summary-statistics-on-beneficiary-enrollment/medicare-and-medicaid-reports/medicare-monthly-enrollment,2026-02,[source: CMS Medicare Monthly Enrollment 2026-02; DUAL_TOT_BENES]
WA,Island,Dual-Eligible (Medicare + Medicaid),Dual-Eligible,Dual-Eligible (Medicare/Medicaid),FIPS 53029,,2019,2019,https://data.cms.gov/summary-statistics-on-beneficiary-enrollment/medicare-and-medicaid-reports/medicare-monthly-enrollment,2026-02,[source: CMS Medicare Monthly Enrollment 2026-02; DUAL_TOT_BENES]
WA,Jefferson,Dual-Eligible (Medicare + Medicaid),Dual-Eligible,Dual-Eligible (Medicare/Medicaid),FIPS 53031,,1413,1413,https://data.cms.gov/summary-statistics-on-beneficiary-enrollment/medicare-and-medicaid-reports/medicare-monthly-enrollment,2026-02,[source: CMS Medicare Monthly Enrollment 2026-02; DUAL_TOT_BENES]
WA,King,Dual-Eligible (Medicare + Medicaid),Dual-Eligible,Dual-Eligible (Medicare/Medicaid),FIPS 53033,,58185,58185,https://data.cms.gov/summary-statistics-on-beneficiary-enrollment/medicare-and-medicaid-reports/medicare-monthly-enrollment,2026-02,[source: CMS Medicare Monthly Enrollment 2026-02; DUAL_TOT_BENES]
WA,Kitsap,Dual-Eligible (Medicare + Medicaid),Dual-Eligible,Dual-Eligible (Medicare/Medicaid),FIPS 53035,,7060,7060,https://data.cms.gov/summary-statistics-on-beneficiary-enrollment/medicare-and-medicaid-reports/medicare-monthly-enrollment,2026-02,[source: CMS Medicare Monthly Enrollment 2026-02; DUAL_TOT_BENES]
WA,Kittitas,Dual-Eligible (Medicare + Medicaid),Dual-Eligible,Dual-Eligible (Medicare/Medicaid),FIPS 53037,,1242,1242,https://data.cms.gov/summary-statistics-on-beneficiary-enrollment/medicare-and-medicaid-reports/medicare-monthly-enrollment,2026-02,[source: CMS Medicare Monthly Enrollment 2026-02; DUAL_TOT_BENES]
WA,Klickitat,Dual-Eligible (Medicare + Medicaid),Dual-Eligible,Dual-Eligible (Medicare/Medicaid),FIPS 53039,,986,986,https://data.cms.gov/summary-statistics-on-beneficiary-enrollment/medicare-and-medicaid-reports/medicare-monthly-enrollment,2026-02,[source: CMS Medicare Monthly Enrollment 2026-02; DUAL_TOT_BENES]
WA,Lewis,Dual-Eligible (Medicare + Medicaid),Dual-Eligible,Dual-Eligible (Medicare/Medicaid),FIPS 53041,,3865,3865,https://data.cms.gov/summary-statistics-on-beneficiary-enrollment/medicare-and-medicaid-reports/medicare-monthly-enrollment,2026-02,[source: CMS Medicare Monthly Enrollment 2026-02; DUAL_TOT_BENES]
WA,Lincoln,Dual-Eligible (Medicare + Medicaid),Dual-Eligible,Dual-Eligible (Medicare/Medicaid),FIPS 53043,,549,549,https://data.cms.gov/summary-statistics-on-beneficiary-enrollment/medicare-and-medicaid-reports/medicare-monthly-enrollment,2026-02,[source: CMS Medicare Monthly Enrollment 2026-02; DUAL_TOT_BENES]
WA,Mason,Dual-Eligible (Medicare + Medicaid),Dual-Eligible,Dual-Eligible (Medicare/Medicaid),FIPS 53045,,2582,2582,https://data.cms.gov/summary-statistics-on-beneficiary-enrollment/medicare-and-medicaid-reports/medicare-monthly-enrollment,2026-02,[source: CMS Medicare Monthly Enrollment 2026-02; DUAL_TOT_BENES]
WA,Okanogan,Dual-Eligible (Medicare + Medicaid),Dual-Eligible,Dual-Eligible (Medicare/Medicaid),FIPS 53047,,2278,2278,https://data.cms.gov/summary-statistics-on-beneficiary-enrollment/medicare-and-medicaid-reports/medicare-monthly-enrollment,2026-02,[source: CMS Medicare Monthly Enrollment 2026-02; DUAL_TOT_BENES]
WA,Pacific,Dual-Eligible (Medicare + Medicaid),Dual-Eligible,Dual-Eligible (Medicare/Medicaid),FIPS 53049,,1470,1470,https://data.cms.gov/summary-statistics-on-beneficiary-enrollment/medicare-and-medicaid-reports/medicare-monthly-enrollment,2026-02,[source: CMS Medicare Monthly Enrollment 2026-02; DUAL_TOT_BENES]
WA,Pend Oreille,Dual-Eligible (Medicare + Medicaid),Dual-Eligible,Dual-Eligible (Medicare/Medicaid),FIPS 53051,,794,794,https://data.cms.gov/summary-statistics-on-beneficiary-enrollment/medicare-and-medicaid-reports/medicare-monthly-enrollment,2026-02,[source: CMS Medicare Monthly Enrollment 2026-02; DUAL_TOT_BENES]
WA,Pierce,Dual-Eligible (Medicare + Medicaid),Dual-Eligible,Dual-Eligible (Medicare/Medicaid),FIPS 53053,,27589,27589,https://data.cms.gov/summary-statistics-on-beneficiary-enrollment/medicare-and-medicaid-reports/medicare-monthly-enrollment,2026-02,[source: CMS Medicare Monthly Enrollment 2026-02; DUAL_TOT_BENES]
WA,San Juan,Dual-Eligible (Medicare + Medicaid),Dual-Eligible,Dual-Eligible (Medicare/Medicaid),FIPS 53055,,478,478,https://data.cms.gov/summary-statistics-on-beneficiary-enrollment/medicare-and-medicaid-reports/medicare-monthly-enrollment,2026-02,[source: CMS Medicare Monthly Enrollment 2026-02; DUAL_TOT_BENES]
WA,Skagit,Dual-Eligible (Medicare + Medicaid),Dual-Eligible,Dual-Eligible (Medicare/Medicaid),FIPS 53057,,4149,4149,https://data.cms.gov/summary-statistics-on-beneficiary-enrollment/medicare-and-medicaid-reports/medicare-monthly-enrollment,2026-02,[source: CMS Medicare Monthly Enrollment 2026-02; DUAL_TOT_BENES]
WA,Skamania,Dual-Eligible (Medicare + Medicaid),Dual-Eligible,Dual-Eligible (Medicare/Medicaid),FIPS 53059,,401,401,https://data.cms.gov/summary-statistics-on-beneficiary-enrollment/medicare-and-medicaid-reports/medicare-monthly-enrollment,2026-02,[source: CMS Medicare Monthly Enrollment 2026-02; DUAL_TOT_BENES]
WA,Snohomish,Dual-Eligible (Medicare + Medicaid),Dual-Eligible,Dual-Eligible (Medicare/Medicaid),FIPS 53061,,21983,21983,https://data.cms.gov/summary-statistics-on-beneficiary-enrollment/medicare-and-medicaid-reports/medicare-monthly-enrollment,2026-02,[source: CMS Medicare Monthly Enrollment 2026-02; DUAL_TOT_BENES]
WA,Spokane,Dual-Eligible (Medicare + Medicaid),Dual-Eligible,Dual-Eligible (Medicare/Medicaid),FIPS 53063,,21325,21325,https://data.cms.gov/summary-statistics-on-beneficiary-enrollment/medicare-and-medicaid-reports/medicare-monthly-enrollment,2026-02,[source: CMS Medicare Monthly Enrollment 2026-02; DUAL_TOT_BENES]
WA,Stevens,Dual-Eligible (Medicare + Medicaid),Dual-Eligible,Dual-Eligible (Medicare/Medicaid),FIPS 53065,,2348,2348,https://data.cms.gov/summary-statistics-on-beneficiary-enrollment/medicare-and-medicaid-reports/medicare-monthly-enrollment,2026-02,[source: CMS Medicare Monthly Enrollment 2026-02; DUAL_TOT_BENES]
WA,Thurston,Dual-Eligible (Medicare + Medicaid),Dual-Eligible,Dual-Eligible (Medicare/Medicaid),FIPS 53067,,9350,9350,https://data.cms.gov/summary-statistics-on-beneficiary-enrollment/medicare-and-medicaid-reports/medicare-monthly-enrollment,2026-02,[source: CMS Medicare Monthly Enrollment 2026-02; DUAL_TOT_BENES]
WA,Wahkiakum,Dual-Eligible (Medicare + Medicaid),Dual-Eligible,Dual-Eligible (Medicare/Medicaid),FIPS 53069,,222,222,https://data.cms.gov/summary-statistics-on-beneficiary-enrollment/medicare-and-medicaid-reports/medicare-monthly-enrollment,2026-02,[source: CMS Medicare Monthly Enrollment 2026-02; DUAL_TOT_BENES]
WA,Walla Walla,Dual-Eligible (Medicare + Medicaid),Dual-Eligible,Dual-Eligible (Medicare/Medicaid),FIPS 53071,,2150,2150,https://data.cms.gov/summary-statistics-on-beneficiary-enrollment/medicare-and-medicaid-reports/medicare-monthly-enrollment,2026-02,[source: CMS Medicare Monthly Enrollment 2026-02; DUAL_TOT_BENES]
WA,Whatcom,Dual-Eligible (Medicare + Medicaid),Dual-Eligible,Dual-Eligible (Medicare/Medicaid),FIPS 53073,,7239,7239,https://data.cms.gov/summary-statistics-on-beneficiary-enrollment/medicare-and-medicaid-reports/medicare-monthly-enrollment,2026-02,[source: CMS Medicare Monthly Enrollment 2026-02; DUAL_TOT_BENES]
WA,Whitman,Dual-Eligible (Medicare + Medicaid),Dual-Eligible,Dual-Eligible (Medicare/Medicaid),FIPS 53075,,1000,1000,https://data.cms.gov/summary-statistics-on-beneficiary-enrollment/medicare-and-medicaid-reports/medicare-monthly-enrollment,2026-02,[source: CMS Medicare Monthly Enrollment 2026-02; DUAL_TOT_BENES]
WA,Yakima,Dual-Eligible (Medicare + Medicaid),Dual-Eligible,Dual-Eligible (Medicare/Medicaid),FIPS 53077,,10939,10939,https://data.cms.gov/summary-statistics-on-beneficiary-enrollment/medicare-and-medicaid-reports/medicare-monthly-enrollment,2026-02,[source: CMS Medicare Monthly Enrollment 2026-02; DUAL_TOT_BENES]
WI,Adams,Dual-Eligible (Medicare + Medicaid),Dual-Eligible,Dual-Eligible (Medicare/Medicaid),FIPS 55001,,1268,1268,https://data.cms.gov/summary-statistics-on-beneficiary-enrollment/medicare-and-medicaid-reports/medicare-monthly-enrollment,2026-02,[source: CMS Medicare Monthly Enrollment 2026-02; DUAL_TOT_BENES]
WI,Ashland,Dual-Eligible (Medicare + Medicaid),Dual-Eligible,Dual-Eligible (Medicare/Medicaid),FIPS 55003,,859,859,https://data.cms.gov/summary-statistics-on-beneficiary-enrollment/medicare-and-medicaid-reports/medicare-monthly-enrollment,2026-02,[source: CMS Medicare Monthly Enrollment 2026-02; DUAL_TOT_BENES]
WI,Barron,Dual-Eligible (Medicare + Medicaid),Dual-Eligible,Dual-Eligible (Medicare/Medicaid),FIPS 55005,,2132,2132,https://data.cms.gov/summary-statistics-on-beneficiary-enrollment/medicare-and-medicaid-reports/medicare-monthly-enrollment,2026-02,[source: CMS Medicare Monthly Enrollment 2026-02; DUAL_TOT_BENES]
WI,Bayfield,Dual-Eligible (Medicare + Medicaid),Dual-Eligible,Dual-Eligible (Medicare/Medicaid),FIPS 55007,,598,598,https://data.cms.gov/summary-statistics-on-beneficiary-enrollment/medicare-and-medicaid-reports/medicare-monthly-enrollment,2026-02,[source: CMS Medicare Monthly Enrollment 2026-02; DUAL_TOT_BENES]
WI,Brown,Dual-Eligible (Medicare + Medicaid),Dual-Eligible,Dual-Eligible (Medicare/Medicaid),FIPS 55009,,7000,7000,https://data.cms.gov/summary-statistics-on-beneficiary-enrollment/medicare-and-medicaid-reports/medicare-monthly-enrollment,2026-02,[source: CMS Medicare Monthly Enrollment 2026-02; DUAL_TOT_BENES]
WI,Buffalo,Dual-Eligible (Medicare + Medicaid),Dual-Eligible,Dual-Eligible (Medicare/Medicaid),FIPS 55011,,424,424,https://data.cms.gov/summary-statistics-on-beneficiary-enrollment/medicare-and-medicaid-reports/medicare-monthly-enrollment,2026-02,[source: CMS Medicare Monthly Enrollment 2026-02; DUAL_TOT_BENES]
WI,Burnett,Dual-Eligible (Medicare + Medicaid),Dual-Eligible,Dual-Eligible (Medicare/Medicaid),FIPS 55013,,672,672,https://data.cms.gov/summary-statistics-on-beneficiary-enrollment/medicare-and-medicaid-reports/medicare-monthly-enrollment,2026-02,[source: CMS Medicare Monthly Enrollment 2026-02; DUAL_TOT_BENES]
WI,Calumet,Dual-Eligible (Medicare + Medicaid),Dual-Eligible,Dual-Eligible (Medicare/Medicaid),FIPS 55015,,686,686,https://data.cms.gov/summary-statistics-on-beneficiary-enrollment/medicare-and-medicaid-reports/medicare-monthly-enrollment,2026-02,[source: CMS Medicare Monthly Enrollment 2026-02; DUAL_TOT_BENES]
WI,Chippewa,Dual-Eligible (Medicare + Medicaid),Dual-Eligible,Dual-Eligible (Medicare/Medicaid),FIPS 55017,,2233,2233,https://data.cms.gov/summary-statistics-on-beneficiary-enrollment/medicare-and-medicaid-reports/medicare-monthly-enrollment,2026-02,[source: CMS Medicare Monthly Enrollment 2026-02; DUAL_TOT_BENES]
WI,Clark,Dual-Eligible (Medicare + Medicaid),Dual-Eligible,Dual-Eligible (Medicare/Medicaid),FIPS 55019,,1395,1395,https://data.cms.gov/summary-statistics-on-beneficiary-enrollment/medicare-and-medicaid-reports/medicare-monthly-enrollment,2026-02,[source: CMS Medicare Monthly Enrollment 2026-02; DUAL_TOT_BENES]
WI,Columbia,Dual-Eligible (Medicare + Medicaid),Dual-Eligible,Dual-Eligible (Medicare/Medicaid),FIPS 55021,,1813,1813,https://data.cms.gov/summary-statistics-on-beneficiary-enrollment/medicare-and-medicaid-reports/medicare-monthly-enrollment,2026-02,[source: CMS Medicare Monthly Enrollment 2026-02; DUAL_TOT_BENES]
WI,Crawford,Dual-Eligible (Medicare + Medicaid),Dual-Eligible,Dual-Eligible (Medicare/Medicaid),FIPS 55023,,719,719,https://data.cms.gov/summary-statistics-on-beneficiary-enrollment/medicare-and-medicaid-reports/medicare-monthly-enrollment,2026-02,[source: CMS Medicare Monthly Enrollment 2026-02; DUAL_TOT_BENES]
WI,Dane,Dual-Eligible (Medicare + Medicaid),Dual-Eligible,Dual-Eligible (Medicare/Medicaid),FIPS 55025,,11242,11242,https://data.cms.gov/summary-statistics-on-beneficiary-enrollment/medicare-and-medicaid-reports/medicare-monthly-enrollment,2026-02,[source: CMS Medicare Monthly Enrollment 2026-02; DUAL_TOT_BENES]
WI,Dodge,Dual-Eligible (Medicare + Medicaid),Dual-Eligible,Dual-Eligible (Medicare/Medicaid),FIPS 55027,,2120,2120,https://data.cms.gov/summary-statistics-on-beneficiary-enrollment/medicare-and-medicaid-reports/medicare-monthly-enrollment,2026-02,[source: CMS Medicare Monthly Enrollment 2026-02; DUAL_TOT_BENES]
WI,Door,Dual-Eligible (Medicare + Medicaid),Dual-Eligible,Dual-Eligible (Medicare/Medicaid),FIPS 55029,,673,673,https://data.cms.gov/summary-statistics-on-beneficiary-enrollment/medicare-and-medicaid-reports/medicare-monthly-enrollment,2026-02,[source: CMS Medicare Monthly Enrollment 2026-02; DUAL_TOT_BENES]
WI,Douglas,Dual-Eligible (Medicare + Medicaid),Dual-Eligible,Dual-Eligible (Medicare/Medicaid),FIPS 55031,,1913,1913,https://data.cms.gov/summary-statistics-on-beneficiary-enrollment/medicare-and-medicaid-reports/medicare-monthly-enrollment,2026-02,[source: CMS Medicare Monthly Enrollment 2026-02; DUAL_TOT_BENES]
WI,Dunn,Dual-Eligible (Medicare + Medicaid),Dual-Eligible,Dual-Eligible (Medicare/Medicaid),FIPS 55033,,1897,1897,https://data.cms.gov/summary-statistics-on-beneficiary-enrollment/medicare-and-medicaid-reports/medicare-monthly-enrollment,2026-02,[source: CMS Medicare Monthly Enrollment 2026-02; DUAL_TOT_BENES]
WI,Eau Claire,Dual-Eligible (Medicare + Medicaid),Dual-Eligible,Dual-Eligible (Medicare/Medicaid),FIPS 55035,,3388,3388,https://data.cms.gov/summary-statistics-on-beneficiary-enrollment/medicare-and-medicaid-reports/medicare-monthly-enrollment,2026-02,[source: CMS Medicare Monthly Enrollment 2026-02; DUAL_TOT_BENES]
WI,Florence,Dual-Eligible (Medicare + Medicaid),Dual-Eligible,Dual-Eligible (Medicare/Medicaid),FIPS 55037,,249,249,https://data.cms.gov/summary-statistics-on-beneficiary-enrollment/medicare-and-medicaid-reports/medicare-monthly-enrollment,2026-02,[source: CMS Medicare Monthly Enrollment 2026-02; DUAL_TOT_BENES]
WI,Fond du Lac,Dual-Eligible (Medicare + Medicaid),Dual-Eligible,Dual-Eligible (Medicare/Medicaid),FIPS 55039,,2708,2708,https://data.cms.gov/summary-statistics-on-beneficiary-enrollment/medicare-and-medicaid-reports/medicare-monthly-enrollment,2026-02,[source: CMS Medicare Monthly Enrollment 2026-02; DUAL_TOT_BENES]
WI,Forest,Dual-Eligible (Medicare + Medicaid),Dual-Eligible,Dual-Eligible (Medicare/Medicaid),FIPS 55041,,425,425,https://data.cms.gov/summary-statistics-on-beneficiary-enrollment/medicare-and-medicaid-reports/medicare-monthly-enrollment,2026-02,[source: CMS Medicare Monthly Enrollment 2026-02; DUAL_TOT_BENES]
WI,Grant,Dual-Eligible (Medicare + Medicaid),Dual-Eligible,Dual-Eligible (Medicare/Medicaid),FIPS 55043,,1653,1653,https://data.cms.gov/summary-statistics-on-beneficiary-enrollment/medicare-and-medicaid-reports/medicare-monthly-enrollment,2026-02,[source: CMS Medicare Monthly Enrollment 2026-02; DUAL_TOT_BENES]
WI,Green,Dual-Eligible (Medicare + Medicaid),Dual-Eligible,Dual-Eligible (Medicare/Medicaid),FIPS 55045,,981,981,https://data.cms.gov/summary-statistics-on-beneficiary-enrollment/medicare-and-medicaid-reports/medicare-monthly-enrollment,2026-02,[source: CMS Medicare Monthly Enrollment 2026-02; DUAL_TOT_BENES]
WI,Green Lake,Dual-Eligible (Medicare + Medicaid),Dual-Eligible,Dual-Eligible (Medicare/Medicaid),FIPS 55047,,650,650,https://data.cms.gov/summary-statistics-on-beneficiary-enrollment/medicare-and-medicaid-reports/medicare-monthly-enrollment,2026-02,[source: CMS Medicare Monthly Enrollment 2026-02; DUAL_TOT_BENES]
WI,Iowa,Dual-Eligible (Medicare + Medicaid),Dual-Eligible,Dual-Eligible (Medicare/Medicaid),FIPS 55049,,680,680,https://data.cms.gov/summary-statistics-on-beneficiary-enrollment/medicare-and-medicaid-reports/medicare-monthly-enrollment,2026-02,[source: CMS Medicare Monthly Enrollment 2026-02; DUAL_TOT_BENES]
WI,Iron,Dual-Eligible (Medicare + Medicaid),Dual-Eligible,Dual-Eligible (Medicare/Medicaid),FIPS 55051,,360,360,https://data.cms.gov/summary-statistics-on-beneficiary-enrollment/medicare-and-medicaid-reports/medicare-monthly-enrollment,2026-02,[source: CMS Medicare Monthly Enrollment 2026-02; DUAL_TOT_BENES]
WI,Jackson,Dual-Eligible (Medicare + Medicaid),Dual-Eligible,Dual-Eligible (Medicare/Medicaid),FIPS 55053,,757,757,https://data.cms.gov/summary-statistics-on-beneficiary-enrollment/medicare-and-medicaid-reports/medicare-monthly-enrollment,2026-02,[source: CMS Medicare Monthly Enrollment 2026-02; DUAL_TOT_BENES]
WI,Jefferson,Dual-Eligible (Medicare + Medicaid),Dual-Eligible,Dual-Eligible (Medicare/Medicaid),FIPS 55055,,2358,2358,https://data.cms.gov/summary-statistics-on-beneficiary-enrollment/medicare-and-medicaid-reports/medicare-monthly-enrollment,2026-02,[source: CMS Medicare Monthly Enrollment 2026-02; DUAL_TOT_BENES]
WI,Juneau,Dual-Eligible (Medicare + Medicaid),Dual-Eligible,Dual-Eligible (Medicare/Medicaid),FIPS 55057,,1240,1240,https://data.cms.gov/summary-statistics-on-beneficiary-enrollment/medicare-and-medicaid-reports/medicare-monthly-enrollment,2026-02,[source: CMS Medicare Monthly Enrollment 2026-02; DUAL_TOT_BENES]
WI,Kenosha,Dual-Eligible (Medicare + Medicaid),Dual-Eligible,Dual-Eligible (Medicare/Medicaid),FIPS 55059,,4921,4921,https://data.cms.gov/summary-statistics-on-beneficiary-enrollment/medicare-and-medicaid-reports/medicare-monthly-enrollment,2026-02,[source: CMS Medicare Monthly Enrollment 2026-02; DUAL_TOT_BENES]
WI,Kewaunee,Dual-Eligible (Medicare + Medicaid),Dual-Eligible,Dual-Eligible (Medicare/Medicaid),FIPS 55061,,493,493,https://data.cms.gov/summary-statistics-on-beneficiary-enrollment/medicare-and-medicaid-reports/medicare-monthly-enrollment,2026-02,[source: CMS Medicare Monthly Enrollment 2026-02; DUAL_TOT_BENES]
WI,La Crosse,Dual-Eligible (Medicare + Medicaid),Dual-Eligible,Dual-Eligible (Medicare/Medicaid),FIPS 55063,,3561,3561,https://data.cms.gov/summary-statistics-on-beneficiary-enrollment/medicare-and-medicaid-reports/medicare-monthly-enrollment,2026-02,[source: CMS Medicare Monthly Enrollment 2026-02; DUAL_TOT_BENES]
WI,Lafayette,Dual-Eligible (Medicare + Medicaid),Dual-Eligible,Dual-Eligible (Medicare/Medicaid),FIPS 55065,,455,455,https://data.cms.gov/summary-statistics-on-beneficiary-enrollment/medicare-and-medicaid-reports/medicare-monthly-enrollment,2026-02,[source: CMS Medicare Monthly Enrollment 2026-02; DUAL_TOT_BENES]
WI,Langlade,Dual-Eligible (Medicare + Medicaid),Dual-Eligible,Dual-Eligible (Medicare/Medicaid),FIPS 55067,,965,965,https://data.cms.gov/summary-statistics-on-beneficiary-enrollment/medicare-and-medicaid-reports/medicare-monthly-enrollment,2026-02,[source: CMS Medicare Monthly Enrollment 2026-02; DUAL_TOT_BENES]
WI,Lincoln,Dual-Eligible (Medicare + Medicaid),Dual-Eligible,Dual-Eligible (Medicare/Medicaid),FIPS 55069,,1078,1078,https://data.cms.gov/summary-statistics-on-beneficiary-enrollment/medicare-and-medicaid-reports/medicare-monthly-enrollment,2026-02,[source: CMS Medicare Monthly Enrollment 2026-02; DUAL_TOT_BENES]
WI,Manitowoc,Dual-Eligible (Medicare + Medicaid),Dual-Eligible,Dual-Eligible (Medicare/Medicaid),FIPS 55071,,2714,2714,https://data.cms.gov/summary-statistics-on-beneficiary-enrollment/medicare-and-medicaid-reports/medicare-monthly-enrollment,2026-02,[source: CMS Medicare Monthly Enrollment 2026-02; DUAL_TOT_BENES]
WI,Marathon,Dual-Eligible (Medicare + Medicaid),Dual-Eligible,Dual-Eligible (Medicare/Medicaid),FIPS 55073,,3610,3610,https://data.cms.gov/summary-statistics-on-beneficiary-enrollment/medicare-and-medicaid-reports/medicare-monthly-enrollment,2026-02,[source: CMS Medicare Monthly Enrollment 2026-02; DUAL_TOT_BENES]
WI,Marinette,Dual-Eligible (Medicare + Medicaid),Dual-Eligible,Dual-Eligible (Medicare/Medicaid),FIPS 55075,,1891,1891,https://data.cms.gov/summary-statistics-on-beneficiary-enrollment/medicare-and-medicaid-reports/medicare-monthly-enrollment,2026-02,[source: CMS Medicare Monthly Enrollment 2026-02; DUAL_TOT_BENES]
WI,Marquette,Dual-Eligible (Medicare + Medicaid),Dual-Eligible,Dual-Eligible (Medicare/Medicaid),FIPS 55077,,637,637,https://data.cms.gov/summary-statistics-on-beneficiary-enrollment/medicare-and-medicaid-reports/medicare-monthly-enrollment,2026-02,[source: CMS Medicare Monthly Enrollment 2026-02; DUAL_TOT_BENES]
WI,Menominee,Dual-Eligible (Medicare + Medicaid),Dual-Eligible,Dual-Eligible (Medicare/Medicaid),FIPS 55078,,289,289,https://data.cms.gov/summary-statistics-on-beneficiary-enrollment/medicare-and-medicaid-reports/medicare-monthly-enrollment,2026-02,[source: CMS Medicare Monthly Enrollment 2026-02; DUAL_TOT_BENES]
WI,Milwaukee,Dual-Eligible (Medicare + Medicaid),Dual-Eligible,Dual-Eligible (Medicare/Medicaid),FIPS 55079,,40074,40074,https://data.cms.gov/summary-statistics-on-beneficiary-enrollment/medicare-and-medicaid-reports/medicare-monthly-enrollment,2026-02,[source: CMS Medicare Monthly Enrollment 2026-02; DUAL_TOT_BENES]
WI,Monroe,Dual-Eligible (Medicare + Medicaid),Dual-Eligible,Dual-Eligible (Medicare/Medicaid),FIPS 55081,,1643,1643,https://data.cms.gov/summary-statistics-on-beneficiary-enrollment/medicare-and-medicaid-reports/medicare-monthly-enrollment,2026-02,[source: CMS Medicare Monthly Enrollment 2026-02; DUAL_TOT_BENES]
WI,Oconto,Dual-Eligible (Medicare + Medicaid),Dual-Eligible,Dual-Eligible (Medicare/Medicaid),FIPS 55083,,1119,1119,https://data.cms.gov/summary-statistics-on-beneficiary-enrollment/medicare-and-medicaid-reports/medicare-monthly-enrollment,2026-02,[source: CMS Medicare Monthly Enrollment 2026-02; DUAL_TOT_BENES]
WI,Oneida,Dual-Eligible (Medicare + Medicaid),Dual-Eligible,Dual-Eligible (Medicare/Medicaid),FIPS 55085,,1366,1366,https://data.cms.gov/summary-statistics-on-beneficiary-enrollment/medicare-and-medicaid-reports/medicare-monthly-enrollment,2026-02,[source: CMS Medicare Monthly Enrollment 2026-02; DUAL_TOT_BENES]
WI,Outagamie,Dual-Eligible (Medicare + Medicaid),Dual-Eligible,Dual-Eligible (Medicare/Medicaid),FIPS 55087,,4335,4335,https://data.cms.gov/summary-statistics-on-beneficiary-enrollment/medicare-and-medicaid-reports/medicare-monthly-enrollment,2026-02,[source: CMS Medicare Monthly Enrollment 2026-02; DUAL_TOT_BENES]
WI,Ozaukee,Dual-Eligible (Medicare + Medicaid),Dual-Eligible,Dual-Eligible (Medicare/Medicaid),FIPS 55089,,1574,1574,https://data.cms.gov/summary-statistics-on-beneficiary-enrollment/medicare-and-medicaid-reports/medicare-monthly-enrollment,2026-02,[source: CMS Medicare Monthly Enrollment 2026-02; DUAL_TOT_BENES]
WI,Pepin,Dual-Eligible (Medicare + Medicaid),Dual-Eligible,Dual-Eligible (Medicare/Medicaid),FIPS 55091,,374,374,https://data.cms.gov/summary-statistics-on-beneficiary-enrollment/medicare-and-medicaid-reports/medicare-monthly-enrollment,2026-02,[source: CMS Medicare Monthly Enrollment 2026-02; DUAL_TOT_BENES]
WI,Pierce,Dual-Eligible (Medicare + Medicaid),Dual-Eligible,Dual-Eligible (Medicare/Medicaid),FIPS 55093,,899,899,https://data.cms.gov/summary-statistics-on-beneficiary-enrollment/medicare-and-medicaid-reports/medicare-monthly-enrollment,2026-02,[source: CMS Medicare Monthly Enrollment 2026-02; DUAL_TOT_BENES]
WI,Polk,Dual-Eligible (Medicare + Medicaid),Dual-Eligible,Dual-Eligible (Medicare/Medicaid),FIPS 55095,,1397,1397,https://data.cms.gov/summary-statistics-on-beneficiary-enrollment/medicare-and-medicaid-reports/medicare-monthly-enrollment,2026-02,[source: CMS Medicare Monthly Enrollment 2026-02; DUAL_TOT_BENES]
WI,Portage,Dual-Eligible (Medicare + Medicaid),Dual-Eligible,Dual-Eligible (Medicare/Medicaid),FIPS 55097,,1590,1590,https://data.cms.gov/summary-statistics-on-beneficiary-enrollment/medicare-and-medicaid-reports/medicare-monthly-enrollment,2026-02,[source: CMS Medicare Monthly Enrollment 2026-02; DUAL_TOT_BENES]
WI,Price,Dual-Eligible (Medicare + Medicaid),Dual-Eligible,Dual-Eligible (Medicare/Medicaid),FIPS 55099,,705,705,https://data.cms.gov/summary-statistics-on-beneficiary-enrollment/medicare-and-medicaid-reports/medicare-monthly-enrollment,2026-02,[source: CMS Medicare Monthly Enrollment 2026-02; DUAL_TOT_BENES]
WI,Racine,Dual-Eligible (Medicare + Medicaid),Dual-Eligible,Dual-Eligible (Medicare/Medicaid),FIPS 55101,,6873,6873,https://data.cms.gov/summary-statistics-on-beneficiary-enrollment/medicare-and-medicaid-reports/medicare-monthly-enrollment,2026-02,[source: CMS Medicare Monthly Enrollment 2026-02; DUAL_TOT_BENES]
WI,Richland,Dual-Eligible (Medicare + Medicaid),Dual-Eligible,Dual-Eligible (Medicare/Medicaid),FIPS 55103,,730,730,https://data.cms.gov/summary-statistics-on-beneficiary-enrollment/medicare-and-medicaid-reports/medicare-monthly-enrollment,2026-02,[source: CMS Medicare Monthly Enrollment 2026-02; DUAL_TOT_BENES]
WI,Rock,Dual-Eligible (Medicare + Medicaid),Dual-Eligible,Dual-Eligible (Medicare/Medicaid),FIPS 55105,,5403,5403,https://data.cms.gov/summary-statistics-on-beneficiary-enrollment/medicare-and-medicaid-reports/medicare-monthly-enrollment,2026-02,[source: CMS Medicare Monthly Enrollment 2026-02; DUAL_TOT_BENES]
WI,Rusk,Dual-Eligible (Medicare + Medicaid),Dual-Eligible,Dual-Eligible (Medicare/Medicaid),FIPS 55107,,809,809,https://data.cms.gov/summary-statistics-on-beneficiary-enrollment/medicare-and-medicaid-reports/medicare-monthly-enrollment,2026-02,[source: CMS Medicare Monthly Enrollment 2026-02; DUAL_TOT_BENES]
WI,Sauk,Dual-Eligible (Medicare + Medicaid),Dual-Eligible,Dual-Eligible (Medicare/Medicaid),FIPS 55111,,1922,1922,https://data.cms.gov/summary-statistics-on-beneficiary-enrollment/medicare-and-medicaid-reports/medicare-monthly-enrollment,2026-02,[source: CMS Medicare Monthly Enrollment 2026-02; DUAL_TOT_BENES]
WI,Sawyer,Dual-Eligible (Medicare + Medicaid),Dual-Eligible,Dual-Eligible (Medicare/Medicaid),FIPS 55113,,806,806,https://data.cms.gov/summary-statistics-on-beneficiary-enrollment/medicare-and-medicaid-reports/medicare-monthly-enrollment,2026-02,[source: CMS Medicare Monthly Enrollment 2026-02; DUAL_TOT_BENES]
WI,Shawano,Dual-Eligible (Medicare + Medicaid),Dual-Eligible,Dual-Eligible (Medicare/Medicaid),FIPS 55115,,1289,1289,https://data.cms.gov/summary-statistics-on-beneficiary-enrollment/medicare-and-medicaid-reports/medicare-monthly-enrollment,2026-02,[source: CMS Medicare Monthly Enrollment 2026-02; DUAL_TOT_BENES]
WI,Sheboygan,Dual-Eligible (Medicare + Medicaid),Dual-Eligible,Dual-Eligible (Medicare/Medicaid),FIPS 55117,,3518,3518,https://data.cms.gov/summary-statistics-on-beneficiary-enrollment/medicare-and-medicaid-reports/medicare-monthly-enrollment,2026-02,[source: CMS Medicare Monthly Enrollment 2026-02; DUAL_TOT_BENES]
WI,St. Croix,Dual-Eligible (Medicare + Medicaid),Dual-Eligible,Dual-Eligible (Medicare/Medicaid),FIPS 55109,,1403,1403,https://data.cms.gov/summary-statistics-on-beneficiary-enrollment/medicare-and-medicaid-reports/medicare-monthly-enrollment,2026-02,[source: CMS Medicare Monthly Enrollment 2026-02; DUAL_TOT_BENES]
WI,Taylor,Dual-Eligible (Medicare + Medicaid),Dual-Eligible,Dual-Eligible (Medicare/Medicaid),FIPS 55119,,644,644,https://data.cms.gov/summary-statistics-on-beneficiary-enrollment/medicare-and-medicaid-reports/medicare-monthly-enrollment,2026-02,[source: CMS Medicare Monthly Enrollment 2026-02; DUAL_TOT_BENES]
WI,Trempealeau,Dual-Eligible (Medicare + Medicaid),Dual-Eligible,Dual-Eligible (Medicare/Medicaid),FIPS 55121,,918,918,https://data.cms.gov/summary-statistics-on-beneficiary-enrollment/medicare-and-medicaid-reports/medicare-monthly-enrollment,2026-02,[source: CMS Medicare Monthly Enrollment 2026-02; DUAL_TOT_BENES]
WI,Vernon,Dual-Eligible (Medicare + Medicaid),Dual-Eligible,Dual-Eligible (Medicare/Medicaid),FIPS 55123,,1053,1053,https://data.cms.gov/summary-statistics-on-beneficiary-enrollment/medicare-and-medicaid-reports/medicare-monthly-enrollment,2026-02,[source: CMS Medicare Monthly Enrollment 2026-02; DUAL_TOT_BENES]
WI,Vilas,Dual-Eligible (Medicare + Medicaid),Dual-Eligible,Dual-Eligible (Medicare/Medicaid),FIPS 55125,,891,891,https://data.cms.gov/summary-statistics-on-beneficiary-enrollment/medicare-and-medicaid-reports/medicare-monthly-enrollment,2026-02,[source: CMS Medicare Monthly Enrollment 2026-02; DUAL_TOT_BENES]
WI,Walworth,Dual-Eligible (Medicare + Medicaid),Dual-Eligible,Dual-Eligible (Medicare/Medicaid),FIPS 55127,,2262,2262,https://data.cms.gov/summary-statistics-on-beneficiary-enrollment/medicare-and-medicaid-reports/medicare-monthly-enrollment,2026-02,[source: CMS Medicare Monthly Enrollment 2026-02; DUAL_TOT_BENES]
WI,Washburn,Dual-Eligible (Medicare + Medicaid),Dual-Eligible,Dual-Eligible (Medicare/Medicaid),FIPS 55129,,886,886,https://data.cms.gov/summary-statistics-on-beneficiary-enrollment/medicare-and-medicaid-reports/medicare-monthly-enrollment,2026-02,[source: CMS Medicare Monthly Enrollment 2026-02; DUAL_TOT_BENES]
WI,Washington,Dual-Eligible (Medicare + Medicaid),Dual-Eligible,Dual-Eligible (Medicare/Medicaid),FIPS 55131,,2145,2145,https://data.cms.gov/summary-statistics-on-beneficiary-enrollment/medicare-and-medicaid-reports/medicare-monthly-enrollment,2026-02,[source: CMS Medicare Monthly Enrollment 2026-02; DUAL_TOT_BENES]
WI,Waukesha,Dual-Eligible (Medicare + Medicaid),Dual-Eligible,Dual-Eligible (Medicare/Medicaid),FIPS 55133,,8239,8239,https://data.cms.gov/summary-statistics-on-beneficiary-enrollment/medicare-and-medicaid-reports/medicare-monthly-enrollment,2026-02,[source: CMS Medicare Monthly Enrollment 2026-02; DUAL_TOT_BENES]
WI,Waupaca,Dual-Eligible (Medicare + Medicaid),Dual-Eligible,Dual-Eligible (Medicare/Medicaid),FIPS 55135,,1985,1985,https://data.cms.gov/summary-statistics-on-beneficiary-enrollment/medicare-and-medicaid-reports/medicare-monthly-enrollment,2026-02,[source: CMS Medicare Monthly Enrollment 2026-02; DUAL_TOT_BENES]
WI,Waushara,Dual-Eligible (Medicare + Medicaid),Dual-Eligible,Dual-Eligible (Medicare/Medicaid),FIPS 55137,,949,949,https://data.cms.gov/summary-statistics-on-beneficiary-enrollment/medicare-and-medicaid-reports/medicare-monthly-enrollment,2026-02,[source: CMS Medicare Monthly Enrollment 2026-02; DUAL_TOT_BENES]
WI,Winnebago,Dual-Eligible (Medicare + Medicaid),Dual-Eligible,Dual-Eligible (Medicare/Medicaid),FIPS 55139,,4610,4610,https://data.cms.gov/summary-statistics-on-beneficiary-enrollment/medicare-and-medicaid-reports/medicare-monthly-enrollment,2026-02,[source: CMS Medicare Monthly Enrollment 2026-02; DUAL_TOT_BENES]
WI,Wood,Dual-Eligible (Medicare + Medicaid),Dual-Eligible,Dual-Eligible (Medicare/Medicaid),FIPS 55141,,2996,2996,https://data.cms.gov/summary-statistics-on-beneficiary-enrollment/medicare-and-medicaid-reports/medicare-monthly-enrollment,2026-02,[source: CMS Medicare Monthly Enrollment 2026-02; DUAL_TOT_BENES]
