state,county,program_type,plan_name,parent_org,geographic_region,medicaid_enrollment,dual_enrollment,total_enrollment,source_url,source_year,notes
CA,Alameda,State-Based Exchange QHP / Medicaid Managed Care,Anthem Blue Cross of California,Elevance Health,FIPS 06001,,,8364,,2024 (rough estimate),"[ESTIMATED — distributed from rough state-based exchange total (200,000) by 2024 county population. Covered CA enrollment estimate]"
CA,Amador,State-Based Exchange QHP / Medicaid Managed Care,Anthem Blue Cross of California,Elevance Health,FIPS 06005,,,213,,2024 (rough estimate),"[ESTIMATED — distributed from rough state-based exchange total (200,000) by 2024 county population. Covered CA enrollment estimate]"
CA,Butte,State-Based Exchange QHP / Medicaid Managed Care,Anthem Blue Cross of California,Elevance Health,FIPS 06007,,,1057,,2024 (rough estimate),"[ESTIMATED — distributed from rough state-based exchange total (200,000) by 2024 county population. Covered CA enrollment estimate]"
CA,Calaveras,State-Based Exchange QHP / Medicaid Managed Care,Anthem Blue Cross of California,Elevance Health,FIPS 06009,,,236,,2024 (rough estimate),"[ESTIMATED — distributed from rough state-based exchange total (200,000) by 2024 county population. Covered CA enrollment estimate]"
CA,Colusa,State-Based Exchange QHP / Medicaid Managed Care,Anthem Blue Cross of California,Elevance Health,FIPS 06011,,,112,,2024 (rough estimate),"[ESTIMATED — distributed from rough state-based exchange total (200,000) by 2024 county population. Covered CA enrollment estimate]"
CA,Contra Costa,State-Based Exchange QHP / Medicaid Managed Care,Anthem Blue Cross of California,Elevance Health,FIPS 06013,,,5948,,2024 (rough estimate),"[ESTIMATED — distributed from rough state-based exchange total (200,000) by 2024 county population. Covered CA enrollment estimate]"
CA,Del Norte,State-Based Exchange QHP / Medicaid Managed Care,Anthem Blue Cross of California,Elevance Health,FIPS 06015,,,137,,2024 (rough estimate),"[ESTIMATED — distributed from rough state-based exchange total (200,000) by 2024 county population. Covered CA enrollment estimate]"
CA,El Dorado,State-Based Exchange QHP / Medicaid Managed Care,Anthem Blue Cross of California,Elevance Health,FIPS 06017,,,978,,2024 (rough estimate),"[ESTIMATED — distributed from rough state-based exchange total (200,000) by 2024 county population. Covered CA enrollment estimate]"
CA,Fresno,State-Based Exchange QHP / Medicaid Managed Care,Anthem Blue Cross of California,Elevance Health,FIPS 06019,,,5194,,2024 (rough estimate),"[ESTIMATED — distributed from rough state-based exchange total (200,000) by 2024 county population. Covered CA enrollment estimate]"
CA,Glenn,State-Based Exchange QHP / Medicaid Managed Care,Anthem Blue Cross of California,Elevance Health,FIPS 06021,,,144,,2024 (rough estimate),"[ESTIMATED — distributed from rough state-based exchange total (200,000) by 2024 county population. Covered CA enrollment estimate]"
CA,Humboldt,State-Based Exchange QHP / Medicaid Managed Care,Anthem Blue Cross of California,Elevance Health,FIPS 06023,,,671,,2024 (rough estimate),"[ESTIMATED — distributed from rough state-based exchange total (200,000) by 2024 county population. Covered CA enrollment estimate]"
CA,Imperial,State-Based Exchange QHP / Medicaid Managed Care,Anthem Blue Cross of California,Elevance Health,FIPS 06025,,,922,,2024 (rough estimate),"[ESTIMATED — distributed from rough state-based exchange total (200,000) by 2024 county population. Covered CA enrollment estimate]"
CA,Inyo,State-Based Exchange QHP / Medicaid Managed Care,Anthem Blue Cross of California,Elevance Health,FIPS 06027,,,94,,2024 (rough estimate),"[ESTIMATED — distributed from rough state-based exchange total (200,000) by 2024 county population. Covered CA enrollment estimate]"
CA,Kern,State-Based Exchange QHP / Medicaid Managed Care,Anthem Blue Cross of California,Elevance Health,FIPS 06029,,,4679,,2024 (rough estimate),"[ESTIMATED — distributed from rough state-based exchange total (200,000) by 2024 county population. Covered CA enrollment estimate]"
CA,Kings,State-Based Exchange QHP / Medicaid Managed Care,Anthem Blue Cross of California,Elevance Health,FIPS 06031,,,786,,2024 (rough estimate),"[ESTIMATED — distributed from rough state-based exchange total (200,000) by 2024 county population. Covered CA enrollment estimate]"
CA,Lake,State-Based Exchange QHP / Medicaid Managed Care,Anthem Blue Cross of California,Elevance Health,FIPS 06033,,,344,,2024 (rough estimate),"[ESTIMATED — distributed from rough state-based exchange total (200,000) by 2024 county population. Covered CA enrollment estimate]"
CA,Lassen,State-Based Exchange QHP / Medicaid Managed Care,Anthem Blue Cross of California,Elevance Health,FIPS 06035,,,144,,2024 (rough estimate),"[ESTIMATED — distributed from rough state-based exchange total (200,000) by 2024 county population. Covered CA enrollment estimate]"
CA,Los Angeles,State-Based Exchange QHP / Medicaid Managed Care,Anthem Blue Cross of California,Elevance Health,FIPS 06037,,,49490,,2024 (rough estimate),"[ESTIMATED — distributed from rough state-based exchange total (200,000) by 2024 county population. Covered CA enrollment estimate]"
CA,Madera,State-Based Exchange QHP / Medicaid Managed Care,Anthem Blue Cross of California,Elevance Health,FIPS 06039,,,839,,2024 (rough estimate),"[ESTIMATED — distributed from rough state-based exchange total (200,000) by 2024 county population. Covered CA enrollment estimate]"
CA,Marin,State-Based Exchange QHP / Medicaid Managed Care,Anthem Blue Cross of California,Elevance Health,FIPS 06041,,,1300,,2024 (rough estimate),"[ESTIMATED — distributed from rough state-based exchange total (200,000) by 2024 county population. Covered CA enrollment estimate]"
CA,Mariposa,State-Based Exchange QHP / Medicaid Managed Care,Anthem Blue Cross of California,Elevance Health,FIPS 06043,,,86,,2024 (rough estimate),"[ESTIMATED — distributed from rough state-based exchange total (200,000) by 2024 county population. Covered CA enrollment estimate]"
CA,Mendocino,State-Based Exchange QHP / Medicaid Managed Care,Anthem Blue Cross of California,Elevance Health,FIPS 06045,,,452,,2024 (rough estimate),"[ESTIMATED — distributed from rough state-based exchange total (200,000) by 2024 county population. Covered CA enrollment estimate]"
CA,Merced,State-Based Exchange QHP / Medicaid Managed Care,Anthem Blue Cross of California,Elevance Health,FIPS 06047,,,1505,,2024 (rough estimate),"[ESTIMATED — distributed from rough state-based exchange total (200,000) by 2024 county population. Covered CA enrollment estimate]"
CA,Mono,State-Based Exchange QHP / Medicaid Managed Care,Anthem Blue Cross of California,Elevance Health,FIPS 06051,,,66,,2024 (rough estimate),"[ESTIMATED — distributed from rough state-based exchange total (200,000) by 2024 county population. Covered CA enrollment estimate]"
CA,Monterey,State-Based Exchange QHP / Medicaid Managed Care,Anthem Blue Cross of California,Elevance Health,FIPS 06053,,,2213,,2024 (rough estimate),"[ESTIMATED — distributed from rough state-based exchange total (200,000) by 2024 county population. Covered CA enrollment estimate]"
CA,Napa,State-Based Exchange QHP / Medicaid Managed Care,Anthem Blue Cross of California,Elevance Health,FIPS 06055,,,673,,2024 (rough estimate),"[ESTIMATED — distributed from rough state-based exchange total (200,000) by 2024 county population. Covered CA enrollment estimate]"
CA,Nevada,State-Based Exchange QHP / Medicaid Managed Care,Anthem Blue Cross of California,Elevance Health,FIPS 06057,,,518,,2024 (rough estimate),"[ESTIMATED — distributed from rough state-based exchange total (200,000) by 2024 county population. Covered CA enrollment estimate]"
CA,Orange,State-Based Exchange QHP / Medicaid Managed Care,Anthem Blue Cross of California,Elevance Health,FIPS 06059,,,16081,,2024 (rough estimate),"[ESTIMATED — distributed from rough state-based exchange total (200,000) by 2024 county population. Covered CA enrollment estimate]"
CA,Placer,State-Based Exchange QHP / Medicaid Managed Care,Anthem Blue Cross of California,Elevance Health,FIPS 06061,,,2200,,2024 (rough estimate),"[ESTIMATED — distributed from rough state-based exchange total (200,000) by 2024 county population. Covered CA enrollment estimate]"
CA,Plumas,State-Based Exchange QHP / Medicaid Managed Care,Anthem Blue Cross of California,Elevance Health,FIPS 06063,,,96,,2024 (rough estimate),"[ESTIMATED — distributed from rough state-based exchange total (200,000) by 2024 county population. Covered CA enrollment estimate]"
CA,Riverside,State-Based Exchange QHP / Medicaid Managed Care,Anthem Blue Cross of California,Elevance Health,FIPS 06065,,,12832,,2024 (rough estimate),"[ESTIMATED — distributed from rough state-based exchange total (200,000) by 2024 county population. Covered CA enrollment estimate]"
CA,Sacramento,State-Based Exchange QHP / Medicaid Managed Care,Anthem Blue Cross of California,Elevance Health,FIPS 06067,,,8172,,2024 (rough estimate),"[ESTIMATED — distributed from rough state-based exchange total (200,000) by 2024 county population. Covered CA enrollment estimate]"
CA,San Benito,State-Based Exchange QHP / Medicaid Managed Care,Anthem Blue Cross of California,Elevance Health,FIPS 06069,,,351,,2024 (rough estimate),"[ESTIMATED — distributed from rough state-based exchange total (200,000) by 2024 county population. Covered CA enrollment estimate]"
CA,San Bernardino,State-Based Exchange QHP / Medicaid Managed Care,Anthem Blue Cross of California,Elevance Health,FIPS 06071,,,11231,,2024 (rough estimate),"[ESTIMATED — distributed from rough state-based exchange total (200,000) by 2024 county population. Covered CA enrollment estimate]"
CA,San Diego,State-Based Exchange QHP / Medicaid Managed Care,Anthem Blue Cross of California,Elevance Health,FIPS 06073,,,16732,,2024 (rough estimate),"[ESTIMATED — distributed from rough state-based exchange total (200,000) by 2024 county population. Covered CA enrollment estimate]"
CA,San Francisco,State-Based Exchange QHP / Medicaid Managed Care,Anthem Blue Cross of California,Elevance Health,FIPS 06075,,,4197,,2024 (rough estimate),"[ESTIMATED — distributed from rough state-based exchange total (200,000) by 2024 county population. Covered CA enrollment estimate]"
CA,San Joaquin,State-Based Exchange QHP / Medicaid Managed Care,Anthem Blue Cross of California,Elevance Health,FIPS 06077,,,4139,,2024 (rough estimate),"[ESTIMATED — distributed from rough state-based exchange total (200,000) by 2024 county population. Covered CA enrollment estimate]"
CA,San Luis Obispo,State-Based Exchange QHP / Medicaid Managed Care,Anthem Blue Cross of California,Elevance Health,FIPS 06079,,,1430,,2024 (rough estimate),"[ESTIMATED — distributed from rough state-based exchange total (200,000) by 2024 county population. Covered CA enrollment estimate]"
CA,San Mateo,State-Based Exchange QHP / Medicaid Managed Care,Anthem Blue Cross of California,Elevance Health,FIPS 06081,,,3768,,2024 (rough estimate),"[ESTIMATED — distributed from rough state-based exchange total (200,000) by 2024 county population. Covered CA enrollment estimate]"
CA,Santa Barbara,State-Based Exchange QHP / Medicaid Managed Care,Anthem Blue Cross of California,Elevance Health,FIPS 06083,,,2255,,2024 (rough estimate),"[ESTIMATED — distributed from rough state-based exchange total (200,000) by 2024 county population. Covered CA enrollment estimate]"
CA,Santa Clara,State-Based Exchange QHP / Medicaid Managed Care,Anthem Blue Cross of California,Elevance Health,FIPS 06085,,,9771,,2024 (rough estimate),"[ESTIMATED — distributed from rough state-based exchange total (200,000) by 2024 county population. Covered CA enrollment estimate]"
CA,Santa Cruz,State-Based Exchange QHP / Medicaid Managed Care,Anthem Blue Cross of California,Elevance Health,FIPS 06087,,,1331,,2024 (rough estimate),"[ESTIMATED — distributed from rough state-based exchange total (200,000) by 2024 county population. Covered CA enrollment estimate]"
CA,Shasta,State-Based Exchange QHP / Medicaid Managed Care,Anthem Blue Cross of California,Elevance Health,FIPS 06089,,,919,,2024 (rough estimate),"[ESTIMATED — distributed from rough state-based exchange total (200,000) by 2024 county population. Covered CA enrollment estimate]"
CA,Siskiyou,State-Based Exchange QHP / Medicaid Managed Care,Anthem Blue Cross of California,Elevance Health,FIPS 06093,,,216,,2024 (rough estimate),"[ESTIMATED — distributed from rough state-based exchange total (200,000) by 2024 county population. Covered CA enrollment estimate]"
CA,Solano,State-Based Exchange QHP / Medicaid Managed Care,Anthem Blue Cross of California,Elevance Health,FIPS 06095,,,2308,,2024 (rough estimate),"[ESTIMATED — distributed from rough state-based exchange total (200,000) by 2024 county population. Covered CA enrollment estimate]"
CA,Sonoma,State-Based Exchange QHP / Medicaid Managed Care,Anthem Blue Cross of California,Elevance Health,FIPS 06097,,,2462,,2024 (rough estimate),"[ESTIMATED — distributed from rough state-based exchange total (200,000) by 2024 county population. Covered CA enrollment estimate]"
CA,Stanislaus,State-Based Exchange QHP / Medicaid Managed Care,Anthem Blue Cross of California,Elevance Health,FIPS 06099,,,2825,,2024 (rough estimate),"[ESTIMATED — distributed from rough state-based exchange total (200,000) by 2024 county population. Covered CA enrollment estimate]"
CA,Sutter,State-Based Exchange QHP / Medicaid Managed Care,Anthem Blue Cross of California,Elevance Health,FIPS 06101,,,500,,2024 (rough estimate),"[ESTIMATED — distributed from rough state-based exchange total (200,000) by 2024 county population. Covered CA enrollment estimate]"
CA,Tehama,State-Based Exchange QHP / Medicaid Managed Care,Anthem Blue Cross of California,Elevance Health,FIPS 06103,,,327,,2024 (rough estimate),"[ESTIMATED — distributed from rough state-based exchange total (200,000) by 2024 county population. Covered CA enrollment estimate]"
CA,Trinity,State-Based Exchange QHP / Medicaid Managed Care,Anthem Blue Cross of California,Elevance Health,FIPS 06105,,,79,,2024 (rough estimate),"[ESTIMATED — distributed from rough state-based exchange total (200,000) by 2024 county population. Covered CA enrollment estimate]"
CA,Tulare,State-Based Exchange QHP / Medicaid Managed Care,Anthem Blue Cross of California,Elevance Health,FIPS 06107,,,2453,,2024 (rough estimate),"[ESTIMATED — distributed from rough state-based exchange total (200,000) by 2024 county population. Covered CA enrollment estimate]"
CA,Tuolumne,State-Based Exchange QHP / Medicaid Managed Care,Anthem Blue Cross of California,Elevance Health,FIPS 06109,,,273,,2024 (rough estimate),"[ESTIMATED — distributed from rough state-based exchange total (200,000) by 2024 county population. Covered CA enrollment estimate]"
CA,Ventura,State-Based Exchange QHP / Medicaid Managed Care,Anthem Blue Cross of California,Elevance Health,FIPS 06111,,,4237,,2024 (rough estimate),"[ESTIMATED — distributed from rough state-based exchange total (200,000) by 2024 county population. Covered CA enrollment estimate]"
CA,Yolo,State-Based Exchange QHP / Medicaid Managed Care,Anthem Blue Cross of California,Elevance Health,FIPS 06113,,,1142,,2024 (rough estimate),"[ESTIMATED — distributed from rough state-based exchange total (200,000) by 2024 county population. Covered CA enrollment estimate]"
CA,Yuba,State-Based Exchange QHP / Medicaid Managed Care,Anthem Blue Cross of California,Elevance Health,FIPS 06115,,,444,,2024 (rough estimate),"[ESTIMATED — distributed from rough state-based exchange total (200,000) by 2024 county population. Covered CA enrollment estimate]"
CA,Alameda,State-Based Exchange QHP / Medicaid Managed Care,Kaiser Permanente CA,Kaiser Foundation Health Plan,FIPS 06001,,,20074,,2024 (rough estimate),"[ESTIMATED — distributed from rough state-based exchange total (480,000) by 2024 county population. Covered CA enrollment estimate]"
CA,Amador,State-Based Exchange QHP / Medicaid Managed Care,Kaiser Permanente CA,Kaiser Foundation Health Plan,FIPS 06005,,,512,,2024 (rough estimate),"[ESTIMATED — distributed from rough state-based exchange total (480,000) by 2024 county population. Covered CA enrollment estimate]"
CA,Butte,State-Based Exchange QHP / Medicaid Managed Care,Kaiser Permanente CA,Kaiser Foundation Health Plan,FIPS 06007,,,2536,,2024 (rough estimate),"[ESTIMATED — distributed from rough state-based exchange total (480,000) by 2024 county population. Covered CA enrollment estimate]"
CA,Calaveras,State-Based Exchange QHP / Medicaid Managed Care,Kaiser Permanente CA,Kaiser Foundation Health Plan,FIPS 06009,,,566,,2024 (rough estimate),"[ESTIMATED — distributed from rough state-based exchange total (480,000) by 2024 county population. Covered CA enrollment estimate]"
CA,Colusa,State-Based Exchange QHP / Medicaid Managed Care,Kaiser Permanente CA,Kaiser Foundation Health Plan,FIPS 06011,,,269,,2024 (rough estimate),"[ESTIMATED — distributed from rough state-based exchange total (480,000) by 2024 county population. Covered CA enrollment estimate]"
CA,Contra Costa,State-Based Exchange QHP / Medicaid Managed Care,Kaiser Permanente CA,Kaiser Foundation Health Plan,FIPS 06013,,,14274,,2024 (rough estimate),"[ESTIMATED — distributed from rough state-based exchange total (480,000) by 2024 county population. Covered CA enrollment estimate]"
CA,Del Norte,State-Based Exchange QHP / Medicaid Managed Care,Kaiser Permanente CA,Kaiser Foundation Health Plan,FIPS 06015,,,329,,2024 (rough estimate),"[ESTIMATED — distributed from rough state-based exchange total (480,000) by 2024 county population. Covered CA enrollment estimate]"
CA,El Dorado,State-Based Exchange QHP / Medicaid Managed Care,Kaiser Permanente CA,Kaiser Foundation Health Plan,FIPS 06017,,,2347,,2024 (rough estimate),"[ESTIMATED — distributed from rough state-based exchange total (480,000) by 2024 county population. Covered CA enrollment estimate]"
CA,Fresno,State-Based Exchange QHP / Medicaid Managed Care,Kaiser Permanente CA,Kaiser Foundation Health Plan,FIPS 06019,,,12467,,2024 (rough estimate),"[ESTIMATED — distributed from rough state-based exchange total (480,000) by 2024 county population. Covered CA enrollment estimate]"
CA,Glenn,State-Based Exchange QHP / Medicaid Managed Care,Kaiser Permanente CA,Kaiser Foundation Health Plan,FIPS 06021,,,345,,2024 (rough estimate),"[ESTIMATED — distributed from rough state-based exchange total (480,000) by 2024 county population. Covered CA enrollment estimate]"
CA,Humboldt,State-Based Exchange QHP / Medicaid Managed Care,Kaiser Permanente CA,Kaiser Foundation Health Plan,FIPS 06023,,,1611,,2024 (rough estimate),"[ESTIMATED — distributed from rough state-based exchange total (480,000) by 2024 county population. Covered CA enrollment estimate]"
CA,Imperial,State-Based Exchange QHP / Medicaid Managed Care,Kaiser Permanente CA,Kaiser Foundation Health Plan,FIPS 06025,,,2212,,2024 (rough estimate),"[ESTIMATED — distributed from rough state-based exchange total (480,000) by 2024 county population. Covered CA enrollment estimate]"
CA,Inyo,State-Based Exchange QHP / Medicaid Managed Care,Kaiser Permanente CA,Kaiser Foundation Health Plan,FIPS 06027,,,225,,2024 (rough estimate),"[ESTIMATED — distributed from rough state-based exchange total (480,000) by 2024 county population. Covered CA enrollment estimate]"
CA,Kern,State-Based Exchange QHP / Medicaid Managed Care,Kaiser Permanente CA,Kaiser Foundation Health Plan,FIPS 06029,,,11230,,2024 (rough estimate),"[ESTIMATED — distributed from rough state-based exchange total (480,000) by 2024 county population. Covered CA enrollment estimate]"
CA,Kings,State-Based Exchange QHP / Medicaid Managed Care,Kaiser Permanente CA,Kaiser Foundation Health Plan,FIPS 06031,,,1886,,2024 (rough estimate),"[ESTIMATED — distributed from rough state-based exchange total (480,000) by 2024 county population. Covered CA enrollment estimate]"
CA,Lake,State-Based Exchange QHP / Medicaid Managed Care,Kaiser Permanente CA,Kaiser Foundation Health Plan,FIPS 06033,,,825,,2024 (rough estimate),"[ESTIMATED — distributed from rough state-based exchange total (480,000) by 2024 county population. Covered CA enrollment estimate]"
CA,Lassen,State-Based Exchange QHP / Medicaid Managed Care,Kaiser Permanente CA,Kaiser Foundation Health Plan,FIPS 06035,,,345,,2024 (rough estimate),"[ESTIMATED — distributed from rough state-based exchange total (480,000) by 2024 county population. Covered CA enrollment estimate]"
CA,Los Angeles,State-Based Exchange QHP / Medicaid Managed Care,Kaiser Permanente CA,Kaiser Foundation Health Plan,FIPS 06037,,,118775,,2024 (rough estimate),"[ESTIMATED — distributed from rough state-based exchange total (480,000) by 2024 county population. Covered CA enrollment estimate]"
CA,Madera,State-Based Exchange QHP / Medicaid Managed Care,Kaiser Permanente CA,Kaiser Foundation Health Plan,FIPS 06039,,,2014,,2024 (rough estimate),"[ESTIMATED — distributed from rough state-based exchange total (480,000) by 2024 county population. Covered CA enrollment estimate]"
CA,Marin,State-Based Exchange QHP / Medicaid Managed Care,Kaiser Permanente CA,Kaiser Foundation Health Plan,FIPS 06041,,,3121,,2024 (rough estimate),"[ESTIMATED — distributed from rough state-based exchange total (480,000) by 2024 county population. Covered CA enrollment estimate]"
CA,Mariposa,State-Based Exchange QHP / Medicaid Managed Care,Kaiser Permanente CA,Kaiser Foundation Health Plan,FIPS 06043,,,208,,2024 (rough estimate),"[ESTIMATED — distributed from rough state-based exchange total (480,000) by 2024 county population. Covered CA enrollment estimate]"
CA,Mendocino,State-Based Exchange QHP / Medicaid Managed Care,Kaiser Permanente CA,Kaiser Foundation Health Plan,FIPS 06045,,,1086,,2024 (rough estimate),"[ESTIMATED — distributed from rough state-based exchange total (480,000) by 2024 county population. Covered CA enrollment estimate]"
CA,Merced,State-Based Exchange QHP / Medicaid Managed Care,Kaiser Permanente CA,Kaiser Foundation Health Plan,FIPS 06047,,,3613,,2024 (rough estimate),"[ESTIMATED — distributed from rough state-based exchange total (480,000) by 2024 county population. Covered CA enrollment estimate]"
CA,Modoc,State-Based Exchange QHP / Medicaid Managed Care,Kaiser Permanente CA,Kaiser Foundation Health Plan,FIPS 06049,,,103,,2024 (rough estimate),"[ESTIMATED — distributed from rough state-based exchange total (480,000) by 2024 county population. Covered CA enrollment estimate]"
CA,Mono,State-Based Exchange QHP / Medicaid Managed Care,Kaiser Permanente CA,Kaiser Foundation Health Plan,FIPS 06051,,,158,,2024 (rough estimate),"[ESTIMATED — distributed from rough state-based exchange total (480,000) by 2024 county population. Covered CA enrollment estimate]"
CA,Monterey,State-Based Exchange QHP / Medicaid Managed Care,Kaiser Permanente CA,Kaiser Foundation Health Plan,FIPS 06053,,,5311,,2024 (rough estimate),"[ESTIMATED — distributed from rough state-based exchange total (480,000) by 2024 county population. Covered CA enrollment estimate]"
CA,Napa,State-Based Exchange QHP / Medicaid Managed Care,Kaiser Permanente CA,Kaiser Foundation Health Plan,FIPS 06055,,,1616,,2024 (rough estimate),"[ESTIMATED — distributed from rough state-based exchange total (480,000) by 2024 county population. Covered CA enrollment estimate]"
CA,Nevada,State-Based Exchange QHP / Medicaid Managed Care,Kaiser Permanente CA,Kaiser Foundation Health Plan,FIPS 06057,,,1244,,2024 (rough estimate),"[ESTIMATED — distributed from rough state-based exchange total (480,000) by 2024 county population. Covered CA enrollment estimate]"
CA,Orange,State-Based Exchange QHP / Medicaid Managed Care,Kaiser Permanente CA,Kaiser Foundation Health Plan,FIPS 06059,,,38594,,2024 (rough estimate),"[ESTIMATED — distributed from rough state-based exchange total (480,000) by 2024 county population. Covered CA enrollment estimate]"
CA,Placer,State-Based Exchange QHP / Medicaid Managed Care,Kaiser Permanente CA,Kaiser Foundation Health Plan,FIPS 06061,,,5281,,2024 (rough estimate),"[ESTIMATED — distributed from rough state-based exchange total (480,000) by 2024 county population. Covered CA enrollment estimate]"
CA,Plumas,State-Based Exchange QHP / Medicaid Managed Care,Kaiser Permanente CA,Kaiser Foundation Health Plan,FIPS 06063,,,229,,2024 (rough estimate),"[ESTIMATED — distributed from rough state-based exchange total (480,000) by 2024 county population. Covered CA enrollment estimate]"
CA,Riverside,State-Based Exchange QHP / Medicaid Managed Care,Kaiser Permanente CA,Kaiser Foundation Health Plan,FIPS 06065,,,30797,,2024 (rough estimate),"[ESTIMATED — distributed from rough state-based exchange total (480,000) by 2024 county population. Covered CA enrollment estimate]"
CA,Sacramento,State-Based Exchange QHP / Medicaid Managed Care,Kaiser Permanente CA,Kaiser Foundation Health Plan,FIPS 06067,,,19614,,2024 (rough estimate),"[ESTIMATED — distributed from rough state-based exchange total (480,000) by 2024 county population. Covered CA enrollment estimate]"
CA,San Benito,State-Based Exchange QHP / Medicaid Managed Care,Kaiser Permanente CA,Kaiser Foundation Health Plan,FIPS 06069,,,842,,2024 (rough estimate),"[ESTIMATED — distributed from rough state-based exchange total (480,000) by 2024 county population. Covered CA enrollment estimate]"
CA,San Bernardino,State-Based Exchange QHP / Medicaid Managed Care,Kaiser Permanente CA,Kaiser Foundation Health Plan,FIPS 06071,,,26955,,2024 (rough estimate),"[ESTIMATED — distributed from rough state-based exchange total (480,000) by 2024 county population. Covered CA enrollment estimate]"
CA,San Diego,State-Based Exchange QHP / Medicaid Managed Care,Kaiser Permanente CA,Kaiser Foundation Health Plan,FIPS 06073,,,40157,,2024 (rough estimate),"[ESTIMATED — distributed from rough state-based exchange total (480,000) by 2024 county population. Covered CA enrollment estimate]"
CA,San Francisco,State-Based Exchange QHP / Medicaid Managed Care,Kaiser Permanente CA,Kaiser Foundation Health Plan,FIPS 06075,,,10074,,2024 (rough estimate),"[ESTIMATED — distributed from rough state-based exchange total (480,000) by 2024 county population. Covered CA enrollment estimate]"
CA,San Joaquin,State-Based Exchange QHP / Medicaid Managed Care,Kaiser Permanente CA,Kaiser Foundation Health Plan,FIPS 06077,,,9935,,2024 (rough estimate),"[ESTIMATED — distributed from rough state-based exchange total (480,000) by 2024 county population. Covered CA enrollment estimate]"
CA,San Luis Obispo,State-Based Exchange QHP / Medicaid Managed Care,Kaiser Permanente CA,Kaiser Foundation Health Plan,FIPS 06079,,,3431,,2024 (rough estimate),"[ESTIMATED — distributed from rough state-based exchange total (480,000) by 2024 county population. Covered CA enrollment estimate]"
CA,San Mateo,State-Based Exchange QHP / Medicaid Managed Care,Kaiser Permanente CA,Kaiser Foundation Health Plan,FIPS 06081,,,9043,,2024 (rough estimate),"[ESTIMATED — distributed from rough state-based exchange total (480,000) by 2024 county population. Covered CA enrollment estimate]"
CA,Santa Barbara,State-Based Exchange QHP / Medicaid Managed Care,Kaiser Permanente CA,Kaiser Foundation Health Plan,FIPS 06083,,,5411,,2024 (rough estimate),"[ESTIMATED — distributed from rough state-based exchange total (480,000) by 2024 county population. Covered CA enrollment estimate]"
CA,Santa Clara,State-Based Exchange QHP / Medicaid Managed Care,Kaiser Permanente CA,Kaiser Foundation Health Plan,FIPS 06085,,,23449,,2024 (rough estimate),"[ESTIMATED — distributed from rough state-based exchange total (480,000) by 2024 county population. Covered CA enrollment estimate]"
CA,Santa Cruz,State-Based Exchange QHP / Medicaid Managed Care,Kaiser Permanente CA,Kaiser Foundation Health Plan,FIPS 06087,,,3194,,2024 (rough estimate),"[ESTIMATED — distributed from rough state-based exchange total (480,000) by 2024 county population. Covered CA enrollment estimate]"
CA,Shasta,State-Based Exchange QHP / Medicaid Managed Care,Kaiser Permanente CA,Kaiser Foundation Health Plan,FIPS 06089,,,2205,,2024 (rough estimate),"[ESTIMATED — distributed from rough state-based exchange total (480,000) by 2024 county population. Covered CA enrollment estimate]"
CA,Siskiyou,State-Based Exchange QHP / Medicaid Managed Care,Kaiser Permanente CA,Kaiser Foundation Health Plan,FIPS 06093,,,517,,2024 (rough estimate),"[ESTIMATED — distributed from rough state-based exchange total (480,000) by 2024 county population. Covered CA enrollment estimate]"
CA,Solano,State-Based Exchange QHP / Medicaid Managed Care,Kaiser Permanente CA,Kaiser Foundation Health Plan,FIPS 06095,,,5540,,2024 (rough estimate),"[ESTIMATED — distributed from rough state-based exchange total (480,000) by 2024 county population. Covered CA enrollment estimate]"
CA,Sonoma,State-Based Exchange QHP / Medicaid Managed Care,Kaiser Permanente CA,Kaiser Foundation Health Plan,FIPS 06097,,,5909,,2024 (rough estimate),"[ESTIMATED — distributed from rough state-based exchange total (480,000) by 2024 county population. Covered CA enrollment estimate]"
CA,Stanislaus,State-Based Exchange QHP / Medicaid Managed Care,Kaiser Permanente CA,Kaiser Foundation Health Plan,FIPS 06099,,,6780,,2024 (rough estimate),"[ESTIMATED — distributed from rough state-based exchange total (480,000) by 2024 county population. Covered CA enrollment estimate]"
CA,Sutter,State-Based Exchange QHP / Medicaid Managed Care,Kaiser Permanente CA,Kaiser Foundation Health Plan,FIPS 06101,,,1200,,2024 (rough estimate),"[ESTIMATED — distributed from rough state-based exchange total (480,000) by 2024 county population. Covered CA enrollment estimate]"
CA,Tehama,State-Based Exchange QHP / Medicaid Managed Care,Kaiser Permanente CA,Kaiser Foundation Health Plan,FIPS 06103,,,785,,2024 (rough estimate),"[ESTIMATED — distributed from rough state-based exchange total (480,000) by 2024 county population. Covered CA enrollment estimate]"
CA,Trinity,State-Based Exchange QHP / Medicaid Managed Care,Kaiser Permanente CA,Kaiser Foundation Health Plan,FIPS 06105,,,190,,2024 (rough estimate),"[ESTIMATED — distributed from rough state-based exchange total (480,000) by 2024 county population. Covered CA enrollment estimate]"
CA,Tulare,State-Based Exchange QHP / Medicaid Managed Care,Kaiser Permanente CA,Kaiser Foundation Health Plan,FIPS 06107,,,5886,,2024 (rough estimate),"[ESTIMATED — distributed from rough state-based exchange total (480,000) by 2024 county population. Covered CA enrollment estimate]"
CA,Tuolumne,State-Based Exchange QHP / Medicaid Managed Care,Kaiser Permanente CA,Kaiser Foundation Health Plan,FIPS 06109,,,656,,2024 (rough estimate),"[ESTIMATED — distributed from rough state-based exchange total (480,000) by 2024 county population. Covered CA enrollment estimate]"
CA,Ventura,State-Based Exchange QHP / Medicaid Managed Care,Kaiser Permanente CA,Kaiser Foundation Health Plan,FIPS 06111,,,10170,,2024 (rough estimate),"[ESTIMATED — distributed from rough state-based exchange total (480,000) by 2024 county population. Covered CA enrollment estimate]"
CA,Yolo,State-Based Exchange QHP / Medicaid Managed Care,Kaiser Permanente CA,Kaiser Foundation Health Plan,FIPS 06113,,,2742,,2024 (rough estimate),"[ESTIMATED — distributed from rough state-based exchange total (480,000) by 2024 county population. Covered CA enrollment estimate]"
CA,Yuba,State-Based Exchange QHP / Medicaid Managed Care,Kaiser Permanente CA,Kaiser Foundation Health Plan,FIPS 06115,,,1065,,2024 (rough estimate),"[ESTIMATED — distributed from rough state-based exchange total (480,000) by 2024 county population. Covered CA enrollment estimate]"
CA,Alameda,State-Based Exchange QHP / Medicaid Managed Care,Blue Shield of California,Blue Shield of California,FIPS 06001,,,13383,,2024 (rough estimate),"[ESTIMATED — distributed from rough state-based exchange total (320,000) by 2024 county population. Covered CA enrollment estimate]"
CA,Amador,State-Based Exchange QHP / Medicaid Managed Care,Blue Shield of California,Blue Shield of California,FIPS 06005,,,341,,2024 (rough estimate),"[ESTIMATED — distributed from rough state-based exchange total (320,000) by 2024 county population. Covered CA enrollment estimate]"
CA,Butte,State-Based Exchange QHP / Medicaid Managed Care,Blue Shield of California,Blue Shield of California,FIPS 06007,,,1691,,2024 (rough estimate),"[ESTIMATED — distributed from rough state-based exchange total (320,000) by 2024 county population. Covered CA enrollment estimate]"
CA,Calaveras,State-Based Exchange QHP / Medicaid Managed Care,Blue Shield of California,Blue Shield of California,FIPS 06009,,,377,,2024 (rough estimate),"[ESTIMATED — distributed from rough state-based exchange total (320,000) by 2024 county population. Covered CA enrollment estimate]"
CA,Colusa,State-Based Exchange QHP / Medicaid Managed Care,Blue Shield of California,Blue Shield of California,FIPS 06011,,,179,,2024 (rough estimate),"[ESTIMATED — distributed from rough state-based exchange total (320,000) by 2024 county population. Covered CA enrollment estimate]"
CA,Contra Costa,State-Based Exchange QHP / Medicaid Managed Care,Blue Shield of California,Blue Shield of California,FIPS 06013,,,9516,,2024 (rough estimate),"[ESTIMATED — distributed from rough state-based exchange total (320,000) by 2024 county population. Covered CA enrollment estimate]"
CA,Del Norte,State-Based Exchange QHP / Medicaid Managed Care,Blue Shield of California,Blue Shield of California,FIPS 06015,,,219,,2024 (rough estimate),"[ESTIMATED — distributed from rough state-based exchange total (320,000) by 2024 county population. Covered CA enrollment estimate]"
CA,El Dorado,State-Based Exchange QHP / Medicaid Managed Care,Blue Shield of California,Blue Shield of California,FIPS 06017,,,1565,,2024 (rough estimate),"[ESTIMATED — distributed from rough state-based exchange total (320,000) by 2024 county population. Covered CA enrollment estimate]"
CA,Fresno,State-Based Exchange QHP / Medicaid Managed Care,Blue Shield of California,Blue Shield of California,FIPS 06019,,,8311,,2024 (rough estimate),"[ESTIMATED — distributed from rough state-based exchange total (320,000) by 2024 county population. Covered CA enrollment estimate]"
CA,Glenn,State-Based Exchange QHP / Medicaid Managed Care,Blue Shield of California,Blue Shield of California,FIPS 06021,,,230,,2024 (rough estimate),"[ESTIMATED — distributed from rough state-based exchange total (320,000) by 2024 county population. Covered CA enrollment estimate]"
CA,Humboldt,State-Based Exchange QHP / Medicaid Managed Care,Blue Shield of California,Blue Shield of California,FIPS 06023,,,1074,,2024 (rough estimate),"[ESTIMATED — distributed from rough state-based exchange total (320,000) by 2024 county population. Covered CA enrollment estimate]"
CA,Imperial,State-Based Exchange QHP / Medicaid Managed Care,Blue Shield of California,Blue Shield of California,FIPS 06025,,,1475,,2024 (rough estimate),"[ESTIMATED — distributed from rough state-based exchange total (320,000) by 2024 county population. Covered CA enrollment estimate]"
CA,Inyo,State-Based Exchange QHP / Medicaid Managed Care,Blue Shield of California,Blue Shield of California,FIPS 06027,,,150,,2024 (rough estimate),"[ESTIMATED — distributed from rough state-based exchange total (320,000) by 2024 county population. Covered CA enrollment estimate]"
CA,Kern,State-Based Exchange QHP / Medicaid Managed Care,Blue Shield of California,Blue Shield of California,FIPS 06029,,,7487,,2024 (rough estimate),"[ESTIMATED — distributed from rough state-based exchange total (320,000) by 2024 county population. Covered CA enrollment estimate]"
CA,Kings,State-Based Exchange QHP / Medicaid Managed Care,Blue Shield of California,Blue Shield of California,FIPS 06031,,,1257,,2024 (rough estimate),"[ESTIMATED — distributed from rough state-based exchange total (320,000) by 2024 county population. Covered CA enrollment estimate]"
CA,Lake,State-Based Exchange QHP / Medicaid Managed Care,Blue Shield of California,Blue Shield of California,FIPS 06033,,,550,,2024 (rough estimate),"[ESTIMATED — distributed from rough state-based exchange total (320,000) by 2024 county population. Covered CA enrollment estimate]"
CA,Lassen,State-Based Exchange QHP / Medicaid Managed Care,Blue Shield of California,Blue Shield of California,FIPS 06035,,,230,,2024 (rough estimate),"[ESTIMATED — distributed from rough state-based exchange total (320,000) by 2024 county population. Covered CA enrollment estimate]"
CA,Los Angeles,State-Based Exchange QHP / Medicaid Managed Care,Blue Shield of California,Blue Shield of California,FIPS 06037,,,79183,,2024 (rough estimate),"[ESTIMATED — distributed from rough state-based exchange total (320,000) by 2024 county population. Covered CA enrollment estimate]"
CA,Madera,State-Based Exchange QHP / Medicaid Managed Care,Blue Shield of California,Blue Shield of California,FIPS 06039,,,1343,,2024 (rough estimate),"[ESTIMATED — distributed from rough state-based exchange total (320,000) by 2024 county population. Covered CA enrollment estimate]"
CA,Marin,State-Based Exchange QHP / Medicaid Managed Care,Blue Shield of California,Blue Shield of California,FIPS 06041,,,2081,,2024 (rough estimate),"[ESTIMATED — distributed from rough state-based exchange total (320,000) by 2024 county population. Covered CA enrollment estimate]"
CA,Mariposa,State-Based Exchange QHP / Medicaid Managed Care,Blue Shield of California,Blue Shield of California,FIPS 06043,,,138,,2024 (rough estimate),"[ESTIMATED — distributed from rough state-based exchange total (320,000) by 2024 county population. Covered CA enrollment estimate]"
CA,Mendocino,State-Based Exchange QHP / Medicaid Managed Care,Blue Shield of California,Blue Shield of California,FIPS 06045,,,724,,2024 (rough estimate),"[ESTIMATED — distributed from rough state-based exchange total (320,000) by 2024 county population. Covered CA enrollment estimate]"
CA,Merced,State-Based Exchange QHP / Medicaid Managed Care,Blue Shield of California,Blue Shield of California,FIPS 06047,,,2408,,2024 (rough estimate),"[ESTIMATED — distributed from rough state-based exchange total (320,000) by 2024 county population. Covered CA enrollment estimate]"
CA,Modoc,State-Based Exchange QHP / Medicaid Managed Care,Blue Shield of California,Blue Shield of California,FIPS 06049,,,69,,2024 (rough estimate),"[ESTIMATED — distributed from rough state-based exchange total (320,000) by 2024 county population. Covered CA enrollment estimate]"
CA,Mono,State-Based Exchange QHP / Medicaid Managed Care,Blue Shield of California,Blue Shield of California,FIPS 06051,,,105,,2024 (rough estimate),"[ESTIMATED — distributed from rough state-based exchange total (320,000) by 2024 county population. Covered CA enrollment estimate]"
CA,Monterey,State-Based Exchange QHP / Medicaid Managed Care,Blue Shield of California,Blue Shield of California,FIPS 06053,,,3540,,2024 (rough estimate),"[ESTIMATED — distributed from rough state-based exchange total (320,000) by 2024 county population. Covered CA enrollment estimate]"
CA,Napa,State-Based Exchange QHP / Medicaid Managed Care,Blue Shield of California,Blue Shield of California,FIPS 06055,,,1077,,2024 (rough estimate),"[ESTIMATED — distributed from rough state-based exchange total (320,000) by 2024 county population. Covered CA enrollment estimate]"
CA,Nevada,State-Based Exchange QHP / Medicaid Managed Care,Blue Shield of California,Blue Shield of California,FIPS 06057,,,829,,2024 (rough estimate),"[ESTIMATED — distributed from rough state-based exchange total (320,000) by 2024 county population. Covered CA enrollment estimate]"
CA,Orange,State-Based Exchange QHP / Medicaid Managed Care,Blue Shield of California,Blue Shield of California,FIPS 06059,,,25729,,2024 (rough estimate),"[ESTIMATED — distributed from rough state-based exchange total (320,000) by 2024 county population. Covered CA enrollment estimate]"
CA,Placer,State-Based Exchange QHP / Medicaid Managed Care,Blue Shield of California,Blue Shield of California,FIPS 06061,,,3521,,2024 (rough estimate),"[ESTIMATED — distributed from rough state-based exchange total (320,000) by 2024 county population. Covered CA enrollment estimate]"
CA,Plumas,State-Based Exchange QHP / Medicaid Managed Care,Blue Shield of California,Blue Shield of California,FIPS 06063,,,153,,2024 (rough estimate),"[ESTIMATED — distributed from rough state-based exchange total (320,000) by 2024 county population. Covered CA enrollment estimate]"
CA,Riverside,State-Based Exchange QHP / Medicaid Managed Care,Blue Shield of California,Blue Shield of California,FIPS 06065,,,20531,,2024 (rough estimate),"[ESTIMATED — distributed from rough state-based exchange total (320,000) by 2024 county population. Covered CA enrollment estimate]"
CA,Sacramento,State-Based Exchange QHP / Medicaid Managed Care,Blue Shield of California,Blue Shield of California,FIPS 06067,,,13076,,2024 (rough estimate),"[ESTIMATED — distributed from rough state-based exchange total (320,000) by 2024 county population. Covered CA enrollment estimate]"
CA,San Benito,State-Based Exchange QHP / Medicaid Managed Care,Blue Shield of California,Blue Shield of California,FIPS 06069,,,561,,2024 (rough estimate),"[ESTIMATED — distributed from rough state-based exchange total (320,000) by 2024 county population. Covered CA enrollment estimate]"
CA,San Bernardino,State-Based Exchange QHP / Medicaid Managed Care,Blue Shield of California,Blue Shield of California,FIPS 06071,,,17970,,2024 (rough estimate),"[ESTIMATED — distributed from rough state-based exchange total (320,000) by 2024 county population. Covered CA enrollment estimate]"
CA,San Diego,State-Based Exchange QHP / Medicaid Managed Care,Blue Shield of California,Blue Shield of California,FIPS 06073,,,26771,,2024 (rough estimate),"[ESTIMATED — distributed from rough state-based exchange total (320,000) by 2024 county population. Covered CA enrollment estimate]"
CA,San Francisco,State-Based Exchange QHP / Medicaid Managed Care,Blue Shield of California,Blue Shield of California,FIPS 06075,,,6716,,2024 (rough estimate),"[ESTIMATED — distributed from rough state-based exchange total (320,000) by 2024 county population. Covered CA enrollment estimate]"
CA,San Joaquin,State-Based Exchange QHP / Medicaid Managed Care,Blue Shield of California,Blue Shield of California,FIPS 06077,,,6623,,2024 (rough estimate),"[ESTIMATED — distributed from rough state-based exchange total (320,000) by 2024 county population. Covered CA enrollment estimate]"
CA,San Luis Obispo,State-Based Exchange QHP / Medicaid Managed Care,Blue Shield of California,Blue Shield of California,FIPS 06079,,,2287,,2024 (rough estimate),"[ESTIMATED — distributed from rough state-based exchange total (320,000) by 2024 county population. Covered CA enrollment estimate]"
CA,San Mateo,State-Based Exchange QHP / Medicaid Managed Care,Blue Shield of California,Blue Shield of California,FIPS 06081,,,6029,,2024 (rough estimate),"[ESTIMATED — distributed from rough state-based exchange total (320,000) by 2024 county population. Covered CA enrollment estimate]"
CA,Santa Barbara,State-Based Exchange QHP / Medicaid Managed Care,Blue Shield of California,Blue Shield of California,FIPS 06083,,,3607,,2024 (rough estimate),"[ESTIMATED — distributed from rough state-based exchange total (320,000) by 2024 county population. Covered CA enrollment estimate]"
CA,Santa Clara,State-Based Exchange QHP / Medicaid Managed Care,Blue Shield of California,Blue Shield of California,FIPS 06085,,,15633,,2024 (rough estimate),"[ESTIMATED — distributed from rough state-based exchange total (320,000) by 2024 county population. Covered CA enrollment estimate]"
CA,Santa Cruz,State-Based Exchange QHP / Medicaid Managed Care,Blue Shield of California,Blue Shield of California,FIPS 06087,,,2130,,2024 (rough estimate),"[ESTIMATED — distributed from rough state-based exchange total (320,000) by 2024 county population. Covered CA enrollment estimate]"
CA,Shasta,State-Based Exchange QHP / Medicaid Managed Care,Blue Shield of California,Blue Shield of California,FIPS 06089,,,1470,,2024 (rough estimate),"[ESTIMATED — distributed from rough state-based exchange total (320,000) by 2024 county population. Covered CA enrollment estimate]"
CA,Siskiyou,State-Based Exchange QHP / Medicaid Managed Care,Blue Shield of California,Blue Shield of California,FIPS 06093,,,345,,2024 (rough estimate),"[ESTIMATED — distributed from rough state-based exchange total (320,000) by 2024 county population. Covered CA enrollment estimate]"
CA,Solano,State-Based Exchange QHP / Medicaid Managed Care,Blue Shield of California,Blue Shield of California,FIPS 06095,,,3693,,2024 (rough estimate),"[ESTIMATED — distributed from rough state-based exchange total (320,000) by 2024 county population. Covered CA enrollment estimate]"
CA,Sonoma,State-Based Exchange QHP / Medicaid Managed Care,Blue Shield of California,Blue Shield of California,FIPS 06097,,,3939,,2024 (rough estimate),"[ESTIMATED — distributed from rough state-based exchange total (320,000) by 2024 county population. Covered CA enrollment estimate]"
CA,Stanislaus,State-Based Exchange QHP / Medicaid Managed Care,Blue Shield of California,Blue Shield of California,FIPS 06099,,,4520,,2024 (rough estimate),"[ESTIMATED — distributed from rough state-based exchange total (320,000) by 2024 county population. Covered CA enrollment estimate]"
CA,Sutter,State-Based Exchange QHP / Medicaid Managed Care,Blue Shield of California,Blue Shield of California,FIPS 06101,,,800,,2024 (rough estimate),"[ESTIMATED — distributed from rough state-based exchange total (320,000) by 2024 county population. Covered CA enrollment estimate]"
CA,Tehama,State-Based Exchange QHP / Medicaid Managed Care,Blue Shield of California,Blue Shield of California,FIPS 06103,,,523,,2024 (rough estimate),"[ESTIMATED — distributed from rough state-based exchange total (320,000) by 2024 county population. Covered CA enrollment estimate]"
CA,Trinity,State-Based Exchange QHP / Medicaid Managed Care,Blue Shield of California,Blue Shield of California,FIPS 06105,,,127,,2024 (rough estimate),"[ESTIMATED — distributed from rough state-based exchange total (320,000) by 2024 county population. Covered CA enrollment estimate]"
CA,Tulare,State-Based Exchange QHP / Medicaid Managed Care,Blue Shield of California,Blue Shield of California,FIPS 06107,,,3924,,2024 (rough estimate),"[ESTIMATED — distributed from rough state-based exchange total (320,000) by 2024 county population. Covered CA enrollment estimate]"
CA,Tuolumne,State-Based Exchange QHP / Medicaid Managed Care,Blue Shield of California,Blue Shield of California,FIPS 06109,,,437,,2024 (rough estimate),"[ESTIMATED — distributed from rough state-based exchange total (320,000) by 2024 county population. Covered CA enrollment estimate]"
CA,Ventura,State-Based Exchange QHP / Medicaid Managed Care,Blue Shield of California,Blue Shield of California,FIPS 06111,,,6780,,2024 (rough estimate),"[ESTIMATED — distributed from rough state-based exchange total (320,000) by 2024 county population. Covered CA enrollment estimate]"
CA,Yolo,State-Based Exchange QHP / Medicaid Managed Care,Blue Shield of California,Blue Shield of California,FIPS 06113,,,1828,,2024 (rough estimate),"[ESTIMATED — distributed from rough state-based exchange total (320,000) by 2024 county population. Covered CA enrollment estimate]"
CA,Yuba,State-Based Exchange QHP / Medicaid Managed Care,Blue Shield of California,Blue Shield of California,FIPS 06115,,,710,,2024 (rough estimate),"[ESTIMATED — distributed from rough state-based exchange total (320,000) by 2024 county population. Covered CA enrollment estimate]"
CA,Alameda,State-Based Exchange QHP / Medicaid Managed Care,Health Net of California,Centene,FIPS 06001,,,8364,,2024 (rough estimate),"[ESTIMATED — distributed from rough state-based exchange total (200,000) by 2024 county population. Covered CA Centene/Health Net enrollment estimate]"
CA,Amador,State-Based Exchange QHP / Medicaid Managed Care,Health Net of California,Centene,FIPS 06005,,,213,,2024 (rough estimate),"[ESTIMATED — distributed from rough state-based exchange total (200,000) by 2024 county population. Covered CA Centene/Health Net enrollment estimate]"
CA,Butte,State-Based Exchange QHP / Medicaid Managed Care,Health Net of California,Centene,FIPS 06007,,,1057,,2024 (rough estimate),"[ESTIMATED — distributed from rough state-based exchange total (200,000) by 2024 county population. Covered CA Centene/Health Net enrollment estimate]"
CA,Calaveras,State-Based Exchange QHP / Medicaid Managed Care,Health Net of California,Centene,FIPS 06009,,,236,,2024 (rough estimate),"[ESTIMATED — distributed from rough state-based exchange total (200,000) by 2024 county population. Covered CA Centene/Health Net enrollment estimate]"
CA,Colusa,State-Based Exchange QHP / Medicaid Managed Care,Health Net of California,Centene,FIPS 06011,,,112,,2024 (rough estimate),"[ESTIMATED — distributed from rough state-based exchange total (200,000) by 2024 county population. Covered CA Centene/Health Net enrollment estimate]"
CA,Contra Costa,State-Based Exchange QHP / Medicaid Managed Care,Health Net of California,Centene,FIPS 06013,,,5948,,2024 (rough estimate),"[ESTIMATED — distributed from rough state-based exchange total (200,000) by 2024 county population. Covered CA Centene/Health Net enrollment estimate]"
CA,Del Norte,State-Based Exchange QHP / Medicaid Managed Care,Health Net of California,Centene,FIPS 06015,,,137,,2024 (rough estimate),"[ESTIMATED — distributed from rough state-based exchange total (200,000) by 2024 county population. Covered CA Centene/Health Net enrollment estimate]"
CA,El Dorado,State-Based Exchange QHP / Medicaid Managed Care,Health Net of California,Centene,FIPS 06017,,,978,,2024 (rough estimate),"[ESTIMATED — distributed from rough state-based exchange total (200,000) by 2024 county population. Covered CA Centene/Health Net enrollment estimate]"
CA,Fresno,State-Based Exchange QHP / Medicaid Managed Care,Health Net of California,Centene,FIPS 06019,,,5194,,2024 (rough estimate),"[ESTIMATED — distributed from rough state-based exchange total (200,000) by 2024 county population. Covered CA Centene/Health Net enrollment estimate]"
CA,Glenn,State-Based Exchange QHP / Medicaid Managed Care,Health Net of California,Centene,FIPS 06021,,,144,,2024 (rough estimate),"[ESTIMATED — distributed from rough state-based exchange total (200,000) by 2024 county population. Covered CA Centene/Health Net enrollment estimate]"
CA,Humboldt,State-Based Exchange QHP / Medicaid Managed Care,Health Net of California,Centene,FIPS 06023,,,671,,2024 (rough estimate),"[ESTIMATED — distributed from rough state-based exchange total (200,000) by 2024 county population. Covered CA Centene/Health Net enrollment estimate]"
CA,Imperial,State-Based Exchange QHP / Medicaid Managed Care,Health Net of California,Centene,FIPS 06025,,,922,,2024 (rough estimate),"[ESTIMATED — distributed from rough state-based exchange total (200,000) by 2024 county population. Covered CA Centene/Health Net enrollment estimate]"
CA,Inyo,State-Based Exchange QHP / Medicaid Managed Care,Health Net of California,Centene,FIPS 06027,,,94,,2024 (rough estimate),"[ESTIMATED — distributed from rough state-based exchange total (200,000) by 2024 county population. Covered CA Centene/Health Net enrollment estimate]"
CA,Kern,State-Based Exchange QHP / Medicaid Managed Care,Health Net of California,Centene,FIPS 06029,,,4679,,2024 (rough estimate),"[ESTIMATED — distributed from rough state-based exchange total (200,000) by 2024 county population. Covered CA Centene/Health Net enrollment estimate]"
CA,Kings,State-Based Exchange QHP / Medicaid Managed Care,Health Net of California,Centene,FIPS 06031,,,786,,2024 (rough estimate),"[ESTIMATED — distributed from rough state-based exchange total (200,000) by 2024 county population. Covered CA Centene/Health Net enrollment estimate]"
CA,Lake,State-Based Exchange QHP / Medicaid Managed Care,Health Net of California,Centene,FIPS 06033,,,344,,2024 (rough estimate),"[ESTIMATED — distributed from rough state-based exchange total (200,000) by 2024 county population. Covered CA Centene/Health Net enrollment estimate]"
CA,Lassen,State-Based Exchange QHP / Medicaid Managed Care,Health Net of California,Centene,FIPS 06035,,,144,,2024 (rough estimate),"[ESTIMATED — distributed from rough state-based exchange total (200,000) by 2024 county population. Covered CA Centene/Health Net enrollment estimate]"
CA,Los Angeles,State-Based Exchange QHP / Medicaid Managed Care,Health Net of California,Centene,FIPS 06037,,,49490,,2024 (rough estimate),"[ESTIMATED — distributed from rough state-based exchange total (200,000) by 2024 county population. Covered CA Centene/Health Net enrollment estimate]"
CA,Madera,State-Based Exchange QHP / Medicaid Managed Care,Health Net of California,Centene,FIPS 06039,,,839,,2024 (rough estimate),"[ESTIMATED — distributed from rough state-based exchange total (200,000) by 2024 county population. Covered CA Centene/Health Net enrollment estimate]"
CA,Marin,State-Based Exchange QHP / Medicaid Managed Care,Health Net of California,Centene,FIPS 06041,,,1300,,2024 (rough estimate),"[ESTIMATED — distributed from rough state-based exchange total (200,000) by 2024 county population. Covered CA Centene/Health Net enrollment estimate]"
CA,Mariposa,State-Based Exchange QHP / Medicaid Managed Care,Health Net of California,Centene,FIPS 06043,,,86,,2024 (rough estimate),"[ESTIMATED — distributed from rough state-based exchange total (200,000) by 2024 county population. Covered CA Centene/Health Net enrollment estimate]"
CA,Mendocino,State-Based Exchange QHP / Medicaid Managed Care,Health Net of California,Centene,FIPS 06045,,,452,,2024 (rough estimate),"[ESTIMATED — distributed from rough state-based exchange total (200,000) by 2024 county population. Covered CA Centene/Health Net enrollment estimate]"
CA,Merced,State-Based Exchange QHP / Medicaid Managed Care,Health Net of California,Centene,FIPS 06047,,,1505,,2024 (rough estimate),"[ESTIMATED — distributed from rough state-based exchange total (200,000) by 2024 county population. Covered CA Centene/Health Net enrollment estimate]"
CA,Mono,State-Based Exchange QHP / Medicaid Managed Care,Health Net of California,Centene,FIPS 06051,,,66,,2024 (rough estimate),"[ESTIMATED — distributed from rough state-based exchange total (200,000) by 2024 county population. Covered CA Centene/Health Net enrollment estimate]"
CA,Monterey,State-Based Exchange QHP / Medicaid Managed Care,Health Net of California,Centene,FIPS 06053,,,2213,,2024 (rough estimate),"[ESTIMATED — distributed from rough state-based exchange total (200,000) by 2024 county population. Covered CA Centene/Health Net enrollment estimate]"
CA,Napa,State-Based Exchange QHP / Medicaid Managed Care,Health Net of California,Centene,FIPS 06055,,,673,,2024 (rough estimate),"[ESTIMATED — distributed from rough state-based exchange total (200,000) by 2024 county population. Covered CA Centene/Health Net enrollment estimate]"
CA,Nevada,State-Based Exchange QHP / Medicaid Managed Care,Health Net of California,Centene,FIPS 06057,,,518,,2024 (rough estimate),"[ESTIMATED — distributed from rough state-based exchange total (200,000) by 2024 county population. Covered CA Centene/Health Net enrollment estimate]"
CA,Orange,State-Based Exchange QHP / Medicaid Managed Care,Health Net of California,Centene,FIPS 06059,,,16081,,2024 (rough estimate),"[ESTIMATED — distributed from rough state-based exchange total (200,000) by 2024 county population. Covered CA Centene/Health Net enrollment estimate]"
CA,Placer,State-Based Exchange QHP / Medicaid Managed Care,Health Net of California,Centene,FIPS 06061,,,2200,,2024 (rough estimate),"[ESTIMATED — distributed from rough state-based exchange total (200,000) by 2024 county population. Covered CA Centene/Health Net enrollment estimate]"
CA,Plumas,State-Based Exchange QHP / Medicaid Managed Care,Health Net of California,Centene,FIPS 06063,,,96,,2024 (rough estimate),"[ESTIMATED — distributed from rough state-based exchange total (200,000) by 2024 county population. Covered CA Centene/Health Net enrollment estimate]"
CA,Riverside,State-Based Exchange QHP / Medicaid Managed Care,Health Net of California,Centene,FIPS 06065,,,12832,,2024 (rough estimate),"[ESTIMATED — distributed from rough state-based exchange total (200,000) by 2024 county population. Covered CA Centene/Health Net enrollment estimate]"
CA,Sacramento,State-Based Exchange QHP / Medicaid Managed Care,Health Net of California,Centene,FIPS 06067,,,8172,,2024 (rough estimate),"[ESTIMATED — distributed from rough state-based exchange total (200,000) by 2024 county population. Covered CA Centene/Health Net enrollment estimate]"
CA,San Benito,State-Based Exchange QHP / Medicaid Managed Care,Health Net of California,Centene,FIPS 06069,,,351,,2024 (rough estimate),"[ESTIMATED — distributed from rough state-based exchange total (200,000) by 2024 county population. Covered CA Centene/Health Net enrollment estimate]"
CA,San Bernardino,State-Based Exchange QHP / Medicaid Managed Care,Health Net of California,Centene,FIPS 06071,,,11231,,2024 (rough estimate),"[ESTIMATED — distributed from rough state-based exchange total (200,000) by 2024 county population. Covered CA Centene/Health Net enrollment estimate]"
CA,San Diego,State-Based Exchange QHP / Medicaid Managed Care,Health Net of California,Centene,FIPS 06073,,,16732,,2024 (rough estimate),"[ESTIMATED — distributed from rough state-based exchange total (200,000) by 2024 county population. Covered CA Centene/Health Net enrollment estimate]"
CA,San Francisco,State-Based Exchange QHP / Medicaid Managed Care,Health Net of California,Centene,FIPS 06075,,,4197,,2024 (rough estimate),"[ESTIMATED — distributed from rough state-based exchange total (200,000) by 2024 county population. Covered CA Centene/Health Net enrollment estimate]"
CA,San Joaquin,State-Based Exchange QHP / Medicaid Managed Care,Health Net of California,Centene,FIPS 06077,,,4139,,2024 (rough estimate),"[ESTIMATED — distributed from rough state-based exchange total (200,000) by 2024 county population. Covered CA Centene/Health Net enrollment estimate]"
CA,San Luis Obispo,State-Based Exchange QHP / Medicaid Managed Care,Health Net of California,Centene,FIPS 06079,,,1430,,2024 (rough estimate),"[ESTIMATED — distributed from rough state-based exchange total (200,000) by 2024 county population. Covered CA Centene/Health Net enrollment estimate]"
CA,San Mateo,State-Based Exchange QHP / Medicaid Managed Care,Health Net of California,Centene,FIPS 06081,,,3768,,2024 (rough estimate),"[ESTIMATED — distributed from rough state-based exchange total (200,000) by 2024 county population. Covered CA Centene/Health Net enrollment estimate]"
CA,Santa Barbara,State-Based Exchange QHP / Medicaid Managed Care,Health Net of California,Centene,FIPS 06083,,,2255,,2024 (rough estimate),"[ESTIMATED — distributed from rough state-based exchange total (200,000) by 2024 county population. Covered CA Centene/Health Net enrollment estimate]"
CA,Santa Clara,State-Based Exchange QHP / Medicaid Managed Care,Health Net of California,Centene,FIPS 06085,,,9771,,2024 (rough estimate),"[ESTIMATED — distributed from rough state-based exchange total (200,000) by 2024 county population. Covered CA Centene/Health Net enrollment estimate]"
CA,Santa Cruz,State-Based Exchange QHP / Medicaid Managed Care,Health Net of California,Centene,FIPS 06087,,,1331,,2024 (rough estimate),"[ESTIMATED — distributed from rough state-based exchange total (200,000) by 2024 county population. Covered CA Centene/Health Net enrollment estimate]"
CA,Shasta,State-Based Exchange QHP / Medicaid Managed Care,Health Net of California,Centene,FIPS 06089,,,919,,2024 (rough estimate),"[ESTIMATED — distributed from rough state-based exchange total (200,000) by 2024 county population. Covered CA Centene/Health Net enrollment estimate]"
CA,Siskiyou,State-Based Exchange QHP / Medicaid Managed Care,Health Net of California,Centene,FIPS 06093,,,216,,2024 (rough estimate),"[ESTIMATED — distributed from rough state-based exchange total (200,000) by 2024 county population. Covered CA Centene/Health Net enrollment estimate]"
CA,Solano,State-Based Exchange QHP / Medicaid Managed Care,Health Net of California,Centene,FIPS 06095,,,2308,,2024 (rough estimate),"[ESTIMATED — distributed from rough state-based exchange total (200,000) by 2024 county population. Covered CA Centene/Health Net enrollment estimate]"
CA,Sonoma,State-Based Exchange QHP / Medicaid Managed Care,Health Net of California,Centene,FIPS 06097,,,2462,,2024 (rough estimate),"[ESTIMATED — distributed from rough state-based exchange total (200,000) by 2024 county population. Covered CA Centene/Health Net enrollment estimate]"
CA,Stanislaus,State-Based Exchange QHP / Medicaid Managed Care,Health Net of California,Centene,FIPS 06099,,,2825,,2024 (rough estimate),"[ESTIMATED — distributed from rough state-based exchange total (200,000) by 2024 county population. Covered CA Centene/Health Net enrollment estimate]"
CA,Sutter,State-Based Exchange QHP / Medicaid Managed Care,Health Net of California,Centene,FIPS 06101,,,500,,2024 (rough estimate),"[ESTIMATED — distributed from rough state-based exchange total (200,000) by 2024 county population. Covered CA Centene/Health Net enrollment estimate]"
CA,Tehama,State-Based Exchange QHP / Medicaid Managed Care,Health Net of California,Centene,FIPS 06103,,,327,,2024 (rough estimate),"[ESTIMATED — distributed from rough state-based exchange total (200,000) by 2024 county population. Covered CA Centene/Health Net enrollment estimate]"
CA,Trinity,State-Based Exchange QHP / Medicaid Managed Care,Health Net of California,Centene,FIPS 06105,,,79,,2024 (rough estimate),"[ESTIMATED — distributed from rough state-based exchange total (200,000) by 2024 county population. Covered CA Centene/Health Net enrollment estimate]"
CA,Tulare,State-Based Exchange QHP / Medicaid Managed Care,Health Net of California,Centene,FIPS 06107,,,2453,,2024 (rough estimate),"[ESTIMATED — distributed from rough state-based exchange total (200,000) by 2024 county population. Covered CA Centene/Health Net enrollment estimate]"
CA,Tuolumne,State-Based Exchange QHP / Medicaid Managed Care,Health Net of California,Centene,FIPS 06109,,,273,,2024 (rough estimate),"[ESTIMATED — distributed from rough state-based exchange total (200,000) by 2024 county population. Covered CA Centene/Health Net enrollment estimate]"
CA,Ventura,State-Based Exchange QHP / Medicaid Managed Care,Health Net of California,Centene,FIPS 06111,,,4237,,2024 (rough estimate),"[ESTIMATED — distributed from rough state-based exchange total (200,000) by 2024 county population. Covered CA Centene/Health Net enrollment estimate]"
CA,Yolo,State-Based Exchange QHP / Medicaid Managed Care,Health Net of California,Centene,FIPS 06113,,,1142,,2024 (rough estimate),"[ESTIMATED — distributed from rough state-based exchange total (200,000) by 2024 county population. Covered CA Centene/Health Net enrollment estimate]"
CA,Yuba,State-Based Exchange QHP / Medicaid Managed Care,Health Net of California,Centene,FIPS 06115,,,444,,2024 (rough estimate),"[ESTIMATED — distributed from rough state-based exchange total (200,000) by 2024 county population. Covered CA Centene/Health Net enrollment estimate]"
CA,Alameda,State-Based Exchange QHP / Medicaid Managed Care,Molina Healthcare CA,Molina Healthcare,FIPS 06001,,,6273,,2024 (rough estimate),"[ESTIMATED — distributed from rough state-based exchange total (150,000) by 2024 county population. Covered CA enrollment estimate]"
CA,Amador,State-Based Exchange QHP / Medicaid Managed Care,Molina Healthcare CA,Molina Healthcare,FIPS 06005,,,160,,2024 (rough estimate),"[ESTIMATED — distributed from rough state-based exchange total (150,000) by 2024 county population. Covered CA enrollment estimate]"
CA,Butte,State-Based Exchange QHP / Medicaid Managed Care,Molina Healthcare CA,Molina Healthcare,FIPS 06007,,,793,,2024 (rough estimate),"[ESTIMATED — distributed from rough state-based exchange total (150,000) by 2024 county population. Covered CA enrollment estimate]"
CA,Calaveras,State-Based Exchange QHP / Medicaid Managed Care,Molina Healthcare CA,Molina Healthcare,FIPS 06009,,,177,,2024 (rough estimate),"[ESTIMATED — distributed from rough state-based exchange total (150,000) by 2024 county population. Covered CA enrollment estimate]"
CA,Colusa,State-Based Exchange QHP / Medicaid Managed Care,Molina Healthcare CA,Molina Healthcare,FIPS 06011,,,84,,2024 (rough estimate),"[ESTIMATED — distributed from rough state-based exchange total (150,000) by 2024 county population. Covered CA enrollment estimate]"
CA,Contra Costa,State-Based Exchange QHP / Medicaid Managed Care,Molina Healthcare CA,Molina Healthcare,FIPS 06013,,,4461,,2024 (rough estimate),"[ESTIMATED — distributed from rough state-based exchange total (150,000) by 2024 county population. Covered CA enrollment estimate]"
CA,Del Norte,State-Based Exchange QHP / Medicaid Managed Care,Molina Healthcare CA,Molina Healthcare,FIPS 06015,,,103,,2024 (rough estimate),"[ESTIMATED — distributed from rough state-based exchange total (150,000) by 2024 county population. Covered CA enrollment estimate]"
CA,El Dorado,State-Based Exchange QHP / Medicaid Managed Care,Molina Healthcare CA,Molina Healthcare,FIPS 06017,,,734,,2024 (rough estimate),"[ESTIMATED — distributed from rough state-based exchange total (150,000) by 2024 county population. Covered CA enrollment estimate]"
CA,Fresno,State-Based Exchange QHP / Medicaid Managed Care,Molina Healthcare CA,Molina Healthcare,FIPS 06019,,,3896,,2024 (rough estimate),"[ESTIMATED — distributed from rough state-based exchange total (150,000) by 2024 county population. Covered CA enrollment estimate]"
CA,Glenn,State-Based Exchange QHP / Medicaid Managed Care,Molina Healthcare CA,Molina Healthcare,FIPS 06021,,,108,,2024 (rough estimate),"[ESTIMATED — distributed from rough state-based exchange total (150,000) by 2024 county population. Covered CA enrollment estimate]"
CA,Humboldt,State-Based Exchange QHP / Medicaid Managed Care,Molina Healthcare CA,Molina Healthcare,FIPS 06023,,,504,,2024 (rough estimate),"[ESTIMATED — distributed from rough state-based exchange total (150,000) by 2024 county population. Covered CA enrollment estimate]"
CA,Imperial,State-Based Exchange QHP / Medicaid Managed Care,Molina Healthcare CA,Molina Healthcare,FIPS 06025,,,691,,2024 (rough estimate),"[ESTIMATED — distributed from rough state-based exchange total (150,000) by 2024 county population. Covered CA enrollment estimate]"
CA,Inyo,State-Based Exchange QHP / Medicaid Managed Care,Molina Healthcare CA,Molina Healthcare,FIPS 06027,,,70,,2024 (rough estimate),"[ESTIMATED — distributed from rough state-based exchange total (150,000) by 2024 county population. Covered CA enrollment estimate]"
CA,Kern,State-Based Exchange QHP / Medicaid Managed Care,Molina Healthcare CA,Molina Healthcare,FIPS 06029,,,3509,,2024 (rough estimate),"[ESTIMATED — distributed from rough state-based exchange total (150,000) by 2024 county population. Covered CA enrollment estimate]"
CA,Kings,State-Based Exchange QHP / Medicaid Managed Care,Molina Healthcare CA,Molina Healthcare,FIPS 06031,,,589,,2024 (rough estimate),"[ESTIMATED — distributed from rough state-based exchange total (150,000) by 2024 county population. Covered CA enrollment estimate]"
CA,Lake,State-Based Exchange QHP / Medicaid Managed Care,Molina Healthcare CA,Molina Healthcare,FIPS 06033,,,258,,2024 (rough estimate),"[ESTIMATED — distributed from rough state-based exchange total (150,000) by 2024 county population. Covered CA enrollment estimate]"
CA,Lassen,State-Based Exchange QHP / Medicaid Managed Care,Molina Healthcare CA,Molina Healthcare,FIPS 06035,,,108,,2024 (rough estimate),"[ESTIMATED — distributed from rough state-based exchange total (150,000) by 2024 county population. Covered CA enrollment estimate]"
CA,Los Angeles,State-Based Exchange QHP / Medicaid Managed Care,Molina Healthcare CA,Molina Healthcare,FIPS 06037,,,37117,,2024 (rough estimate),"[ESTIMATED — distributed from rough state-based exchange total (150,000) by 2024 county population. Covered CA enrollment estimate]"
CA,Madera,State-Based Exchange QHP / Medicaid Managed Care,Molina Healthcare CA,Molina Healthcare,FIPS 06039,,,629,,2024 (rough estimate),"[ESTIMATED — distributed from rough state-based exchange total (150,000) by 2024 county population. Covered CA enrollment estimate]"
CA,Marin,State-Based Exchange QHP / Medicaid Managed Care,Molina Healthcare CA,Molina Healthcare,FIPS 06041,,,975,,2024 (rough estimate),"[ESTIMATED — distributed from rough state-based exchange total (150,000) by 2024 county population. Covered CA enrollment estimate]"
CA,Mariposa,State-Based Exchange QHP / Medicaid Managed Care,Molina Healthcare CA,Molina Healthcare,FIPS 06043,,,65,,2024 (rough estimate),"[ESTIMATED — distributed from rough state-based exchange total (150,000) by 2024 county population. Covered CA enrollment estimate]"
CA,Mendocino,State-Based Exchange QHP / Medicaid Managed Care,Molina Healthcare CA,Molina Healthcare,FIPS 06045,,,339,,2024 (rough estimate),"[ESTIMATED — distributed from rough state-based exchange total (150,000) by 2024 county population. Covered CA enrollment estimate]"
CA,Merced,State-Based Exchange QHP / Medicaid Managed Care,Molina Healthcare CA,Molina Healthcare,FIPS 06047,,,1129,,2024 (rough estimate),"[ESTIMATED — distributed from rough state-based exchange total (150,000) by 2024 county population. Covered CA enrollment estimate]"
CA,Monterey,State-Based Exchange QHP / Medicaid Managed Care,Molina Healthcare CA,Molina Healthcare,FIPS 06053,,,1660,,2024 (rough estimate),"[ESTIMATED — distributed from rough state-based exchange total (150,000) by 2024 county population. Covered CA enrollment estimate]"
CA,Napa,State-Based Exchange QHP / Medicaid Managed Care,Molina Healthcare CA,Molina Healthcare,FIPS 06055,,,505,,2024 (rough estimate),"[ESTIMATED — distributed from rough state-based exchange total (150,000) by 2024 county population. Covered CA enrollment estimate]"
CA,Nevada,State-Based Exchange QHP / Medicaid Managed Care,Molina Healthcare CA,Molina Healthcare,FIPS 06057,,,389,,2024 (rough estimate),"[ESTIMATED — distributed from rough state-based exchange total (150,000) by 2024 county population. Covered CA enrollment estimate]"
CA,Orange,State-Based Exchange QHP / Medicaid Managed Care,Molina Healthcare CA,Molina Healthcare,FIPS 06059,,,12061,,2024 (rough estimate),"[ESTIMATED — distributed from rough state-based exchange total (150,000) by 2024 county population. Covered CA enrollment estimate]"
CA,Placer,State-Based Exchange QHP / Medicaid Managed Care,Molina Healthcare CA,Molina Healthcare,FIPS 06061,,,1650,,2024 (rough estimate),"[ESTIMATED — distributed from rough state-based exchange total (150,000) by 2024 county population. Covered CA enrollment estimate]"
CA,Plumas,State-Based Exchange QHP / Medicaid Managed Care,Molina Healthcare CA,Molina Healthcare,FIPS 06063,,,72,,2024 (rough estimate),"[ESTIMATED — distributed from rough state-based exchange total (150,000) by 2024 county population. Covered CA enrollment estimate]"
CA,Riverside,State-Based Exchange QHP / Medicaid Managed Care,Molina Healthcare CA,Molina Healthcare,FIPS 06065,,,9624,,2024 (rough estimate),"[ESTIMATED — distributed from rough state-based exchange total (150,000) by 2024 county population. Covered CA enrollment estimate]"
CA,Sacramento,State-Based Exchange QHP / Medicaid Managed Care,Molina Healthcare CA,Molina Healthcare,FIPS 06067,,,6129,,2024 (rough estimate),"[ESTIMATED — distributed from rough state-based exchange total (150,000) by 2024 county population. Covered CA enrollment estimate]"
CA,San Benito,State-Based Exchange QHP / Medicaid Managed Care,Molina Healthcare CA,Molina Healthcare,FIPS 06069,,,263,,2024 (rough estimate),"[ESTIMATED — distributed from rough state-based exchange total (150,000) by 2024 county population. Covered CA enrollment estimate]"
CA,San Bernardino,State-Based Exchange QHP / Medicaid Managed Care,Molina Healthcare CA,Molina Healthcare,FIPS 06071,,,8423,,2024 (rough estimate),"[ESTIMATED — distributed from rough state-based exchange total (150,000) by 2024 county population. Covered CA enrollment estimate]"
CA,San Diego,State-Based Exchange QHP / Medicaid Managed Care,Molina Healthcare CA,Molina Healthcare,FIPS 06073,,,12549,,2024 (rough estimate),"[ESTIMATED — distributed from rough state-based exchange total (150,000) by 2024 county population. Covered CA enrollment estimate]"
CA,San Francisco,State-Based Exchange QHP / Medicaid Managed Care,Molina Healthcare CA,Molina Healthcare,FIPS 06075,,,3148,,2024 (rough estimate),"[ESTIMATED — distributed from rough state-based exchange total (150,000) by 2024 county population. Covered CA enrollment estimate]"
CA,San Joaquin,State-Based Exchange QHP / Medicaid Managed Care,Molina Healthcare CA,Molina Healthcare,FIPS 06077,,,3105,,2024 (rough estimate),"[ESTIMATED — distributed from rough state-based exchange total (150,000) by 2024 county population. Covered CA enrollment estimate]"
CA,San Luis Obispo,State-Based Exchange QHP / Medicaid Managed Care,Molina Healthcare CA,Molina Healthcare,FIPS 06079,,,1072,,2024 (rough estimate),"[ESTIMATED — distributed from rough state-based exchange total (150,000) by 2024 county population. Covered CA enrollment estimate]"
CA,San Mateo,State-Based Exchange QHP / Medicaid Managed Care,Molina Healthcare CA,Molina Healthcare,FIPS 06081,,,2826,,2024 (rough estimate),"[ESTIMATED — distributed from rough state-based exchange total (150,000) by 2024 county population. Covered CA enrollment estimate]"
CA,Santa Barbara,State-Based Exchange QHP / Medicaid Managed Care,Molina Healthcare CA,Molina Healthcare,FIPS 06083,,,1691,,2024 (rough estimate),"[ESTIMATED — distributed from rough state-based exchange total (150,000) by 2024 county population. Covered CA enrollment estimate]"
CA,Santa Clara,State-Based Exchange QHP / Medicaid Managed Care,Molina Healthcare CA,Molina Healthcare,FIPS 06085,,,7328,,2024 (rough estimate),"[ESTIMATED — distributed from rough state-based exchange total (150,000) by 2024 county population. Covered CA enrollment estimate]"
CA,Santa Cruz,State-Based Exchange QHP / Medicaid Managed Care,Molina Healthcare CA,Molina Healthcare,FIPS 06087,,,998,,2024 (rough estimate),"[ESTIMATED — distributed from rough state-based exchange total (150,000) by 2024 county population. Covered CA enrollment estimate]"
CA,Shasta,State-Based Exchange QHP / Medicaid Managed Care,Molina Healthcare CA,Molina Healthcare,FIPS 06089,,,689,,2024 (rough estimate),"[ESTIMATED — distributed from rough state-based exchange total (150,000) by 2024 county population. Covered CA enrollment estimate]"
CA,Siskiyou,State-Based Exchange QHP / Medicaid Managed Care,Molina Healthcare CA,Molina Healthcare,FIPS 06093,,,162,,2024 (rough estimate),"[ESTIMATED — distributed from rough state-based exchange total (150,000) by 2024 county population. Covered CA enrollment estimate]"
CA,Solano,State-Based Exchange QHP / Medicaid Managed Care,Molina Healthcare CA,Molina Healthcare,FIPS 06095,,,1731,,2024 (rough estimate),"[ESTIMATED — distributed from rough state-based exchange total (150,000) by 2024 county population. Covered CA enrollment estimate]"
CA,Sonoma,State-Based Exchange QHP / Medicaid Managed Care,Molina Healthcare CA,Molina Healthcare,FIPS 06097,,,1846,,2024 (rough estimate),"[ESTIMATED — distributed from rough state-based exchange total (150,000) by 2024 county population. Covered CA enrollment estimate]"
CA,Stanislaus,State-Based Exchange QHP / Medicaid Managed Care,Molina Healthcare CA,Molina Healthcare,FIPS 06099,,,2119,,2024 (rough estimate),"[ESTIMATED — distributed from rough state-based exchange total (150,000) by 2024 county population. Covered CA enrollment estimate]"
CA,Sutter,State-Based Exchange QHP / Medicaid Managed Care,Molina Healthcare CA,Molina Healthcare,FIPS 06101,,,375,,2024 (rough estimate),"[ESTIMATED — distributed from rough state-based exchange total (150,000) by 2024 county population. Covered CA enrollment estimate]"
CA,Tehama,State-Based Exchange QHP / Medicaid Managed Care,Molina Healthcare CA,Molina Healthcare,FIPS 06103,,,245,,2024 (rough estimate),"[ESTIMATED — distributed from rough state-based exchange total (150,000) by 2024 county population. Covered CA enrollment estimate]"
CA,Trinity,State-Based Exchange QHP / Medicaid Managed Care,Molina Healthcare CA,Molina Healthcare,FIPS 06105,,,60,,2024 (rough estimate),"[ESTIMATED — distributed from rough state-based exchange total (150,000) by 2024 county population. Covered CA enrollment estimate]"
CA,Tulare,State-Based Exchange QHP / Medicaid Managed Care,Molina Healthcare CA,Molina Healthcare,FIPS 06107,,,1839,,2024 (rough estimate),"[ESTIMATED — distributed from rough state-based exchange total (150,000) by 2024 county population. Covered CA enrollment estimate]"
CA,Tuolumne,State-Based Exchange QHP / Medicaid Managed Care,Molina Healthcare CA,Molina Healthcare,FIPS 06109,,,205,,2024 (rough estimate),"[ESTIMATED — distributed from rough state-based exchange total (150,000) by 2024 county population. Covered CA enrollment estimate]"
CA,Ventura,State-Based Exchange QHP / Medicaid Managed Care,Molina Healthcare CA,Molina Healthcare,FIPS 06111,,,3178,,2024 (rough estimate),"[ESTIMATED — distributed from rough state-based exchange total (150,000) by 2024 county population. Covered CA enrollment estimate]"
CA,Yolo,State-Based Exchange QHP / Medicaid Managed Care,Molina Healthcare CA,Molina Healthcare,FIPS 06113,,,857,,2024 (rough estimate),"[ESTIMATED — distributed from rough state-based exchange total (150,000) by 2024 county population. Covered CA enrollment estimate]"
CA,Yuba,State-Based Exchange QHP / Medicaid Managed Care,Molina Healthcare CA,Molina Healthcare,FIPS 06115,,,333,,2024 (rough estimate),"[ESTIMATED — distributed from rough state-based exchange total (150,000) by 2024 county population. Covered CA enrollment estimate]"
CA,Alameda,State-Based Exchange QHP / Medicaid Managed Care,L.A. Care Covered,LA Care,FIPS 06001,,,5437,,2024 (rough estimate),"[ESTIMATED — distributed from rough state-based exchange total (130,000) by 2024 county population. Covered CA enrollment estimate]"
CA,Amador,State-Based Exchange QHP / Medicaid Managed Care,L.A. Care Covered,LA Care,FIPS 06005,,,139,,2024 (rough estimate),"[ESTIMATED — distributed from rough state-based exchange total (130,000) by 2024 county population. Covered CA enrollment estimate]"
CA,Butte,State-Based Exchange QHP / Medicaid Managed Care,L.A. Care Covered,LA Care,FIPS 06007,,,687,,2024 (rough estimate),"[ESTIMATED — distributed from rough state-based exchange total (130,000) by 2024 county population. Covered CA enrollment estimate]"
CA,Calaveras,State-Based Exchange QHP / Medicaid Managed Care,L.A. Care Covered,LA Care,FIPS 06009,,,153,,2024 (rough estimate),"[ESTIMATED — distributed from rough state-based exchange total (130,000) by 2024 county population. Covered CA enrollment estimate]"
CA,Colusa,State-Based Exchange QHP / Medicaid Managed Care,L.A. Care Covered,LA Care,FIPS 06011,,,73,,2024 (rough estimate),"[ESTIMATED — distributed from rough state-based exchange total (130,000) by 2024 county population. Covered CA enrollment estimate]"
CA,Contra Costa,State-Based Exchange QHP / Medicaid Managed Care,L.A. Care Covered,LA Care,FIPS 06013,,,3866,,2024 (rough estimate),"[ESTIMATED — distributed from rough state-based exchange total (130,000) by 2024 county population. Covered CA enrollment estimate]"
CA,Del Norte,State-Based Exchange QHP / Medicaid Managed Care,L.A. Care Covered,LA Care,FIPS 06015,,,89,,2024 (rough estimate),"[ESTIMATED — distributed from rough state-based exchange total (130,000) by 2024 county population. Covered CA enrollment estimate]"
CA,El Dorado,State-Based Exchange QHP / Medicaid Managed Care,L.A. Care Covered,LA Care,FIPS 06017,,,636,,2024 (rough estimate),"[ESTIMATED — distributed from rough state-based exchange total (130,000) by 2024 county population. Covered CA enrollment estimate]"
CA,Fresno,State-Based Exchange QHP / Medicaid Managed Care,L.A. Care Covered,LA Care,FIPS 06019,,,3376,,2024 (rough estimate),"[ESTIMATED — distributed from rough state-based exchange total (130,000) by 2024 county population. Covered CA enrollment estimate]"
CA,Glenn,State-Based Exchange QHP / Medicaid Managed Care,L.A. Care Covered,LA Care,FIPS 06021,,,93,,2024 (rough estimate),"[ESTIMATED — distributed from rough state-based exchange total (130,000) by 2024 county population. Covered CA enrollment estimate]"
CA,Humboldt,State-Based Exchange QHP / Medicaid Managed Care,L.A. Care Covered,LA Care,FIPS 06023,,,436,,2024 (rough estimate),"[ESTIMATED — distributed from rough state-based exchange total (130,000) by 2024 county population. Covered CA enrollment estimate]"
CA,Imperial,State-Based Exchange QHP / Medicaid Managed Care,L.A. Care Covered,LA Care,FIPS 06025,,,599,,2024 (rough estimate),"[ESTIMATED — distributed from rough state-based exchange total (130,000) by 2024 county population. Covered CA enrollment estimate]"
CA,Inyo,State-Based Exchange QHP / Medicaid Managed Care,L.A. Care Covered,LA Care,FIPS 06027,,,61,,2024 (rough estimate),"[ESTIMATED — distributed from rough state-based exchange total (130,000) by 2024 county population. Covered CA enrollment estimate]"
CA,Kern,State-Based Exchange QHP / Medicaid Managed Care,L.A. Care Covered,LA Care,FIPS 06029,,,3041,,2024 (rough estimate),"[ESTIMATED — distributed from rough state-based exchange total (130,000) by 2024 county population. Covered CA enrollment estimate]"
CA,Kings,State-Based Exchange QHP / Medicaid Managed Care,L.A. Care Covered,LA Care,FIPS 06031,,,511,,2024 (rough estimate),"[ESTIMATED — distributed from rough state-based exchange total (130,000) by 2024 county population. Covered CA enrollment estimate]"
CA,Lake,State-Based Exchange QHP / Medicaid Managed Care,L.A. Care Covered,LA Care,FIPS 06033,,,223,,2024 (rough estimate),"[ESTIMATED — distributed from rough state-based exchange total (130,000) by 2024 county population. Covered CA enrollment estimate]"
CA,Lassen,State-Based Exchange QHP / Medicaid Managed Care,L.A. Care Covered,LA Care,FIPS 06035,,,93,,2024 (rough estimate),"[ESTIMATED — distributed from rough state-based exchange total (130,000) by 2024 county population. Covered CA enrollment estimate]"
CA,Los Angeles,State-Based Exchange QHP / Medicaid Managed Care,L.A. Care Covered,LA Care,FIPS 06037,,,32168,,2024 (rough estimate),"[ESTIMATED — distributed from rough state-based exchange total (130,000) by 2024 county population. Covered CA enrollment estimate]"
CA,Madera,State-Based Exchange QHP / Medicaid Managed Care,L.A. Care Covered,LA Care,FIPS 06039,,,545,,2024 (rough estimate),"[ESTIMATED — distributed from rough state-based exchange total (130,000) by 2024 county population. Covered CA enrollment estimate]"
CA,Marin,State-Based Exchange QHP / Medicaid Managed Care,L.A. Care Covered,LA Care,FIPS 06041,,,845,,2024 (rough estimate),"[ESTIMATED — distributed from rough state-based exchange total (130,000) by 2024 county population. Covered CA enrollment estimate]"
CA,Mariposa,State-Based Exchange QHP / Medicaid Managed Care,L.A. Care Covered,LA Care,FIPS 06043,,,56,,2024 (rough estimate),"[ESTIMATED — distributed from rough state-based exchange total (130,000) by 2024 county population. Covered CA enrollment estimate]"
CA,Mendocino,State-Based Exchange QHP / Medicaid Managed Care,L.A. Care Covered,LA Care,FIPS 06045,,,294,,2024 (rough estimate),"[ESTIMATED — distributed from rough state-based exchange total (130,000) by 2024 county population. Covered CA enrollment estimate]"
CA,Merced,State-Based Exchange QHP / Medicaid Managed Care,L.A. Care Covered,LA Care,FIPS 06047,,,978,,2024 (rough estimate),"[ESTIMATED — distributed from rough state-based exchange total (130,000) by 2024 county population. Covered CA enrollment estimate]"
CA,Monterey,State-Based Exchange QHP / Medicaid Managed Care,L.A. Care Covered,LA Care,FIPS 06053,,,1438,,2024 (rough estimate),"[ESTIMATED — distributed from rough state-based exchange total (130,000) by 2024 county population. Covered CA enrollment estimate]"
CA,Napa,State-Based Exchange QHP / Medicaid Managed Care,L.A. Care Covered,LA Care,FIPS 06055,,,438,,2024 (rough estimate),"[ESTIMATED — distributed from rough state-based exchange total (130,000) by 2024 county population. Covered CA enrollment estimate]"
CA,Nevada,State-Based Exchange QHP / Medicaid Managed Care,L.A. Care Covered,LA Care,FIPS 06057,,,337,,2024 (rough estimate),"[ESTIMATED — distributed from rough state-based exchange total (130,000) by 2024 county population. Covered CA enrollment estimate]"
CA,Orange,State-Based Exchange QHP / Medicaid Managed Care,L.A. Care Covered,LA Care,FIPS 06059,,,10453,,2024 (rough estimate),"[ESTIMATED — distributed from rough state-based exchange total (130,000) by 2024 county population. Covered CA enrollment estimate]"
CA,Placer,State-Based Exchange QHP / Medicaid Managed Care,L.A. Care Covered,LA Care,FIPS 06061,,,1430,,2024 (rough estimate),"[ESTIMATED — distributed from rough state-based exchange total (130,000) by 2024 county population. Covered CA enrollment estimate]"
CA,Plumas,State-Based Exchange QHP / Medicaid Managed Care,L.A. Care Covered,LA Care,FIPS 06063,,,62,,2024 (rough estimate),"[ESTIMATED — distributed from rough state-based exchange total (130,000) by 2024 county population. Covered CA enrollment estimate]"
CA,Riverside,State-Based Exchange QHP / Medicaid Managed Care,L.A. Care Covered,LA Care,FIPS 06065,,,8341,,2024 (rough estimate),"[ESTIMATED — distributed from rough state-based exchange total (130,000) by 2024 county population. Covered CA enrollment estimate]"
CA,Sacramento,State-Based Exchange QHP / Medicaid Managed Care,L.A. Care Covered,LA Care,FIPS 06067,,,5312,,2024 (rough estimate),"[ESTIMATED — distributed from rough state-based exchange total (130,000) by 2024 county population. Covered CA enrollment estimate]"
CA,San Benito,State-Based Exchange QHP / Medicaid Managed Care,L.A. Care Covered,LA Care,FIPS 06069,,,228,,2024 (rough estimate),"[ESTIMATED — distributed from rough state-based exchange total (130,000) by 2024 county population. Covered CA enrollment estimate]"
CA,San Bernardino,State-Based Exchange QHP / Medicaid Managed Care,L.A. Care Covered,LA Care,FIPS 06071,,,7300,,2024 (rough estimate),"[ESTIMATED — distributed from rough state-based exchange total (130,000) by 2024 county population. Covered CA enrollment estimate]"
CA,San Diego,State-Based Exchange QHP / Medicaid Managed Care,L.A. Care Covered,LA Care,FIPS 06073,,,10876,,2024 (rough estimate),"[ESTIMATED — distributed from rough state-based exchange total (130,000) by 2024 county population. Covered CA enrollment estimate]"
CA,San Francisco,State-Based Exchange QHP / Medicaid Managed Care,L.A. Care Covered,LA Care,FIPS 06075,,,2728,,2024 (rough estimate),"[ESTIMATED — distributed from rough state-based exchange total (130,000) by 2024 county population. Covered CA enrollment estimate]"
CA,San Joaquin,State-Based Exchange QHP / Medicaid Managed Care,L.A. Care Covered,LA Care,FIPS 06077,,,2691,,2024 (rough estimate),"[ESTIMATED — distributed from rough state-based exchange total (130,000) by 2024 county population. Covered CA enrollment estimate]"
CA,San Luis Obispo,State-Based Exchange QHP / Medicaid Managed Care,L.A. Care Covered,LA Care,FIPS 06079,,,929,,2024 (rough estimate),"[ESTIMATED — distributed from rough state-based exchange total (130,000) by 2024 county population. Covered CA enrollment estimate]"
CA,San Mateo,State-Based Exchange QHP / Medicaid Managed Care,L.A. Care Covered,LA Care,FIPS 06081,,,2449,,2024 (rough estimate),"[ESTIMATED — distributed from rough state-based exchange total (130,000) by 2024 county population. Covered CA enrollment estimate]"
CA,Santa Barbara,State-Based Exchange QHP / Medicaid Managed Care,L.A. Care Covered,LA Care,FIPS 06083,,,1465,,2024 (rough estimate),"[ESTIMATED — distributed from rough state-based exchange total (130,000) by 2024 county population. Covered CA enrollment estimate]"
CA,Santa Clara,State-Based Exchange QHP / Medicaid Managed Care,L.A. Care Covered,LA Care,FIPS 06085,,,6351,,2024 (rough estimate),"[ESTIMATED — distributed from rough state-based exchange total (130,000) by 2024 county population. Covered CA enrollment estimate]"
CA,Santa Cruz,State-Based Exchange QHP / Medicaid Managed Care,L.A. Care Covered,LA Care,FIPS 06087,,,865,,2024 (rough estimate),"[ESTIMATED — distributed from rough state-based exchange total (130,000) by 2024 county population. Covered CA enrollment estimate]"
CA,Shasta,State-Based Exchange QHP / Medicaid Managed Care,L.A. Care Covered,LA Care,FIPS 06089,,,597,,2024 (rough estimate),"[ESTIMATED — distributed from rough state-based exchange total (130,000) by 2024 county population. Covered CA enrollment estimate]"
CA,Siskiyou,State-Based Exchange QHP / Medicaid Managed Care,L.A. Care Covered,LA Care,FIPS 06093,,,140,,2024 (rough estimate),"[ESTIMATED — distributed from rough state-based exchange total (130,000) by 2024 county population. Covered CA enrollment estimate]"
CA,Solano,State-Based Exchange QHP / Medicaid Managed Care,L.A. Care Covered,LA Care,FIPS 06095,,,1500,,2024 (rough estimate),"[ESTIMATED — distributed from rough state-based exchange total (130,000) by 2024 county population. Covered CA enrollment estimate]"
CA,Sonoma,State-Based Exchange QHP / Medicaid Managed Care,L.A. Care Covered,LA Care,FIPS 06097,,,1600,,2024 (rough estimate),"[ESTIMATED — distributed from rough state-based exchange total (130,000) by 2024 county population. Covered CA enrollment estimate]"
CA,Stanislaus,State-Based Exchange QHP / Medicaid Managed Care,L.A. Care Covered,LA Care,FIPS 06099,,,1836,,2024 (rough estimate),"[ESTIMATED — distributed from rough state-based exchange total (130,000) by 2024 county population. Covered CA enrollment estimate]"
CA,Sutter,State-Based Exchange QHP / Medicaid Managed Care,L.A. Care Covered,LA Care,FIPS 06101,,,325,,2024 (rough estimate),"[ESTIMATED — distributed from rough state-based exchange total (130,000) by 2024 county population. Covered CA enrollment estimate]"
CA,Tehama,State-Based Exchange QHP / Medicaid Managed Care,L.A. Care Covered,LA Care,FIPS 06103,,,212,,2024 (rough estimate),"[ESTIMATED — distributed from rough state-based exchange total (130,000) by 2024 county population. Covered CA enrollment estimate]"
CA,Trinity,State-Based Exchange QHP / Medicaid Managed Care,L.A. Care Covered,LA Care,FIPS 06105,,,52,,2024 (rough estimate),"[ESTIMATED — distributed from rough state-based exchange total (130,000) by 2024 county population. Covered CA enrollment estimate]"
CA,Tulare,State-Based Exchange QHP / Medicaid Managed Care,L.A. Care Covered,LA Care,FIPS 06107,,,1594,,2024 (rough estimate),"[ESTIMATED — distributed from rough state-based exchange total (130,000) by 2024 county population. Covered CA enrollment estimate]"
CA,Tuolumne,State-Based Exchange QHP / Medicaid Managed Care,L.A. Care Covered,LA Care,FIPS 06109,,,178,,2024 (rough estimate),"[ESTIMATED — distributed from rough state-based exchange total (130,000) by 2024 county population. Covered CA enrollment estimate]"
CA,Ventura,State-Based Exchange QHP / Medicaid Managed Care,L.A. Care Covered,LA Care,FIPS 06111,,,2754,,2024 (rough estimate),"[ESTIMATED — distributed from rough state-based exchange total (130,000) by 2024 county population. Covered CA enrollment estimate]"
CA,Yolo,State-Based Exchange QHP / Medicaid Managed Care,L.A. Care Covered,LA Care,FIPS 06113,,,743,,2024 (rough estimate),"[ESTIMATED — distributed from rough state-based exchange total (130,000) by 2024 county population. Covered CA enrollment estimate]"
CA,Yuba,State-Based Exchange QHP / Medicaid Managed Care,L.A. Care Covered,LA Care,FIPS 06115,,,288,,2024 (rough estimate),"[ESTIMATED — distributed from rough state-based exchange total (130,000) by 2024 county population. Covered CA enrollment estimate]"
CA,Alameda,State-Based Exchange QHP / Medicaid Managed Care,IEHP Covered,Inland Empire Health Plan,FIPS 06001,,,2091,,2024 (rough estimate),"[ESTIMATED — distributed from rough state-based exchange total (50,000) by 2024 county population. Covered CA enrollment estimate]"
CA,Amador,State-Based Exchange QHP / Medicaid Managed Care,IEHP Covered,Inland Empire Health Plan,FIPS 06005,,,53,,2024 (rough estimate),"[ESTIMATED — distributed from rough state-based exchange total (50,000) by 2024 county population. Covered CA enrollment estimate]"
CA,Butte,State-Based Exchange QHP / Medicaid Managed Care,IEHP Covered,Inland Empire Health Plan,FIPS 06007,,,264,,2024 (rough estimate),"[ESTIMATED — distributed from rough state-based exchange total (50,000) by 2024 county population. Covered CA enrollment estimate]"
CA,Calaveras,State-Based Exchange QHP / Medicaid Managed Care,IEHP Covered,Inland Empire Health Plan,FIPS 06009,,,59,,2024 (rough estimate),"[ESTIMATED — distributed from rough state-based exchange total (50,000) by 2024 county population. Covered CA enrollment estimate]"
CA,Contra Costa,State-Based Exchange QHP / Medicaid Managed Care,IEHP Covered,Inland Empire Health Plan,FIPS 06013,,,1487,,2024 (rough estimate),"[ESTIMATED — distributed from rough state-based exchange total (50,000) by 2024 county population. Covered CA enrollment estimate]"
CA,El Dorado,State-Based Exchange QHP / Medicaid Managed Care,IEHP Covered,Inland Empire Health Plan,FIPS 06017,,,245,,2024 (rough estimate),"[ESTIMATED — distributed from rough state-based exchange total (50,000) by 2024 county population. Covered CA enrollment estimate]"
CA,Fresno,State-Based Exchange QHP / Medicaid Managed Care,IEHP Covered,Inland Empire Health Plan,FIPS 06019,,,1299,,2024 (rough estimate),"[ESTIMATED — distributed from rough state-based exchange total (50,000) by 2024 county population. Covered CA enrollment estimate]"
CA,Humboldt,State-Based Exchange QHP / Medicaid Managed Care,IEHP Covered,Inland Empire Health Plan,FIPS 06023,,,168,,2024 (rough estimate),"[ESTIMATED — distributed from rough state-based exchange total (50,000) by 2024 county population. Covered CA enrollment estimate]"
CA,Imperial,State-Based Exchange QHP / Medicaid Managed Care,IEHP Covered,Inland Empire Health Plan,FIPS 06025,,,230,,2024 (rough estimate),"[ESTIMATED — distributed from rough state-based exchange total (50,000) by 2024 county population. Covered CA enrollment estimate]"
CA,Kern,State-Based Exchange QHP / Medicaid Managed Care,IEHP Covered,Inland Empire Health Plan,FIPS 06029,,,1170,,2024 (rough estimate),"[ESTIMATED — distributed from rough state-based exchange total (50,000) by 2024 county population. Covered CA enrollment estimate]"
CA,Kings,State-Based Exchange QHP / Medicaid Managed Care,IEHP Covered,Inland Empire Health Plan,FIPS 06031,,,196,,2024 (rough estimate),"[ESTIMATED — distributed from rough state-based exchange total (50,000) by 2024 county population. Covered CA enrollment estimate]"
CA,Lake,State-Based Exchange QHP / Medicaid Managed Care,IEHP Covered,Inland Empire Health Plan,FIPS 06033,,,86,,2024 (rough estimate),"[ESTIMATED — distributed from rough state-based exchange total (50,000) by 2024 county population. Covered CA enrollment estimate]"
CA,Los Angeles,State-Based Exchange QHP / Medicaid Managed Care,IEHP Covered,Inland Empire Health Plan,FIPS 06037,,,12372,,2024 (rough estimate),"[ESTIMATED — distributed from rough state-based exchange total (50,000) by 2024 county population. Covered CA enrollment estimate]"
CA,Madera,State-Based Exchange QHP / Medicaid Managed Care,IEHP Covered,Inland Empire Health Plan,FIPS 06039,,,210,,2024 (rough estimate),"[ESTIMATED — distributed from rough state-based exchange total (50,000) by 2024 county population. Covered CA enrollment estimate]"
CA,Marin,State-Based Exchange QHP / Medicaid Managed Care,IEHP Covered,Inland Empire Health Plan,FIPS 06041,,,325,,2024 (rough estimate),"[ESTIMATED — distributed from rough state-based exchange total (50,000) by 2024 county population. Covered CA enrollment estimate]"
CA,Mendocino,State-Based Exchange QHP / Medicaid Managed Care,IEHP Covered,Inland Empire Health Plan,FIPS 06045,,,113,,2024 (rough estimate),"[ESTIMATED — distributed from rough state-based exchange total (50,000) by 2024 county population. Covered CA enrollment estimate]"
CA,Merced,State-Based Exchange QHP / Medicaid Managed Care,IEHP Covered,Inland Empire Health Plan,FIPS 06047,,,376,,2024 (rough estimate),"[ESTIMATED — distributed from rough state-based exchange total (50,000) by 2024 county population. Covered CA enrollment estimate]"
CA,Monterey,State-Based Exchange QHP / Medicaid Managed Care,IEHP Covered,Inland Empire Health Plan,FIPS 06053,,,553,,2024 (rough estimate),"[ESTIMATED — distributed from rough state-based exchange total (50,000) by 2024 county population. Covered CA enrollment estimate]"
CA,Napa,State-Based Exchange QHP / Medicaid Managed Care,IEHP Covered,Inland Empire Health Plan,FIPS 06055,,,168,,2024 (rough estimate),"[ESTIMATED — distributed from rough state-based exchange total (50,000) by 2024 county population. Covered CA enrollment estimate]"
CA,Nevada,State-Based Exchange QHP / Medicaid Managed Care,IEHP Covered,Inland Empire Health Plan,FIPS 06057,,,130,,2024 (rough estimate),"[ESTIMATED — distributed from rough state-based exchange total (50,000) by 2024 county population. Covered CA enrollment estimate]"
CA,Orange,State-Based Exchange QHP / Medicaid Managed Care,IEHP Covered,Inland Empire Health Plan,FIPS 06059,,,4020,,2024 (rough estimate),"[ESTIMATED — distributed from rough state-based exchange total (50,000) by 2024 county population. Covered CA enrollment estimate]"
CA,Placer,State-Based Exchange QHP / Medicaid Managed Care,IEHP Covered,Inland Empire Health Plan,FIPS 06061,,,550,,2024 (rough estimate),"[ESTIMATED — distributed from rough state-based exchange total (50,000) by 2024 county population. Covered CA enrollment estimate]"
CA,Riverside,State-Based Exchange QHP / Medicaid Managed Care,IEHP Covered,Inland Empire Health Plan,FIPS 06065,,,3208,,2024 (rough estimate),"[ESTIMATED — distributed from rough state-based exchange total (50,000) by 2024 county population. Covered CA enrollment estimate]"
CA,Sacramento,State-Based Exchange QHP / Medicaid Managed Care,IEHP Covered,Inland Empire Health Plan,FIPS 06067,,,2043,,2024 (rough estimate),"[ESTIMATED — distributed from rough state-based exchange total (50,000) by 2024 county population. Covered CA enrollment estimate]"
CA,San Benito,State-Based Exchange QHP / Medicaid Managed Care,IEHP Covered,Inland Empire Health Plan,FIPS 06069,,,88,,2024 (rough estimate),"[ESTIMATED — distributed from rough state-based exchange total (50,000) by 2024 county population. Covered CA enrollment estimate]"
CA,San Bernardino,State-Based Exchange QHP / Medicaid Managed Care,IEHP Covered,Inland Empire Health Plan,FIPS 06071,,,2808,,2024 (rough estimate),"[ESTIMATED — distributed from rough state-based exchange total (50,000) by 2024 county population. Covered CA enrollment estimate]"
CA,San Diego,State-Based Exchange QHP / Medicaid Managed Care,IEHP Covered,Inland Empire Health Plan,FIPS 06073,,,4183,,2024 (rough estimate),"[ESTIMATED — distributed from rough state-based exchange total (50,000) by 2024 county population. Covered CA enrollment estimate]"
CA,San Francisco,State-Based Exchange QHP / Medicaid Managed Care,IEHP Covered,Inland Empire Health Plan,FIPS 06075,,,1049,,2024 (rough estimate),"[ESTIMATED — distributed from rough state-based exchange total (50,000) by 2024 county population. Covered CA enrollment estimate]"
CA,San Joaquin,State-Based Exchange QHP / Medicaid Managed Care,IEHP Covered,Inland Empire Health Plan,FIPS 06077,,,1035,,2024 (rough estimate),"[ESTIMATED — distributed from rough state-based exchange total (50,000) by 2024 county population. Covered CA enrollment estimate]"
CA,San Luis Obispo,State-Based Exchange QHP / Medicaid Managed Care,IEHP Covered,Inland Empire Health Plan,FIPS 06079,,,357,,2024 (rough estimate),"[ESTIMATED — distributed from rough state-based exchange total (50,000) by 2024 county population. Covered CA enrollment estimate]"
CA,San Mateo,State-Based Exchange QHP / Medicaid Managed Care,IEHP Covered,Inland Empire Health Plan,FIPS 06081,,,942,,2024 (rough estimate),"[ESTIMATED — distributed from rough state-based exchange total (50,000) by 2024 county population. Covered CA enrollment estimate]"
CA,Santa Barbara,State-Based Exchange QHP / Medicaid Managed Care,IEHP Covered,Inland Empire Health Plan,FIPS 06083,,,564,,2024 (rough estimate),"[ESTIMATED — distributed from rough state-based exchange total (50,000) by 2024 county population. Covered CA enrollment estimate]"
CA,Santa Clara,State-Based Exchange QHP / Medicaid Managed Care,IEHP Covered,Inland Empire Health Plan,FIPS 06085,,,2443,,2024 (rough estimate),"[ESTIMATED — distributed from rough state-based exchange total (50,000) by 2024 county population. Covered CA enrollment estimate]"
CA,Santa Cruz,State-Based Exchange QHP / Medicaid Managed Care,IEHP Covered,Inland Empire Health Plan,FIPS 06087,,,333,,2024 (rough estimate),"[ESTIMATED — distributed from rough state-based exchange total (50,000) by 2024 county population. Covered CA enrollment estimate]"
CA,Shasta,State-Based Exchange QHP / Medicaid Managed Care,IEHP Covered,Inland Empire Health Plan,FIPS 06089,,,230,,2024 (rough estimate),"[ESTIMATED — distributed from rough state-based exchange total (50,000) by 2024 county population. Covered CA enrollment estimate]"
CA,Siskiyou,State-Based Exchange QHP / Medicaid Managed Care,IEHP Covered,Inland Empire Health Plan,FIPS 06093,,,54,,2024 (rough estimate),"[ESTIMATED — distributed from rough state-based exchange total (50,000) by 2024 county population. Covered CA enrollment estimate]"
CA,Solano,State-Based Exchange QHP / Medicaid Managed Care,IEHP Covered,Inland Empire Health Plan,FIPS 06095,,,577,,2024 (rough estimate),"[ESTIMATED — distributed from rough state-based exchange total (50,000) by 2024 county population. Covered CA enrollment estimate]"
CA,Sonoma,State-Based Exchange QHP / Medicaid Managed Care,IEHP Covered,Inland Empire Health Plan,FIPS 06097,,,615,,2024 (rough estimate),"[ESTIMATED — distributed from rough state-based exchange total (50,000) by 2024 county population. Covered CA enrollment estimate]"
CA,Stanislaus,State-Based Exchange QHP / Medicaid Managed Care,IEHP Covered,Inland Empire Health Plan,FIPS 06099,,,706,,2024 (rough estimate),"[ESTIMATED — distributed from rough state-based exchange total (50,000) by 2024 county population. Covered CA enrollment estimate]"
CA,Sutter,State-Based Exchange QHP / Medicaid Managed Care,IEHP Covered,Inland Empire Health Plan,FIPS 06101,,,125,,2024 (rough estimate),"[ESTIMATED — distributed from rough state-based exchange total (50,000) by 2024 county population. Covered CA enrollment estimate]"
CA,Tehama,State-Based Exchange QHP / Medicaid Managed Care,IEHP Covered,Inland Empire Health Plan,FIPS 06103,,,82,,2024 (rough estimate),"[ESTIMATED — distributed from rough state-based exchange total (50,000) by 2024 county population. Covered CA enrollment estimate]"
CA,Tulare,State-Based Exchange QHP / Medicaid Managed Care,IEHP Covered,Inland Empire Health Plan,FIPS 06107,,,613,,2024 (rough estimate),"[ESTIMATED — distributed from rough state-based exchange total (50,000) by 2024 county population. Covered CA enrollment estimate]"
CA,Tuolumne,State-Based Exchange QHP / Medicaid Managed Care,IEHP Covered,Inland Empire Health Plan,FIPS 06109,,,68,,2024 (rough estimate),"[ESTIMATED — distributed from rough state-based exchange total (50,000) by 2024 county population. Covered CA enrollment estimate]"
CA,Ventura,State-Based Exchange QHP / Medicaid Managed Care,IEHP Covered,Inland Empire Health Plan,FIPS 06111,,,1059,,2024 (rough estimate),"[ESTIMATED — distributed from rough state-based exchange total (50,000) by 2024 county population. Covered CA enrollment estimate]"
CA,Yolo,State-Based Exchange QHP / Medicaid Managed Care,IEHP Covered,Inland Empire Health Plan,FIPS 06113,,,286,,2024 (rough estimate),"[ESTIMATED — distributed from rough state-based exchange total (50,000) by 2024 county population. Covered CA enrollment estimate]"
CA,Yuba,State-Based Exchange QHP / Medicaid Managed Care,IEHP Covered,Inland Empire Health Plan,FIPS 06115,,,111,,2024 (rough estimate),"[ESTIMATED — distributed from rough state-based exchange total (50,000) by 2024 county population. Covered CA enrollment estimate]"
CA,Alameda,State-Based Exchange QHP / Medicaid Managed Care,Sharp Health Plan,Sharp Health Plan,FIPS 06001,,,2091,,2024 (rough estimate),"[ESTIMATED — distributed from rough state-based exchange total (50,000) by 2024 county population. Covered CA enrollment estimate]"
CA,Amador,State-Based Exchange QHP / Medicaid Managed Care,Sharp Health Plan,Sharp Health Plan,FIPS 06005,,,53,,2024 (rough estimate),"[ESTIMATED — distributed from rough state-based exchange total (50,000) by 2024 county population. Covered CA enrollment estimate]"
CA,Butte,State-Based Exchange QHP / Medicaid Managed Care,Sharp Health Plan,Sharp Health Plan,FIPS 06007,,,264,,2024 (rough estimate),"[ESTIMATED — distributed from rough state-based exchange total (50,000) by 2024 county population. Covered CA enrollment estimate]"
CA,Calaveras,State-Based Exchange QHP / Medicaid Managed Care,Sharp Health Plan,Sharp Health Plan,FIPS 06009,,,59,,2024 (rough estimate),"[ESTIMATED — distributed from rough state-based exchange total (50,000) by 2024 county population. Covered CA enrollment estimate]"
CA,Contra Costa,State-Based Exchange QHP / Medicaid Managed Care,Sharp Health Plan,Sharp Health Plan,FIPS 06013,,,1487,,2024 (rough estimate),"[ESTIMATED — distributed from rough state-based exchange total (50,000) by 2024 county population. Covered CA enrollment estimate]"
CA,El Dorado,State-Based Exchange QHP / Medicaid Managed Care,Sharp Health Plan,Sharp Health Plan,FIPS 06017,,,245,,2024 (rough estimate),"[ESTIMATED — distributed from rough state-based exchange total (50,000) by 2024 county population. Covered CA enrollment estimate]"
CA,Fresno,State-Based Exchange QHP / Medicaid Managed Care,Sharp Health Plan,Sharp Health Plan,FIPS 06019,,,1299,,2024 (rough estimate),"[ESTIMATED — distributed from rough state-based exchange total (50,000) by 2024 county population. Covered CA enrollment estimate]"
CA,Humboldt,State-Based Exchange QHP / Medicaid Managed Care,Sharp Health Plan,Sharp Health Plan,FIPS 06023,,,168,,2024 (rough estimate),"[ESTIMATED — distributed from rough state-based exchange total (50,000) by 2024 county population. Covered CA enrollment estimate]"
CA,Imperial,State-Based Exchange QHP / Medicaid Managed Care,Sharp Health Plan,Sharp Health Plan,FIPS 06025,,,230,,2024 (rough estimate),"[ESTIMATED — distributed from rough state-based exchange total (50,000) by 2024 county population. Covered CA enrollment estimate]"
CA,Kern,State-Based Exchange QHP / Medicaid Managed Care,Sharp Health Plan,Sharp Health Plan,FIPS 06029,,,1170,,2024 (rough estimate),"[ESTIMATED — distributed from rough state-based exchange total (50,000) by 2024 county population. Covered CA enrollment estimate]"
CA,Kings,State-Based Exchange QHP / Medicaid Managed Care,Sharp Health Plan,Sharp Health Plan,FIPS 06031,,,196,,2024 (rough estimate),"[ESTIMATED — distributed from rough state-based exchange total (50,000) by 2024 county population. Covered CA enrollment estimate]"
CA,Lake,State-Based Exchange QHP / Medicaid Managed Care,Sharp Health Plan,Sharp Health Plan,FIPS 06033,,,86,,2024 (rough estimate),"[ESTIMATED — distributed from rough state-based exchange total (50,000) by 2024 county population. Covered CA enrollment estimate]"
CA,Los Angeles,State-Based Exchange QHP / Medicaid Managed Care,Sharp Health Plan,Sharp Health Plan,FIPS 06037,,,12372,,2024 (rough estimate),"[ESTIMATED — distributed from rough state-based exchange total (50,000) by 2024 county population. Covered CA enrollment estimate]"
CA,Madera,State-Based Exchange QHP / Medicaid Managed Care,Sharp Health Plan,Sharp Health Plan,FIPS 06039,,,210,,2024 (rough estimate),"[ESTIMATED — distributed from rough state-based exchange total (50,000) by 2024 county population. Covered CA enrollment estimate]"
CA,Marin,State-Based Exchange QHP / Medicaid Managed Care,Sharp Health Plan,Sharp Health Plan,FIPS 06041,,,325,,2024 (rough estimate),"[ESTIMATED — distributed from rough state-based exchange total (50,000) by 2024 county population. Covered CA enrollment estimate]"
CA,Mendocino,State-Based Exchange QHP / Medicaid Managed Care,Sharp Health Plan,Sharp Health Plan,FIPS 06045,,,113,,2024 (rough estimate),"[ESTIMATED — distributed from rough state-based exchange total (50,000) by 2024 county population. Covered CA enrollment estimate]"
CA,Merced,State-Based Exchange QHP / Medicaid Managed Care,Sharp Health Plan,Sharp Health Plan,FIPS 06047,,,376,,2024 (rough estimate),"[ESTIMATED — distributed from rough state-based exchange total (50,000) by 2024 county population. Covered CA enrollment estimate]"
CA,Monterey,State-Based Exchange QHP / Medicaid Managed Care,Sharp Health Plan,Sharp Health Plan,FIPS 06053,,,553,,2024 (rough estimate),"[ESTIMATED — distributed from rough state-based exchange total (50,000) by 2024 county population. Covered CA enrollment estimate]"
CA,Napa,State-Based Exchange QHP / Medicaid Managed Care,Sharp Health Plan,Sharp Health Plan,FIPS 06055,,,168,,2024 (rough estimate),"[ESTIMATED — distributed from rough state-based exchange total (50,000) by 2024 county population. Covered CA enrollment estimate]"
CA,Nevada,State-Based Exchange QHP / Medicaid Managed Care,Sharp Health Plan,Sharp Health Plan,FIPS 06057,,,130,,2024 (rough estimate),"[ESTIMATED — distributed from rough state-based exchange total (50,000) by 2024 county population. Covered CA enrollment estimate]"
CA,Orange,State-Based Exchange QHP / Medicaid Managed Care,Sharp Health Plan,Sharp Health Plan,FIPS 06059,,,4020,,2024 (rough estimate),"[ESTIMATED — distributed from rough state-based exchange total (50,000) by 2024 county population. Covered CA enrollment estimate]"
CA,Placer,State-Based Exchange QHP / Medicaid Managed Care,Sharp Health Plan,Sharp Health Plan,FIPS 06061,,,550,,2024 (rough estimate),"[ESTIMATED — distributed from rough state-based exchange total (50,000) by 2024 county population. Covered CA enrollment estimate]"
CA,Riverside,State-Based Exchange QHP / Medicaid Managed Care,Sharp Health Plan,Sharp Health Plan,FIPS 06065,,,3208,,2024 (rough estimate),"[ESTIMATED — distributed from rough state-based exchange total (50,000) by 2024 county population. Covered CA enrollment estimate]"
CA,Sacramento,State-Based Exchange QHP / Medicaid Managed Care,Sharp Health Plan,Sharp Health Plan,FIPS 06067,,,2043,,2024 (rough estimate),"[ESTIMATED — distributed from rough state-based exchange total (50,000) by 2024 county population. Covered CA enrollment estimate]"
CA,San Benito,State-Based Exchange QHP / Medicaid Managed Care,Sharp Health Plan,Sharp Health Plan,FIPS 06069,,,88,,2024 (rough estimate),"[ESTIMATED — distributed from rough state-based exchange total (50,000) by 2024 county population. Covered CA enrollment estimate]"
CA,San Bernardino,State-Based Exchange QHP / Medicaid Managed Care,Sharp Health Plan,Sharp Health Plan,FIPS 06071,,,2808,,2024 (rough estimate),"[ESTIMATED — distributed from rough state-based exchange total (50,000) by 2024 county population. Covered CA enrollment estimate]"
CA,San Diego,State-Based Exchange QHP / Medicaid Managed Care,Sharp Health Plan,Sharp Health Plan,FIPS 06073,,,4183,,2024 (rough estimate),"[ESTIMATED — distributed from rough state-based exchange total (50,000) by 2024 county population. Covered CA enrollment estimate]"
CA,San Francisco,State-Based Exchange QHP / Medicaid Managed Care,Sharp Health Plan,Sharp Health Plan,FIPS 06075,,,1049,,2024 (rough estimate),"[ESTIMATED — distributed from rough state-based exchange total (50,000) by 2024 county population. Covered CA enrollment estimate]"
CA,San Joaquin,State-Based Exchange QHP / Medicaid Managed Care,Sharp Health Plan,Sharp Health Plan,FIPS 06077,,,1035,,2024 (rough estimate),"[ESTIMATED — distributed from rough state-based exchange total (50,000) by 2024 county population. Covered CA enrollment estimate]"
CA,San Luis Obispo,State-Based Exchange QHP / Medicaid Managed Care,Sharp Health Plan,Sharp Health Plan,FIPS 06079,,,357,,2024 (rough estimate),"[ESTIMATED — distributed from rough state-based exchange total (50,000) by 2024 county population. Covered CA enrollment estimate]"
CA,San Mateo,State-Based Exchange QHP / Medicaid Managed Care,Sharp Health Plan,Sharp Health Plan,FIPS 06081,,,942,,2024 (rough estimate),"[ESTIMATED — distributed from rough state-based exchange total (50,000) by 2024 county population. Covered CA enrollment estimate]"
CA,Santa Barbara,State-Based Exchange QHP / Medicaid Managed Care,Sharp Health Plan,Sharp Health Plan,FIPS 06083,,,564,,2024 (rough estimate),"[ESTIMATED — distributed from rough state-based exchange total (50,000) by 2024 county population. Covered CA enrollment estimate]"
CA,Santa Clara,State-Based Exchange QHP / Medicaid Managed Care,Sharp Health Plan,Sharp Health Plan,FIPS 06085,,,2443,,2024 (rough estimate),"[ESTIMATED — distributed from rough state-based exchange total (50,000) by 2024 county population. Covered CA enrollment estimate]"
CA,Santa Cruz,State-Based Exchange QHP / Medicaid Managed Care,Sharp Health Plan,Sharp Health Plan,FIPS 06087,,,333,,2024 (rough estimate),"[ESTIMATED — distributed from rough state-based exchange total (50,000) by 2024 county population. Covered CA enrollment estimate]"
CA,Shasta,State-Based Exchange QHP / Medicaid Managed Care,Sharp Health Plan,Sharp Health Plan,FIPS 06089,,,230,,2024 (rough estimate),"[ESTIMATED — distributed from rough state-based exchange total (50,000) by 2024 county population. Covered CA enrollment estimate]"
CA,Siskiyou,State-Based Exchange QHP / Medicaid Managed Care,Sharp Health Plan,Sharp Health Plan,FIPS 06093,,,54,,2024 (rough estimate),"[ESTIMATED — distributed from rough state-based exchange total (50,000) by 2024 county population. Covered CA enrollment estimate]"
CA,Solano,State-Based Exchange QHP / Medicaid Managed Care,Sharp Health Plan,Sharp Health Plan,FIPS 06095,,,577,,2024 (rough estimate),"[ESTIMATED — distributed from rough state-based exchange total (50,000) by 2024 county population. Covered CA enrollment estimate]"
CA,Sonoma,State-Based Exchange QHP / Medicaid Managed Care,Sharp Health Plan,Sharp Health Plan,FIPS 06097,,,615,,2024 (rough estimate),"[ESTIMATED — distributed from rough state-based exchange total (50,000) by 2024 county population. Covered CA enrollment estimate]"
CA,Stanislaus,State-Based Exchange QHP / Medicaid Managed Care,Sharp Health Plan,Sharp Health Plan,FIPS 06099,,,706,,2024 (rough estimate),"[ESTIMATED — distributed from rough state-based exchange total (50,000) by 2024 county population. Covered CA enrollment estimate]"
CA,Sutter,State-Based Exchange QHP / Medicaid Managed Care,Sharp Health Plan,Sharp Health Plan,FIPS 06101,,,125,,2024 (rough estimate),"[ESTIMATED — distributed from rough state-based exchange total (50,000) by 2024 county population. Covered CA enrollment estimate]"
CA,Tehama,State-Based Exchange QHP / Medicaid Managed Care,Sharp Health Plan,Sharp Health Plan,FIPS 06103,,,82,,2024 (rough estimate),"[ESTIMATED — distributed from rough state-based exchange total (50,000) by 2024 county population. Covered CA enrollment estimate]"
CA,Tulare,State-Based Exchange QHP / Medicaid Managed Care,Sharp Health Plan,Sharp Health Plan,FIPS 06107,,,613,,2024 (rough estimate),"[ESTIMATED — distributed from rough state-based exchange total (50,000) by 2024 county population. Covered CA enrollment estimate]"
CA,Tuolumne,State-Based Exchange QHP / Medicaid Managed Care,Sharp Health Plan,Sharp Health Plan,FIPS 06109,,,68,,2024 (rough estimate),"[ESTIMATED — distributed from rough state-based exchange total (50,000) by 2024 county population. Covered CA enrollment estimate]"
CA,Ventura,State-Based Exchange QHP / Medicaid Managed Care,Sharp Health Plan,Sharp Health Plan,FIPS 06111,,,1059,,2024 (rough estimate),"[ESTIMATED — distributed from rough state-based exchange total (50,000) by 2024 county population. Covered CA enrollment estimate]"
CA,Yolo,State-Based Exchange QHP / Medicaid Managed Care,Sharp Health Plan,Sharp Health Plan,FIPS 06113,,,286,,2024 (rough estimate),"[ESTIMATED — distributed from rough state-based exchange total (50,000) by 2024 county population. Covered CA enrollment estimate]"
CA,Yuba,State-Based Exchange QHP / Medicaid Managed Care,Sharp Health Plan,Sharp Health Plan,FIPS 06115,,,111,,2024 (rough estimate),"[ESTIMATED — distributed from rough state-based exchange total (50,000) by 2024 county population. Covered CA enrollment estimate]"
CA,Alameda,State-Based Exchange QHP / Medicaid Managed Care,Western Health Advantage,Western Health Advantage,FIPS 06001,,,1046,,2024 (rough estimate),"[ESTIMATED — distributed from rough state-based exchange total (25,000) by 2024 county population. Covered CA enrollment estimate]"
CA,Butte,State-Based Exchange QHP / Medicaid Managed Care,Western Health Advantage,Western Health Advantage,FIPS 06007,,,132,,2024 (rough estimate),"[ESTIMATED — distributed from rough state-based exchange total (25,000) by 2024 county population. Covered CA enrollment estimate]"
CA,Contra Costa,State-Based Exchange QHP / Medicaid Managed Care,Western Health Advantage,Western Health Advantage,FIPS 06013,,,743,,2024 (rough estimate),"[ESTIMATED — distributed from rough state-based exchange total (25,000) by 2024 county population. Covered CA enrollment estimate]"
CA,El Dorado,State-Based Exchange QHP / Medicaid Managed Care,Western Health Advantage,Western Health Advantage,FIPS 06017,,,122,,2024 (rough estimate),"[ESTIMATED — distributed from rough state-based exchange total (25,000) by 2024 county population. Covered CA enrollment estimate]"
CA,Fresno,State-Based Exchange QHP / Medicaid Managed Care,Western Health Advantage,Western Health Advantage,FIPS 06019,,,649,,2024 (rough estimate),"[ESTIMATED — distributed from rough state-based exchange total (25,000) by 2024 county population. Covered CA enrollment estimate]"
CA,Humboldt,State-Based Exchange QHP / Medicaid Managed Care,Western Health Advantage,Western Health Advantage,FIPS 06023,,,84,,2024 (rough estimate),"[ESTIMATED — distributed from rough state-based exchange total (25,000) by 2024 county population. Covered CA enrollment estimate]"
CA,Imperial,State-Based Exchange QHP / Medicaid Managed Care,Western Health Advantage,Western Health Advantage,FIPS 06025,,,115,,2024 (rough estimate),"[ESTIMATED — distributed from rough state-based exchange total (25,000) by 2024 county population. Covered CA enrollment estimate]"
CA,Kern,State-Based Exchange QHP / Medicaid Managed Care,Western Health Advantage,Western Health Advantage,FIPS 06029,,,585,,2024 (rough estimate),"[ESTIMATED — distributed from rough state-based exchange total (25,000) by 2024 county population. Covered CA enrollment estimate]"
CA,Kings,State-Based Exchange QHP / Medicaid Managed Care,Western Health Advantage,Western Health Advantage,FIPS 06031,,,98,,2024 (rough estimate),"[ESTIMATED — distributed from rough state-based exchange total (25,000) by 2024 county population. Covered CA enrollment estimate]"
CA,Los Angeles,State-Based Exchange QHP / Medicaid Managed Care,Western Health Advantage,Western Health Advantage,FIPS 06037,,,6186,,2024 (rough estimate),"[ESTIMATED — distributed from rough state-based exchange total (25,000) by 2024 county population. Covered CA enrollment estimate]"
CA,Madera,State-Based Exchange QHP / Medicaid Managed Care,Western Health Advantage,Western Health Advantage,FIPS 06039,,,105,,2024 (rough estimate),"[ESTIMATED — distributed from rough state-based exchange total (25,000) by 2024 county population. Covered CA enrollment estimate]"
CA,Marin,State-Based Exchange QHP / Medicaid Managed Care,Western Health Advantage,Western Health Advantage,FIPS 06041,,,163,,2024 (rough estimate),"[ESTIMATED — distributed from rough state-based exchange total (25,000) by 2024 county population. Covered CA enrollment estimate]"
CA,Mendocino,State-Based Exchange QHP / Medicaid Managed Care,Western Health Advantage,Western Health Advantage,FIPS 06045,,,57,,2024 (rough estimate),"[ESTIMATED — distributed from rough state-based exchange total (25,000) by 2024 county population. Covered CA enrollment estimate]"
CA,Merced,State-Based Exchange QHP / Medicaid Managed Care,Western Health Advantage,Western Health Advantage,FIPS 06047,,,188,,2024 (rough estimate),"[ESTIMATED — distributed from rough state-based exchange total (25,000) by 2024 county population. Covered CA enrollment estimate]"
CA,Monterey,State-Based Exchange QHP / Medicaid Managed Care,Western Health Advantage,Western Health Advantage,FIPS 06053,,,277,,2024 (rough estimate),"[ESTIMATED — distributed from rough state-based exchange total (25,000) by 2024 county population. Covered CA enrollment estimate]"
CA,Napa,State-Based Exchange QHP / Medicaid Managed Care,Western Health Advantage,Western Health Advantage,FIPS 06055,,,84,,2024 (rough estimate),"[ESTIMATED — distributed from rough state-based exchange total (25,000) by 2024 county population. Covered CA enrollment estimate]"
CA,Nevada,State-Based Exchange QHP / Medicaid Managed Care,Western Health Advantage,Western Health Advantage,FIPS 06057,,,65,,2024 (rough estimate),"[ESTIMATED — distributed from rough state-based exchange total (25,000) by 2024 county population. Covered CA enrollment estimate]"
CA,Orange,State-Based Exchange QHP / Medicaid Managed Care,Western Health Advantage,Western Health Advantage,FIPS 06059,,,2010,,2024 (rough estimate),"[ESTIMATED — distributed from rough state-based exchange total (25,000) by 2024 county population. Covered CA enrollment estimate]"
CA,Placer,State-Based Exchange QHP / Medicaid Managed Care,Western Health Advantage,Western Health Advantage,FIPS 06061,,,275,,2024 (rough estimate),"[ESTIMATED — distributed from rough state-based exchange total (25,000) by 2024 county population. Covered CA enrollment estimate]"
CA,Riverside,State-Based Exchange QHP / Medicaid Managed Care,Western Health Advantage,Western Health Advantage,FIPS 06065,,,1604,,2024 (rough estimate),"[ESTIMATED — distributed from rough state-based exchange total (25,000) by 2024 county population. Covered CA enrollment estimate]"
CA,Sacramento,State-Based Exchange QHP / Medicaid Managed Care,Western Health Advantage,Western Health Advantage,FIPS 06067,,,1022,,2024 (rough estimate),"[ESTIMATED — distributed from rough state-based exchange total (25,000) by 2024 county population. Covered CA enrollment estimate]"
CA,San Bernardino,State-Based Exchange QHP / Medicaid Managed Care,Western Health Advantage,Western Health Advantage,FIPS 06071,,,1404,,2024 (rough estimate),"[ESTIMATED — distributed from rough state-based exchange total (25,000) by 2024 county population. Covered CA enrollment estimate]"
CA,San Diego,State-Based Exchange QHP / Medicaid Managed Care,Western Health Advantage,Western Health Advantage,FIPS 06073,,,2091,,2024 (rough estimate),"[ESTIMATED — distributed from rough state-based exchange total (25,000) by 2024 county population. Covered CA enrollment estimate]"
CA,San Francisco,State-Based Exchange QHP / Medicaid Managed Care,Western Health Advantage,Western Health Advantage,FIPS 06075,,,525,,2024 (rough estimate),"[ESTIMATED — distributed from rough state-based exchange total (25,000) by 2024 county population. Covered CA enrollment estimate]"
CA,San Joaquin,State-Based Exchange QHP / Medicaid Managed Care,Western Health Advantage,Western Health Advantage,FIPS 06077,,,517,,2024 (rough estimate),"[ESTIMATED — distributed from rough state-based exchange total (25,000) by 2024 county population. Covered CA enrollment estimate]"
CA,San Luis Obispo,State-Based Exchange QHP / Medicaid Managed Care,Western Health Advantage,Western Health Advantage,FIPS 06079,,,179,,2024 (rough estimate),"[ESTIMATED — distributed from rough state-based exchange total (25,000) by 2024 county population. Covered CA enrollment estimate]"
CA,San Mateo,State-Based Exchange QHP / Medicaid Managed Care,Western Health Advantage,Western Health Advantage,FIPS 06081,,,471,,2024 (rough estimate),"[ESTIMATED — distributed from rough state-based exchange total (25,000) by 2024 county population. Covered CA enrollment estimate]"
CA,Santa Barbara,State-Based Exchange QHP / Medicaid Managed Care,Western Health Advantage,Western Health Advantage,FIPS 06083,,,282,,2024 (rough estimate),"[ESTIMATED — distributed from rough state-based exchange total (25,000) by 2024 county population. Covered CA enrollment estimate]"
CA,Santa Clara,State-Based Exchange QHP / Medicaid Managed Care,Western Health Advantage,Western Health Advantage,FIPS 06085,,,1221,,2024 (rough estimate),"[ESTIMATED — distributed from rough state-based exchange total (25,000) by 2024 county population. Covered CA enrollment estimate]"
CA,Santa Cruz,State-Based Exchange QHP / Medicaid Managed Care,Western Health Advantage,Western Health Advantage,FIPS 06087,,,166,,2024 (rough estimate),"[ESTIMATED — distributed from rough state-based exchange total (25,000) by 2024 county population. Covered CA enrollment estimate]"
CA,Shasta,State-Based Exchange QHP / Medicaid Managed Care,Western Health Advantage,Western Health Advantage,FIPS 06089,,,115,,2024 (rough estimate),"[ESTIMATED — distributed from rough state-based exchange total (25,000) by 2024 county population. Covered CA enrollment estimate]"
CA,Solano,State-Based Exchange QHP / Medicaid Managed Care,Western Health Advantage,Western Health Advantage,FIPS 06095,,,289,,2024 (rough estimate),"[ESTIMATED — distributed from rough state-based exchange total (25,000) by 2024 county population. Covered CA enrollment estimate]"
CA,Sonoma,State-Based Exchange QHP / Medicaid Managed Care,Western Health Advantage,Western Health Advantage,FIPS 06097,,,308,,2024 (rough estimate),"[ESTIMATED — distributed from rough state-based exchange total (25,000) by 2024 county population. Covered CA enrollment estimate]"
CA,Stanislaus,State-Based Exchange QHP / Medicaid Managed Care,Western Health Advantage,Western Health Advantage,FIPS 06099,,,353,,2024 (rough estimate),"[ESTIMATED — distributed from rough state-based exchange total (25,000) by 2024 county population. Covered CA enrollment estimate]"
CA,Sutter,State-Based Exchange QHP / Medicaid Managed Care,Western Health Advantage,Western Health Advantage,FIPS 06101,,,62,,2024 (rough estimate),"[ESTIMATED — distributed from rough state-based exchange total (25,000) by 2024 county population. Covered CA enrollment estimate]"
CA,Tulare,State-Based Exchange QHP / Medicaid Managed Care,Western Health Advantage,Western Health Advantage,FIPS 06107,,,307,,2024 (rough estimate),"[ESTIMATED — distributed from rough state-based exchange total (25,000) by 2024 county population. Covered CA enrollment estimate]"
CA,Ventura,State-Based Exchange QHP / Medicaid Managed Care,Western Health Advantage,Western Health Advantage,FIPS 06111,,,530,,2024 (rough estimate),"[ESTIMATED — distributed from rough state-based exchange total (25,000) by 2024 county population. Covered CA enrollment estimate]"
CA,Yolo,State-Based Exchange QHP / Medicaid Managed Care,Western Health Advantage,Western Health Advantage,FIPS 06113,,,143,,2024 (rough estimate),"[ESTIMATED — distributed from rough state-based exchange total (25,000) by 2024 county population. Covered CA enrollment estimate]"
CA,Yuba,State-Based Exchange QHP / Medicaid Managed Care,Western Health Advantage,Western Health Advantage,FIPS 06115,,,55,,2024 (rough estimate),"[ESTIMATED — distributed from rough state-based exchange total (25,000) by 2024 county population. Covered CA enrollment estimate]"
NY,Albany,State-Based Exchange QHP / Medicaid Managed Care,Healthfirst PHSP,Healthfirst (NYC nonprofit),FIPS 36001,,,25768,,2024 (rough estimate),"[ESTIMATED — distributed from rough state-based exchange total (1,600,000) by 2024 county population. NY State of Health Essential Plan + QHP estimate]"
NY,Allegany,State-Based Exchange QHP / Medicaid Managed Care,Healthfirst PHSP,Healthfirst (NYC nonprofit),FIPS 36003,,,3809,,2024 (rough estimate),"[ESTIMATED — distributed from rough state-based exchange total (1,600,000) by 2024 county population. NY State of Health Essential Plan + QHP estimate]"
NY,Bronx,State-Based Exchange QHP / Medicaid Managed Care,Healthfirst PHSP,Healthfirst (NYC nonprofit),FIPS 36005,,,111518,,2024 (rough estimate),"[ESTIMATED — distributed from rough state-based exchange total (1,600,000) by 2024 county population. NY State of Health Essential Plan + QHP estimate]"
NY,Broome,State-Based Exchange QHP / Medicaid Managed Care,Healthfirst PHSP,Healthfirst (NYC nonprofit),FIPS 36007,,,15817,,2024 (rough estimate),"[ESTIMATED — distributed from rough state-based exchange total (1,600,000) by 2024 county population. NY State of Health Essential Plan + QHP estimate]"
NY,Cattaraugus,State-Based Exchange QHP / Medicaid Managed Care,Healthfirst PHSP,Healthfirst (NYC nonprofit),FIPS 36009,,,6078,,2024 (rough estimate),"[ESTIMATED — distributed from rough state-based exchange total (1,600,000) by 2024 county population. NY State of Health Essential Plan + QHP estimate]"
NY,Cayuga,State-Based Exchange QHP / Medicaid Managed Care,Healthfirst PHSP,Healthfirst (NYC nonprofit),FIPS 36011,,,6005,,2024 (rough estimate),"[ESTIMATED — distributed from rough state-based exchange total (1,600,000) by 2024 county population. NY State of Health Essential Plan + QHP estimate]"
NY,Chautauqua,State-Based Exchange QHP / Medicaid Managed Care,Healthfirst PHSP,Healthfirst (NYC nonprofit),FIPS 36013,,,9995,,2024 (rough estimate),"[ESTIMATED — distributed from rough state-based exchange total (1,600,000) by 2024 county population. NY State of Health Essential Plan + QHP estimate]"
NY,Chemung,State-Based Exchange QHP / Medicaid Managed Care,Healthfirst PHSP,Healthfirst (NYC nonprofit),FIPS 36015,,,6533,,2024 (rough estimate),"[ESTIMATED — distributed from rough state-based exchange total (1,600,000) by 2024 county population. NY State of Health Essential Plan + QHP estimate]"
NY,Chenango,State-Based Exchange QHP / Medicaid Managed Care,Healthfirst PHSP,Healthfirst (NYC nonprofit),FIPS 36017,,,3687,,2024 (rough estimate),"[ESTIMATED — distributed from rough state-based exchange total (1,600,000) by 2024 county population. NY State of Health Essential Plan + QHP estimate]"
NY,Clinton,State-Based Exchange QHP / Medicaid Managed Care,Healthfirst PHSP,Healthfirst (NYC nonprofit),FIPS 36019,,,6271,,2024 (rough estimate),"[ESTIMATED — distributed from rough state-based exchange total (1,600,000) by 2024 county population. NY State of Health Essential Plan + QHP estimate]"
NY,Columbia,State-Based Exchange QHP / Medicaid Managed Care,Healthfirst PHSP,Healthfirst (NYC nonprofit),FIPS 36021,,,4856,,2024 (rough estimate),"[ESTIMATED — distributed from rough state-based exchange total (1,600,000) by 2024 county population. NY State of Health Essential Plan + QHP estimate]"
NY,Cortland,State-Based Exchange QHP / Medicaid Managed Care,Healthfirst PHSP,Healthfirst (NYC nonprofit),FIPS 36023,,,3700,,2024 (rough estimate),"[ESTIMATED — distributed from rough state-based exchange total (1,600,000) by 2024 county population. NY State of Health Essential Plan + QHP estimate]"
NY,Delaware,State-Based Exchange QHP / Medicaid Managed Care,Healthfirst PHSP,Healthfirst (NYC nonprofit),FIPS 36025,,,3559,,2024 (rough estimate),"[ESTIMATED — distributed from rough state-based exchange total (1,600,000) by 2024 county population. NY State of Health Essential Plan + QHP estimate]"
NY,Dutchess,State-Based Exchange QHP / Medicaid Managed Care,Healthfirst PHSP,Healthfirst (NYC nonprofit),FIPS 36027,,,24157,,2024 (rough estimate),"[ESTIMATED — distributed from rough state-based exchange total (1,600,000) by 2024 county population. NY State of Health Essential Plan + QHP estimate]"
NY,Erie,State-Based Exchange QHP / Medicaid Managed Care,Healthfirst PHSP,Healthfirst (NYC nonprofit),FIPS 36029,,,76556,,2024 (rough estimate),"[ESTIMATED — distributed from rough state-based exchange total (1,600,000) by 2024 county population. NY State of Health Essential Plan + QHP estimate]"
NY,Essex,State-Based Exchange QHP / Medicaid Managed Care,Healthfirst PHSP,Healthfirst (NYC nonprofit),FIPS 36031,,,2959,,2024 (rough estimate),"[ESTIMATED — distributed from rough state-based exchange total (1,600,000) by 2024 county population. NY State of Health Essential Plan + QHP estimate]"
NY,Franklin,State-Based Exchange QHP / Medicaid Managed Care,Healthfirst PHSP,Healthfirst (NYC nonprofit),FIPS 36033,,,3792,,2024 (rough estimate),"[ESTIMATED — distributed from rough state-based exchange total (1,600,000) by 2024 county population. NY State of Health Essential Plan + QHP estimate]"
NY,Fulton,State-Based Exchange QHP / Medicaid Managed Care,Healthfirst PHSP,Healthfirst (NYC nonprofit),FIPS 36035,,,4194,,2024 (rough estimate),"[ESTIMATED — distributed from rough state-based exchange total (1,600,000) by 2024 county population. NY State of Health Essential Plan + QHP estimate]"
NY,Genesee,State-Based Exchange QHP / Medicaid Managed Care,Healthfirst PHSP,Healthfirst (NYC nonprofit),FIPS 36037,,,4639,,2024 (rough estimate),"[ESTIMATED — distributed from rough state-based exchange total (1,600,000) by 2024 county population. NY State of Health Essential Plan + QHP estimate]"
NY,Greene,State-Based Exchange QHP / Medicaid Managed Care,Healthfirst PHSP,Healthfirst (NYC nonprofit),FIPS 36039,,,3777,,2024 (rough estimate),"[ESTIMATED — distributed from rough state-based exchange total (1,600,000) by 2024 county population. NY State of Health Essential Plan + QHP estimate]"
NY,Hamilton,State-Based Exchange QHP / Medicaid Managed Care,Healthfirst PHSP,Healthfirst (NYC nonprofit),FIPS 36041,,,409,,2024 (rough estimate),"[ESTIMATED — distributed from rough state-based exchange total (1,600,000) by 2024 county population. NY State of Health Essential Plan + QHP estimate]"
NY,Herkimer,State-Based Exchange QHP / Medicaid Managed Care,Healthfirst PHSP,Healthfirst (NYC nonprofit),FIPS 36043,,,4799,,2024 (rough estimate),"[ESTIMATED — distributed from rough state-based exchange total (1,600,000) by 2024 county population. NY State of Health Essential Plan + QHP estimate]"
NY,Jefferson,State-Based Exchange QHP / Medicaid Managed Care,Healthfirst PHSP,Healthfirst (NYC nonprofit),FIPS 36045,,,9112,,2024 (rough estimate),"[ESTIMATED — distributed from rough state-based exchange total (1,600,000) by 2024 county population. NY State of Health Essential Plan + QHP estimate]"
NY,Kings,State-Based Exchange QHP / Medicaid Managed Care,Healthfirst PHSP,Healthfirst (NYC nonprofit),FIPS 36047,,,210810,,2024 (rough estimate),"[ESTIMATED — distributed from rough state-based exchange total (1,600,000) by 2024 county population. NY State of Health Essential Plan + QHP estimate]"
NY,Lewis,State-Based Exchange QHP / Medicaid Managed Care,Healthfirst PHSP,Healthfirst (NYC nonprofit),FIPS 36049,,,2140,,2024 (rough estimate),"[ESTIMATED — distributed from rough state-based exchange total (1,600,000) by 2024 county population. NY State of Health Essential Plan + QHP estimate]"
NY,Livingston,State-Based Exchange QHP / Medicaid Managed Care,Healthfirst PHSP,Healthfirst (NYC nonprofit),FIPS 36051,,,4958,,2024 (rough estimate),"[ESTIMATED — distributed from rough state-based exchange total (1,600,000) by 2024 county population. NY State of Health Essential Plan + QHP estimate]"
NY,Madison,State-Based Exchange QHP / Medicaid Managed Care,Healthfirst PHSP,Healthfirst (NYC nonprofit),FIPS 36053,,,5402,,2024 (rough estimate),"[ESTIMATED — distributed from rough state-based exchange total (1,600,000) by 2024 county population. NY State of Health Essential Plan + QHP estimate]"
NY,Monroe,State-Based Exchange QHP / Medicaid Managed Care,Healthfirst PHSP,Healthfirst (NYC nonprofit),FIPS 36055,,,60578,,2024 (rough estimate),"[ESTIMATED — distributed from rough state-based exchange total (1,600,000) by 2024 county population. NY State of Health Essential Plan + QHP estimate]"
NY,Montgomery,State-Based Exchange QHP / Medicaid Managed Care,Healthfirst PHSP,Healthfirst (NYC nonprofit),FIPS 36057,,,3998,,2024 (rough estimate),"[ESTIMATED — distributed from rough state-based exchange total (1,600,000) by 2024 county population. NY State of Health Essential Plan + QHP estimate]"
NY,Nassau,State-Based Exchange QHP / Medicaid Managed Care,Healthfirst PHSP,Healthfirst (NYC nonprofit),FIPS 36059,,,112139,,2024 (rough estimate),"[ESTIMATED — distributed from rough state-based exchange total (1,600,000) by 2024 county population. NY State of Health Essential Plan + QHP estimate]"
NY,New York,State-Based Exchange QHP / Medicaid Managed Care,Healthfirst PHSP,Healthfirst (NYC nonprofit),FIPS 36061,,,133741,,2024 (rough estimate),"[ESTIMATED — distributed from rough state-based exchange total (1,600,000) by 2024 county population. NY State of Health Essential Plan + QHP estimate]"
NY,Niagara,State-Based Exchange QHP / Medicaid Managed Care,Healthfirst PHSP,Healthfirst (NYC nonprofit),FIPS 36063,,,16878,,2024 (rough estimate),"[ESTIMATED — distributed from rough state-based exchange total (1,600,000) by 2024 county population. NY State of Health Essential Plan + QHP estimate]"
NY,Oneida,State-Based Exchange QHP / Medicaid Managed Care,Healthfirst PHSP,Healthfirst (NYC nonprofit),FIPS 36065,,,18390,,2024 (rough estimate),"[ESTIMATED — distributed from rough state-based exchange total (1,600,000) by 2024 county population. NY State of Health Essential Plan + QHP estimate]"
NY,Onondaga,State-Based Exchange QHP / Medicaid Managed Care,Healthfirst PHSP,Healthfirst (NYC nonprofit),FIPS 36067,,,37836,,2024 (rough estimate),"[ESTIMATED — distributed from rough state-based exchange total (1,600,000) by 2024 county population. NY State of Health Essential Plan + QHP estimate]"
NY,Ontario,State-Based Exchange QHP / Medicaid Managed Care,Healthfirst PHSP,Healthfirst (NYC nonprofit),FIPS 36069,,,9101,,2024 (rough estimate),"[ESTIMATED — distributed from rough state-based exchange total (1,600,000) by 2024 county population. NY State of Health Essential Plan + QHP estimate]"
NY,Orange,State-Based Exchange QHP / Medicaid Managed Care,Healthfirst PHSP,Healthfirst (NYC nonprofit),FIPS 36071,,,33161,,2024 (rough estimate),"[ESTIMATED — distributed from rough state-based exchange total (1,600,000) by 2024 county population. NY State of Health Essential Plan + QHP estimate]"
NY,Orleans,State-Based Exchange QHP / Medicaid Managed Care,Healthfirst PHSP,Healthfirst (NYC nonprofit),FIPS 36073,,,3196,,2024 (rough estimate),"[ESTIMATED — distributed from rough state-based exchange total (1,600,000) by 2024 county population. NY State of Health Essential Plan + QHP estimate]"
NY,Oswego,State-Based Exchange QHP / Medicaid Managed Care,Healthfirst PHSP,Healthfirst (NYC nonprofit),FIPS 36075,,,9528,,2024 (rough estimate),"[ESTIMATED — distributed from rough state-based exchange total (1,600,000) by 2024 county population. NY State of Health Essential Plan + QHP estimate]"
NY,Otsego,State-Based Exchange QHP / Medicaid Managed Care,Healthfirst PHSP,Healthfirst (NYC nonprofit),FIPS 36077,,,4874,,2024 (rough estimate),"[ESTIMATED — distributed from rough state-based exchange total (1,600,000) by 2024 county population. NY State of Health Essential Plan + QHP estimate]"
NY,Putnam,State-Based Exchange QHP / Medicaid Managed Care,Healthfirst PHSP,Healthfirst (NYC nonprofit),FIPS 36079,,,7925,,2024 (rough estimate),"[ESTIMATED — distributed from rough state-based exchange total (1,600,000) by 2024 county population. NY State of Health Essential Plan + QHP estimate]"
NY,Queens,State-Based Exchange QHP / Medicaid Managed Care,Healthfirst PHSP,Healthfirst (NYC nonprofit),FIPS 36081,,,186586,,2024 (rough estimate),"[ESTIMATED — distributed from rough state-based exchange total (1,600,000) by 2024 county population. NY State of Health Essential Plan + QHP estimate]"
NY,Rensselaer,State-Based Exchange QHP / Medicaid Managed Care,Healthfirst PHSP,Healthfirst (NYC nonprofit),FIPS 36083,,,12946,,2024 (rough estimate),"[ESTIMATED — distributed from rough state-based exchange total (1,600,000) by 2024 county population. NY State of Health Essential Plan + QHP estimate]"
NY,Richmond,State-Based Exchange QHP / Medicaid Managed Care,Healthfirst PHSP,Healthfirst (NYC nonprofit),FIPS 36085,,,40123,,2024 (rough estimate),"[ESTIMATED — distributed from rough state-based exchange total (1,600,000) by 2024 county population. NY State of Health Essential Plan + QHP estimate]"
NY,Rockland,State-Based Exchange QHP / Medicaid Managed Care,Healthfirst PHSP,Healthfirst (NYC nonprofit),FIPS 36087,,,28038,,2024 (rough estimate),"[ESTIMATED — distributed from rough state-based exchange total (1,600,000) by 2024 county population. NY State of Health Essential Plan + QHP estimate]"
NY,St. Lawrence,State-Based Exchange QHP / Medicaid Managed Care,Healthfirst PHSP,Healthfirst (NYC nonprofit),FIPS 36089,,,8553,,2024 (rough estimate),"[ESTIMATED — distributed from rough state-based exchange total (1,600,000) by 2024 county population. NY State of Health Essential Plan + QHP estimate]"
NY,Saratoga,State-Based Exchange QHP / Medicaid Managed Care,Healthfirst PHSP,Healthfirst (NYC nonprofit),FIPS 36091,,,19357,,2024 (rough estimate),"[ESTIMATED — distributed from rough state-based exchange total (1,600,000) by 2024 county population. NY State of Health Essential Plan + QHP estimate]"
NY,Schenectady,State-Based Exchange QHP / Medicaid Managed Care,Healthfirst PHSP,Healthfirst (NYC nonprofit),FIPS 36093,,,13068,,2024 (rough estimate),"[ESTIMATED — distributed from rough state-based exchange total (1,600,000) by 2024 county population. NY State of Health Essential Plan + QHP estimate]"
NY,Schoharie,State-Based Exchange QHP / Medicaid Managed Care,Healthfirst PHSP,Healthfirst (NYC nonprofit),FIPS 36095,,,2428,,2024 (rough estimate),"[ESTIMATED — distributed from rough state-based exchange total (1,600,000) by 2024 county population. NY State of Health Essential Plan + QHP estimate]"
NY,Schuyler,State-Based Exchange QHP / Medicaid Managed Care,Healthfirst PHSP,Healthfirst (NYC nonprofit),FIPS 36097,,,1379,,2024 (rough estimate),"[ESTIMATED — distributed from rough state-based exchange total (1,600,000) by 2024 county population. NY State of Health Essential Plan + QHP estimate]"
NY,Seneca,State-Based Exchange QHP / Medicaid Managed Care,Healthfirst PHSP,Healthfirst (NYC nonprofit),FIPS 36099,,,2629,,2024 (rough estimate),"[ESTIMATED — distributed from rough state-based exchange total (1,600,000) by 2024 county population. NY State of Health Essential Plan + QHP estimate]"
NY,Steuben,State-Based Exchange QHP / Medicaid Managed Care,Healthfirst PHSP,Healthfirst (NYC nonprofit),FIPS 36101,,,7410,,2024 (rough estimate),"[ESTIMATED — distributed from rough state-based exchange total (1,600,000) by 2024 county population. NY State of Health Essential Plan + QHP estimate]"
NY,Suffolk,State-Based Exchange QHP / Medicaid Managed Care,Healthfirst PHSP,Healthfirst (NYC nonprofit),FIPS 36103,,,123694,,2024 (rough estimate),"[ESTIMATED — distributed from rough state-based exchange total (1,600,000) by 2024 county population. NY State of Health Essential Plan + QHP estimate]"
NY,Sullivan,State-Based Exchange QHP / Medicaid Managed Care,Healthfirst PHSP,Healthfirst (NYC nonprofit),FIPS 36105,,,6479,,2024 (rough estimate),"[ESTIMATED — distributed from rough state-based exchange total (1,600,000) by 2024 county population. NY State of Health Essential Plan + QHP estimate]"
NY,Tioga,State-Based Exchange QHP / Medicaid Managed Care,Healthfirst PHSP,Healthfirst (NYC nonprofit),FIPS 36107,,,3831,,2024 (rough estimate),"[ESTIMATED — distributed from rough state-based exchange total (1,600,000) by 2024 county population. NY State of Health Essential Plan + QHP estimate]"
NY,Tompkins,State-Based Exchange QHP / Medicaid Managed Care,Healthfirst PHSP,Healthfirst (NYC nonprofit),FIPS 36109,,,8505,,2024 (rough estimate),"[ESTIMATED — distributed from rough state-based exchange total (1,600,000) by 2024 county population. NY State of Health Essential Plan + QHP estimate]"
NY,Ulster,State-Based Exchange QHP / Medicaid Managed Care,Healthfirst PHSP,Healthfirst (NYC nonprofit),FIPS 36111,,,14736,,2024 (rough estimate),"[ESTIMATED — distributed from rough state-based exchange total (1,600,000) by 2024 county population. NY State of Health Essential Plan + QHP estimate]"
NY,Warren,State-Based Exchange QHP / Medicaid Managed Care,Healthfirst PHSP,Healthfirst (NYC nonprofit),FIPS 36113,,,5258,,2024 (rough estimate),"[ESTIMATED — distributed from rough state-based exchange total (1,600,000) by 2024 county population. NY State of Health Essential Plan + QHP estimate]"
NY,Washington,State-Based Exchange QHP / Medicaid Managed Care,Healthfirst PHSP,Healthfirst (NYC nonprofit),FIPS 36115,,,4819,,2024 (rough estimate),"[ESTIMATED — distributed from rough state-based exchange total (1,600,000) by 2024 county population. NY State of Health Essential Plan + QHP estimate]"
NY,Wayne,State-Based Exchange QHP / Medicaid Managed Care,Healthfirst PHSP,Healthfirst (NYC nonprofit),FIPS 36117,,,7309,,2024 (rough estimate),"[ESTIMATED — distributed from rough state-based exchange total (1,600,000) by 2024 county population. NY State of Health Essential Plan + QHP estimate]"
NY,Westchester,State-Based Exchange QHP / Medicaid Managed Care,Healthfirst PHSP,Healthfirst (NYC nonprofit),FIPS 36119,,,81054,,2024 (rough estimate),"[ESTIMATED — distributed from rough state-based exchange total (1,600,000) by 2024 county population. NY State of Health Essential Plan + QHP estimate]"
NY,Wyoming,State-Based Exchange QHP / Medicaid Managed Care,Healthfirst PHSP,Healthfirst (NYC nonprofit),FIPS 36121,,,3188,,2024 (rough estimate),"[ESTIMATED — distributed from rough state-based exchange total (1,600,000) by 2024 county population. NY State of Health Essential Plan + QHP estimate]"
NY,Yates,State-Based Exchange QHP / Medicaid Managed Care,Healthfirst PHSP,Healthfirst (NYC nonprofit),FIPS 36123,,,1964,,2024 (rough estimate),"[ESTIMATED — distributed from rough state-based exchange total (1,600,000) by 2024 county population. NY State of Health Essential Plan + QHP estimate]"
NY,Albany,State-Based Exchange QHP / Medicaid Managed Care,Fidelis Care NY,Centene,FIPS 36001,,,12884,,2024 (rough estimate),"[ESTIMATED — distributed from rough state-based exchange total (800,000) by 2024 county population. NY State of Health enrollment estimate]"
NY,Allegany,State-Based Exchange QHP / Medicaid Managed Care,Fidelis Care NY,Centene,FIPS 36003,,,1905,,2024 (rough estimate),"[ESTIMATED — distributed from rough state-based exchange total (800,000) by 2024 county population. NY State of Health enrollment estimate]"
NY,Bronx,State-Based Exchange QHP / Medicaid Managed Care,Fidelis Care NY,Centene,FIPS 36005,,,55759,,2024 (rough estimate),"[ESTIMATED — distributed from rough state-based exchange total (800,000) by 2024 county population. NY State of Health enrollment estimate]"
NY,Broome,State-Based Exchange QHP / Medicaid Managed Care,Fidelis Care NY,Centene,FIPS 36007,,,7908,,2024 (rough estimate),"[ESTIMATED — distributed from rough state-based exchange total (800,000) by 2024 county population. NY State of Health enrollment estimate]"
NY,Cattaraugus,State-Based Exchange QHP / Medicaid Managed Care,Fidelis Care NY,Centene,FIPS 36009,,,3039,,2024 (rough estimate),"[ESTIMATED — distributed from rough state-based exchange total (800,000) by 2024 county population. NY State of Health enrollment estimate]"
NY,Cayuga,State-Based Exchange QHP / Medicaid Managed Care,Fidelis Care NY,Centene,FIPS 36011,,,3003,,2024 (rough estimate),"[ESTIMATED — distributed from rough state-based exchange total (800,000) by 2024 county population. NY State of Health enrollment estimate]"
NY,Chautauqua,State-Based Exchange QHP / Medicaid Managed Care,Fidelis Care NY,Centene,FIPS 36013,,,4997,,2024 (rough estimate),"[ESTIMATED — distributed from rough state-based exchange total (800,000) by 2024 county population. NY State of Health enrollment estimate]"
NY,Chemung,State-Based Exchange QHP / Medicaid Managed Care,Fidelis Care NY,Centene,FIPS 36015,,,3266,,2024 (rough estimate),"[ESTIMATED — distributed from rough state-based exchange total (800,000) by 2024 county population. NY State of Health enrollment estimate]"
NY,Chenango,State-Based Exchange QHP / Medicaid Managed Care,Fidelis Care NY,Centene,FIPS 36017,,,1843,,2024 (rough estimate),"[ESTIMATED — distributed from rough state-based exchange total (800,000) by 2024 county population. NY State of Health enrollment estimate]"
NY,Clinton,State-Based Exchange QHP / Medicaid Managed Care,Fidelis Care NY,Centene,FIPS 36019,,,3136,,2024 (rough estimate),"[ESTIMATED — distributed from rough state-based exchange total (800,000) by 2024 county population. NY State of Health enrollment estimate]"
NY,Columbia,State-Based Exchange QHP / Medicaid Managed Care,Fidelis Care NY,Centene,FIPS 36021,,,2428,,2024 (rough estimate),"[ESTIMATED — distributed from rough state-based exchange total (800,000) by 2024 county population. NY State of Health enrollment estimate]"
NY,Cortland,State-Based Exchange QHP / Medicaid Managed Care,Fidelis Care NY,Centene,FIPS 36023,,,1850,,2024 (rough estimate),"[ESTIMATED — distributed from rough state-based exchange total (800,000) by 2024 county population. NY State of Health enrollment estimate]"
NY,Delaware,State-Based Exchange QHP / Medicaid Managed Care,Fidelis Care NY,Centene,FIPS 36025,,,1779,,2024 (rough estimate),"[ESTIMATED — distributed from rough state-based exchange total (800,000) by 2024 county population. NY State of Health enrollment estimate]"
NY,Dutchess,State-Based Exchange QHP / Medicaid Managed Care,Fidelis Care NY,Centene,FIPS 36027,,,12079,,2024 (rough estimate),"[ESTIMATED — distributed from rough state-based exchange total (800,000) by 2024 county population. NY State of Health enrollment estimate]"
NY,Erie,State-Based Exchange QHP / Medicaid Managed Care,Fidelis Care NY,Centene,FIPS 36029,,,38278,,2024 (rough estimate),"[ESTIMATED — distributed from rough state-based exchange total (800,000) by 2024 county population. NY State of Health enrollment estimate]"
NY,Essex,State-Based Exchange QHP / Medicaid Managed Care,Fidelis Care NY,Centene,FIPS 36031,,,1480,,2024 (rough estimate),"[ESTIMATED — distributed from rough state-based exchange total (800,000) by 2024 county population. NY State of Health enrollment estimate]"
NY,Franklin,State-Based Exchange QHP / Medicaid Managed Care,Fidelis Care NY,Centene,FIPS 36033,,,1896,,2024 (rough estimate),"[ESTIMATED — distributed from rough state-based exchange total (800,000) by 2024 county population. NY State of Health enrollment estimate]"
NY,Fulton,State-Based Exchange QHP / Medicaid Managed Care,Fidelis Care NY,Centene,FIPS 36035,,,2097,,2024 (rough estimate),"[ESTIMATED — distributed from rough state-based exchange total (800,000) by 2024 county population. NY State of Health enrollment estimate]"
NY,Genesee,State-Based Exchange QHP / Medicaid Managed Care,Fidelis Care NY,Centene,FIPS 36037,,,2320,,2024 (rough estimate),"[ESTIMATED — distributed from rough state-based exchange total (800,000) by 2024 county population. NY State of Health enrollment estimate]"
NY,Greene,State-Based Exchange QHP / Medicaid Managed Care,Fidelis Care NY,Centene,FIPS 36039,,,1889,,2024 (rough estimate),"[ESTIMATED — distributed from rough state-based exchange total (800,000) by 2024 county population. NY State of Health enrollment estimate]"
NY,Hamilton,State-Based Exchange QHP / Medicaid Managed Care,Fidelis Care NY,Centene,FIPS 36041,,,205,,2024 (rough estimate),"[ESTIMATED — distributed from rough state-based exchange total (800,000) by 2024 county population. NY State of Health enrollment estimate]"
NY,Herkimer,State-Based Exchange QHP / Medicaid Managed Care,Fidelis Care NY,Centene,FIPS 36043,,,2399,,2024 (rough estimate),"[ESTIMATED — distributed from rough state-based exchange total (800,000) by 2024 county population. NY State of Health enrollment estimate]"
NY,Jefferson,State-Based Exchange QHP / Medicaid Managed Care,Fidelis Care NY,Centene,FIPS 36045,,,4556,,2024 (rough estimate),"[ESTIMATED — distributed from rough state-based exchange total (800,000) by 2024 county population. NY State of Health enrollment estimate]"
NY,Kings,State-Based Exchange QHP / Medicaid Managed Care,Fidelis Care NY,Centene,FIPS 36047,,,105405,,2024 (rough estimate),"[ESTIMATED — distributed from rough state-based exchange total (800,000) by 2024 county population. NY State of Health enrollment estimate]"
NY,Lewis,State-Based Exchange QHP / Medicaid Managed Care,Fidelis Care NY,Centene,FIPS 36049,,,1070,,2024 (rough estimate),"[ESTIMATED — distributed from rough state-based exchange total (800,000) by 2024 county population. NY State of Health enrollment estimate]"
NY,Livingston,State-Based Exchange QHP / Medicaid Managed Care,Fidelis Care NY,Centene,FIPS 36051,,,2479,,2024 (rough estimate),"[ESTIMATED — distributed from rough state-based exchange total (800,000) by 2024 county population. NY State of Health enrollment estimate]"
NY,Madison,State-Based Exchange QHP / Medicaid Managed Care,Fidelis Care NY,Centene,FIPS 36053,,,2701,,2024 (rough estimate),"[ESTIMATED — distributed from rough state-based exchange total (800,000) by 2024 county population. NY State of Health enrollment estimate]"
NY,Monroe,State-Based Exchange QHP / Medicaid Managed Care,Fidelis Care NY,Centene,FIPS 36055,,,30289,,2024 (rough estimate),"[ESTIMATED — distributed from rough state-based exchange total (800,000) by 2024 county population. NY State of Health enrollment estimate]"
NY,Montgomery,State-Based Exchange QHP / Medicaid Managed Care,Fidelis Care NY,Centene,FIPS 36057,,,1999,,2024 (rough estimate),"[ESTIMATED — distributed from rough state-based exchange total (800,000) by 2024 county population. NY State of Health enrollment estimate]"
NY,Nassau,State-Based Exchange QHP / Medicaid Managed Care,Fidelis Care NY,Centene,FIPS 36059,,,56070,,2024 (rough estimate),"[ESTIMATED — distributed from rough state-based exchange total (800,000) by 2024 county population. NY State of Health enrollment estimate]"
NY,New York,State-Based Exchange QHP / Medicaid Managed Care,Fidelis Care NY,Centene,FIPS 36061,,,66870,,2024 (rough estimate),"[ESTIMATED — distributed from rough state-based exchange total (800,000) by 2024 county population. NY State of Health enrollment estimate]"
NY,Niagara,State-Based Exchange QHP / Medicaid Managed Care,Fidelis Care NY,Centene,FIPS 36063,,,8439,,2024 (rough estimate),"[ESTIMATED — distributed from rough state-based exchange total (800,000) by 2024 county population. NY State of Health enrollment estimate]"
NY,Oneida,State-Based Exchange QHP / Medicaid Managed Care,Fidelis Care NY,Centene,FIPS 36065,,,9195,,2024 (rough estimate),"[ESTIMATED — distributed from rough state-based exchange total (800,000) by 2024 county population. NY State of Health enrollment estimate]"
NY,Onondaga,State-Based Exchange QHP / Medicaid Managed Care,Fidelis Care NY,Centene,FIPS 36067,,,18918,,2024 (rough estimate),"[ESTIMATED — distributed from rough state-based exchange total (800,000) by 2024 county population. NY State of Health enrollment estimate]"
NY,Ontario,State-Based Exchange QHP / Medicaid Managed Care,Fidelis Care NY,Centene,FIPS 36069,,,4551,,2024 (rough estimate),"[ESTIMATED — distributed from rough state-based exchange total (800,000) by 2024 county population. NY State of Health enrollment estimate]"
NY,Orange,State-Based Exchange QHP / Medicaid Managed Care,Fidelis Care NY,Centene,FIPS 36071,,,16581,,2024 (rough estimate),"[ESTIMATED — distributed from rough state-based exchange total (800,000) by 2024 county population. NY State of Health enrollment estimate]"
NY,Orleans,State-Based Exchange QHP / Medicaid Managed Care,Fidelis Care NY,Centene,FIPS 36073,,,1598,,2024 (rough estimate),"[ESTIMATED — distributed from rough state-based exchange total (800,000) by 2024 county population. NY State of Health enrollment estimate]"
NY,Oswego,State-Based Exchange QHP / Medicaid Managed Care,Fidelis Care NY,Centene,FIPS 36075,,,4764,,2024 (rough estimate),"[ESTIMATED — distributed from rough state-based exchange total (800,000) by 2024 county population. NY State of Health enrollment estimate]"
NY,Otsego,State-Based Exchange QHP / Medicaid Managed Care,Fidelis Care NY,Centene,FIPS 36077,,,2437,,2024 (rough estimate),"[ESTIMATED — distributed from rough state-based exchange total (800,000) by 2024 county population. NY State of Health enrollment estimate]"
NY,Putnam,State-Based Exchange QHP / Medicaid Managed Care,Fidelis Care NY,Centene,FIPS 36079,,,3963,,2024 (rough estimate),"[ESTIMATED — distributed from rough state-based exchange total (800,000) by 2024 county population. NY State of Health enrollment estimate]"
NY,Queens,State-Based Exchange QHP / Medicaid Managed Care,Fidelis Care NY,Centene,FIPS 36081,,,93293,,2024 (rough estimate),"[ESTIMATED — distributed from rough state-based exchange total (800,000) by 2024 county population. NY State of Health enrollment estimate]"
NY,Rensselaer,State-Based Exchange QHP / Medicaid Managed Care,Fidelis Care NY,Centene,FIPS 36083,,,6473,,2024 (rough estimate),"[ESTIMATED — distributed from rough state-based exchange total (800,000) by 2024 county population. NY State of Health enrollment estimate]"
NY,Richmond,State-Based Exchange QHP / Medicaid Managed Care,Fidelis Care NY,Centene,FIPS 36085,,,20062,,2024 (rough estimate),"[ESTIMATED — distributed from rough state-based exchange total (800,000) by 2024 county population. NY State of Health enrollment estimate]"
NY,Rockland,State-Based Exchange QHP / Medicaid Managed Care,Fidelis Care NY,Centene,FIPS 36087,,,14019,,2024 (rough estimate),"[ESTIMATED — distributed from rough state-based exchange total (800,000) by 2024 county population. NY State of Health enrollment estimate]"
NY,St. Lawrence,State-Based Exchange QHP / Medicaid Managed Care,Fidelis Care NY,Centene,FIPS 36089,,,4276,,2024 (rough estimate),"[ESTIMATED — distributed from rough state-based exchange total (800,000) by 2024 county population. NY State of Health enrollment estimate]"
NY,Saratoga,State-Based Exchange QHP / Medicaid Managed Care,Fidelis Care NY,Centene,FIPS 36091,,,9679,,2024 (rough estimate),"[ESTIMATED — distributed from rough state-based exchange total (800,000) by 2024 county population. NY State of Health enrollment estimate]"
NY,Schenectady,State-Based Exchange QHP / Medicaid Managed Care,Fidelis Care NY,Centene,FIPS 36093,,,6534,,2024 (rough estimate),"[ESTIMATED — distributed from rough state-based exchange total (800,000) by 2024 county population. NY State of Health enrollment estimate]"
NY,Schoharie,State-Based Exchange QHP / Medicaid Managed Care,Fidelis Care NY,Centene,FIPS 36095,,,1214,,2024 (rough estimate),"[ESTIMATED — distributed from rough state-based exchange total (800,000) by 2024 county population. NY State of Health enrollment estimate]"
NY,Schuyler,State-Based Exchange QHP / Medicaid Managed Care,Fidelis Care NY,Centene,FIPS 36097,,,689,,2024 (rough estimate),"[ESTIMATED — distributed from rough state-based exchange total (800,000) by 2024 county population. NY State of Health enrollment estimate]"
NY,Seneca,State-Based Exchange QHP / Medicaid Managed Care,Fidelis Care NY,Centene,FIPS 36099,,,1315,,2024 (rough estimate),"[ESTIMATED — distributed from rough state-based exchange total (800,000) by 2024 county population. NY State of Health enrollment estimate]"
NY,Steuben,State-Based Exchange QHP / Medicaid Managed Care,Fidelis Care NY,Centene,FIPS 36101,,,3705,,2024 (rough estimate),"[ESTIMATED — distributed from rough state-based exchange total (800,000) by 2024 county population. NY State of Health enrollment estimate]"
NY,Suffolk,State-Based Exchange QHP / Medicaid Managed Care,Fidelis Care NY,Centene,FIPS 36103,,,61847,,2024 (rough estimate),"[ESTIMATED — distributed from rough state-based exchange total (800,000) by 2024 county population. NY State of Health enrollment estimate]"
NY,Sullivan,State-Based Exchange QHP / Medicaid Managed Care,Fidelis Care NY,Centene,FIPS 36105,,,3240,,2024 (rough estimate),"[ESTIMATED — distributed from rough state-based exchange total (800,000) by 2024 county population. NY State of Health enrollment estimate]"
NY,Tioga,State-Based Exchange QHP / Medicaid Managed Care,Fidelis Care NY,Centene,FIPS 36107,,,1916,,2024 (rough estimate),"[ESTIMATED — distributed from rough state-based exchange total (800,000) by 2024 county population. NY State of Health enrollment estimate]"
NY,Tompkins,State-Based Exchange QHP / Medicaid Managed Care,Fidelis Care NY,Centene,FIPS 36109,,,4252,,2024 (rough estimate),"[ESTIMATED — distributed from rough state-based exchange total (800,000) by 2024 county population. NY State of Health enrollment estimate]"
NY,Ulster,State-Based Exchange QHP / Medicaid Managed Care,Fidelis Care NY,Centene,FIPS 36111,,,7368,,2024 (rough estimate),"[ESTIMATED — distributed from rough state-based exchange total (800,000) by 2024 county population. NY State of Health enrollment estimate]"
NY,Warren,State-Based Exchange QHP / Medicaid Managed Care,Fidelis Care NY,Centene,FIPS 36113,,,2629,,2024 (rough estimate),"[ESTIMATED — distributed from rough state-based exchange total (800,000) by 2024 county population. NY State of Health enrollment estimate]"
NY,Washington,State-Based Exchange QHP / Medicaid Managed Care,Fidelis Care NY,Centene,FIPS 36115,,,2410,,2024 (rough estimate),"[ESTIMATED — distributed from rough state-based exchange total (800,000) by 2024 county population. NY State of Health enrollment estimate]"
NY,Wayne,State-Based Exchange QHP / Medicaid Managed Care,Fidelis Care NY,Centene,FIPS 36117,,,3655,,2024 (rough estimate),"[ESTIMATED — distributed from rough state-based exchange total (800,000) by 2024 county population. NY State of Health enrollment estimate]"
NY,Westchester,State-Based Exchange QHP / Medicaid Managed Care,Fidelis Care NY,Centene,FIPS 36119,,,40527,,2024 (rough estimate),"[ESTIMATED — distributed from rough state-based exchange total (800,000) by 2024 county population. NY State of Health enrollment estimate]"
NY,Wyoming,State-Based Exchange QHP / Medicaid Managed Care,Fidelis Care NY,Centene,FIPS 36121,,,1594,,2024 (rough estimate),"[ESTIMATED — distributed from rough state-based exchange total (800,000) by 2024 county population. NY State of Health enrollment estimate]"
NY,Yates,State-Based Exchange QHP / Medicaid Managed Care,Fidelis Care NY,Centene,FIPS 36123,,,982,,2024 (rough estimate),"[ESTIMATED — distributed from rough state-based exchange total (800,000) by 2024 county population. NY State of Health enrollment estimate]"
NY,Albany,State-Based Exchange QHP / Medicaid Managed Care,MetroPlus Health Plan,MetroPlus Health,FIPS 36001,,,11274,,2024 (rough estimate),"[ESTIMATED — distributed from rough state-based exchange total (700,000) by 2024 county population. NY State of Health enrollment estimate]"
NY,Allegany,State-Based Exchange QHP / Medicaid Managed Care,MetroPlus Health Plan,MetroPlus Health,FIPS 36003,,,1667,,2024 (rough estimate),"[ESTIMATED — distributed from rough state-based exchange total (700,000) by 2024 county population. NY State of Health enrollment estimate]"
NY,Bronx,State-Based Exchange QHP / Medicaid Managed Care,MetroPlus Health Plan,MetroPlus Health,FIPS 36005,,,48789,,2024 (rough estimate),"[ESTIMATED — distributed from rough state-based exchange total (700,000) by 2024 county population. NY State of Health enrollment estimate]"
NY,Broome,State-Based Exchange QHP / Medicaid Managed Care,MetroPlus Health Plan,MetroPlus Health,FIPS 36007,,,6920,,2024 (rough estimate),"[ESTIMATED — distributed from rough state-based exchange total (700,000) by 2024 county population. NY State of Health enrollment estimate]"
NY,Cattaraugus,State-Based Exchange QHP / Medicaid Managed Care,MetroPlus Health Plan,MetroPlus Health,FIPS 36009,,,2659,,2024 (rough estimate),"[ESTIMATED — distributed from rough state-based exchange total (700,000) by 2024 county population. NY State of Health enrollment estimate]"
NY,Cayuga,State-Based Exchange QHP / Medicaid Managed Care,MetroPlus Health Plan,MetroPlus Health,FIPS 36011,,,2627,,2024 (rough estimate),"[ESTIMATED — distributed from rough state-based exchange total (700,000) by 2024 county population. NY State of Health enrollment estimate]"
NY,Chautauqua,State-Based Exchange QHP / Medicaid Managed Care,MetroPlus Health Plan,MetroPlus Health,FIPS 36013,,,4373,,2024 (rough estimate),"[ESTIMATED — distributed from rough state-based exchange total (700,000) by 2024 county population. NY State of Health enrollment estimate]"
NY,Chemung,State-Based Exchange QHP / Medicaid Managed Care,MetroPlus Health Plan,MetroPlus Health,FIPS 36015,,,2858,,2024 (rough estimate),"[ESTIMATED — distributed from rough state-based exchange total (700,000) by 2024 county population. NY State of Health enrollment estimate]"
NY,Chenango,State-Based Exchange QHP / Medicaid Managed Care,MetroPlus Health Plan,MetroPlus Health,FIPS 36017,,,1613,,2024 (rough estimate),"[ESTIMATED — distributed from rough state-based exchange total (700,000) by 2024 county population. NY State of Health enrollment estimate]"
NY,Clinton,State-Based Exchange QHP / Medicaid Managed Care,MetroPlus Health Plan,MetroPlus Health,FIPS 36019,,,2744,,2024 (rough estimate),"[ESTIMATED — distributed from rough state-based exchange total (700,000) by 2024 county population. NY State of Health enrollment estimate]"
NY,Columbia,State-Based Exchange QHP / Medicaid Managed Care,MetroPlus Health Plan,MetroPlus Health,FIPS 36021,,,2125,,2024 (rough estimate),"[ESTIMATED — distributed from rough state-based exchange total (700,000) by 2024 county population. NY State of Health enrollment estimate]"
NY,Cortland,State-Based Exchange QHP / Medicaid Managed Care,MetroPlus Health Plan,MetroPlus Health,FIPS 36023,,,1619,,2024 (rough estimate),"[ESTIMATED — distributed from rough state-based exchange total (700,000) by 2024 county population. NY State of Health enrollment estimate]"
NY,Delaware,State-Based Exchange QHP / Medicaid Managed Care,MetroPlus Health Plan,MetroPlus Health,FIPS 36025,,,1557,,2024 (rough estimate),"[ESTIMATED — distributed from rough state-based exchange total (700,000) by 2024 county population. NY State of Health enrollment estimate]"
NY,Dutchess,State-Based Exchange QHP / Medicaid Managed Care,MetroPlus Health Plan,MetroPlus Health,FIPS 36027,,,10569,,2024 (rough estimate),"[ESTIMATED — distributed from rough state-based exchange total (700,000) by 2024 county population. NY State of Health enrollment estimate]"
NY,Erie,State-Based Exchange QHP / Medicaid Managed Care,MetroPlus Health Plan,MetroPlus Health,FIPS 36029,,,33493,,2024 (rough estimate),"[ESTIMATED — distributed from rough state-based exchange total (700,000) by 2024 county population. NY State of Health enrollment estimate]"
NY,Essex,State-Based Exchange QHP / Medicaid Managed Care,MetroPlus Health Plan,MetroPlus Health,FIPS 36031,,,1295,,2024 (rough estimate),"[ESTIMATED — distributed from rough state-based exchange total (700,000) by 2024 county population. NY State of Health enrollment estimate]"
NY,Franklin,State-Based Exchange QHP / Medicaid Managed Care,MetroPlus Health Plan,MetroPlus Health,FIPS 36033,,,1659,,2024 (rough estimate),"[ESTIMATED — distributed from rough state-based exchange total (700,000) by 2024 county population. NY State of Health enrollment estimate]"
NY,Fulton,State-Based Exchange QHP / Medicaid Managed Care,MetroPlus Health Plan,MetroPlus Health,FIPS 36035,,,1835,,2024 (rough estimate),"[ESTIMATED — distributed from rough state-based exchange total (700,000) by 2024 county population. NY State of Health enrollment estimate]"
NY,Genesee,State-Based Exchange QHP / Medicaid Managed Care,MetroPlus Health Plan,MetroPlus Health,FIPS 36037,,,2030,,2024 (rough estimate),"[ESTIMATED — distributed from rough state-based exchange total (700,000) by 2024 county population. NY State of Health enrollment estimate]"
NY,Greene,State-Based Exchange QHP / Medicaid Managed Care,MetroPlus Health Plan,MetroPlus Health,FIPS 36039,,,1653,,2024 (rough estimate),"[ESTIMATED — distributed from rough state-based exchange total (700,000) by 2024 county population. NY State of Health enrollment estimate]"
NY,Hamilton,State-Based Exchange QHP / Medicaid Managed Care,MetroPlus Health Plan,MetroPlus Health,FIPS 36041,,,179,,2024 (rough estimate),"[ESTIMATED — distributed from rough state-based exchange total (700,000) by 2024 county population. NY State of Health enrollment estimate]"
NY,Herkimer,State-Based Exchange QHP / Medicaid Managed Care,MetroPlus Health Plan,MetroPlus Health,FIPS 36043,,,2099,,2024 (rough estimate),"[ESTIMATED — distributed from rough state-based exchange total (700,000) by 2024 county population. NY State of Health enrollment estimate]"
NY,Jefferson,State-Based Exchange QHP / Medicaid Managed Care,MetroPlus Health Plan,MetroPlus Health,FIPS 36045,,,3986,,2024 (rough estimate),"[ESTIMATED — distributed from rough state-based exchange total (700,000) by 2024 county population. NY State of Health enrollment estimate]"
NY,Kings,State-Based Exchange QHP / Medicaid Managed Care,MetroPlus Health Plan,MetroPlus Health,FIPS 36047,,,92229,,2024 (rough estimate),"[ESTIMATED — distributed from rough state-based exchange total (700,000) by 2024 county population. NY State of Health enrollment estimate]"
NY,Lewis,State-Based Exchange QHP / Medicaid Managed Care,MetroPlus Health Plan,MetroPlus Health,FIPS 36049,,,936,,2024 (rough estimate),"[ESTIMATED — distributed from rough state-based exchange total (700,000) by 2024 county population. NY State of Health enrollment estimate]"
NY,Livingston,State-Based Exchange QHP / Medicaid Managed Care,MetroPlus Health Plan,MetroPlus Health,FIPS 36051,,,2169,,2024 (rough estimate),"[ESTIMATED — distributed from rough state-based exchange total (700,000) by 2024 county population. NY State of Health enrollment estimate]"
NY,Madison,State-Based Exchange QHP / Medicaid Managed Care,MetroPlus Health Plan,MetroPlus Health,FIPS 36053,,,2363,,2024 (rough estimate),"[ESTIMATED — distributed from rough state-based exchange total (700,000) by 2024 county population. NY State of Health enrollment estimate]"
NY,Monroe,State-Based Exchange QHP / Medicaid Managed Care,MetroPlus Health Plan,MetroPlus Health,FIPS 36055,,,26503,,2024 (rough estimate),"[ESTIMATED — distributed from rough state-based exchange total (700,000) by 2024 county population. NY State of Health enrollment estimate]"
NY,Montgomery,State-Based Exchange QHP / Medicaid Managed Care,MetroPlus Health Plan,MetroPlus Health,FIPS 36057,,,1749,,2024 (rough estimate),"[ESTIMATED — distributed from rough state-based exchange total (700,000) by 2024 county population. NY State of Health enrollment estimate]"
NY,Nassau,State-Based Exchange QHP / Medicaid Managed Care,MetroPlus Health Plan,MetroPlus Health,FIPS 36059,,,49061,,2024 (rough estimate),"[ESTIMATED — distributed from rough state-based exchange total (700,000) by 2024 county population. NY State of Health enrollment estimate]"
NY,New York,State-Based Exchange QHP / Medicaid Managed Care,MetroPlus Health Plan,MetroPlus Health,FIPS 36061,,,58512,,2024 (rough estimate),"[ESTIMATED — distributed from rough state-based exchange total (700,000) by 2024 county population. NY State of Health enrollment estimate]"
NY,Niagara,State-Based Exchange QHP / Medicaid Managed Care,MetroPlus Health Plan,MetroPlus Health,FIPS 36063,,,7384,,2024 (rough estimate),"[ESTIMATED — distributed from rough state-based exchange total (700,000) by 2024 county population. NY State of Health enrollment estimate]"
NY,Oneida,State-Based Exchange QHP / Medicaid Managed Care,MetroPlus Health Plan,MetroPlus Health,FIPS 36065,,,8046,,2024 (rough estimate),"[ESTIMATED — distributed from rough state-based exchange total (700,000) by 2024 county population. NY State of Health enrollment estimate]"
NY,Onondaga,State-Based Exchange QHP / Medicaid Managed Care,MetroPlus Health Plan,MetroPlus Health,FIPS 36067,,,16553,,2024 (rough estimate),"[ESTIMATED — distributed from rough state-based exchange total (700,000) by 2024 county population. NY State of Health enrollment estimate]"
NY,Ontario,State-Based Exchange QHP / Medicaid Managed Care,MetroPlus Health Plan,MetroPlus Health,FIPS 36069,,,3982,,2024 (rough estimate),"[ESTIMATED — distributed from rough state-based exchange total (700,000) by 2024 county population. NY State of Health enrollment estimate]"
NY,Orange,State-Based Exchange QHP / Medicaid Managed Care,MetroPlus Health Plan,MetroPlus Health,FIPS 36071,,,14508,,2024 (rough estimate),"[ESTIMATED — distributed from rough state-based exchange total (700,000) by 2024 county population. NY State of Health enrollment estimate]"
NY,Orleans,State-Based Exchange QHP / Medicaid Managed Care,MetroPlus Health Plan,MetroPlus Health,FIPS 36073,,,1398,,2024 (rough estimate),"[ESTIMATED — distributed from rough state-based exchange total (700,000) by 2024 county population. NY State of Health enrollment estimate]"
NY,Oswego,State-Based Exchange QHP / Medicaid Managed Care,MetroPlus Health Plan,MetroPlus Health,FIPS 36075,,,4168,,2024 (rough estimate),"[ESTIMATED — distributed from rough state-based exchange total (700,000) by 2024 county population. NY State of Health enrollment estimate]"
NY,Otsego,State-Based Exchange QHP / Medicaid Managed Care,MetroPlus Health Plan,MetroPlus Health,FIPS 36077,,,2132,,2024 (rough estimate),"[ESTIMATED — distributed from rough state-based exchange total (700,000) by 2024 county population. NY State of Health enrollment estimate]"
NY,Putnam,State-Based Exchange QHP / Medicaid Managed Care,MetroPlus Health Plan,MetroPlus Health,FIPS 36079,,,3467,,2024 (rough estimate),"[ESTIMATED — distributed from rough state-based exchange total (700,000) by 2024 county population. NY State of Health enrollment estimate]"
NY,Queens,State-Based Exchange QHP / Medicaid Managed Care,MetroPlus Health Plan,MetroPlus Health,FIPS 36081,,,81631,,2024 (rough estimate),"[ESTIMATED — distributed from rough state-based exchange total (700,000) by 2024 county population. NY State of Health enrollment estimate]"
NY,Rensselaer,State-Based Exchange QHP / Medicaid Managed Care,MetroPlus Health Plan,MetroPlus Health,FIPS 36083,,,5664,,2024 (rough estimate),"[ESTIMATED — distributed from rough state-based exchange total (700,000) by 2024 county population. NY State of Health enrollment estimate]"
NY,Richmond,State-Based Exchange QHP / Medicaid Managed Care,MetroPlus Health Plan,MetroPlus Health,FIPS 36085,,,17554,,2024 (rough estimate),"[ESTIMATED — distributed from rough state-based exchange total (700,000) by 2024 county population. NY State of Health enrollment estimate]"
NY,Rockland,State-Based Exchange QHP / Medicaid Managed Care,MetroPlus Health Plan,MetroPlus Health,FIPS 36087,,,12266,,2024 (rough estimate),"[ESTIMATED — distributed from rough state-based exchange total (700,000) by 2024 county population. NY State of Health enrollment estimate]"
NY,St. Lawrence,State-Based Exchange QHP / Medicaid Managed Care,MetroPlus Health Plan,MetroPlus Health,FIPS 36089,,,3742,,2024 (rough estimate),"[ESTIMATED — distributed from rough state-based exchange total (700,000) by 2024 county population. NY State of Health enrollment estimate]"
NY,Saratoga,State-Based Exchange QHP / Medicaid Managed Care,MetroPlus Health Plan,MetroPlus Health,FIPS 36091,,,8469,,2024 (rough estimate),"[ESTIMATED — distributed from rough state-based exchange total (700,000) by 2024 county population. NY State of Health enrollment estimate]"
NY,Schenectady,State-Based Exchange QHP / Medicaid Managed Care,MetroPlus Health Plan,MetroPlus Health,FIPS 36093,,,5717,,2024 (rough estimate),"[ESTIMATED — distributed from rough state-based exchange total (700,000) by 2024 county population. NY State of Health enrollment estimate]"
NY,Schoharie,State-Based Exchange QHP / Medicaid Managed Care,MetroPlus Health Plan,MetroPlus Health,FIPS 36095,,,1062,,2024 (rough estimate),"[ESTIMATED — distributed from rough state-based exchange total (700,000) by 2024 county population. NY State of Health enrollment estimate]"
NY,Schuyler,State-Based Exchange QHP / Medicaid Managed Care,MetroPlus Health Plan,MetroPlus Health,FIPS 36097,,,603,,2024 (rough estimate),"[ESTIMATED — distributed from rough state-based exchange total (700,000) by 2024 county population. NY State of Health enrollment estimate]"
NY,Seneca,State-Based Exchange QHP / Medicaid Managed Care,MetroPlus Health Plan,MetroPlus Health,FIPS 36099,,,1150,,2024 (rough estimate),"[ESTIMATED — distributed from rough state-based exchange total (700,000) by 2024 county population. NY State of Health enrollment estimate]"
NY,Steuben,State-Based Exchange QHP / Medicaid Managed Care,MetroPlus Health Plan,MetroPlus Health,FIPS 36101,,,3242,,2024 (rough estimate),"[ESTIMATED — distributed from rough state-based exchange total (700,000) by 2024 county population. NY State of Health enrollment estimate]"
NY,Suffolk,State-Based Exchange QHP / Medicaid Managed Care,MetroPlus Health Plan,MetroPlus Health,FIPS 36103,,,54116,,2024 (rough estimate),"[ESTIMATED — distributed from rough state-based exchange total (700,000) by 2024 county population. NY State of Health enrollment estimate]"
NY,Sullivan,State-Based Exchange QHP / Medicaid Managed Care,MetroPlus Health Plan,MetroPlus Health,FIPS 36105,,,2835,,2024 (rough estimate),"[ESTIMATED — distributed from rough state-based exchange total (700,000) by 2024 county population. NY State of Health enrollment estimate]"
NY,Tioga,State-Based Exchange QHP / Medicaid Managed Care,MetroPlus Health Plan,MetroPlus Health,FIPS 36107,,,1676,,2024 (rough estimate),"[ESTIMATED — distributed from rough state-based exchange total (700,000) by 2024 county population. NY State of Health enrollment estimate]"
NY,Tompkins,State-Based Exchange QHP / Medicaid Managed Care,MetroPlus Health Plan,MetroPlus Health,FIPS 36109,,,3721,,2024 (rough estimate),"[ESTIMATED — distributed from rough state-based exchange total (700,000) by 2024 county population. NY State of Health enrollment estimate]"
NY,Ulster,State-Based Exchange QHP / Medicaid Managed Care,MetroPlus Health Plan,MetroPlus Health,FIPS 36111,,,6447,,2024 (rough estimate),"[ESTIMATED — distributed from rough state-based exchange total (700,000) by 2024 county population. NY State of Health enrollment estimate]"
NY,Warren,State-Based Exchange QHP / Medicaid Managed Care,MetroPlus Health Plan,MetroPlus Health,FIPS 36113,,,2300,,2024 (rough estimate),"[ESTIMATED — distributed from rough state-based exchange total (700,000) by 2024 county population. NY State of Health enrollment estimate]"
NY,Washington,State-Based Exchange QHP / Medicaid Managed Care,MetroPlus Health Plan,MetroPlus Health,FIPS 36115,,,2108,,2024 (rough estimate),"[ESTIMATED — distributed from rough state-based exchange total (700,000) by 2024 county population. NY State of Health enrollment estimate]"
NY,Wayne,State-Based Exchange QHP / Medicaid Managed Care,MetroPlus Health Plan,MetroPlus Health,FIPS 36117,,,3198,,2024 (rough estimate),"[ESTIMATED — distributed from rough state-based exchange total (700,000) by 2024 county population. NY State of Health enrollment estimate]"
NY,Westchester,State-Based Exchange QHP / Medicaid Managed Care,MetroPlus Health Plan,MetroPlus Health,FIPS 36119,,,35461,,2024 (rough estimate),"[ESTIMATED — distributed from rough state-based exchange total (700,000) by 2024 county population. NY State of Health enrollment estimate]"
NY,Wyoming,State-Based Exchange QHP / Medicaid Managed Care,MetroPlus Health Plan,MetroPlus Health,FIPS 36121,,,1395,,2024 (rough estimate),"[ESTIMATED — distributed from rough state-based exchange total (700,000) by 2024 county population. NY State of Health enrollment estimate]"
NY,Yates,State-Based Exchange QHP / Medicaid Managed Care,MetroPlus Health Plan,MetroPlus Health,FIPS 36123,,,859,,2024 (rough estimate),"[ESTIMATED — distributed from rough state-based exchange total (700,000) by 2024 county population. NY State of Health enrollment estimate]"
NY,Albany,State-Based Exchange QHP / Medicaid Managed Care,Empire BlueCross BlueShield HealthPlus,Elevance Health,FIPS 36001,,,5637,,2024 (rough estimate),"[ESTIMATED — distributed from rough state-based exchange total (350,000) by 2024 county population. NY State of Health enrollment estimate]"
NY,Allegany,State-Based Exchange QHP / Medicaid Managed Care,Empire BlueCross BlueShield HealthPlus,Elevance Health,FIPS 36003,,,833,,2024 (rough estimate),"[ESTIMATED — distributed from rough state-based exchange total (350,000) by 2024 county population. NY State of Health enrollment estimate]"
NY,Bronx,State-Based Exchange QHP / Medicaid Managed Care,Empire BlueCross BlueShield HealthPlus,Elevance Health,FIPS 36005,,,24395,,2024 (rough estimate),"[ESTIMATED — distributed from rough state-based exchange total (350,000) by 2024 county population. NY State of Health enrollment estimate]"
NY,Broome,State-Based Exchange QHP / Medicaid Managed Care,Empire BlueCross BlueShield HealthPlus,Elevance Health,FIPS 36007,,,3460,,2024 (rough estimate),"[ESTIMATED — distributed from rough state-based exchange total (350,000) by 2024 county population. NY State of Health enrollment estimate]"
NY,Cattaraugus,State-Based Exchange QHP / Medicaid Managed Care,Empire BlueCross BlueShield HealthPlus,Elevance Health,FIPS 36009,,,1330,,2024 (rough estimate),"[ESTIMATED — distributed from rough state-based exchange total (350,000) by 2024 county population. NY State of Health enrollment estimate]"
NY,Cayuga,State-Based Exchange QHP / Medicaid Managed Care,Empire BlueCross BlueShield HealthPlus,Elevance Health,FIPS 36011,,,1314,,2024 (rough estimate),"[ESTIMATED — distributed from rough state-based exchange total (350,000) by 2024 county population. NY State of Health enrollment estimate]"
NY,Chautauqua,State-Based Exchange QHP / Medicaid Managed Care,Empire BlueCross BlueShield HealthPlus,Elevance Health,FIPS 36013,,,2186,,2024 (rough estimate),"[ESTIMATED — distributed from rough state-based exchange total (350,000) by 2024 county population. NY State of Health enrollment estimate]"
NY,Chemung,State-Based Exchange QHP / Medicaid Managed Care,Empire BlueCross BlueShield HealthPlus,Elevance Health,FIPS 36015,,,1429,,2024 (rough estimate),"[ESTIMATED — distributed from rough state-based exchange total (350,000) by 2024 county population. NY State of Health enrollment estimate]"
NY,Chenango,State-Based Exchange QHP / Medicaid Managed Care,Empire BlueCross BlueShield HealthPlus,Elevance Health,FIPS 36017,,,806,,2024 (rough estimate),"[ESTIMATED — distributed from rough state-based exchange total (350,000) by 2024 county population. NY State of Health enrollment estimate]"
NY,Clinton,State-Based Exchange QHP / Medicaid Managed Care,Empire BlueCross BlueShield HealthPlus,Elevance Health,FIPS 36019,,,1372,,2024 (rough estimate),"[ESTIMATED — distributed from rough state-based exchange total (350,000) by 2024 county population. NY State of Health enrollment estimate]"
NY,Columbia,State-Based Exchange QHP / Medicaid Managed Care,Empire BlueCross BlueShield HealthPlus,Elevance Health,FIPS 36021,,,1062,,2024 (rough estimate),"[ESTIMATED — distributed from rough state-based exchange total (350,000) by 2024 county population. NY State of Health enrollment estimate]"
NY,Cortland,State-Based Exchange QHP / Medicaid Managed Care,Empire BlueCross BlueShield HealthPlus,Elevance Health,FIPS 36023,,,809,,2024 (rough estimate),"[ESTIMATED — distributed from rough state-based exchange total (350,000) by 2024 county population. NY State of Health enrollment estimate]"
NY,Delaware,State-Based Exchange QHP / Medicaid Managed Care,Empire BlueCross BlueShield HealthPlus,Elevance Health,FIPS 36025,,,779,,2024 (rough estimate),"[ESTIMATED — distributed from rough state-based exchange total (350,000) by 2024 county population. NY State of Health enrollment estimate]"
NY,Dutchess,State-Based Exchange QHP / Medicaid Managed Care,Empire BlueCross BlueShield HealthPlus,Elevance Health,FIPS 36027,,,5284,,2024 (rough estimate),"[ESTIMATED — distributed from rough state-based exchange total (350,000) by 2024 county population. NY State of Health enrollment estimate]"
NY,Erie,State-Based Exchange QHP / Medicaid Managed Care,Empire BlueCross BlueShield HealthPlus,Elevance Health,FIPS 36029,,,16747,,2024 (rough estimate),"[ESTIMATED — distributed from rough state-based exchange total (350,000) by 2024 county population. NY State of Health enrollment estimate]"
NY,Essex,State-Based Exchange QHP / Medicaid Managed Care,Empire BlueCross BlueShield HealthPlus,Elevance Health,FIPS 36031,,,647,,2024 (rough estimate),"[ESTIMATED — distributed from rough state-based exchange total (350,000) by 2024 county population. NY State of Health enrollment estimate]"
NY,Franklin,State-Based Exchange QHP / Medicaid Managed Care,Empire BlueCross BlueShield HealthPlus,Elevance Health,FIPS 36033,,,830,,2024 (rough estimate),"[ESTIMATED — distributed from rough state-based exchange total (350,000) by 2024 county population. NY State of Health enrollment estimate]"
NY,Fulton,State-Based Exchange QHP / Medicaid Managed Care,Empire BlueCross BlueShield HealthPlus,Elevance Health,FIPS 36035,,,917,,2024 (rough estimate),"[ESTIMATED — distributed from rough state-based exchange total (350,000) by 2024 county population. NY State of Health enrollment estimate]"
NY,Genesee,State-Based Exchange QHP / Medicaid Managed Care,Empire BlueCross BlueShield HealthPlus,Elevance Health,FIPS 36037,,,1015,,2024 (rough estimate),"[ESTIMATED — distributed from rough state-based exchange total (350,000) by 2024 county population. NY State of Health enrollment estimate]"
NY,Greene,State-Based Exchange QHP / Medicaid Managed Care,Empire BlueCross BlueShield HealthPlus,Elevance Health,FIPS 36039,,,826,,2024 (rough estimate),"[ESTIMATED — distributed from rough state-based exchange total (350,000) by 2024 county population. NY State of Health enrollment estimate]"
NY,Hamilton,State-Based Exchange QHP / Medicaid Managed Care,Empire BlueCross BlueShield HealthPlus,Elevance Health,FIPS 36041,,,90,,2024 (rough estimate),"[ESTIMATED — distributed from rough state-based exchange total (350,000) by 2024 county population. NY State of Health enrollment estimate]"
NY,Herkimer,State-Based Exchange QHP / Medicaid Managed Care,Empire BlueCross BlueShield HealthPlus,Elevance Health,FIPS 36043,,,1050,,2024 (rough estimate),"[ESTIMATED — distributed from rough state-based exchange total (350,000) by 2024 county population. NY State of Health enrollment estimate]"
NY,Jefferson,State-Based Exchange QHP / Medicaid Managed Care,Empire BlueCross BlueShield HealthPlus,Elevance Health,FIPS 36045,,,1993,,2024 (rough estimate),"[ESTIMATED — distributed from rough state-based exchange total (350,000) by 2024 county population. NY State of Health enrollment estimate]"
NY,Kings,State-Based Exchange QHP / Medicaid Managed Care,Empire BlueCross BlueShield HealthPlus,Elevance Health,FIPS 36047,,,46115,,2024 (rough estimate),"[ESTIMATED — distributed from rough state-based exchange total (350,000) by 2024 county population. NY State of Health enrollment estimate]"
NY,Lewis,State-Based Exchange QHP / Medicaid Managed Care,Empire BlueCross BlueShield HealthPlus,Elevance Health,FIPS 36049,,,468,,2024 (rough estimate),"[ESTIMATED — distributed from rough state-based exchange total (350,000) by 2024 county population. NY State of Health enrollment estimate]"
NY,Livingston,State-Based Exchange QHP / Medicaid Managed Care,Empire BlueCross BlueShield HealthPlus,Elevance Health,FIPS 36051,,,1085,,2024 (rough estimate),"[ESTIMATED — distributed from rough state-based exchange total (350,000) by 2024 county population. NY State of Health enrollment estimate]"
NY,Madison,State-Based Exchange QHP / Medicaid Managed Care,Empire BlueCross BlueShield HealthPlus,Elevance Health,FIPS 36053,,,1182,,2024 (rough estimate),"[ESTIMATED — distributed from rough state-based exchange total (350,000) by 2024 county population. NY State of Health enrollment estimate]"
NY,Monroe,State-Based Exchange QHP / Medicaid Managed Care,Empire BlueCross BlueShield HealthPlus,Elevance Health,FIPS 36055,,,13251,,2024 (rough estimate),"[ESTIMATED — distributed from rough state-based exchange total (350,000) by 2024 county population. NY State of Health enrollment estimate]"
NY,Montgomery,State-Based Exchange QHP / Medicaid Managed Care,Empire BlueCross BlueShield HealthPlus,Elevance Health,FIPS 36057,,,875,,2024 (rough estimate),"[ESTIMATED — distributed from rough state-based exchange total (350,000) by 2024 county population. NY State of Health enrollment estimate]"
NY,Nassau,State-Based Exchange QHP / Medicaid Managed Care,Empire BlueCross BlueShield HealthPlus,Elevance Health,FIPS 36059,,,24530,,2024 (rough estimate),"[ESTIMATED — distributed from rough state-based exchange total (350,000) by 2024 county population. NY State of Health enrollment estimate]"
NY,New York,State-Based Exchange QHP / Medicaid Managed Care,Empire BlueCross BlueShield HealthPlus,Elevance Health,FIPS 36061,,,29256,,2024 (rough estimate),"[ESTIMATED — distributed from rough state-based exchange total (350,000) by 2024 county population. NY State of Health enrollment estimate]"
NY,Niagara,State-Based Exchange QHP / Medicaid Managed Care,Empire BlueCross BlueShield HealthPlus,Elevance Health,FIPS 36063,,,3692,,2024 (rough estimate),"[ESTIMATED — distributed from rough state-based exchange total (350,000) by 2024 county population. NY State of Health enrollment estimate]"
NY,Oneida,State-Based Exchange QHP / Medicaid Managed Care,Empire BlueCross BlueShield HealthPlus,Elevance Health,FIPS 36065,,,4023,,2024 (rough estimate),"[ESTIMATED — distributed from rough state-based exchange total (350,000) by 2024 county population. NY State of Health enrollment estimate]"
NY,Onondaga,State-Based Exchange QHP / Medicaid Managed Care,Empire BlueCross BlueShield HealthPlus,Elevance Health,FIPS 36067,,,8277,,2024 (rough estimate),"[ESTIMATED — distributed from rough state-based exchange total (350,000) by 2024 county population. NY State of Health enrollment estimate]"
NY,Ontario,State-Based Exchange QHP / Medicaid Managed Care,Empire BlueCross BlueShield HealthPlus,Elevance Health,FIPS 36069,,,1991,,2024 (rough estimate),"[ESTIMATED — distributed from rough state-based exchange total (350,000) by 2024 county population. NY State of Health enrollment estimate]"
NY,Orange,State-Based Exchange QHP / Medicaid Managed Care,Empire BlueCross BlueShield HealthPlus,Elevance Health,FIPS 36071,,,7254,,2024 (rough estimate),"[ESTIMATED — distributed from rough state-based exchange total (350,000) by 2024 county population. NY State of Health enrollment estimate]"
NY,Orleans,State-Based Exchange QHP / Medicaid Managed Care,Empire BlueCross BlueShield HealthPlus,Elevance Health,FIPS 36073,,,699,,2024 (rough estimate),"[ESTIMATED — distributed from rough state-based exchange total (350,000) by 2024 county population. NY State of Health enrollment estimate]"
NY,Oswego,State-Based Exchange QHP / Medicaid Managed Care,Empire BlueCross BlueShield HealthPlus,Elevance Health,FIPS 36075,,,2084,,2024 (rough estimate),"[ESTIMATED — distributed from rough state-based exchange total (350,000) by 2024 county population. NY State of Health enrollment estimate]"
NY,Otsego,State-Based Exchange QHP / Medicaid Managed Care,Empire BlueCross BlueShield HealthPlus,Elevance Health,FIPS 36077,,,1066,,2024 (rough estimate),"[ESTIMATED — distributed from rough state-based exchange total (350,000) by 2024 county population. NY State of Health enrollment estimate]"
NY,Putnam,State-Based Exchange QHP / Medicaid Managed Care,Empire BlueCross BlueShield HealthPlus,Elevance Health,FIPS 36079,,,1734,,2024 (rough estimate),"[ESTIMATED — distributed from rough state-based exchange total (350,000) by 2024 county population. NY State of Health enrollment estimate]"
NY,Queens,State-Based Exchange QHP / Medicaid Managed Care,Empire BlueCross BlueShield HealthPlus,Elevance Health,FIPS 36081,,,40816,,2024 (rough estimate),"[ESTIMATED — distributed from rough state-based exchange total (350,000) by 2024 county population. NY State of Health enrollment estimate]"
NY,Rensselaer,State-Based Exchange QHP / Medicaid Managed Care,Empire BlueCross BlueShield HealthPlus,Elevance Health,FIPS 36083,,,2832,,2024 (rough estimate),"[ESTIMATED — distributed from rough state-based exchange total (350,000) by 2024 county population. NY State of Health enrollment estimate]"
NY,Richmond,State-Based Exchange QHP / Medicaid Managed Care,Empire BlueCross BlueShield HealthPlus,Elevance Health,FIPS 36085,,,8777,,2024 (rough estimate),"[ESTIMATED — distributed from rough state-based exchange total (350,000) by 2024 county population. NY State of Health enrollment estimate]"
NY,Rockland,State-Based Exchange QHP / Medicaid Managed Care,Empire BlueCross BlueShield HealthPlus,Elevance Health,FIPS 36087,,,6133,,2024 (rough estimate),"[ESTIMATED — distributed from rough state-based exchange total (350,000) by 2024 county population. NY State of Health enrollment estimate]"
NY,St. Lawrence,State-Based Exchange QHP / Medicaid Managed Care,Empire BlueCross BlueShield HealthPlus,Elevance Health,FIPS 36089,,,1871,,2024 (rough estimate),"[ESTIMATED — distributed from rough state-based exchange total (350,000) by 2024 county population. NY State of Health enrollment estimate]"
NY,Saratoga,State-Based Exchange QHP / Medicaid Managed Care,Empire BlueCross BlueShield HealthPlus,Elevance Health,FIPS 36091,,,4234,,2024 (rough estimate),"[ESTIMATED — distributed from rough state-based exchange total (350,000) by 2024 county population. NY State of Health enrollment estimate]"
NY,Schenectady,State-Based Exchange QHP / Medicaid Managed Care,Empire BlueCross BlueShield HealthPlus,Elevance Health,FIPS 36093,,,2859,,2024 (rough estimate),"[ESTIMATED — distributed from rough state-based exchange total (350,000) by 2024 county population. NY State of Health enrollment estimate]"
NY,Schoharie,State-Based Exchange QHP / Medicaid Managed Care,Empire BlueCross BlueShield HealthPlus,Elevance Health,FIPS 36095,,,531,,2024 (rough estimate),"[ESTIMATED — distributed from rough state-based exchange total (350,000) by 2024 county population. NY State of Health enrollment estimate]"
NY,Schuyler,State-Based Exchange QHP / Medicaid Managed Care,Empire BlueCross BlueShield HealthPlus,Elevance Health,FIPS 36097,,,302,,2024 (rough estimate),"[ESTIMATED — distributed from rough state-based exchange total (350,000) by 2024 county population. NY State of Health enrollment estimate]"
NY,Seneca,State-Based Exchange QHP / Medicaid Managed Care,Empire BlueCross BlueShield HealthPlus,Elevance Health,FIPS 36099,,,575,,2024 (rough estimate),"[ESTIMATED — distributed from rough state-based exchange total (350,000) by 2024 county population. NY State of Health enrollment estimate]"
NY,Steuben,State-Based Exchange QHP / Medicaid Managed Care,Empire BlueCross BlueShield HealthPlus,Elevance Health,FIPS 36101,,,1621,,2024 (rough estimate),"[ESTIMATED — distributed from rough state-based exchange total (350,000) by 2024 county population. NY State of Health enrollment estimate]"
NY,Suffolk,State-Based Exchange QHP / Medicaid Managed Care,Empire BlueCross BlueShield HealthPlus,Elevance Health,FIPS 36103,,,27058,,2024 (rough estimate),"[ESTIMATED — distributed from rough state-based exchange total (350,000) by 2024 county population. NY State of Health enrollment estimate]"
NY,Sullivan,State-Based Exchange QHP / Medicaid Managed Care,Empire BlueCross BlueShield HealthPlus,Elevance Health,FIPS 36105,,,1417,,2024 (rough estimate),"[ESTIMATED — distributed from rough state-based exchange total (350,000) by 2024 county population. NY State of Health enrollment estimate]"
NY,Tioga,State-Based Exchange QHP / Medicaid Managed Care,Empire BlueCross BlueShield HealthPlus,Elevance Health,FIPS 36107,,,838,,2024 (rough estimate),"[ESTIMATED — distributed from rough state-based exchange total (350,000) by 2024 county population. NY State of Health enrollment estimate]"
NY,Tompkins,State-Based Exchange QHP / Medicaid Managed Care,Empire BlueCross BlueShield HealthPlus,Elevance Health,FIPS 36109,,,1860,,2024 (rough estimate),"[ESTIMATED — distributed from rough state-based exchange total (350,000) by 2024 county population. NY State of Health enrollment estimate]"
NY,Ulster,State-Based Exchange QHP / Medicaid Managed Care,Empire BlueCross BlueShield HealthPlus,Elevance Health,FIPS 36111,,,3223,,2024 (rough estimate),"[ESTIMATED — distributed from rough state-based exchange total (350,000) by 2024 county population. NY State of Health enrollment estimate]"
NY,Warren,State-Based Exchange QHP / Medicaid Managed Care,Empire BlueCross BlueShield HealthPlus,Elevance Health,FIPS 36113,,,1150,,2024 (rough estimate),"[ESTIMATED — distributed from rough state-based exchange total (350,000) by 2024 county population. NY State of Health enrollment estimate]"
NY,Washington,State-Based Exchange QHP / Medicaid Managed Care,Empire BlueCross BlueShield HealthPlus,Elevance Health,FIPS 36115,,,1054,,2024 (rough estimate),"[ESTIMATED — distributed from rough state-based exchange total (350,000) by 2024 county population. NY State of Health enrollment estimate]"
NY,Wayne,State-Based Exchange QHP / Medicaid Managed Care,Empire BlueCross BlueShield HealthPlus,Elevance Health,FIPS 36117,,,1599,,2024 (rough estimate),"[ESTIMATED — distributed from rough state-based exchange total (350,000) by 2024 county population. NY State of Health enrollment estimate]"
NY,Westchester,State-Based Exchange QHP / Medicaid Managed Care,Empire BlueCross BlueShield HealthPlus,Elevance Health,FIPS 36119,,,17731,,2024 (rough estimate),"[ESTIMATED — distributed from rough state-based exchange total (350,000) by 2024 county population. NY State of Health enrollment estimate]"
NY,Wyoming,State-Based Exchange QHP / Medicaid Managed Care,Empire BlueCross BlueShield HealthPlus,Elevance Health,FIPS 36121,,,697,,2024 (rough estimate),"[ESTIMATED — distributed from rough state-based exchange total (350,000) by 2024 county population. NY State of Health enrollment estimate]"
NY,Yates,State-Based Exchange QHP / Medicaid Managed Care,Empire BlueCross BlueShield HealthPlus,Elevance Health,FIPS 36123,,,430,,2024 (rough estimate),"[ESTIMATED — distributed from rough state-based exchange total (350,000) by 2024 county population. NY State of Health enrollment estimate]"
NY,Albany,State-Based Exchange QHP / Medicaid Managed Care,UnitedHealthcare Community Plan NY,UnitedHealth Group,FIPS 36001,,,4832,,2024 (rough estimate),"[ESTIMATED — distributed from rough state-based exchange total (300,000) by 2024 county population. NY State of Health enrollment estimate]"
NY,Allegany,State-Based Exchange QHP / Medicaid Managed Care,UnitedHealthcare Community Plan NY,UnitedHealth Group,FIPS 36003,,,714,,2024 (rough estimate),"[ESTIMATED — distributed from rough state-based exchange total (300,000) by 2024 county population. NY State of Health enrollment estimate]"
NY,Bronx,State-Based Exchange QHP / Medicaid Managed Care,UnitedHealthcare Community Plan NY,UnitedHealth Group,FIPS 36005,,,20910,,2024 (rough estimate),"[ESTIMATED — distributed from rough state-based exchange total (300,000) by 2024 county population. NY State of Health enrollment estimate]"
NY,Broome,State-Based Exchange QHP / Medicaid Managed Care,UnitedHealthcare Community Plan NY,UnitedHealth Group,FIPS 36007,,,2966,,2024 (rough estimate),"[ESTIMATED — distributed from rough state-based exchange total (300,000) by 2024 county population. NY State of Health enrollment estimate]"
NY,Cattaraugus,State-Based Exchange QHP / Medicaid Managed Care,UnitedHealthcare Community Plan NY,UnitedHealth Group,FIPS 36009,,,1140,,2024 (rough estimate),"[ESTIMATED — distributed from rough state-based exchange total (300,000) by 2024 county population. NY State of Health enrollment estimate]"
NY,Cayuga,State-Based Exchange QHP / Medicaid Managed Care,UnitedHealthcare Community Plan NY,UnitedHealth Group,FIPS 36011,,,1126,,2024 (rough estimate),"[ESTIMATED — distributed from rough state-based exchange total (300,000) by 2024 county population. NY State of Health enrollment estimate]"
NY,Chautauqua,State-Based Exchange QHP / Medicaid Managed Care,UnitedHealthcare Community Plan NY,UnitedHealth Group,FIPS 36013,,,1874,,2024 (rough estimate),"[ESTIMATED — distributed from rough state-based exchange total (300,000) by 2024 county population. NY State of Health enrollment estimate]"
NY,Chemung,State-Based Exchange QHP / Medicaid Managed Care,UnitedHealthcare Community Plan NY,UnitedHealth Group,FIPS 36015,,,1225,,2024 (rough estimate),"[ESTIMATED — distributed from rough state-based exchange total (300,000) by 2024 county population. NY State of Health enrollment estimate]"
NY,Chenango,State-Based Exchange QHP / Medicaid Managed Care,UnitedHealthcare Community Plan NY,UnitedHealth Group,FIPS 36017,,,691,,2024 (rough estimate),"[ESTIMATED — distributed from rough state-based exchange total (300,000) by 2024 county population. NY State of Health enrollment estimate]"
NY,Clinton,State-Based Exchange QHP / Medicaid Managed Care,UnitedHealthcare Community Plan NY,UnitedHealth Group,FIPS 36019,,,1176,,2024 (rough estimate),"[ESTIMATED — distributed from rough state-based exchange total (300,000) by 2024 county population. NY State of Health enrollment estimate]"
NY,Columbia,State-Based Exchange QHP / Medicaid Managed Care,UnitedHealthcare Community Plan NY,UnitedHealth Group,FIPS 36021,,,911,,2024 (rough estimate),"[ESTIMATED — distributed from rough state-based exchange total (300,000) by 2024 county population. NY State of Health enrollment estimate]"
NY,Cortland,State-Based Exchange QHP / Medicaid Managed Care,UnitedHealthcare Community Plan NY,UnitedHealth Group,FIPS 36023,,,694,,2024 (rough estimate),"[ESTIMATED — distributed from rough state-based exchange total (300,000) by 2024 county population. NY State of Health enrollment estimate]"
NY,Delaware,State-Based Exchange QHP / Medicaid Managed Care,UnitedHealthcare Community Plan NY,UnitedHealth Group,FIPS 36025,,,667,,2024 (rough estimate),"[ESTIMATED — distributed from rough state-based exchange total (300,000) by 2024 county population. NY State of Health enrollment estimate]"
NY,Dutchess,State-Based Exchange QHP / Medicaid Managed Care,UnitedHealthcare Community Plan NY,UnitedHealth Group,FIPS 36027,,,4530,,2024 (rough estimate),"[ESTIMATED — distributed from rough state-based exchange total (300,000) by 2024 county population. NY State of Health enrollment estimate]"
NY,Erie,State-Based Exchange QHP / Medicaid Managed Care,UnitedHealthcare Community Plan NY,UnitedHealth Group,FIPS 36029,,,14354,,2024 (rough estimate),"[ESTIMATED — distributed from rough state-based exchange total (300,000) by 2024 county population. NY State of Health enrollment estimate]"
NY,Essex,State-Based Exchange QHP / Medicaid Managed Care,UnitedHealthcare Community Plan NY,UnitedHealth Group,FIPS 36031,,,555,,2024 (rough estimate),"[ESTIMATED — distributed from rough state-based exchange total (300,000) by 2024 county population. NY State of Health enrollment estimate]"
NY,Franklin,State-Based Exchange QHP / Medicaid Managed Care,UnitedHealthcare Community Plan NY,UnitedHealth Group,FIPS 36033,,,711,,2024 (rough estimate),"[ESTIMATED — distributed from rough state-based exchange total (300,000) by 2024 county population. NY State of Health enrollment estimate]"
NY,Fulton,State-Based Exchange QHP / Medicaid Managed Care,UnitedHealthcare Community Plan NY,UnitedHealth Group,FIPS 36035,,,786,,2024 (rough estimate),"[ESTIMATED — distributed from rough state-based exchange total (300,000) by 2024 county population. NY State of Health enrollment estimate]"
NY,Genesee,State-Based Exchange QHP / Medicaid Managed Care,UnitedHealthcare Community Plan NY,UnitedHealth Group,FIPS 36037,,,870,,2024 (rough estimate),"[ESTIMATED — distributed from rough state-based exchange total (300,000) by 2024 county population. NY State of Health enrollment estimate]"
NY,Greene,State-Based Exchange QHP / Medicaid Managed Care,UnitedHealthcare Community Plan NY,UnitedHealth Group,FIPS 36039,,,708,,2024 (rough estimate),"[ESTIMATED — distributed from rough state-based exchange total (300,000) by 2024 county population. NY State of Health enrollment estimate]"
NY,Hamilton,State-Based Exchange QHP / Medicaid Managed Care,UnitedHealthcare Community Plan NY,UnitedHealth Group,FIPS 36041,,,77,,2024 (rough estimate),"[ESTIMATED — distributed from rough state-based exchange total (300,000) by 2024 county population. NY State of Health enrollment estimate]"
NY,Herkimer,State-Based Exchange QHP / Medicaid Managed Care,UnitedHealthcare Community Plan NY,UnitedHealth Group,FIPS 36043,,,900,,2024 (rough estimate),"[ESTIMATED — distributed from rough state-based exchange total (300,000) by 2024 county population. NY State of Health enrollment estimate]"
NY,Jefferson,State-Based Exchange QHP / Medicaid Managed Care,UnitedHealthcare Community Plan NY,UnitedHealth Group,FIPS 36045,,,1708,,2024 (rough estimate),"[ESTIMATED — distributed from rough state-based exchange total (300,000) by 2024 county population. NY State of Health enrollment estimate]"
NY,Kings,State-Based Exchange QHP / Medicaid Managed Care,UnitedHealthcare Community Plan NY,UnitedHealth Group,FIPS 36047,,,39527,,2024 (rough estimate),"[ESTIMATED — distributed from rough state-based exchange total (300,000) by 2024 county population. NY State of Health enrollment estimate]"
NY,Lewis,State-Based Exchange QHP / Medicaid Managed Care,UnitedHealthcare Community Plan NY,UnitedHealth Group,FIPS 36049,,,401,,2024 (rough estimate),"[ESTIMATED — distributed from rough state-based exchange total (300,000) by 2024 county population. NY State of Health enrollment estimate]"
NY,Livingston,State-Based Exchange QHP / Medicaid Managed Care,UnitedHealthcare Community Plan NY,UnitedHealth Group,FIPS 36051,,,930,,2024 (rough estimate),"[ESTIMATED — distributed from rough state-based exchange total (300,000) by 2024 county population. NY State of Health enrollment estimate]"
NY,Madison,State-Based Exchange QHP / Medicaid Managed Care,UnitedHealthcare Community Plan NY,UnitedHealth Group,FIPS 36053,,,1013,,2024 (rough estimate),"[ESTIMATED — distributed from rough state-based exchange total (300,000) by 2024 county population. NY State of Health enrollment estimate]"
NY,Monroe,State-Based Exchange QHP / Medicaid Managed Care,UnitedHealthcare Community Plan NY,UnitedHealth Group,FIPS 36055,,,11358,,2024 (rough estimate),"[ESTIMATED — distributed from rough state-based exchange total (300,000) by 2024 county population. NY State of Health enrollment estimate]"
NY,Montgomery,State-Based Exchange QHP / Medicaid Managed Care,UnitedHealthcare Community Plan NY,UnitedHealth Group,FIPS 36057,,,750,,2024 (rough estimate),"[ESTIMATED — distributed from rough state-based exchange total (300,000) by 2024 county population. NY State of Health enrollment estimate]"
NY,Nassau,State-Based Exchange QHP / Medicaid Managed Care,UnitedHealthcare Community Plan NY,UnitedHealth Group,FIPS 36059,,,21026,,2024 (rough estimate),"[ESTIMATED — distributed from rough state-based exchange total (300,000) by 2024 county population. NY State of Health enrollment estimate]"
NY,New York,State-Based Exchange QHP / Medicaid Managed Care,UnitedHealthcare Community Plan NY,UnitedHealth Group,FIPS 36061,,,25076,,2024 (rough estimate),"[ESTIMATED — distributed from rough state-based exchange total (300,000) by 2024 county population. NY State of Health enrollment estimate]"
NY,Niagara,State-Based Exchange QHP / Medicaid Managed Care,UnitedHealthcare Community Plan NY,UnitedHealth Group,FIPS 36063,,,3165,,2024 (rough estimate),"[ESTIMATED — distributed from rough state-based exchange total (300,000) by 2024 county population. NY State of Health enrollment estimate]"
NY,Oneida,State-Based Exchange QHP / Medicaid Managed Care,UnitedHealthcare Community Plan NY,UnitedHealth Group,FIPS 36065,,,3448,,2024 (rough estimate),"[ESTIMATED — distributed from rough state-based exchange total (300,000) by 2024 county population. NY State of Health enrollment estimate]"
NY,Onondaga,State-Based Exchange QHP / Medicaid Managed Care,UnitedHealthcare Community Plan NY,UnitedHealth Group,FIPS 36067,,,7094,,2024 (rough estimate),"[ESTIMATED — distributed from rough state-based exchange total (300,000) by 2024 county population. NY State of Health enrollment estimate]"
NY,Ontario,State-Based Exchange QHP / Medicaid Managed Care,UnitedHealthcare Community Plan NY,UnitedHealth Group,FIPS 36069,,,1707,,2024 (rough estimate),"[ESTIMATED — distributed from rough state-based exchange total (300,000) by 2024 county population. NY State of Health enrollment estimate]"
NY,Orange,State-Based Exchange QHP / Medicaid Managed Care,UnitedHealthcare Community Plan NY,UnitedHealth Group,FIPS 36071,,,6218,,2024 (rough estimate),"[ESTIMATED — distributed from rough state-based exchange total (300,000) by 2024 county population. NY State of Health enrollment estimate]"
NY,Orleans,State-Based Exchange QHP / Medicaid Managed Care,UnitedHealthcare Community Plan NY,UnitedHealth Group,FIPS 36073,,,599,,2024 (rough estimate),"[ESTIMATED — distributed from rough state-based exchange total (300,000) by 2024 county population. NY State of Health enrollment estimate]"
NY,Oswego,State-Based Exchange QHP / Medicaid Managed Care,UnitedHealthcare Community Plan NY,UnitedHealth Group,FIPS 36075,,,1786,,2024 (rough estimate),"[ESTIMATED — distributed from rough state-based exchange total (300,000) by 2024 county population. NY State of Health enrollment estimate]"
NY,Otsego,State-Based Exchange QHP / Medicaid Managed Care,UnitedHealthcare Community Plan NY,UnitedHealth Group,FIPS 36077,,,914,,2024 (rough estimate),"[ESTIMATED — distributed from rough state-based exchange total (300,000) by 2024 county population. NY State of Health enrollment estimate]"
NY,Putnam,State-Based Exchange QHP / Medicaid Managed Care,UnitedHealthcare Community Plan NY,UnitedHealth Group,FIPS 36079,,,1486,,2024 (rough estimate),"[ESTIMATED — distributed from rough state-based exchange total (300,000) by 2024 county population. NY State of Health enrollment estimate]"
NY,Queens,State-Based Exchange QHP / Medicaid Managed Care,UnitedHealthcare Community Plan NY,UnitedHealth Group,FIPS 36081,,,34985,,2024 (rough estimate),"[ESTIMATED — distributed from rough state-based exchange total (300,000) by 2024 county population. NY State of Health enrollment estimate]"
NY,Rensselaer,State-Based Exchange QHP / Medicaid Managed Care,UnitedHealthcare Community Plan NY,UnitedHealth Group,FIPS 36083,,,2427,,2024 (rough estimate),"[ESTIMATED — distributed from rough state-based exchange total (300,000) by 2024 county population. NY State of Health enrollment estimate]"
NY,Richmond,State-Based Exchange QHP / Medicaid Managed Care,UnitedHealthcare Community Plan NY,UnitedHealth Group,FIPS 36085,,,7523,,2024 (rough estimate),"[ESTIMATED — distributed from rough state-based exchange total (300,000) by 2024 county population. NY State of Health enrollment estimate]"
NY,Rockland,State-Based Exchange QHP / Medicaid Managed Care,UnitedHealthcare Community Plan NY,UnitedHealth Group,FIPS 36087,,,5257,,2024 (rough estimate),"[ESTIMATED — distributed from rough state-based exchange total (300,000) by 2024 county population. NY State of Health enrollment estimate]"
NY,St. Lawrence,State-Based Exchange QHP / Medicaid Managed Care,UnitedHealthcare Community Plan NY,UnitedHealth Group,FIPS 36089,,,1604,,2024 (rough estimate),"[ESTIMATED — distributed from rough state-based exchange total (300,000) by 2024 county population. NY State of Health enrollment estimate]"
NY,Saratoga,State-Based Exchange QHP / Medicaid Managed Care,UnitedHealthcare Community Plan NY,UnitedHealth Group,FIPS 36091,,,3629,,2024 (rough estimate),"[ESTIMATED — distributed from rough state-based exchange total (300,000) by 2024 county population. NY State of Health enrollment estimate]"
NY,Schenectady,State-Based Exchange QHP / Medicaid Managed Care,UnitedHealthcare Community Plan NY,UnitedHealth Group,FIPS 36093,,,2450,,2024 (rough estimate),"[ESTIMATED — distributed from rough state-based exchange total (300,000) by 2024 county population. NY State of Health enrollment estimate]"
NY,Schoharie,State-Based Exchange QHP / Medicaid Managed Care,UnitedHealthcare Community Plan NY,UnitedHealth Group,FIPS 36095,,,455,,2024 (rough estimate),"[ESTIMATED — distributed from rough state-based exchange total (300,000) by 2024 county population. NY State of Health enrollment estimate]"
NY,Schuyler,State-Based Exchange QHP / Medicaid Managed Care,UnitedHealthcare Community Plan NY,UnitedHealth Group,FIPS 36097,,,259,,2024 (rough estimate),"[ESTIMATED — distributed from rough state-based exchange total (300,000) by 2024 county population. NY State of Health enrollment estimate]"
NY,Seneca,State-Based Exchange QHP / Medicaid Managed Care,UnitedHealthcare Community Plan NY,UnitedHealth Group,FIPS 36099,,,493,,2024 (rough estimate),"[ESTIMATED — distributed from rough state-based exchange total (300,000) by 2024 county population. NY State of Health enrollment estimate]"
NY,Steuben,State-Based Exchange QHP / Medicaid Managed Care,UnitedHealthcare Community Plan NY,UnitedHealth Group,FIPS 36101,,,1389,,2024 (rough estimate),"[ESTIMATED — distributed from rough state-based exchange total (300,000) by 2024 county population. NY State of Health enrollment estimate]"
NY,Suffolk,State-Based Exchange QHP / Medicaid Managed Care,UnitedHealthcare Community Plan NY,UnitedHealth Group,FIPS 36103,,,23193,,2024 (rough estimate),"[ESTIMATED — distributed from rough state-based exchange total (300,000) by 2024 county population. NY State of Health enrollment estimate]"
NY,Sullivan,State-Based Exchange QHP / Medicaid Managed Care,UnitedHealthcare Community Plan NY,UnitedHealth Group,FIPS 36105,,,1215,,2024 (rough estimate),"[ESTIMATED — distributed from rough state-based exchange total (300,000) by 2024 county population. NY State of Health enrollment estimate]"
NY,Tioga,State-Based Exchange QHP / Medicaid Managed Care,UnitedHealthcare Community Plan NY,UnitedHealth Group,FIPS 36107,,,718,,2024 (rough estimate),"[ESTIMATED — distributed from rough state-based exchange total (300,000) by 2024 county population. NY State of Health enrollment estimate]"
NY,Tompkins,State-Based Exchange QHP / Medicaid Managed Care,UnitedHealthcare Community Plan NY,UnitedHealth Group,FIPS 36109,,,1595,,2024 (rough estimate),"[ESTIMATED — distributed from rough state-based exchange total (300,000) by 2024 county population. NY State of Health enrollment estimate]"
NY,Ulster,State-Based Exchange QHP / Medicaid Managed Care,UnitedHealthcare Community Plan NY,UnitedHealth Group,FIPS 36111,,,2763,,2024 (rough estimate),"[ESTIMATED — distributed from rough state-based exchange total (300,000) by 2024 county population. NY State of Health enrollment estimate]"
NY,Warren,State-Based Exchange QHP / Medicaid Managed Care,UnitedHealthcare Community Plan NY,UnitedHealth Group,FIPS 36113,,,986,,2024 (rough estimate),"[ESTIMATED — distributed from rough state-based exchange total (300,000) by 2024 county population. NY State of Health enrollment estimate]"
NY,Washington,State-Based Exchange QHP / Medicaid Managed Care,UnitedHealthcare Community Plan NY,UnitedHealth Group,FIPS 36115,,,904,,2024 (rough estimate),"[ESTIMATED — distributed from rough state-based exchange total (300,000) by 2024 county population. NY State of Health enrollment estimate]"
NY,Wayne,State-Based Exchange QHP / Medicaid Managed Care,UnitedHealthcare Community Plan NY,UnitedHealth Group,FIPS 36117,,,1370,,2024 (rough estimate),"[ESTIMATED — distributed from rough state-based exchange total (300,000) by 2024 county population. NY State of Health enrollment estimate]"
NY,Westchester,State-Based Exchange QHP / Medicaid Managed Care,UnitedHealthcare Community Plan NY,UnitedHealth Group,FIPS 36119,,,15198,,2024 (rough estimate),"[ESTIMATED — distributed from rough state-based exchange total (300,000) by 2024 county population. NY State of Health enrollment estimate]"
NY,Wyoming,State-Based Exchange QHP / Medicaid Managed Care,UnitedHealthcare Community Plan NY,UnitedHealth Group,FIPS 36121,,,598,,2024 (rough estimate),"[ESTIMATED — distributed from rough state-based exchange total (300,000) by 2024 county population. NY State of Health enrollment estimate]"
NY,Yates,State-Based Exchange QHP / Medicaid Managed Care,UnitedHealthcare Community Plan NY,UnitedHealth Group,FIPS 36123,,,368,,2024 (rough estimate),"[ESTIMATED — distributed from rough state-based exchange total (300,000) by 2024 county population. NY State of Health enrollment estimate]"
NY,Albany,State-Based Exchange QHP / Medicaid Managed Care,Molina Healthcare of New York (formerly Affinity),Molina Healthcare,FIPS 36001,,,4026,,2024 (rough estimate),"[ESTIMATED — distributed from rough state-based exchange total (250,000) by 2024 county population. NY State of Health enrollment estimate]"
NY,Allegany,State-Based Exchange QHP / Medicaid Managed Care,Molina Healthcare of New York (formerly Affinity),Molina Healthcare,FIPS 36003,,,595,,2024 (rough estimate),"[ESTIMATED — distributed from rough state-based exchange total (250,000) by 2024 county population. NY State of Health enrollment estimate]"
NY,Bronx,State-Based Exchange QHP / Medicaid Managed Care,Molina Healthcare of New York (formerly Affinity),Molina Healthcare,FIPS 36005,,,17425,,2024 (rough estimate),"[ESTIMATED — distributed from rough state-based exchange total (250,000) by 2024 county population. NY State of Health enrollment estimate]"
NY,Broome,State-Based Exchange QHP / Medicaid Managed Care,Molina Healthcare of New York (formerly Affinity),Molina Healthcare,FIPS 36007,,,2471,,2024 (rough estimate),"[ESTIMATED — distributed from rough state-based exchange total (250,000) by 2024 county population. NY State of Health enrollment estimate]"
NY,Cattaraugus,State-Based Exchange QHP / Medicaid Managed Care,Molina Healthcare of New York (formerly Affinity),Molina Healthcare,FIPS 36009,,,950,,2024 (rough estimate),"[ESTIMATED — distributed from rough state-based exchange total (250,000) by 2024 county population. NY State of Health enrollment estimate]"
NY,Cayuga,State-Based Exchange QHP / Medicaid Managed Care,Molina Healthcare of New York (formerly Affinity),Molina Healthcare,FIPS 36011,,,938,,2024 (rough estimate),"[ESTIMATED — distributed from rough state-based exchange total (250,000) by 2024 county population. NY State of Health enrollment estimate]"
NY,Chautauqua,State-Based Exchange QHP / Medicaid Managed Care,Molina Healthcare of New York (formerly Affinity),Molina Healthcare,FIPS 36013,,,1562,,2024 (rough estimate),"[ESTIMATED — distributed from rough state-based exchange total (250,000) by 2024 county population. NY State of Health enrollment estimate]"
NY,Chemung,State-Based Exchange QHP / Medicaid Managed Care,Molina Healthcare of New York (formerly Affinity),Molina Healthcare,FIPS 36015,,,1021,,2024 (rough estimate),"[ESTIMATED — distributed from rough state-based exchange total (250,000) by 2024 county population. NY State of Health enrollment estimate]"
NY,Chenango,State-Based Exchange QHP / Medicaid Managed Care,Molina Healthcare of New York (formerly Affinity),Molina Healthcare,FIPS 36017,,,576,,2024 (rough estimate),"[ESTIMATED — distributed from rough state-based exchange total (250,000) by 2024 county population. NY State of Health enrollment estimate]"
NY,Clinton,State-Based Exchange QHP / Medicaid Managed Care,Molina Healthcare of New York (formerly Affinity),Molina Healthcare,FIPS 36019,,,980,,2024 (rough estimate),"[ESTIMATED — distributed from rough state-based exchange total (250,000) by 2024 county population. NY State of Health enrollment estimate]"
NY,Columbia,State-Based Exchange QHP / Medicaid Managed Care,Molina Healthcare of New York (formerly Affinity),Molina Healthcare,FIPS 36021,,,759,,2024 (rough estimate),"[ESTIMATED — distributed from rough state-based exchange total (250,000) by 2024 county population. NY State of Health enrollment estimate]"
NY,Cortland,State-Based Exchange QHP / Medicaid Managed Care,Molina Healthcare of New York (formerly Affinity),Molina Healthcare,FIPS 36023,,,578,,2024 (rough estimate),"[ESTIMATED — distributed from rough state-based exchange total (250,000) by 2024 county population. NY State of Health enrollment estimate]"
NY,Delaware,State-Based Exchange QHP / Medicaid Managed Care,Molina Healthcare of New York (formerly Affinity),Molina Healthcare,FIPS 36025,,,556,,2024 (rough estimate),"[ESTIMATED — distributed from rough state-based exchange total (250,000) by 2024 county population. NY State of Health enrollment estimate]"
NY,Dutchess,State-Based Exchange QHP / Medicaid Managed Care,Molina Healthcare of New York (formerly Affinity),Molina Healthcare,FIPS 36027,,,3775,,2024 (rough estimate),"[ESTIMATED — distributed from rough state-based exchange total (250,000) by 2024 county population. NY State of Health enrollment estimate]"
NY,Erie,State-Based Exchange QHP / Medicaid Managed Care,Molina Healthcare of New York (formerly Affinity),Molina Healthcare,FIPS 36029,,,11962,,2024 (rough estimate),"[ESTIMATED — distributed from rough state-based exchange total (250,000) by 2024 county population. NY State of Health enrollment estimate]"
NY,Essex,State-Based Exchange QHP / Medicaid Managed Care,Molina Healthcare of New York (formerly Affinity),Molina Healthcare,FIPS 36031,,,462,,2024 (rough estimate),"[ESTIMATED — distributed from rough state-based exchange total (250,000) by 2024 county population. NY State of Health enrollment estimate]"
NY,Franklin,State-Based Exchange QHP / Medicaid Managed Care,Molina Healthcare of New York (formerly Affinity),Molina Healthcare,FIPS 36033,,,593,,2024 (rough estimate),"[ESTIMATED — distributed from rough state-based exchange total (250,000) by 2024 county population. NY State of Health enrollment estimate]"
NY,Fulton,State-Based Exchange QHP / Medicaid Managed Care,Molina Healthcare of New York (formerly Affinity),Molina Healthcare,FIPS 36035,,,655,,2024 (rough estimate),"[ESTIMATED — distributed from rough state-based exchange total (250,000) by 2024 county population. NY State of Health enrollment estimate]"
NY,Genesee,State-Based Exchange QHP / Medicaid Managed Care,Molina Healthcare of New York (formerly Affinity),Molina Healthcare,FIPS 36037,,,725,,2024 (rough estimate),"[ESTIMATED — distributed from rough state-based exchange total (250,000) by 2024 county population. NY State of Health enrollment estimate]"
NY,Greene,State-Based Exchange QHP / Medicaid Managed Care,Molina Healthcare of New York (formerly Affinity),Molina Healthcare,FIPS 36039,,,590,,2024 (rough estimate),"[ESTIMATED — distributed from rough state-based exchange total (250,000) by 2024 county population. NY State of Health enrollment estimate]"
NY,Hamilton,State-Based Exchange QHP / Medicaid Managed Care,Molina Healthcare of New York (formerly Affinity),Molina Healthcare,FIPS 36041,,,64,,2024 (rough estimate),"[ESTIMATED — distributed from rough state-based exchange total (250,000) by 2024 county population. NY State of Health enrollment estimate]"
NY,Herkimer,State-Based Exchange QHP / Medicaid Managed Care,Molina Healthcare of New York (formerly Affinity),Molina Healthcare,FIPS 36043,,,750,,2024 (rough estimate),"[ESTIMATED — distributed from rough state-based exchange total (250,000) by 2024 county population. NY State of Health enrollment estimate]"
NY,Jefferson,State-Based Exchange QHP / Medicaid Managed Care,Molina Healthcare of New York (formerly Affinity),Molina Healthcare,FIPS 36045,,,1424,,2024 (rough estimate),"[ESTIMATED — distributed from rough state-based exchange total (250,000) by 2024 county population. NY State of Health enrollment estimate]"
NY,Kings,State-Based Exchange QHP / Medicaid Managed Care,Molina Healthcare of New York (formerly Affinity),Molina Healthcare,FIPS 36047,,,32939,,2024 (rough estimate),"[ESTIMATED — distributed from rough state-based exchange total (250,000) by 2024 county population. NY State of Health enrollment estimate]"
NY,Lewis,State-Based Exchange QHP / Medicaid Managed Care,Molina Healthcare of New York (formerly Affinity),Molina Healthcare,FIPS 36049,,,334,,2024 (rough estimate),"[ESTIMATED — distributed from rough state-based exchange total (250,000) by 2024 county population. NY State of Health enrollment estimate]"
NY,Livingston,State-Based Exchange QHP / Medicaid Managed Care,Molina Healthcare of New York (formerly Affinity),Molina Healthcare,FIPS 36051,,,775,,2024 (rough estimate),"[ESTIMATED — distributed from rough state-based exchange total (250,000) by 2024 county population. NY State of Health enrollment estimate]"
NY,Madison,State-Based Exchange QHP / Medicaid Managed Care,Molina Healthcare of New York (formerly Affinity),Molina Healthcare,FIPS 36053,,,844,,2024 (rough estimate),"[ESTIMATED — distributed from rough state-based exchange total (250,000) by 2024 county population. NY State of Health enrollment estimate]"
NY,Monroe,State-Based Exchange QHP / Medicaid Managed Care,Molina Healthcare of New York (formerly Affinity),Molina Healthcare,FIPS 36055,,,9465,,2024 (rough estimate),"[ESTIMATED — distributed from rough state-based exchange total (250,000) by 2024 county population. NY State of Health enrollment estimate]"
NY,Montgomery,State-Based Exchange QHP / Medicaid Managed Care,Molina Healthcare of New York (formerly Affinity),Molina Healthcare,FIPS 36057,,,625,,2024 (rough estimate),"[ESTIMATED — distributed from rough state-based exchange total (250,000) by 2024 county population. NY State of Health enrollment estimate]"
NY,Nassau,State-Based Exchange QHP / Medicaid Managed Care,Molina Healthcare of New York (formerly Affinity),Molina Healthcare,FIPS 36059,,,17522,,2024 (rough estimate),"[ESTIMATED — distributed from rough state-based exchange total (250,000) by 2024 county population. NY State of Health enrollment estimate]"
NY,New York,State-Based Exchange QHP / Medicaid Managed Care,Molina Healthcare of New York (formerly Affinity),Molina Healthcare,FIPS 36061,,,20897,,2024 (rough estimate),"[ESTIMATED — distributed from rough state-based exchange total (250,000) by 2024 county population. NY State of Health enrollment estimate]"
NY,Niagara,State-Based Exchange QHP / Medicaid Managed Care,Molina Healthcare of New York (formerly Affinity),Molina Healthcare,FIPS 36063,,,2637,,2024 (rough estimate),"[ESTIMATED — distributed from rough state-based exchange total (250,000) by 2024 county population. NY State of Health enrollment estimate]"
NY,Oneida,State-Based Exchange QHP / Medicaid Managed Care,Molina Healthcare of New York (formerly Affinity),Molina Healthcare,FIPS 36065,,,2873,,2024 (rough estimate),"[ESTIMATED — distributed from rough state-based exchange total (250,000) by 2024 county population. NY State of Health enrollment estimate]"
NY,Onondaga,State-Based Exchange QHP / Medicaid Managed Care,Molina Healthcare of New York (formerly Affinity),Molina Healthcare,FIPS 36067,,,5912,,2024 (rough estimate),"[ESTIMATED — distributed from rough state-based exchange total (250,000) by 2024 county population. NY State of Health enrollment estimate]"
NY,Ontario,State-Based Exchange QHP / Medicaid Managed Care,Molina Healthcare of New York (formerly Affinity),Molina Healthcare,FIPS 36069,,,1422,,2024 (rough estimate),"[ESTIMATED — distributed from rough state-based exchange total (250,000) by 2024 county population. NY State of Health enrollment estimate]"
NY,Orange,State-Based Exchange QHP / Medicaid Managed Care,Molina Healthcare of New York (formerly Affinity),Molina Healthcare,FIPS 36071,,,5181,,2024 (rough estimate),"[ESTIMATED — distributed from rough state-based exchange total (250,000) by 2024 county population. NY State of Health enrollment estimate]"
NY,Orleans,State-Based Exchange QHP / Medicaid Managed Care,Molina Healthcare of New York (formerly Affinity),Molina Healthcare,FIPS 36073,,,499,,2024 (rough estimate),"[ESTIMATED — distributed from rough state-based exchange total (250,000) by 2024 county population. NY State of Health enrollment estimate]"
NY,Oswego,State-Based Exchange QHP / Medicaid Managed Care,Molina Healthcare of New York (formerly Affinity),Molina Healthcare,FIPS 36075,,,1489,,2024 (rough estimate),"[ESTIMATED — distributed from rough state-based exchange total (250,000) by 2024 county population. NY State of Health enrollment estimate]"
NY,Otsego,State-Based Exchange QHP / Medicaid Managed Care,Molina Healthcare of New York (formerly Affinity),Molina Healthcare,FIPS 36077,,,762,,2024 (rough estimate),"[ESTIMATED — distributed from rough state-based exchange total (250,000) by 2024 county population. NY State of Health enrollment estimate]"
NY,Putnam,State-Based Exchange QHP / Medicaid Managed Care,Molina Healthcare of New York (formerly Affinity),Molina Healthcare,FIPS 36079,,,1238,,2024 (rough estimate),"[ESTIMATED — distributed from rough state-based exchange total (250,000) by 2024 county population. NY State of Health enrollment estimate]"
NY,Queens,State-Based Exchange QHP / Medicaid Managed Care,Molina Healthcare of New York (formerly Affinity),Molina Healthcare,FIPS 36081,,,29154,,2024 (rough estimate),"[ESTIMATED — distributed from rough state-based exchange total (250,000) by 2024 county population. NY State of Health enrollment estimate]"
NY,Rensselaer,State-Based Exchange QHP / Medicaid Managed Care,Molina Healthcare of New York (formerly Affinity),Molina Healthcare,FIPS 36083,,,2023,,2024 (rough estimate),"[ESTIMATED — distributed from rough state-based exchange total (250,000) by 2024 county population. NY State of Health enrollment estimate]"
NY,Richmond,State-Based Exchange QHP / Medicaid Managed Care,Molina Healthcare of New York (formerly Affinity),Molina Healthcare,FIPS 36085,,,6269,,2024 (rough estimate),"[ESTIMATED — distributed from rough state-based exchange total (250,000) by 2024 county population. NY State of Health enrollment estimate]"
NY,Rockland,State-Based Exchange QHP / Medicaid Managed Care,Molina Healthcare of New York (formerly Affinity),Molina Healthcare,FIPS 36087,,,4381,,2024 (rough estimate),"[ESTIMATED — distributed from rough state-based exchange total (250,000) by 2024 county population. NY State of Health enrollment estimate]"
NY,St. Lawrence,State-Based Exchange QHP / Medicaid Managed Care,Molina Healthcare of New York (formerly Affinity),Molina Healthcare,FIPS 36089,,,1336,,2024 (rough estimate),"[ESTIMATED — distributed from rough state-based exchange total (250,000) by 2024 county population. NY State of Health enrollment estimate]"
NY,Saratoga,State-Based Exchange QHP / Medicaid Managed Care,Molina Healthcare of New York (formerly Affinity),Molina Healthcare,FIPS 36091,,,3025,,2024 (rough estimate),"[ESTIMATED — distributed from rough state-based exchange total (250,000) by 2024 county population. NY State of Health enrollment estimate]"
NY,Schenectady,State-Based Exchange QHP / Medicaid Managed Care,Molina Healthcare of New York (formerly Affinity),Molina Healthcare,FIPS 36093,,,2042,,2024 (rough estimate),"[ESTIMATED — distributed from rough state-based exchange total (250,000) by 2024 county population. NY State of Health enrollment estimate]"
NY,Schoharie,State-Based Exchange QHP / Medicaid Managed Care,Molina Healthcare of New York (formerly Affinity),Molina Healthcare,FIPS 36095,,,379,,2024 (rough estimate),"[ESTIMATED — distributed from rough state-based exchange total (250,000) by 2024 county population. NY State of Health enrollment estimate]"
NY,Schuyler,State-Based Exchange QHP / Medicaid Managed Care,Molina Healthcare of New York (formerly Affinity),Molina Healthcare,FIPS 36097,,,215,,2024 (rough estimate),"[ESTIMATED — distributed from rough state-based exchange total (250,000) by 2024 county population. NY State of Health enrollment estimate]"
NY,Seneca,State-Based Exchange QHP / Medicaid Managed Care,Molina Healthcare of New York (formerly Affinity),Molina Healthcare,FIPS 36099,,,411,,2024 (rough estimate),"[ESTIMATED — distributed from rough state-based exchange total (250,000) by 2024 county population. NY State of Health enrollment estimate]"
NY,Steuben,State-Based Exchange QHP / Medicaid Managed Care,Molina Healthcare of New York (formerly Affinity),Molina Healthcare,FIPS 36101,,,1158,,2024 (rough estimate),"[ESTIMATED — distributed from rough state-based exchange total (250,000) by 2024 county population. NY State of Health enrollment estimate]"
NY,Suffolk,State-Based Exchange QHP / Medicaid Managed Care,Molina Healthcare of New York (formerly Affinity),Molina Healthcare,FIPS 36103,,,19327,,2024 (rough estimate),"[ESTIMATED — distributed from rough state-based exchange total (250,000) by 2024 county population. NY State of Health enrollment estimate]"
NY,Sullivan,State-Based Exchange QHP / Medicaid Managed Care,Molina Healthcare of New York (formerly Affinity),Molina Healthcare,FIPS 36105,,,1012,,2024 (rough estimate),"[ESTIMATED — distributed from rough state-based exchange total (250,000) by 2024 county population. NY State of Health enrollment estimate]"
NY,Tioga,State-Based Exchange QHP / Medicaid Managed Care,Molina Healthcare of New York (formerly Affinity),Molina Healthcare,FIPS 36107,,,599,,2024 (rough estimate),"[ESTIMATED — distributed from rough state-based exchange total (250,000) by 2024 county population. NY State of Health enrollment estimate]"
NY,Tompkins,State-Based Exchange QHP / Medicaid Managed Care,Molina Healthcare of New York (formerly Affinity),Molina Healthcare,FIPS 36109,,,1329,,2024 (rough estimate),"[ESTIMATED — distributed from rough state-based exchange total (250,000) by 2024 county population. NY State of Health enrollment estimate]"
NY,Ulster,State-Based Exchange QHP / Medicaid Managed Care,Molina Healthcare of New York (formerly Affinity),Molina Healthcare,FIPS 36111,,,2302,,2024 (rough estimate),"[ESTIMATED — distributed from rough state-based exchange total (250,000) by 2024 county population. NY State of Health enrollment estimate]"
NY,Warren,State-Based Exchange QHP / Medicaid Managed Care,Molina Healthcare of New York (formerly Affinity),Molina Healthcare,FIPS 36113,,,822,,2024 (rough estimate),"[ESTIMATED — distributed from rough state-based exchange total (250,000) by 2024 county population. NY State of Health enrollment estimate]"
NY,Washington,State-Based Exchange QHP / Medicaid Managed Care,Molina Healthcare of New York (formerly Affinity),Molina Healthcare,FIPS 36115,,,753,,2024 (rough estimate),"[ESTIMATED — distributed from rough state-based exchange total (250,000) by 2024 county population. NY State of Health enrollment estimate]"
NY,Wayne,State-Based Exchange QHP / Medicaid Managed Care,Molina Healthcare of New York (formerly Affinity),Molina Healthcare,FIPS 36117,,,1142,,2024 (rough estimate),"[ESTIMATED — distributed from rough state-based exchange total (250,000) by 2024 county population. NY State of Health enrollment estimate]"
NY,Westchester,State-Based Exchange QHP / Medicaid Managed Care,Molina Healthcare of New York (formerly Affinity),Molina Healthcare,FIPS 36119,,,12665,,2024 (rough estimate),"[ESTIMATED — distributed from rough state-based exchange total (250,000) by 2024 county population. NY State of Health enrollment estimate]"
NY,Wyoming,State-Based Exchange QHP / Medicaid Managed Care,Molina Healthcare of New York (formerly Affinity),Molina Healthcare,FIPS 36121,,,498,,2024 (rough estimate),"[ESTIMATED — distributed from rough state-based exchange total (250,000) by 2024 county population. NY State of Health enrollment estimate]"
NY,Yates,State-Based Exchange QHP / Medicaid Managed Care,Molina Healthcare of New York (formerly Affinity),Molina Healthcare,FIPS 36123,,,307,,2024 (rough estimate),"[ESTIMATED — distributed from rough state-based exchange total (250,000) by 2024 county population. NY State of Health enrollment estimate]"
NY,Albany,State-Based Exchange QHP / Medicaid Managed Care,Capital District Physicians' Health Plan,CDPHP,FIPS 36001,,,1611,,2024 (rough estimate),"[ESTIMATED — distributed from rough state-based exchange total (100,000) by 2024 county population. NY State of Health enrollment estimate]"
NY,Allegany,State-Based Exchange QHP / Medicaid Managed Care,Capital District Physicians' Health Plan,CDPHP,FIPS 36003,,,238,,2024 (rough estimate),"[ESTIMATED — distributed from rough state-based exchange total (100,000) by 2024 county population. NY State of Health enrollment estimate]"
NY,Bronx,State-Based Exchange QHP / Medicaid Managed Care,Capital District Physicians' Health Plan,CDPHP,FIPS 36005,,,6970,,2024 (rough estimate),"[ESTIMATED — distributed from rough state-based exchange total (100,000) by 2024 county population. NY State of Health enrollment estimate]"
NY,Broome,State-Based Exchange QHP / Medicaid Managed Care,Capital District Physicians' Health Plan,CDPHP,FIPS 36007,,,989,,2024 (rough estimate),"[ESTIMATED — distributed from rough state-based exchange total (100,000) by 2024 county population. NY State of Health enrollment estimate]"
NY,Cattaraugus,State-Based Exchange QHP / Medicaid Managed Care,Capital District Physicians' Health Plan,CDPHP,FIPS 36009,,,380,,2024 (rough estimate),"[ESTIMATED — distributed from rough state-based exchange total (100,000) by 2024 county population. NY State of Health enrollment estimate]"
NY,Cayuga,State-Based Exchange QHP / Medicaid Managed Care,Capital District Physicians' Health Plan,CDPHP,FIPS 36011,,,375,,2024 (rough estimate),"[ESTIMATED — distributed from rough state-based exchange total (100,000) by 2024 county population. NY State of Health enrollment estimate]"
NY,Chautauqua,State-Based Exchange QHP / Medicaid Managed Care,Capital District Physicians' Health Plan,CDPHP,FIPS 36013,,,625,,2024 (rough estimate),"[ESTIMATED — distributed from rough state-based exchange total (100,000) by 2024 county population. NY State of Health enrollment estimate]"
NY,Chemung,State-Based Exchange QHP / Medicaid Managed Care,Capital District Physicians' Health Plan,CDPHP,FIPS 36015,,,408,,2024 (rough estimate),"[ESTIMATED — distributed from rough state-based exchange total (100,000) by 2024 county population. NY State of Health enrollment estimate]"
NY,Chenango,State-Based Exchange QHP / Medicaid Managed Care,Capital District Physicians' Health Plan,CDPHP,FIPS 36017,,,230,,2024 (rough estimate),"[ESTIMATED — distributed from rough state-based exchange total (100,000) by 2024 county population. NY State of Health enrollment estimate]"
NY,Clinton,State-Based Exchange QHP / Medicaid Managed Care,Capital District Physicians' Health Plan,CDPHP,FIPS 36019,,,392,,2024 (rough estimate),"[ESTIMATED — distributed from rough state-based exchange total (100,000) by 2024 county population. NY State of Health enrollment estimate]"
NY,Columbia,State-Based Exchange QHP / Medicaid Managed Care,Capital District Physicians' Health Plan,CDPHP,FIPS 36021,,,304,,2024 (rough estimate),"[ESTIMATED — distributed from rough state-based exchange total (100,000) by 2024 county population. NY State of Health enrollment estimate]"
NY,Cortland,State-Based Exchange QHP / Medicaid Managed Care,Capital District Physicians' Health Plan,CDPHP,FIPS 36023,,,231,,2024 (rough estimate),"[ESTIMATED — distributed from rough state-based exchange total (100,000) by 2024 county population. NY State of Health enrollment estimate]"
NY,Delaware,State-Based Exchange QHP / Medicaid Managed Care,Capital District Physicians' Health Plan,CDPHP,FIPS 36025,,,222,,2024 (rough estimate),"[ESTIMATED — distributed from rough state-based exchange total (100,000) by 2024 county population. NY State of Health enrollment estimate]"
NY,Dutchess,State-Based Exchange QHP / Medicaid Managed Care,Capital District Physicians' Health Plan,CDPHP,FIPS 36027,,,1510,,2024 (rough estimate),"[ESTIMATED — distributed from rough state-based exchange total (100,000) by 2024 county population. NY State of Health enrollment estimate]"
NY,Erie,State-Based Exchange QHP / Medicaid Managed Care,Capital District Physicians' Health Plan,CDPHP,FIPS 36029,,,4785,,2024 (rough estimate),"[ESTIMATED — distributed from rough state-based exchange total (100,000) by 2024 county population. NY State of Health enrollment estimate]"
NY,Essex,State-Based Exchange QHP / Medicaid Managed Care,Capital District Physicians' Health Plan,CDPHP,FIPS 36031,,,185,,2024 (rough estimate),"[ESTIMATED — distributed from rough state-based exchange total (100,000) by 2024 county population. NY State of Health enrollment estimate]"
NY,Franklin,State-Based Exchange QHP / Medicaid Managed Care,Capital District Physicians' Health Plan,CDPHP,FIPS 36033,,,237,,2024 (rough estimate),"[ESTIMATED — distributed from rough state-based exchange total (100,000) by 2024 county population. NY State of Health enrollment estimate]"
NY,Fulton,State-Based Exchange QHP / Medicaid Managed Care,Capital District Physicians' Health Plan,CDPHP,FIPS 36035,,,262,,2024 (rough estimate),"[ESTIMATED — distributed from rough state-based exchange total (100,000) by 2024 county population. NY State of Health enrollment estimate]"
NY,Genesee,State-Based Exchange QHP / Medicaid Managed Care,Capital District Physicians' Health Plan,CDPHP,FIPS 36037,,,290,,2024 (rough estimate),"[ESTIMATED — distributed from rough state-based exchange total (100,000) by 2024 county population. NY State of Health enrollment estimate]"
NY,Greene,State-Based Exchange QHP / Medicaid Managed Care,Capital District Physicians' Health Plan,CDPHP,FIPS 36039,,,236,,2024 (rough estimate),"[ESTIMATED — distributed from rough state-based exchange total (100,000) by 2024 county population. NY State of Health enrollment estimate]"
NY,Herkimer,State-Based Exchange QHP / Medicaid Managed Care,Capital District Physicians' Health Plan,CDPHP,FIPS 36043,,,300,,2024 (rough estimate),"[ESTIMATED — distributed from rough state-based exchange total (100,000) by 2024 county population. NY State of Health enrollment estimate]"
NY,Jefferson,State-Based Exchange QHP / Medicaid Managed Care,Capital District Physicians' Health Plan,CDPHP,FIPS 36045,,,569,,2024 (rough estimate),"[ESTIMATED — distributed from rough state-based exchange total (100,000) by 2024 county population. NY State of Health enrollment estimate]"
NY,Kings,State-Based Exchange QHP / Medicaid Managed Care,Capital District Physicians' Health Plan,CDPHP,FIPS 36047,,,13176,,2024 (rough estimate),"[ESTIMATED — distributed from rough state-based exchange total (100,000) by 2024 county population. NY State of Health enrollment estimate]"
NY,Lewis,State-Based Exchange QHP / Medicaid Managed Care,Capital District Physicians' Health Plan,CDPHP,FIPS 36049,,,134,,2024 (rough estimate),"[ESTIMATED — distributed from rough state-based exchange total (100,000) by 2024 county population. NY State of Health enrollment estimate]"
NY,Livingston,State-Based Exchange QHP / Medicaid Managed Care,Capital District Physicians' Health Plan,CDPHP,FIPS 36051,,,310,,2024 (rough estimate),"[ESTIMATED — distributed from rough state-based exchange total (100,000) by 2024 county population. NY State of Health enrollment estimate]"
NY,Madison,State-Based Exchange QHP / Medicaid Managed Care,Capital District Physicians' Health Plan,CDPHP,FIPS 36053,,,338,,2024 (rough estimate),"[ESTIMATED — distributed from rough state-based exchange total (100,000) by 2024 county population. NY State of Health enrollment estimate]"
NY,Monroe,State-Based Exchange QHP / Medicaid Managed Care,Capital District Physicians' Health Plan,CDPHP,FIPS 36055,,,3786,,2024 (rough estimate),"[ESTIMATED — distributed from rough state-based exchange total (100,000) by 2024 county population. NY State of Health enrollment estimate]"
NY,Montgomery,State-Based Exchange QHP / Medicaid Managed Care,Capital District Physicians' Health Plan,CDPHP,FIPS 36057,,,250,,2024 (rough estimate),"[ESTIMATED — distributed from rough state-based exchange total (100,000) by 2024 county population. NY State of Health enrollment estimate]"
NY,Nassau,State-Based Exchange QHP / Medicaid Managed Care,Capital District Physicians' Health Plan,CDPHP,FIPS 36059,,,7009,,2024 (rough estimate),"[ESTIMATED — distributed from rough state-based exchange total (100,000) by 2024 county population. NY State of Health enrollment estimate]"
NY,New York,State-Based Exchange QHP / Medicaid Managed Care,Capital District Physicians' Health Plan,CDPHP,FIPS 36061,,,8359,,2024 (rough estimate),"[ESTIMATED — distributed from rough state-based exchange total (100,000) by 2024 county population. NY State of Health enrollment estimate]"
NY,Niagara,State-Based Exchange QHP / Medicaid Managed Care,Capital District Physicians' Health Plan,CDPHP,FIPS 36063,,,1055,,2024 (rough estimate),"[ESTIMATED — distributed from rough state-based exchange total (100,000) by 2024 county population. NY State of Health enrollment estimate]"
NY,Oneida,State-Based Exchange QHP / Medicaid Managed Care,Capital District Physicians' Health Plan,CDPHP,FIPS 36065,,,1149,,2024 (rough estimate),"[ESTIMATED — distributed from rough state-based exchange total (100,000) by 2024 county population. NY State of Health enrollment estimate]"
NY,Onondaga,State-Based Exchange QHP / Medicaid Managed Care,Capital District Physicians' Health Plan,CDPHP,FIPS 36067,,,2365,,2024 (rough estimate),"[ESTIMATED — distributed from rough state-based exchange total (100,000) by 2024 county population. NY State of Health enrollment estimate]"
NY,Ontario,State-Based Exchange QHP / Medicaid Managed Care,Capital District Physicians' Health Plan,CDPHP,FIPS 36069,,,569,,2024 (rough estimate),"[ESTIMATED — distributed from rough state-based exchange total (100,000) by 2024 county population. NY State of Health enrollment estimate]"
NY,Orange,State-Based Exchange QHP / Medicaid Managed Care,Capital District Physicians' Health Plan,CDPHP,FIPS 36071,,,2073,,2024 (rough estimate),"[ESTIMATED — distributed from rough state-based exchange total (100,000) by 2024 county population. NY State of Health enrollment estimate]"
NY,Orleans,State-Based Exchange QHP / Medicaid Managed Care,Capital District Physicians' Health Plan,CDPHP,FIPS 36073,,,200,,2024 (rough estimate),"[ESTIMATED — distributed from rough state-based exchange total (100,000) by 2024 county population. NY State of Health enrollment estimate]"
NY,Oswego,State-Based Exchange QHP / Medicaid Managed Care,Capital District Physicians' Health Plan,CDPHP,FIPS 36075,,,595,,2024 (rough estimate),"[ESTIMATED — distributed from rough state-based exchange total (100,000) by 2024 county population. NY State of Health enrollment estimate]"
NY,Otsego,State-Based Exchange QHP / Medicaid Managed Care,Capital District Physicians' Health Plan,CDPHP,FIPS 36077,,,305,,2024 (rough estimate),"[ESTIMATED — distributed from rough state-based exchange total (100,000) by 2024 county population. NY State of Health enrollment estimate]"
NY,Putnam,State-Based Exchange QHP / Medicaid Managed Care,Capital District Physicians' Health Plan,CDPHP,FIPS 36079,,,495,,2024 (rough estimate),"[ESTIMATED — distributed from rough state-based exchange total (100,000) by 2024 county population. NY State of Health enrollment estimate]"
NY,Queens,State-Based Exchange QHP / Medicaid Managed Care,Capital District Physicians' Health Plan,CDPHP,FIPS 36081,,,11662,,2024 (rough estimate),"[ESTIMATED — distributed from rough state-based exchange total (100,000) by 2024 county population. NY State of Health enrollment estimate]"
NY,Rensselaer,State-Based Exchange QHP / Medicaid Managed Care,Capital District Physicians' Health Plan,CDPHP,FIPS 36083,,,809,,2024 (rough estimate),"[ESTIMATED — distributed from rough state-based exchange total (100,000) by 2024 county population. NY State of Health enrollment estimate]"
NY,Richmond,State-Based Exchange QHP / Medicaid Managed Care,Capital District Physicians' Health Plan,CDPHP,FIPS 36085,,,2508,,2024 (rough estimate),"[ESTIMATED — distributed from rough state-based exchange total (100,000) by 2024 county population. NY State of Health enrollment estimate]"
NY,Rockland,State-Based Exchange QHP / Medicaid Managed Care,Capital District Physicians' Health Plan,CDPHP,FIPS 36087,,,1752,,2024 (rough estimate),"[ESTIMATED — distributed from rough state-based exchange total (100,000) by 2024 county population. NY State of Health enrollment estimate]"
NY,St. Lawrence,State-Based Exchange QHP / Medicaid Managed Care,Capital District Physicians' Health Plan,CDPHP,FIPS 36089,,,535,,2024 (rough estimate),"[ESTIMATED — distributed from rough state-based exchange total (100,000) by 2024 county population. NY State of Health enrollment estimate]"
NY,Saratoga,State-Based Exchange QHP / Medicaid Managed Care,Capital District Physicians' Health Plan,CDPHP,FIPS 36091,,,1210,,2024 (rough estimate),"[ESTIMATED — distributed from rough state-based exchange total (100,000) by 2024 county population. NY State of Health enrollment estimate]"
NY,Schenectady,State-Based Exchange QHP / Medicaid Managed Care,Capital District Physicians' Health Plan,CDPHP,FIPS 36093,,,817,,2024 (rough estimate),"[ESTIMATED — distributed from rough state-based exchange total (100,000) by 2024 county population. NY State of Health enrollment estimate]"
NY,Schoharie,State-Based Exchange QHP / Medicaid Managed Care,Capital District Physicians' Health Plan,CDPHP,FIPS 36095,,,152,,2024 (rough estimate),"[ESTIMATED — distributed from rough state-based exchange total (100,000) by 2024 county population. NY State of Health enrollment estimate]"
NY,Schuyler,State-Based Exchange QHP / Medicaid Managed Care,Capital District Physicians' Health Plan,CDPHP,FIPS 36097,,,86,,2024 (rough estimate),"[ESTIMATED — distributed from rough state-based exchange total (100,000) by 2024 county population. NY State of Health enrollment estimate]"
NY,Seneca,State-Based Exchange QHP / Medicaid Managed Care,Capital District Physicians' Health Plan,CDPHP,FIPS 36099,,,164,,2024 (rough estimate),"[ESTIMATED — distributed from rough state-based exchange total (100,000) by 2024 county population. NY State of Health enrollment estimate]"
NY,Steuben,State-Based Exchange QHP / Medicaid Managed Care,Capital District Physicians' Health Plan,CDPHP,FIPS 36101,,,463,,2024 (rough estimate),"[ESTIMATED — distributed from rough state-based exchange total (100,000) by 2024 county population. NY State of Health enrollment estimate]"
NY,Suffolk,State-Based Exchange QHP / Medicaid Managed Care,Capital District Physicians' Health Plan,CDPHP,FIPS 36103,,,7731,,2024 (rough estimate),"[ESTIMATED — distributed from rough state-based exchange total (100,000) by 2024 county population. NY State of Health enrollment estimate]"
NY,Sullivan,State-Based Exchange QHP / Medicaid Managed Care,Capital District Physicians' Health Plan,CDPHP,FIPS 36105,,,405,,2024 (rough estimate),"[ESTIMATED — distributed from rough state-based exchange total (100,000) by 2024 county population. NY State of Health enrollment estimate]"
NY,Tioga,State-Based Exchange QHP / Medicaid Managed Care,Capital District Physicians' Health Plan,CDPHP,FIPS 36107,,,239,,2024 (rough estimate),"[ESTIMATED — distributed from rough state-based exchange total (100,000) by 2024 county population. NY State of Health enrollment estimate]"
NY,Tompkins,State-Based Exchange QHP / Medicaid Managed Care,Capital District Physicians' Health Plan,CDPHP,FIPS 36109,,,532,,2024 (rough estimate),"[ESTIMATED — distributed from rough state-based exchange total (100,000) by 2024 county population. NY State of Health enrollment estimate]"
NY,Ulster,State-Based Exchange QHP / Medicaid Managed Care,Capital District Physicians' Health Plan,CDPHP,FIPS 36111,,,921,,2024 (rough estimate),"[ESTIMATED — distributed from rough state-based exchange total (100,000) by 2024 county population. NY State of Health enrollment estimate]"
NY,Warren,State-Based Exchange QHP / Medicaid Managed Care,Capital District Physicians' Health Plan,CDPHP,FIPS 36113,,,329,,2024 (rough estimate),"[ESTIMATED — distributed from rough state-based exchange total (100,000) by 2024 county population. NY State of Health enrollment estimate]"
NY,Washington,State-Based Exchange QHP / Medicaid Managed Care,Capital District Physicians' Health Plan,CDPHP,FIPS 36115,,,301,,2024 (rough estimate),"[ESTIMATED — distributed from rough state-based exchange total (100,000) by 2024 county population. NY State of Health enrollment estimate]"
NY,Wayne,State-Based Exchange QHP / Medicaid Managed Care,Capital District Physicians' Health Plan,CDPHP,FIPS 36117,,,457,,2024 (rough estimate),"[ESTIMATED — distributed from rough state-based exchange total (100,000) by 2024 county population. NY State of Health enrollment estimate]"
NY,Westchester,State-Based Exchange QHP / Medicaid Managed Care,Capital District Physicians' Health Plan,CDPHP,FIPS 36119,,,5066,,2024 (rough estimate),"[ESTIMATED — distributed from rough state-based exchange total (100,000) by 2024 county population. NY State of Health enrollment estimate]"
NY,Wyoming,State-Based Exchange QHP / Medicaid Managed Care,Capital District Physicians' Health Plan,CDPHP,FIPS 36121,,,199,,2024 (rough estimate),"[ESTIMATED — distributed from rough state-based exchange total (100,000) by 2024 county population. NY State of Health enrollment estimate]"
NY,Yates,State-Based Exchange QHP / Medicaid Managed Care,Capital District Physicians' Health Plan,CDPHP,FIPS 36123,,,123,,2024 (rough estimate),"[ESTIMATED — distributed from rough state-based exchange total (100,000) by 2024 county population. NY State of Health enrollment estimate]"
NY,Albany,State-Based Exchange QHP / Medicaid Managed Care,Excellus BlueCross BlueShield,Excellus,FIPS 36001,,,1288,,2024 (rough estimate),"[ESTIMATED — distributed from rough state-based exchange total (80,000) by 2024 county population. NY State of Health enrollment estimate]"
NY,Allegany,State-Based Exchange QHP / Medicaid Managed Care,Excellus BlueCross BlueShield,Excellus,FIPS 36003,,,190,,2024 (rough estimate),"[ESTIMATED — distributed from rough state-based exchange total (80,000) by 2024 county population. NY State of Health enrollment estimate]"
NY,Bronx,State-Based Exchange QHP / Medicaid Managed Care,Excellus BlueCross BlueShield,Excellus,FIPS 36005,,,5576,,2024 (rough estimate),"[ESTIMATED — distributed from rough state-based exchange total (80,000) by 2024 county population. NY State of Health enrollment estimate]"
NY,Broome,State-Based Exchange QHP / Medicaid Managed Care,Excellus BlueCross BlueShield,Excellus,FIPS 36007,,,791,,2024 (rough estimate),"[ESTIMATED — distributed from rough state-based exchange total (80,000) by 2024 county population. NY State of Health enrollment estimate]"
NY,Cattaraugus,State-Based Exchange QHP / Medicaid Managed Care,Excellus BlueCross BlueShield,Excellus,FIPS 36009,,,304,,2024 (rough estimate),"[ESTIMATED — distributed from rough state-based exchange total (80,000) by 2024 county population. NY State of Health enrollment estimate]"
NY,Cayuga,State-Based Exchange QHP / Medicaid Managed Care,Excellus BlueCross BlueShield,Excellus,FIPS 36011,,,300,,2024 (rough estimate),"[ESTIMATED — distributed from rough state-based exchange total (80,000) by 2024 county population. NY State of Health enrollment estimate]"
NY,Chautauqua,State-Based Exchange QHP / Medicaid Managed Care,Excellus BlueCross BlueShield,Excellus,FIPS 36013,,,500,,2024 (rough estimate),"[ESTIMATED — distributed from rough state-based exchange total (80,000) by 2024 county population. NY State of Health enrollment estimate]"
NY,Chemung,State-Based Exchange QHP / Medicaid Managed Care,Excellus BlueCross BlueShield,Excellus,FIPS 36015,,,327,,2024 (rough estimate),"[ESTIMATED — distributed from rough state-based exchange total (80,000) by 2024 county population. NY State of Health enrollment estimate]"
NY,Chenango,State-Based Exchange QHP / Medicaid Managed Care,Excellus BlueCross BlueShield,Excellus,FIPS 36017,,,184,,2024 (rough estimate),"[ESTIMATED — distributed from rough state-based exchange total (80,000) by 2024 county population. NY State of Health enrollment estimate]"
NY,Clinton,State-Based Exchange QHP / Medicaid Managed Care,Excellus BlueCross BlueShield,Excellus,FIPS 36019,,,314,,2024 (rough estimate),"[ESTIMATED — distributed from rough state-based exchange total (80,000) by 2024 county population. NY State of Health enrollment estimate]"
NY,Columbia,State-Based Exchange QHP / Medicaid Managed Care,Excellus BlueCross BlueShield,Excellus,FIPS 36021,,,243,,2024 (rough estimate),"[ESTIMATED — distributed from rough state-based exchange total (80,000) by 2024 county population. NY State of Health enrollment estimate]"
NY,Cortland,State-Based Exchange QHP / Medicaid Managed Care,Excellus BlueCross BlueShield,Excellus,FIPS 36023,,,185,,2024 (rough estimate),"[ESTIMATED — distributed from rough state-based exchange total (80,000) by 2024 county population. NY State of Health enrollment estimate]"
NY,Delaware,State-Based Exchange QHP / Medicaid Managed Care,Excellus BlueCross BlueShield,Excellus,FIPS 36025,,,178,,2024 (rough estimate),"[ESTIMATED — distributed from rough state-based exchange total (80,000) by 2024 county population. NY State of Health enrollment estimate]"
NY,Dutchess,State-Based Exchange QHP / Medicaid Managed Care,Excellus BlueCross BlueShield,Excellus,FIPS 36027,,,1208,,2024 (rough estimate),"[ESTIMATED — distributed from rough state-based exchange total (80,000) by 2024 county population. NY State of Health enrollment estimate]"
NY,Erie,State-Based Exchange QHP / Medicaid Managed Care,Excellus BlueCross BlueShield,Excellus,FIPS 36029,,,3828,,2024 (rough estimate),"[ESTIMATED — distributed from rough state-based exchange total (80,000) by 2024 county population. NY State of Health enrollment estimate]"
NY,Essex,State-Based Exchange QHP / Medicaid Managed Care,Excellus BlueCross BlueShield,Excellus,FIPS 36031,,,148,,2024 (rough estimate),"[ESTIMATED — distributed from rough state-based exchange total (80,000) by 2024 county population. NY State of Health enrollment estimate]"
NY,Franklin,State-Based Exchange QHP / Medicaid Managed Care,Excellus BlueCross BlueShield,Excellus,FIPS 36033,,,190,,2024 (rough estimate),"[ESTIMATED — distributed from rough state-based exchange total (80,000) by 2024 county population. NY State of Health enrollment estimate]"
NY,Fulton,State-Based Exchange QHP / Medicaid Managed Care,Excellus BlueCross BlueShield,Excellus,FIPS 36035,,,210,,2024 (rough estimate),"[ESTIMATED — distributed from rough state-based exchange total (80,000) by 2024 county population. NY State of Health enrollment estimate]"
NY,Genesee,State-Based Exchange QHP / Medicaid Managed Care,Excellus BlueCross BlueShield,Excellus,FIPS 36037,,,232,,2024 (rough estimate),"[ESTIMATED — distributed from rough state-based exchange total (80,000) by 2024 county population. NY State of Health enrollment estimate]"
NY,Greene,State-Based Exchange QHP / Medicaid Managed Care,Excellus BlueCross BlueShield,Excellus,FIPS 36039,,,189,,2024 (rough estimate),"[ESTIMATED — distributed from rough state-based exchange total (80,000) by 2024 county population. NY State of Health enrollment estimate]"
NY,Herkimer,State-Based Exchange QHP / Medicaid Managed Care,Excellus BlueCross BlueShield,Excellus,FIPS 36043,,,240,,2024 (rough estimate),"[ESTIMATED — distributed from rough state-based exchange total (80,000) by 2024 county population. NY State of Health enrollment estimate]"
NY,Jefferson,State-Based Exchange QHP / Medicaid Managed Care,Excellus BlueCross BlueShield,Excellus,FIPS 36045,,,456,,2024 (rough estimate),"[ESTIMATED — distributed from rough state-based exchange total (80,000) by 2024 county population. NY State of Health enrollment estimate]"
NY,Kings,State-Based Exchange QHP / Medicaid Managed Care,Excellus BlueCross BlueShield,Excellus,FIPS 36047,,,10540,,2024 (rough estimate),"[ESTIMATED — distributed from rough state-based exchange total (80,000) by 2024 county population. NY State of Health enrollment estimate]"
NY,Lewis,State-Based Exchange QHP / Medicaid Managed Care,Excellus BlueCross BlueShield,Excellus,FIPS 36049,,,107,,2024 (rough estimate),"[ESTIMATED — distributed from rough state-based exchange total (80,000) by 2024 county population. NY State of Health enrollment estimate]"
NY,Livingston,State-Based Exchange QHP / Medicaid Managed Care,Excellus BlueCross BlueShield,Excellus,FIPS 36051,,,248,,2024 (rough estimate),"[ESTIMATED — distributed from rough state-based exchange total (80,000) by 2024 county population. NY State of Health enrollment estimate]"
NY,Madison,State-Based Exchange QHP / Medicaid Managed Care,Excellus BlueCross BlueShield,Excellus,FIPS 36053,,,270,,2024 (rough estimate),"[ESTIMATED — distributed from rough state-based exchange total (80,000) by 2024 county population. NY State of Health enrollment estimate]"
NY,Monroe,State-Based Exchange QHP / Medicaid Managed Care,Excellus BlueCross BlueShield,Excellus,FIPS 36055,,,3029,,2024 (rough estimate),"[ESTIMATED — distributed from rough state-based exchange total (80,000) by 2024 county population. NY State of Health enrollment estimate]"
NY,Montgomery,State-Based Exchange QHP / Medicaid Managed Care,Excellus BlueCross BlueShield,Excellus,FIPS 36057,,,200,,2024 (rough estimate),"[ESTIMATED — distributed from rough state-based exchange total (80,000) by 2024 county population. NY State of Health enrollment estimate]"
NY,Nassau,State-Based Exchange QHP / Medicaid Managed Care,Excellus BlueCross BlueShield,Excellus,FIPS 36059,,,5607,,2024 (rough estimate),"[ESTIMATED — distributed from rough state-based exchange total (80,000) by 2024 county population. NY State of Health enrollment estimate]"
NY,New York,State-Based Exchange QHP / Medicaid Managed Care,Excellus BlueCross BlueShield,Excellus,FIPS 36061,,,6687,,2024 (rough estimate),"[ESTIMATED — distributed from rough state-based exchange total (80,000) by 2024 county population. NY State of Health enrollment estimate]"
NY,Niagara,State-Based Exchange QHP / Medicaid Managed Care,Excellus BlueCross BlueShield,Excellus,FIPS 36063,,,844,,2024 (rough estimate),"[ESTIMATED — distributed from rough state-based exchange total (80,000) by 2024 county population. NY State of Health enrollment estimate]"
NY,Oneida,State-Based Exchange QHP / Medicaid Managed Care,Excellus BlueCross BlueShield,Excellus,FIPS 36065,,,919,,2024 (rough estimate),"[ESTIMATED — distributed from rough state-based exchange total (80,000) by 2024 county population. NY State of Health enrollment estimate]"
NY,Onondaga,State-Based Exchange QHP / Medicaid Managed Care,Excellus BlueCross BlueShield,Excellus,FIPS 36067,,,1892,,2024 (rough estimate),"[ESTIMATED — distributed from rough state-based exchange total (80,000) by 2024 county population. NY State of Health enrollment estimate]"
NY,Ontario,State-Based Exchange QHP / Medicaid Managed Care,Excellus BlueCross BlueShield,Excellus,FIPS 36069,,,455,,2024 (rough estimate),"[ESTIMATED — distributed from rough state-based exchange total (80,000) by 2024 county population. NY State of Health enrollment estimate]"
NY,Orange,State-Based Exchange QHP / Medicaid Managed Care,Excellus BlueCross BlueShield,Excellus,FIPS 36071,,,1658,,2024 (rough estimate),"[ESTIMATED — distributed from rough state-based exchange total (80,000) by 2024 county population. NY State of Health enrollment estimate]"
NY,Orleans,State-Based Exchange QHP / Medicaid Managed Care,Excellus BlueCross BlueShield,Excellus,FIPS 36073,,,160,,2024 (rough estimate),"[ESTIMATED — distributed from rough state-based exchange total (80,000) by 2024 county population. NY State of Health enrollment estimate]"
NY,Oswego,State-Based Exchange QHP / Medicaid Managed Care,Excellus BlueCross BlueShield,Excellus,FIPS 36075,,,476,,2024 (rough estimate),"[ESTIMATED — distributed from rough state-based exchange total (80,000) by 2024 county population. NY State of Health enrollment estimate]"
NY,Otsego,State-Based Exchange QHP / Medicaid Managed Care,Excellus BlueCross BlueShield,Excellus,FIPS 36077,,,244,,2024 (rough estimate),"[ESTIMATED — distributed from rough state-based exchange total (80,000) by 2024 county population. NY State of Health enrollment estimate]"
NY,Putnam,State-Based Exchange QHP / Medicaid Managed Care,Excellus BlueCross BlueShield,Excellus,FIPS 36079,,,396,,2024 (rough estimate),"[ESTIMATED — distributed from rough state-based exchange total (80,000) by 2024 county population. NY State of Health enrollment estimate]"
NY,Queens,State-Based Exchange QHP / Medicaid Managed Care,Excellus BlueCross BlueShield,Excellus,FIPS 36081,,,9329,,2024 (rough estimate),"[ESTIMATED — distributed from rough state-based exchange total (80,000) by 2024 county population. NY State of Health enrollment estimate]"
NY,Rensselaer,State-Based Exchange QHP / Medicaid Managed Care,Excellus BlueCross BlueShield,Excellus,FIPS 36083,,,647,,2024 (rough estimate),"[ESTIMATED — distributed from rough state-based exchange total (80,000) by 2024 county population. NY State of Health enrollment estimate]"
NY,Richmond,State-Based Exchange QHP / Medicaid Managed Care,Excellus BlueCross BlueShield,Excellus,FIPS 36085,,,2006,,2024 (rough estimate),"[ESTIMATED — distributed from rough state-based exchange total (80,000) by 2024 county population. NY State of Health enrollment estimate]"
NY,Rockland,State-Based Exchange QHP / Medicaid Managed Care,Excellus BlueCross BlueShield,Excellus,FIPS 36087,,,1402,,2024 (rough estimate),"[ESTIMATED — distributed from rough state-based exchange total (80,000) by 2024 county population. NY State of Health enrollment estimate]"
NY,St. Lawrence,State-Based Exchange QHP / Medicaid Managed Care,Excellus BlueCross BlueShield,Excellus,FIPS 36089,,,428,,2024 (rough estimate),"[ESTIMATED — distributed from rough state-based exchange total (80,000) by 2024 county population. NY State of Health enrollment estimate]"
NY,Saratoga,State-Based Exchange QHP / Medicaid Managed Care,Excellus BlueCross BlueShield,Excellus,FIPS 36091,,,968,,2024 (rough estimate),"[ESTIMATED — distributed from rough state-based exchange total (80,000) by 2024 county population. NY State of Health enrollment estimate]"
NY,Schenectady,State-Based Exchange QHP / Medicaid Managed Care,Excellus BlueCross BlueShield,Excellus,FIPS 36093,,,653,,2024 (rough estimate),"[ESTIMATED — distributed from rough state-based exchange total (80,000) by 2024 county population. NY State of Health enrollment estimate]"
NY,Schoharie,State-Based Exchange QHP / Medicaid Managed Care,Excellus BlueCross BlueShield,Excellus,FIPS 36095,,,121,,2024 (rough estimate),"[ESTIMATED — distributed from rough state-based exchange total (80,000) by 2024 county population. NY State of Health enrollment estimate]"
NY,Schuyler,State-Based Exchange QHP / Medicaid Managed Care,Excellus BlueCross BlueShield,Excellus,FIPS 36097,,,69,,2024 (rough estimate),"[ESTIMATED — distributed from rough state-based exchange total (80,000) by 2024 county population. NY State of Health enrollment estimate]"
NY,Seneca,State-Based Exchange QHP / Medicaid Managed Care,Excellus BlueCross BlueShield,Excellus,FIPS 36099,,,131,,2024 (rough estimate),"[ESTIMATED — distributed from rough state-based exchange total (80,000) by 2024 county population. NY State of Health enrollment estimate]"
NY,Steuben,State-Based Exchange QHP / Medicaid Managed Care,Excellus BlueCross BlueShield,Excellus,FIPS 36101,,,371,,2024 (rough estimate),"[ESTIMATED — distributed from rough state-based exchange total (80,000) by 2024 county population. NY State of Health enrollment estimate]"
NY,Suffolk,State-Based Exchange QHP / Medicaid Managed Care,Excellus BlueCross BlueShield,Excellus,FIPS 36103,,,6185,,2024 (rough estimate),"[ESTIMATED — distributed from rough state-based exchange total (80,000) by 2024 county population. NY State of Health enrollment estimate]"
NY,Sullivan,State-Based Exchange QHP / Medicaid Managed Care,Excellus BlueCross BlueShield,Excellus,FIPS 36105,,,324,,2024 (rough estimate),"[ESTIMATED — distributed from rough state-based exchange total (80,000) by 2024 county population. NY State of Health enrollment estimate]"
NY,Tioga,State-Based Exchange QHP / Medicaid Managed Care,Excellus BlueCross BlueShield,Excellus,FIPS 36107,,,192,,2024 (rough estimate),"[ESTIMATED — distributed from rough state-based exchange total (80,000) by 2024 county population. NY State of Health enrollment estimate]"
NY,Tompkins,State-Based Exchange QHP / Medicaid Managed Care,Excellus BlueCross BlueShield,Excellus,FIPS 36109,,,425,,2024 (rough estimate),"[ESTIMATED — distributed from rough state-based exchange total (80,000) by 2024 county population. NY State of Health enrollment estimate]"
NY,Ulster,State-Based Exchange QHP / Medicaid Managed Care,Excellus BlueCross BlueShield,Excellus,FIPS 36111,,,737,,2024 (rough estimate),"[ESTIMATED — distributed from rough state-based exchange total (80,000) by 2024 county population. NY State of Health enrollment estimate]"
NY,Warren,State-Based Exchange QHP / Medicaid Managed Care,Excellus BlueCross BlueShield,Excellus,FIPS 36113,,,263,,2024 (rough estimate),"[ESTIMATED — distributed from rough state-based exchange total (80,000) by 2024 county population. NY State of Health enrollment estimate]"
NY,Washington,State-Based Exchange QHP / Medicaid Managed Care,Excellus BlueCross BlueShield,Excellus,FIPS 36115,,,241,,2024 (rough estimate),"[ESTIMATED — distributed from rough state-based exchange total (80,000) by 2024 county population. NY State of Health enrollment estimate]"
NY,Wayne,State-Based Exchange QHP / Medicaid Managed Care,Excellus BlueCross BlueShield,Excellus,FIPS 36117,,,365,,2024 (rough estimate),"[ESTIMATED — distributed from rough state-based exchange total (80,000) by 2024 county population. NY State of Health enrollment estimate]"
NY,Westchester,State-Based Exchange QHP / Medicaid Managed Care,Excellus BlueCross BlueShield,Excellus,FIPS 36119,,,4053,,2024 (rough estimate),"[ESTIMATED — distributed from rough state-based exchange total (80,000) by 2024 county population. NY State of Health enrollment estimate]"
NY,Wyoming,State-Based Exchange QHP / Medicaid Managed Care,Excellus BlueCross BlueShield,Excellus,FIPS 36121,,,159,,2024 (rough estimate),"[ESTIMATED — distributed from rough state-based exchange total (80,000) by 2024 county population. NY State of Health enrollment estimate]"
NY,Yates,State-Based Exchange QHP / Medicaid Managed Care,Excellus BlueCross BlueShield,Excellus,FIPS 36123,,,98,,2024 (rough estimate),"[ESTIMATED — distributed from rough state-based exchange total (80,000) by 2024 county population. NY State of Health enrollment estimate]"
MA,Barnstable,State-Based Exchange QHP / Medicaid Managed Care,Mass General Brigham Health Plan,Mass General Brigham Health Plan,FIPS 25001,,,4237,,2024 (rough estimate),"[ESTIMATED — distributed from rough state-based exchange total (130,000) by 2024 county population. MA Health Connector estimate]"
MA,Berkshire,State-Based Exchange QHP / Medicaid Managed Care,Mass General Brigham Health Plan,Mass General Brigham Health Plan,FIPS 25003,,,2345,,2024 (rough estimate),"[ESTIMATED — distributed from rough state-based exchange total (130,000) by 2024 county population. MA Health Connector estimate]"
MA,Bristol,State-Based Exchange QHP / Medicaid Managed Care,Mass General Brigham Health Plan,Mass General Brigham Health Plan,FIPS 25005,,,10722,,2024 (rough estimate),"[ESTIMATED — distributed from rough state-based exchange total (130,000) by 2024 county population. MA Health Connector estimate]"
MA,Dukes,State-Based Exchange QHP / Medicaid Managed Care,Mass General Brigham Health Plan,Mass General Brigham Health Plan,FIPS 25007,,,384,,2024 (rough estimate),"[ESTIMATED — distributed from rough state-based exchange total (130,000) by 2024 county population. MA Health Connector estimate]"
MA,Essex,State-Based Exchange QHP / Medicaid Managed Care,Mass General Brigham Health Plan,Mass General Brigham Health Plan,FIPS 25009,,,15010,,2024 (rough estimate),"[ESTIMATED — distributed from rough state-based exchange total (130,000) by 2024 county population. MA Health Connector estimate]"
MA,Franklin,State-Based Exchange QHP / Medicaid Managed Care,Mass General Brigham Health Plan,Mass General Brigham Health Plan,FIPS 25011,,,1291,,2024 (rough estimate),"[ESTIMATED — distributed from rough state-based exchange total (130,000) by 2024 county population. MA Health Connector estimate]"
MA,Hampden,State-Based Exchange QHP / Medicaid Managed Care,Mass General Brigham Health Plan,Mass General Brigham Health Plan,FIPS 25013,,,8455,,2024 (rough estimate),"[ESTIMATED — distributed from rough state-based exchange total (130,000) by 2024 county population. MA Health Connector estimate]"
MA,Hampshire,State-Based Exchange QHP / Medicaid Managed Care,Mass General Brigham Health Plan,Mass General Brigham Health Plan,FIPS 25015,,,3013,,2024 (rough estimate),"[ESTIMATED — distributed from rough state-based exchange total (130,000) by 2024 county population. MA Health Connector estimate]"
MA,Middlesex,State-Based Exchange QHP / Medicaid Managed Care,Mass General Brigham Health Plan,Mass General Brigham Health Plan,FIPS 25017,,,30403,,2024 (rough estimate),"[ESTIMATED — distributed from rough state-based exchange total (130,000) by 2024 county population. MA Health Connector estimate]"
MA,Nantucket,State-Based Exchange QHP / Medicaid Managed Care,Mass General Brigham Health Plan,Mass General Brigham Health Plan,FIPS 25019,,,267,,2024 (rough estimate),"[ESTIMATED — distributed from rough state-based exchange total (130,000) by 2024 county population. MA Health Connector estimate]"
MA,Norfolk,State-Based Exchange QHP / Medicaid Managed Care,Mass General Brigham Health Plan,Mass General Brigham Health Plan,FIPS 25021,,,13494,,2024 (rough estimate),"[ESTIMATED — distributed from rough state-based exchange total (130,000) by 2024 county population. MA Health Connector estimate]"
MA,Plymouth,State-Based Exchange QHP / Medicaid Managed Care,Mass General Brigham Health Plan,Mass General Brigham Health Plan,FIPS 25023,,,9875,,2024 (rough estimate),"[ESTIMATED — distributed from rough state-based exchange total (130,000) by 2024 county population. MA Health Connector estimate]"
MA,Suffolk,State-Based Exchange QHP / Medicaid Managed Care,Mass General Brigham Health Plan,Mass General Brigham Health Plan,FIPS 25025,,,14449,,2024 (rough estimate),"[ESTIMATED — distributed from rough state-based exchange total (130,000) by 2024 county population. MA Health Connector estimate]"
MA,Worcester,State-Based Exchange QHP / Medicaid Managed Care,Mass General Brigham Health Plan,Mass General Brigham Health Plan,FIPS 25027,,,16054,,2024 (rough estimate),"[ESTIMATED — distributed from rough state-based exchange total (130,000) by 2024 county population. MA Health Connector estimate]"
MA,Barnstable,State-Based Exchange QHP / Medicaid Managed Care,Blue Cross Blue Shield MA,Blue Cross Blue Shield of Massachusetts,FIPS 25001,,,3259,,2024 (rough estimate),"[ESTIMATED — distributed from rough state-based exchange total (100,000) by 2024 county population. MA Health Connector estimate]"
MA,Berkshire,State-Based Exchange QHP / Medicaid Managed Care,Blue Cross Blue Shield MA,Blue Cross Blue Shield of Massachusetts,FIPS 25003,,,1804,,2024 (rough estimate),"[ESTIMATED — distributed from rough state-based exchange total (100,000) by 2024 county population. MA Health Connector estimate]"
MA,Bristol,State-Based Exchange QHP / Medicaid Managed Care,Blue Cross Blue Shield MA,Blue Cross Blue Shield of Massachusetts,FIPS 25005,,,8248,,2024 (rough estimate),"[ESTIMATED — distributed from rough state-based exchange total (100,000) by 2024 county population. MA Health Connector estimate]"
MA,Dukes,State-Based Exchange QHP / Medicaid Managed Care,Blue Cross Blue Shield MA,Blue Cross Blue Shield of Massachusetts,FIPS 25007,,,295,,2024 (rough estimate),"[ESTIMATED — distributed from rough state-based exchange total (100,000) by 2024 county population. MA Health Connector estimate]"
MA,Essex,State-Based Exchange QHP / Medicaid Managed Care,Blue Cross Blue Shield MA,Blue Cross Blue Shield of Massachusetts,FIPS 25009,,,11546,,2024 (rough estimate),"[ESTIMATED — distributed from rough state-based exchange total (100,000) by 2024 county population. MA Health Connector estimate]"
MA,Franklin,State-Based Exchange QHP / Medicaid Managed Care,Blue Cross Blue Shield MA,Blue Cross Blue Shield of Massachusetts,FIPS 25011,,,993,,2024 (rough estimate),"[ESTIMATED — distributed from rough state-based exchange total (100,000) by 2024 county population. MA Health Connector estimate]"
MA,Hampden,State-Based Exchange QHP / Medicaid Managed Care,Blue Cross Blue Shield MA,Blue Cross Blue Shield of Massachusetts,FIPS 25013,,,6504,,2024 (rough estimate),"[ESTIMATED — distributed from rough state-based exchange total (100,000) by 2024 county population. MA Health Connector estimate]"
MA,Hampshire,State-Based Exchange QHP / Medicaid Managed Care,Blue Cross Blue Shield MA,Blue Cross Blue Shield of Massachusetts,FIPS 25015,,,2318,,2024 (rough estimate),"[ESTIMATED — distributed from rough state-based exchange total (100,000) by 2024 county population. MA Health Connector estimate]"
MA,Middlesex,State-Based Exchange QHP / Medicaid Managed Care,Blue Cross Blue Shield MA,Blue Cross Blue Shield of Massachusetts,FIPS 25017,,,23387,,2024 (rough estimate),"[ESTIMATED — distributed from rough state-based exchange total (100,000) by 2024 county population. MA Health Connector estimate]"
MA,Nantucket,State-Based Exchange QHP / Medicaid Managed Care,Blue Cross Blue Shield MA,Blue Cross Blue Shield of Massachusetts,FIPS 25019,,,206,,2024 (rough estimate),"[ESTIMATED — distributed from rough state-based exchange total (100,000) by 2024 county population. MA Health Connector estimate]"
MA,Norfolk,State-Based Exchange QHP / Medicaid Managed Care,Blue Cross Blue Shield MA,Blue Cross Blue Shield of Massachusetts,FIPS 25021,,,10380,,2024 (rough estimate),"[ESTIMATED — distributed from rough state-based exchange total (100,000) by 2024 county population. MA Health Connector estimate]"
MA,Plymouth,State-Based Exchange QHP / Medicaid Managed Care,Blue Cross Blue Shield MA,Blue Cross Blue Shield of Massachusetts,FIPS 25023,,,7596,,2024 (rough estimate),"[ESTIMATED — distributed from rough state-based exchange total (100,000) by 2024 county population. MA Health Connector estimate]"
MA,Suffolk,State-Based Exchange QHP / Medicaid Managed Care,Blue Cross Blue Shield MA,Blue Cross Blue Shield of Massachusetts,FIPS 25025,,,11114,,2024 (rough estimate),"[ESTIMATED — distributed from rough state-based exchange total (100,000) by 2024 county population. MA Health Connector estimate]"
MA,Worcester,State-Based Exchange QHP / Medicaid Managed Care,Blue Cross Blue Shield MA,Blue Cross Blue Shield of Massachusetts,FIPS 25027,,,12349,,2024 (rough estimate),"[ESTIMATED — distributed from rough state-based exchange total (100,000) by 2024 county population. MA Health Connector estimate]"
MA,Barnstable,State-Based Exchange QHP / Medicaid Managed Care,Tufts Health Direct,Tufts Health Plan,FIPS 25001,,,2933,,2024 (rough estimate),"[ESTIMATED — distributed from rough state-based exchange total (90,000) by 2024 county population. MA Health Connector estimate]"
MA,Berkshire,State-Based Exchange QHP / Medicaid Managed Care,Tufts Health Direct,Tufts Health Plan,FIPS 25003,,,1623,,2024 (rough estimate),"[ESTIMATED — distributed from rough state-based exchange total (90,000) by 2024 county population. MA Health Connector estimate]"
MA,Bristol,State-Based Exchange QHP / Medicaid Managed Care,Tufts Health Direct,Tufts Health Plan,FIPS 25005,,,7423,,2024 (rough estimate),"[ESTIMATED — distributed from rough state-based exchange total (90,000) by 2024 county population. MA Health Connector estimate]"
MA,Dukes,State-Based Exchange QHP / Medicaid Managed Care,Tufts Health Direct,Tufts Health Plan,FIPS 25007,,,266,,2024 (rough estimate),"[ESTIMATED — distributed from rough state-based exchange total (90,000) by 2024 county population. MA Health Connector estimate]"
MA,Essex,State-Based Exchange QHP / Medicaid Managed Care,Tufts Health Direct,Tufts Health Plan,FIPS 25009,,,10391,,2024 (rough estimate),"[ESTIMATED — distributed from rough state-based exchange total (90,000) by 2024 county population. MA Health Connector estimate]"
MA,Franklin,State-Based Exchange QHP / Medicaid Managed Care,Tufts Health Direct,Tufts Health Plan,FIPS 25011,,,894,,2024 (rough estimate),"[ESTIMATED — distributed from rough state-based exchange total (90,000) by 2024 county population. MA Health Connector estimate]"
MA,Hampden,State-Based Exchange QHP / Medicaid Managed Care,Tufts Health Direct,Tufts Health Plan,FIPS 25013,,,5854,,2024 (rough estimate),"[ESTIMATED — distributed from rough state-based exchange total (90,000) by 2024 county population. MA Health Connector estimate]"
MA,Hampshire,State-Based Exchange QHP / Medicaid Managed Care,Tufts Health Direct,Tufts Health Plan,FIPS 25015,,,2086,,2024 (rough estimate),"[ESTIMATED — distributed from rough state-based exchange total (90,000) by 2024 county population. MA Health Connector estimate]"
MA,Middlesex,State-Based Exchange QHP / Medicaid Managed Care,Tufts Health Direct,Tufts Health Plan,FIPS 25017,,,21049,,2024 (rough estimate),"[ESTIMATED — distributed from rough state-based exchange total (90,000) by 2024 county population. MA Health Connector estimate]"
MA,Nantucket,State-Based Exchange QHP / Medicaid Managed Care,Tufts Health Direct,Tufts Health Plan,FIPS 25019,,,185,,2024 (rough estimate),"[ESTIMATED — distributed from rough state-based exchange total (90,000) by 2024 county population. MA Health Connector estimate]"
MA,Norfolk,State-Based Exchange QHP / Medicaid Managed Care,Tufts Health Direct,Tufts Health Plan,FIPS 25021,,,9342,,2024 (rough estimate),"[ESTIMATED — distributed from rough state-based exchange total (90,000) by 2024 county population. MA Health Connector estimate]"
MA,Plymouth,State-Based Exchange QHP / Medicaid Managed Care,Tufts Health Direct,Tufts Health Plan,FIPS 25023,,,6837,,2024 (rough estimate),"[ESTIMATED — distributed from rough state-based exchange total (90,000) by 2024 county population. MA Health Connector estimate]"
MA,Suffolk,State-Based Exchange QHP / Medicaid Managed Care,Tufts Health Direct,Tufts Health Plan,FIPS 25025,,,10003,,2024 (rough estimate),"[ESTIMATED — distributed from rough state-based exchange total (90,000) by 2024 county population. MA Health Connector estimate]"
MA,Worcester,State-Based Exchange QHP / Medicaid Managed Care,Tufts Health Direct,Tufts Health Plan,FIPS 25027,,,11114,,2024 (rough estimate),"[ESTIMATED — distributed from rough state-based exchange total (90,000) by 2024 county population. MA Health Connector estimate]"
MA,Barnstable,State-Based Exchange QHP / Medicaid Managed Care,BMC HealthNet (WellSense Health Plan),Boston Medical Center HealthNet,FIPS 25001,,,3585,,2024 (rough estimate),"[ESTIMATED — distributed from rough state-based exchange total (110,000) by 2024 county population. MA Health Connector estimate]"
MA,Berkshire,State-Based Exchange QHP / Medicaid Managed Care,BMC HealthNet (WellSense Health Plan),Boston Medical Center HealthNet,FIPS 25003,,,1984,,2024 (rough estimate),"[ESTIMATED — distributed from rough state-based exchange total (110,000) by 2024 county population. MA Health Connector estimate]"
MA,Bristol,State-Based Exchange QHP / Medicaid Managed Care,BMC HealthNet (WellSense Health Plan),Boston Medical Center HealthNet,FIPS 25005,,,9073,,2024 (rough estimate),"[ESTIMATED — distributed from rough state-based exchange total (110,000) by 2024 county population. MA Health Connector estimate]"
MA,Dukes,State-Based Exchange QHP / Medicaid Managed Care,BMC HealthNet (WellSense Health Plan),Boston Medical Center HealthNet,FIPS 25007,,,325,,2024 (rough estimate),"[ESTIMATED — distributed from rough state-based exchange total (110,000) by 2024 county population. MA Health Connector estimate]"
MA,Essex,State-Based Exchange QHP / Medicaid Managed Care,BMC HealthNet (WellSense Health Plan),Boston Medical Center HealthNet,FIPS 25009,,,12701,,2024 (rough estimate),"[ESTIMATED — distributed from rough state-based exchange total (110,000) by 2024 county population. MA Health Connector estimate]"
MA,Franklin,State-Based Exchange QHP / Medicaid Managed Care,BMC HealthNet (WellSense Health Plan),Boston Medical Center HealthNet,FIPS 25011,,,1092,,2024 (rough estimate),"[ESTIMATED — distributed from rough state-based exchange total (110,000) by 2024 county population. MA Health Connector estimate]"
MA,Hampden,State-Based Exchange QHP / Medicaid Managed Care,BMC HealthNet (WellSense Health Plan),Boston Medical Center HealthNet,FIPS 25013,,,7155,,2024 (rough estimate),"[ESTIMATED — distributed from rough state-based exchange total (110,000) by 2024 county population. MA Health Connector estimate]"
MA,Hampshire,State-Based Exchange QHP / Medicaid Managed Care,BMC HealthNet (WellSense Health Plan),Boston Medical Center HealthNet,FIPS 25015,,,2550,,2024 (rough estimate),"[ESTIMATED — distributed from rough state-based exchange total (110,000) by 2024 county population. MA Health Connector estimate]"
MA,Middlesex,State-Based Exchange QHP / Medicaid Managed Care,BMC HealthNet (WellSense Health Plan),Boston Medical Center HealthNet,FIPS 25017,,,25726,,2024 (rough estimate),"[ESTIMATED — distributed from rough state-based exchange total (110,000) by 2024 county population. MA Health Connector estimate]"
MA,Nantucket,State-Based Exchange QHP / Medicaid Managed Care,BMC HealthNet (WellSense Health Plan),Boston Medical Center HealthNet,FIPS 25019,,,226,,2024 (rough estimate),"[ESTIMATED — distributed from rough state-based exchange total (110,000) by 2024 county population. MA Health Connector estimate]"
MA,Norfolk,State-Based Exchange QHP / Medicaid Managed Care,BMC HealthNet (WellSense Health Plan),Boston Medical Center HealthNet,FIPS 25021,,,11418,,2024 (rough estimate),"[ESTIMATED — distributed from rough state-based exchange total (110,000) by 2024 county population. MA Health Connector estimate]"
MA,Plymouth,State-Based Exchange QHP / Medicaid Managed Care,BMC HealthNet (WellSense Health Plan),Boston Medical Center HealthNet,FIPS 25023,,,8356,,2024 (rough estimate),"[ESTIMATED — distributed from rough state-based exchange total (110,000) by 2024 county population. MA Health Connector estimate]"
MA,Suffolk,State-Based Exchange QHP / Medicaid Managed Care,BMC HealthNet (WellSense Health Plan),Boston Medical Center HealthNet,FIPS 25025,,,12226,,2024 (rough estimate),"[ESTIMATED — distributed from rough state-based exchange total (110,000) by 2024 county population. MA Health Connector estimate]"
MA,Worcester,State-Based Exchange QHP / Medicaid Managed Care,BMC HealthNet (WellSense Health Plan),Boston Medical Center HealthNet,FIPS 25027,,,13584,,2024 (rough estimate),"[ESTIMATED — distributed from rough state-based exchange total (110,000) by 2024 county population. MA Health Connector estimate]"
MA,Barnstable,State-Based Exchange QHP / Medicaid Managed Care,Fallon Health,Fallon Health,FIPS 25001,,,978,,2024 (rough estimate),"[ESTIMATED — distributed from rough state-based exchange total (30,000) by 2024 county population. MA Health Connector estimate]"
MA,Berkshire,State-Based Exchange QHP / Medicaid Managed Care,Fallon Health,Fallon Health,FIPS 25003,,,541,,2024 (rough estimate),"[ESTIMATED — distributed from rough state-based exchange total (30,000) by 2024 county population. MA Health Connector estimate]"
MA,Bristol,State-Based Exchange QHP / Medicaid Managed Care,Fallon Health,Fallon Health,FIPS 25005,,,2474,,2024 (rough estimate),"[ESTIMATED — distributed from rough state-based exchange total (30,000) by 2024 county population. MA Health Connector estimate]"
MA,Dukes,State-Based Exchange QHP / Medicaid Managed Care,Fallon Health,Fallon Health,FIPS 25007,,,89,,2024 (rough estimate),"[ESTIMATED — distributed from rough state-based exchange total (30,000) by 2024 county population. MA Health Connector estimate]"
MA,Essex,State-Based Exchange QHP / Medicaid Managed Care,Fallon Health,Fallon Health,FIPS 25009,,,3464,,2024 (rough estimate),"[ESTIMATED — distributed from rough state-based exchange total (30,000) by 2024 county population. MA Health Connector estimate]"
MA,Franklin,State-Based Exchange QHP / Medicaid Managed Care,Fallon Health,Fallon Health,FIPS 25011,,,298,,2024 (rough estimate),"[ESTIMATED — distributed from rough state-based exchange total (30,000) by 2024 county population. MA Health Connector estimate]"
MA,Hampden,State-Based Exchange QHP / Medicaid Managed Care,Fallon Health,Fallon Health,FIPS 25013,,,1951,,2024 (rough estimate),"[ESTIMATED — distributed from rough state-based exchange total (30,000) by 2024 county population. MA Health Connector estimate]"
MA,Hampshire,State-Based Exchange QHP / Medicaid Managed Care,Fallon Health,Fallon Health,FIPS 25015,,,695,,2024 (rough estimate),"[ESTIMATED — distributed from rough state-based exchange total (30,000) by 2024 county population. MA Health Connector estimate]"
MA,Middlesex,State-Based Exchange QHP / Medicaid Managed Care,Fallon Health,Fallon Health,FIPS 25017,,,7016,,2024 (rough estimate),"[ESTIMATED — distributed from rough state-based exchange total (30,000) by 2024 county population. MA Health Connector estimate]"
MA,Nantucket,State-Based Exchange QHP / Medicaid Managed Care,Fallon Health,Fallon Health,FIPS 25019,,,62,,2024 (rough estimate),"[ESTIMATED — distributed from rough state-based exchange total (30,000) by 2024 county population. MA Health Connector estimate]"
MA,Norfolk,State-Based Exchange QHP / Medicaid Managed Care,Fallon Health,Fallon Health,FIPS 25021,,,3114,,2024 (rough estimate),"[ESTIMATED — distributed from rough state-based exchange total (30,000) by 2024 county population. MA Health Connector estimate]"
MA,Plymouth,State-Based Exchange QHP / Medicaid Managed Care,Fallon Health,Fallon Health,FIPS 25023,,,2279,,2024 (rough estimate),"[ESTIMATED — distributed from rough state-based exchange total (30,000) by 2024 county population. MA Health Connector estimate]"
MA,Suffolk,State-Based Exchange QHP / Medicaid Managed Care,Fallon Health,Fallon Health,FIPS 25025,,,3334,,2024 (rough estimate),"[ESTIMATED — distributed from rough state-based exchange total (30,000) by 2024 county population. MA Health Connector estimate]"
MA,Worcester,State-Based Exchange QHP / Medicaid Managed Care,Fallon Health,Fallon Health,FIPS 25027,,,3705,,2024 (rough estimate),"[ESTIMATED — distributed from rough state-based exchange total (30,000) by 2024 county population. MA Health Connector estimate]"
MA,Barnstable,State-Based Exchange QHP / Medicaid Managed Care,Health New England,Health New England,FIPS 25001,,,815,,2024 (rough estimate),"[ESTIMATED — distributed from rough state-based exchange total (25,000) by 2024 county population. MA Health Connector estimate]"
MA,Berkshire,State-Based Exchange QHP / Medicaid Managed Care,Health New England,Health New England,FIPS 25003,,,451,,2024 (rough estimate),"[ESTIMATED — distributed from rough state-based exchange total (25,000) by 2024 county population. MA Health Connector estimate]"
MA,Bristol,State-Based Exchange QHP / Medicaid Managed Care,Health New England,Health New England,FIPS 25005,,,2062,,2024 (rough estimate),"[ESTIMATED — distributed from rough state-based exchange total (25,000) by 2024 county population. MA Health Connector estimate]"
MA,Dukes,State-Based Exchange QHP / Medicaid Managed Care,Health New England,Health New England,FIPS 25007,,,74,,2024 (rough estimate),"[ESTIMATED — distributed from rough state-based exchange total (25,000) by 2024 county population. MA Health Connector estimate]"
MA,Essex,State-Based Exchange QHP / Medicaid Managed Care,Health New England,Health New England,FIPS 25009,,,2886,,2024 (rough estimate),"[ESTIMATED — distributed from rough state-based exchange total (25,000) by 2024 county population. MA Health Connector estimate]"
MA,Franklin,State-Based Exchange QHP / Medicaid Managed Care,Health New England,Health New England,FIPS 25011,,,248,,2024 (rough estimate),"[ESTIMATED — distributed from rough state-based exchange total (25,000) by 2024 county population. MA Health Connector estimate]"
MA,Hampden,State-Based Exchange QHP / Medicaid Managed Care,Health New England,Health New England,FIPS 25013,,,1626,,2024 (rough estimate),"[ESTIMATED — distributed from rough state-based exchange total (25,000) by 2024 county population. MA Health Connector estimate]"
MA,Hampshire,State-Based Exchange QHP / Medicaid Managed Care,Health New England,Health New England,FIPS 25015,,,579,,2024 (rough estimate),"[ESTIMATED — distributed from rough state-based exchange total (25,000) by 2024 county population. MA Health Connector estimate]"
MA,Middlesex,State-Based Exchange QHP / Medicaid Managed Care,Health New England,Health New England,FIPS 25017,,,5847,,2024 (rough estimate),"[ESTIMATED — distributed from rough state-based exchange total (25,000) by 2024 county population. MA Health Connector estimate]"
MA,Nantucket,State-Based Exchange QHP / Medicaid Managed Care,Health New England,Health New England,FIPS 25019,,,51,,2024 (rough estimate),"[ESTIMATED — distributed from rough state-based exchange total (25,000) by 2024 county population. MA Health Connector estimate]"
MA,Norfolk,State-Based Exchange QHP / Medicaid Managed Care,Health New England,Health New England,FIPS 25021,,,2595,,2024 (rough estimate),"[ESTIMATED — distributed from rough state-based exchange total (25,000) by 2024 county population. MA Health Connector estimate]"
MA,Plymouth,State-Based Exchange QHP / Medicaid Managed Care,Health New England,Health New England,FIPS 25023,,,1899,,2024 (rough estimate),"[ESTIMATED — distributed from rough state-based exchange total (25,000) by 2024 county population. MA Health Connector estimate]"
MA,Suffolk,State-Based Exchange QHP / Medicaid Managed Care,Health New England,Health New England,FIPS 25025,,,2779,,2024 (rough estimate),"[ESTIMATED — distributed from rough state-based exchange total (25,000) by 2024 county population. MA Health Connector estimate]"
MA,Worcester,State-Based Exchange QHP / Medicaid Managed Care,Health New England,Health New England,FIPS 25027,,,3087,,2024 (rough estimate),"[ESTIMATED — distributed from rough state-based exchange total (25,000) by 2024 county population. MA Health Connector estimate]"
MA,Barnstable,State-Based Exchange QHP / Medicaid Managed Care,AllWays Health Partners,AllWays Health Partners,FIPS 25001,,,978,,2024 (rough estimate),"[ESTIMATED — distributed from rough state-based exchange total (30,000) by 2024 county population. MA Health Connector estimate]"
MA,Berkshire,State-Based Exchange QHP / Medicaid Managed Care,AllWays Health Partners,AllWays Health Partners,FIPS 25003,,,541,,2024 (rough estimate),"[ESTIMATED — distributed from rough state-based exchange total (30,000) by 2024 county population. MA Health Connector estimate]"
MA,Bristol,State-Based Exchange QHP / Medicaid Managed Care,AllWays Health Partners,AllWays Health Partners,FIPS 25005,,,2474,,2024 (rough estimate),"[ESTIMATED — distributed from rough state-based exchange total (30,000) by 2024 county population. MA Health Connector estimate]"
MA,Dukes,State-Based Exchange QHP / Medicaid Managed Care,AllWays Health Partners,AllWays Health Partners,FIPS 25007,,,89,,2024 (rough estimate),"[ESTIMATED — distributed from rough state-based exchange total (30,000) by 2024 county population. MA Health Connector estimate]"
MA,Essex,State-Based Exchange QHP / Medicaid Managed Care,AllWays Health Partners,AllWays Health Partners,FIPS 25009,,,3464,,2024 (rough estimate),"[ESTIMATED — distributed from rough state-based exchange total (30,000) by 2024 county population. MA Health Connector estimate]"
MA,Franklin,State-Based Exchange QHP / Medicaid Managed Care,AllWays Health Partners,AllWays Health Partners,FIPS 25011,,,298,,2024 (rough estimate),"[ESTIMATED — distributed from rough state-based exchange total (30,000) by 2024 county population. MA Health Connector estimate]"
MA,Hampden,State-Based Exchange QHP / Medicaid Managed Care,AllWays Health Partners,AllWays Health Partners,FIPS 25013,,,1951,,2024 (rough estimate),"[ESTIMATED — distributed from rough state-based exchange total (30,000) by 2024 county population. MA Health Connector estimate]"
MA,Hampshire,State-Based Exchange QHP / Medicaid Managed Care,AllWays Health Partners,AllWays Health Partners,FIPS 25015,,,695,,2024 (rough estimate),"[ESTIMATED — distributed from rough state-based exchange total (30,000) by 2024 county population. MA Health Connector estimate]"
MA,Middlesex,State-Based Exchange QHP / Medicaid Managed Care,AllWays Health Partners,AllWays Health Partners,FIPS 25017,,,7016,,2024 (rough estimate),"[ESTIMATED — distributed from rough state-based exchange total (30,000) by 2024 county population. MA Health Connector estimate]"
MA,Nantucket,State-Based Exchange QHP / Medicaid Managed Care,AllWays Health Partners,AllWays Health Partners,FIPS 25019,,,62,,2024 (rough estimate),"[ESTIMATED — distributed from rough state-based exchange total (30,000) by 2024 county population. MA Health Connector estimate]"
MA,Norfolk,State-Based Exchange QHP / Medicaid Managed Care,AllWays Health Partners,AllWays Health Partners,FIPS 25021,,,3114,,2024 (rough estimate),"[ESTIMATED — distributed from rough state-based exchange total (30,000) by 2024 county population. MA Health Connector estimate]"
MA,Plymouth,State-Based Exchange QHP / Medicaid Managed Care,AllWays Health Partners,AllWays Health Partners,FIPS 25023,,,2279,,2024 (rough estimate),"[ESTIMATED — distributed from rough state-based exchange total (30,000) by 2024 county population. MA Health Connector estimate]"
MA,Suffolk,State-Based Exchange QHP / Medicaid Managed Care,AllWays Health Partners,AllWays Health Partners,FIPS 25025,,,3334,,2024 (rough estimate),"[ESTIMATED — distributed from rough state-based exchange total (30,000) by 2024 county population. MA Health Connector estimate]"
MA,Worcester,State-Based Exchange QHP / Medicaid Managed Care,AllWays Health Partners,AllWays Health Partners,FIPS 25027,,,3705,,2024 (rough estimate),"[ESTIMATED — distributed from rough state-based exchange total (30,000) by 2024 county population. MA Health Connector estimate]"
MA,Barnstable,State-Based Exchange QHP / Medicaid Managed Care,UnitedHealthcare MA,UnitedHealth Group,FIPS 25001,,,1630,,2024 (rough estimate),"[ESTIMATED — distributed from rough state-based exchange total (50,000) by 2024 county population. MA Health Connector estimate]"
MA,Berkshire,State-Based Exchange QHP / Medicaid Managed Care,UnitedHealthcare MA,UnitedHealth Group,FIPS 25003,,,902,,2024 (rough estimate),"[ESTIMATED — distributed from rough state-based exchange total (50,000) by 2024 county population. MA Health Connector estimate]"
MA,Bristol,State-Based Exchange QHP / Medicaid Managed Care,UnitedHealthcare MA,UnitedHealth Group,FIPS 25005,,,4124,,2024 (rough estimate),"[ESTIMATED — distributed from rough state-based exchange total (50,000) by 2024 county population. MA Health Connector estimate]"
MA,Dukes,State-Based Exchange QHP / Medicaid Managed Care,UnitedHealthcare MA,UnitedHealth Group,FIPS 25007,,,148,,2024 (rough estimate),"[ESTIMATED — distributed from rough state-based exchange total (50,000) by 2024 county population. MA Health Connector estimate]"
MA,Essex,State-Based Exchange QHP / Medicaid Managed Care,UnitedHealthcare MA,UnitedHealth Group,FIPS 25009,,,5773,,2024 (rough estimate),"[ESTIMATED — distributed from rough state-based exchange total (50,000) by 2024 county population. MA Health Connector estimate]"
MA,Franklin,State-Based Exchange QHP / Medicaid Managed Care,UnitedHealthcare MA,UnitedHealth Group,FIPS 25011,,,497,,2024 (rough estimate),"[ESTIMATED — distributed from rough state-based exchange total (50,000) by 2024 county population. MA Health Connector estimate]"
MA,Hampden,State-Based Exchange QHP / Medicaid Managed Care,UnitedHealthcare MA,UnitedHealth Group,FIPS 25013,,,3252,,2024 (rough estimate),"[ESTIMATED — distributed from rough state-based exchange total (50,000) by 2024 county population. MA Health Connector estimate]"
MA,Hampshire,State-Based Exchange QHP / Medicaid Managed Care,UnitedHealthcare MA,UnitedHealth Group,FIPS 25015,,,1159,,2024 (rough estimate),"[ESTIMATED — distributed from rough state-based exchange total (50,000) by 2024 county population. MA Health Connector estimate]"
MA,Middlesex,State-Based Exchange QHP / Medicaid Managed Care,UnitedHealthcare MA,UnitedHealth Group,FIPS 25017,,,11694,,2024 (rough estimate),"[ESTIMATED — distributed from rough state-based exchange total (50,000) by 2024 county population. MA Health Connector estimate]"
MA,Nantucket,State-Based Exchange QHP / Medicaid Managed Care,UnitedHealthcare MA,UnitedHealth Group,FIPS 25019,,,103,,2024 (rough estimate),"[ESTIMATED — distributed from rough state-based exchange total (50,000) by 2024 county population. MA Health Connector estimate]"
MA,Norfolk,State-Based Exchange QHP / Medicaid Managed Care,UnitedHealthcare MA,UnitedHealth Group,FIPS 25021,,,5190,,2024 (rough estimate),"[ESTIMATED — distributed from rough state-based exchange total (50,000) by 2024 county population. MA Health Connector estimate]"
MA,Plymouth,State-Based Exchange QHP / Medicaid Managed Care,UnitedHealthcare MA,UnitedHealth Group,FIPS 25023,,,3798,,2024 (rough estimate),"[ESTIMATED — distributed from rough state-based exchange total (50,000) by 2024 county population. MA Health Connector estimate]"
MA,Suffolk,State-Based Exchange QHP / Medicaid Managed Care,UnitedHealthcare MA,UnitedHealth Group,FIPS 25025,,,5557,,2024 (rough estimate),"[ESTIMATED — distributed from rough state-based exchange total (50,000) by 2024 county population. MA Health Connector estimate]"
MA,Worcester,State-Based Exchange QHP / Medicaid Managed Care,UnitedHealthcare MA,UnitedHealth Group,FIPS 25027,,,6175,,2024 (rough estimate),"[ESTIMATED — distributed from rough state-based exchange total (50,000) by 2024 county population. MA Health Connector estimate]"
