state,county,program_type,plan_name,parent_org,geographic_region,medicaid_enrollment,dual_enrollment,total_enrollment,source_url,source_year,notes
AZ,,Medicaid MCO (ACC),Arizona Complete Health-Complete Care Plan,Centene,Statewide (3 GSAs),346013,,346013,https://www.azahcccs.gov/Resources/Downloads/PopulationStatistics/PopulationbyContractor04062026.pdf,2026-04,[source: state-direct file]
AZ,,Medicaid MCO (ACC),Banner-University Family Care,Banner Health / University of Arizona,Statewide (3 GSAs),212871,,212871,https://www.azahcccs.gov/Resources/Downloads/PopulationStatistics/PopulationbyContractor04062026.pdf,2026-04,[source: state-direct file]
AZ,,Medicaid MCO (ALTCS),Banner-University Family Care LTC,Banner Health / University of Arizona,Statewide (3 GSAs),6236,,6236,https://www.azahcccs.gov/Resources/Downloads/PopulationStatistics/PopulationbyContractor04062026.pdf,2026-04,[source: state-direct file]
AZ,,Medicaid MCO (ACC),Health Choice Arizona,Steward Health Choice,Statewide (3 GSAs),172332,,172332,https://www.azahcccs.gov/Resources/Downloads/PopulationStatistics/PopulationbyContractor04062026.pdf,2026-04,[source: state-direct file]
AZ,,Medicaid MCO (ACC),Mercy Care,Aetna / Dignity Health JV,Statewide (3 GSAs),289172,,289172,https://www.azahcccs.gov/Resources/Downloads/PopulationStatistics/PopulationbyContractor04062026.pdf,2026-04,[source: state-direct file]
AZ,,Medicaid MCO (ALTCS),Mercy Care LTC,Aetna / Dignity Health JV,Statewide (3 GSAs),7225,,7225,https://www.azahcccs.gov/Resources/Downloads/PopulationStatistics/PopulationbyContractor04062026.pdf,2026-04,[source: state-direct file]
AZ,,Medicaid MCO (ACC),Molina Complete Care of Arizona,Molina Healthcare,Statewide (3 GSAs),33931,,33931,https://www.azahcccs.gov/Resources/Downloads/PopulationStatistics/PopulationbyContractor04062026.pdf,2026-04,[source: state-direct file]
AZ,,Medicaid MCO (ACC),UnitedHealthcare Community Plan of Arizona,UnitedHealth Group,Statewide (3 GSAs),317714,,317714,https://www.azahcccs.gov/Resources/Downloads/PopulationStatistics/PopulationbyContractor04062026.pdf,2026-04,[source: state-direct file]
AZ,,Medicaid MCO (ALTCS),UnitedHealthcare LTC,UnitedHealth Group,Statewide (3 GSAs),10065,,10065,https://www.azahcccs.gov/Resources/Downloads/PopulationStatistics/PopulationbyContractor04062026.pdf,2026-04,[source: state-direct file]
CA,Alameda,Medicaid MCO - Single Plan,Alameda Alliance for Health,Alameda Alliance (public),,380704,,380704,https://data.chhs.ca.gov/dataset/medi-cal-managed-care-enrollment-report,2026-03,[source: state-direct file]
CA,Calaveras,Medicaid MCO - Regional,Anthem Blue Cross,Elevance Health,,6961,,6961,https://data.chhs.ca.gov/dataset/medi-cal-managed-care-enrollment-report,2026-03,[source: state-direct file]
CA,Sacramento,Medicaid MCO - GMC,Anthem Blue Cross,Elevance Health,,240158,,240158,https://data.chhs.ca.gov/dataset/medi-cal-managed-care-enrollment-report,2026-03,[source: state-direct file]
CA,San Francisco,Medicaid MCO - 2 Plan (Comm),Anthem Blue Cross,Elevance Health,,39281,,39281,https://data.chhs.ca.gov/dataset/medi-cal-managed-care-enrollment-report,2026-03,[source: state-direct file]
CA,Santa Clara,Medicaid MCO - 2 Plan (Comm),Anthem Blue Cross,Elevance Health,,69582,,69582,https://data.chhs.ca.gov/dataset/medi-cal-managed-care-enrollment-report,2026-03,[source: state-direct file]
CA,Tulare,Medicaid MCO - 2 Plan (LI),Anthem Blue Cross,Elevance Health,,138211,,138211,https://data.chhs.ca.gov/dataset/medi-cal-managed-care-enrollment-report,2026-03,[source: state-direct file]
CA,Alpine,Medicaid MCO - 2 Plan (Comm),Anthem Blue Cross Partnership Plan,Elevance Health,,198,,198,https://data.chhs.ca.gov/dataset/medi-cal-managed-care-enrollment-report,2026-03,[source: state-direct file]
CA,Amador,Medicaid MCO - Regional,Anthem Blue Cross Partnership Plan,Elevance Health,,6300,,6300,https://data.chhs.ca.gov/dataset/medi-cal-managed-care-enrollment-report,2026-03,[source: state-direct file]
CA,El Dorado,Medicaid MCO - 2 Plan (Comm),Anthem Blue Cross Partnership Plan,Elevance Health,,24984,,24984,https://data.chhs.ca.gov/dataset/medi-cal-managed-care-enrollment-report,2026-03,[source: state-direct file]
CA,Fresno,Medicaid MCO - 2 Plan (Comm),Anthem Blue Cross Partnership Plan,Elevance Health,,142360,,142360,https://data.chhs.ca.gov/dataset/medi-cal-managed-care-enrollment-report,2026-03,[source: state-direct file]
CA,Inyo,Medicaid MCO - Regional,Anthem Blue Cross Partnership Plan,Elevance Health,,2683,,2683,https://data.chhs.ca.gov/dataset/medi-cal-managed-care-enrollment-report,2026-03,[source: state-direct file]
CA,Kern,Medicaid MCO - 2 Plan (Comm),Anthem Blue Cross Partnership Plan,Elevance Health,,46979,,46979,https://data.chhs.ca.gov/dataset/medi-cal-managed-care-enrollment-report,2026-03,[source: state-direct file]
CA,Kings,Medicaid MCO - 2 Plan (Comm),Anthem Blue Cross Partnership Plan,Elevance Health,,25016,,25016,https://data.chhs.ca.gov/dataset/medi-cal-managed-care-enrollment-report,2026-03,[source: state-direct file]
CA,Madera,Medicaid MCO - 2 Plan (Comm),Anthem Blue Cross Partnership Plan,Elevance Health,,25888,,25888,https://data.chhs.ca.gov/dataset/medi-cal-managed-care-enrollment-report,2026-03,[source: state-direct file]
CA,Mono,Medicaid MCO - Regional,Anthem Blue Cross Partnership Plan,Elevance Health,,1942,,1942,https://data.chhs.ca.gov/dataset/medi-cal-managed-care-enrollment-report,2026-03,[source: state-direct file]
CA,Tuolumne,Medicaid MCO - Regional,Anthem Blue Cross Partnership Plan,Elevance Health,,7877,,7877,https://data.chhs.ca.gov/dataset/medi-cal-managed-care-enrollment-report,2026-03,[source: state-direct file]
CA,San Diego,Medicaid MCO - GMC,Blue Shield of California Promise,Blue Shield of California,,179455,,179455,https://data.chhs.ca.gov/dataset/medi-cal-managed-care-enrollment-report,2026-03,[source: state-direct file]
CA,Orange,Medicaid MCO - COHS,CalOptima,CalOptima (county agency),,818624,,818624,https://data.chhs.ca.gov/dataset/medi-cal-managed-care-enrollment-report,2026-03,[source: state-direct file]
CA,Fresno,Medicaid MCO - 2 Plan (LI),CalViva Health,Centene (Health Net),,331574,,331574,https://data.chhs.ca.gov/dataset/medi-cal-managed-care-enrollment-report,2026-03,[source: state-direct file]
CA,Kings,Medicaid MCO - 2 Plan (LI),CalViva Health,Centene (Health Net),,38329,,38329,https://data.chhs.ca.gov/dataset/medi-cal-managed-care-enrollment-report,2026-03,[source: state-direct file]
CA,Madera,Medicaid MCO - 2 Plan (LI),CalViva Health,Centene (Health Net),,49306,,49306,https://data.chhs.ca.gov/dataset/medi-cal-managed-care-enrollment-report,2026-03,[source: state-direct file]
CA,San Luis Obispo,Medicaid MCO - COHS,CenCal Health,CenCal Health (public),,64642,,64642,https://data.chhs.ca.gov/dataset/medi-cal-managed-care-enrollment-report,2026-03,[source: state-direct file]
CA,Santa Barbara,Medicaid MCO - COHS,CenCal Health,CenCal Health (public),,168925,,168925,https://data.chhs.ca.gov/dataset/medi-cal-managed-care-enrollment-report,2026-03,[source: state-direct file]
CA,Mariposa,Medicaid MCO - COHS,Central California Alliance for Health,CCAH (public agency),,5499,,5499,https://data.chhs.ca.gov/dataset/medi-cal-managed-care-enrollment-report,2026-03,[source: state-direct file]
CA,Merced,Medicaid MCO - COHS,Central California Alliance for Health,CCAH (public agency),,144204,,144204,https://data.chhs.ca.gov/dataset/medi-cal-managed-care-enrollment-report,2026-03,[source: state-direct file]
CA,Monterey,Medicaid MCO - COHS,Central California Alliance for Health,CCAH (public agency),,184316,,184316,https://data.chhs.ca.gov/dataset/medi-cal-managed-care-enrollment-report,2026-03,[source: state-direct file]
CA,San Benito,Medicaid MCO - COHS,Central California Alliance for Health,CCAH (public agency),,20400,,20400,https://data.chhs.ca.gov/dataset/medi-cal-managed-care-enrollment-report,2026-03,[source: state-direct file]
CA,Santa Cruz,Medicaid MCO - COHS,Central California Alliance for Health,CCAH (public agency),,73269,,73269,https://data.chhs.ca.gov/dataset/medi-cal-managed-care-enrollment-report,2026-03,[source: state-direct file]
CA,San Diego,Medicaid MCO - GMC,Community Health Group,Community Health Group,,347045,,347045,https://data.chhs.ca.gov/dataset/medi-cal-managed-care-enrollment-report,2026-03,[source: state-direct file]
CA,Imperial,Medicaid MCO - Single Plan,Community Health Plan of Imperial Valley,CHPIV (public),,95888,,95888,https://data.chhs.ca.gov/dataset/medi-cal-managed-care-enrollment-report,2026-03,[source: state-direct file]
CA,Contra Costa,Medicaid MCO - Single Plan,Contra Costa Health Plan,Contra Costa Health Plan (public),,253156,,253156,https://data.chhs.ca.gov/dataset/medi-cal-managed-care-enrollment-report,2026-03,[source: state-direct file]
CA,Ventura,Medicaid MCO - COHS,Gold Coast Health Plan,Ventura County agency,,230957,,230957,https://data.chhs.ca.gov/dataset/medi-cal-managed-care-enrollment-report,2026-03,[source: state-direct file]
CA,Los Angeles,Medicaid MCO - 2 Plan (Comm),Health Net Community Solutions,Centene,,1121154,,1121154,https://data.chhs.ca.gov/dataset/medi-cal-managed-care-enrollment-report,2026-03,[source: state-direct file]
CA,Sacramento,Medicaid MCO - GMC,Health Net Community Solutions,Centene,,139089,,139089,https://data.chhs.ca.gov/dataset/medi-cal-managed-care-enrollment-report,2026-03,[source: state-direct file]
CA,San Joaquin,Medicaid MCO - 2 Plan (Comm),Health Net Community Solutions,Centene,,34216,,34216,https://data.chhs.ca.gov/dataset/medi-cal-managed-care-enrollment-report,2026-03,[source: state-direct file]
CA,Stanislaus,Medicaid MCO - 2 Plan (Comm),Health Net Community Solutions,Centene,,59605,,59605,https://data.chhs.ca.gov/dataset/medi-cal-managed-care-enrollment-report,2026-03,[source: state-direct file]
CA,Tulare,Medicaid MCO - 2 Plan (Comm),Health Net Community Solutions,Centene,,132962,,132962,https://data.chhs.ca.gov/dataset/medi-cal-managed-care-enrollment-report,2026-03,[source: state-direct file]
CA,Amador,Medicaid MCO - Regional,"Health Net Community Solutions, Inc",Centene,,1839,,1839,https://data.chhs.ca.gov/dataset/medi-cal-managed-care-enrollment-report,2026-03,[source: state-direct file]
CA,Inyo,Medicaid MCO - Regional,"Health Net Community Solutions, Inc",Centene,,1833,,1833,https://data.chhs.ca.gov/dataset/medi-cal-managed-care-enrollment-report,2026-03,[source: state-direct file]
CA,Tuolumne,Medicaid MCO - Regional,"Health Net Community Solutions, Inc",Centene,,6127,,6127,https://data.chhs.ca.gov/dataset/medi-cal-managed-care-enrollment-report,2026-03,[source: state-direct file]
CA,Mono,Medicaid MCO - Regional,"Health Net Community Solutions, Inc.",Centene,,1106,,1106,https://data.chhs.ca.gov/dataset/medi-cal-managed-care-enrollment-report,2026-03,[source: state-direct file]
CA,San Joaquin,Medicaid MCO - 2 Plan (LI),Health Plan of San Joaquin,Health Plan of San Joaquin (public),,222896,,222896,https://data.chhs.ca.gov/dataset/medi-cal-managed-care-enrollment-report,2026-03,[source: state-direct file]
CA,Stanislaus,Medicaid MCO - 2 Plan (LI),Health Plan of San Joaquin,Health Plan of San Joaquin (public),,160994,,160994,https://data.chhs.ca.gov/dataset/medi-cal-managed-care-enrollment-report,2026-03,[source: state-direct file]
CA,San Mateo,Medicaid MCO - COHS,Health Plan of San Mateo,Health Plan of San Mateo (public),,135083,,135083,https://data.chhs.ca.gov/dataset/medi-cal-managed-care-enrollment-report,2026-03,[source: state-direct file]
CA,Calaveras,Medicaid MCO - Regional,"Heath Net Community Solutions, Inc",Centene,,5704,,5704,https://data.chhs.ca.gov/dataset/medi-cal-managed-care-enrollment-report,2026-03,[source: state-direct file]
CA,Riverside,Medicaid MCO - 2 Plan (LI),Inland Empire Health Plan,Inland Empire Health Plan (public),,712642,,712642,https://data.chhs.ca.gov/dataset/medi-cal-managed-care-enrollment-report,2026-03,[source: state-direct file]
CA,San Bernardino,Medicaid MCO - 2 Plan (LI),Inland Empire Health Plan,Inland Empire Health Plan (public),,703099,,703099,https://data.chhs.ca.gov/dataset/medi-cal-managed-care-enrollment-report,2026-03,[source: state-direct file]
CA,Mariposa,Medicaid MCO - COHS,Kaiser Foundation Health Plan,Kaiser Foundation Health Plan,,13,,13,https://data.chhs.ca.gov/dataset/medi-cal-managed-care-enrollment-report,2026-03,[source: state-direct file]
CA,Placer,Medicaid MCO - COHS,Kaiser Foundation Health Plan,Kaiser Foundation Health Plan,,19098,,19098,https://data.chhs.ca.gov/dataset/medi-cal-managed-care-enrollment-report,2026-03,[source: state-direct file]
CA,Sutter,Medicaid MCO - COHS,Kaiser Foundation Health Plan,Kaiser Foundation Health Plan,,54,,54,https://data.chhs.ca.gov/dataset/medi-cal-managed-care-enrollment-report,2026-03,[source: state-direct file]
CA,Yuba,Medicaid MCO - COHS,Kaiser Foundation Health Plan,Kaiser Foundation Health Plan,,1179,,1179,https://data.chhs.ca.gov/dataset/medi-cal-managed-care-enrollment-report,2026-03,[source: state-direct file]
CA,Alameda,Medicaid MCO - Single Plan,Kaiser Permanente,Kaiser Foundation Health Plan,,77740,,77740,https://data.chhs.ca.gov/dataset/medi-cal-managed-care-enrollment-report,2026-03,[source: state-direct file]
CA,Amador,Medicaid MCO - Regional,Kaiser Permanente,Kaiser Foundation Health Plan,,407,,407,https://data.chhs.ca.gov/dataset/medi-cal-managed-care-enrollment-report,2026-03,[source: state-direct file]
CA,Contra Costa,Medicaid MCO - Single Plan,Kaiser Permanente,Kaiser Foundation Health Plan,,62268,,62268,https://data.chhs.ca.gov/dataset/medi-cal-managed-care-enrollment-report,2026-03,[source: state-direct file]
CA,El Dorado,Medicaid MCO - 2 Plan (Comm),Kaiser Permanente,Kaiser Foundation Health Plan,,4066,,4066,https://data.chhs.ca.gov/dataset/medi-cal-managed-care-enrollment-report,2026-03,[source: state-direct file]
CA,Fresno,Medicaid MCO - 2 Plan (Comm),Kaiser Permanente,Kaiser Foundation Health Plan,,11971,,11971,https://data.chhs.ca.gov/dataset/medi-cal-managed-care-enrollment-report,2026-03,[source: state-direct file]
CA,Imperial,Medicaid MCO - Single Plan,Kaiser Permanente,Kaiser Foundation Health Plan,,37,,37,https://data.chhs.ca.gov/dataset/medi-cal-managed-care-enrollment-report,2026-03,[source: state-direct file]
CA,Kern,Medicaid MCO - 2 Plan (Comm),Kaiser Permanente,Kaiser Foundation Health Plan,,23703,,23703,https://data.chhs.ca.gov/dataset/medi-cal-managed-care-enrollment-report,2026-03,[source: state-direct file]
CA,Kings,Medicaid MCO - 2 Plan (Comm),Kaiser Permanente,Kaiser Foundation Health Plan,,265,,265,https://data.chhs.ca.gov/dataset/medi-cal-managed-care-enrollment-report,2026-03,[source: state-direct file]
CA,Los Angeles,Medicaid MCO - 2 Plan (Comm),Kaiser Permanente,Kaiser Foundation Health Plan,,338211,,338211,https://data.chhs.ca.gov/dataset/medi-cal-managed-care-enrollment-report,2026-03,[source: state-direct file]
CA,Madera,Medicaid MCO - 2 Plan (Comm),Kaiser Permanente,Kaiser Foundation Health Plan,,2013,,2013,https://data.chhs.ca.gov/dataset/medi-cal-managed-care-enrollment-report,2026-03,[source: state-direct file]
CA,Marin,Medicaid MCO - COHS,Kaiser Permanente,Kaiser Foundation Health Plan,,7891,,7891,https://data.chhs.ca.gov/dataset/medi-cal-managed-care-enrollment-report,2026-03,[source: state-direct file]
CA,Napa,Medicaid MCO - COHS,Kaiser Permanente,Kaiser Foundation Health Plan,,8356,,8356,https://data.chhs.ca.gov/dataset/medi-cal-managed-care-enrollment-report,2026-03,[source: state-direct file]
CA,Orange,Medicaid MCO - COHS,Kaiser Permanente,Kaiser Foundation Health Plan,,72678,,72678,https://data.chhs.ca.gov/dataset/medi-cal-managed-care-enrollment-report,2026-03,[source: state-direct file]
CA,Riverside,Medicaid MCO - 2 Plan (Comm),Kaiser Permanente,Kaiser Foundation Health Plan,,92191,,92191,https://data.chhs.ca.gov/dataset/medi-cal-managed-care-enrollment-report,2026-03,[source: state-direct file]
CA,Sacramento,Medicaid MCO - GMC,Kaiser Permanente,Kaiser Foundation Health Plan,,134759,,134759,https://data.chhs.ca.gov/dataset/medi-cal-managed-care-enrollment-report,2026-03,[source: state-direct file]
CA,San Bernardino,Medicaid MCO - 2 Plan (Comm),Kaiser Permanente,Kaiser Foundation Health Plan,,99503,,99503,https://data.chhs.ca.gov/dataset/medi-cal-managed-care-enrollment-report,2026-03,[source: state-direct file]
CA,San Diego,Medicaid MCO - GMC,Kaiser Permanente,Kaiser Foundation Health Plan,,71908,,71908,https://data.chhs.ca.gov/dataset/medi-cal-managed-care-enrollment-report,2026-03,[source: state-direct file]
CA,San Francisco,Medicaid MCO - 2 Plan (Comm),Kaiser Permanente,Kaiser Foundation Health Plan,,23322,,23322,https://data.chhs.ca.gov/dataset/medi-cal-managed-care-enrollment-report,2026-03,[source: state-direct file]
CA,San Joaquin,Medicaid MCO - 2 Plan (Comm),Kaiser Permanente,Kaiser Foundation Health Plan,,35673,,35673,https://data.chhs.ca.gov/dataset/medi-cal-managed-care-enrollment-report,2026-03,[source: state-direct file]
CA,San Mateo,Medicaid MCO - COHS,Kaiser Permanente,Kaiser Foundation Health Plan,,19059,,19059,https://data.chhs.ca.gov/dataset/medi-cal-managed-care-enrollment-report,2026-03,[source: state-direct file]
CA,Santa Clara,Medicaid MCO - 2 Plan (Comm),Kaiser Permanente,Kaiser Foundation Health Plan,,51143,,51143,https://data.chhs.ca.gov/dataset/medi-cal-managed-care-enrollment-report,2026-03,[source: state-direct file]
CA,Santa Cruz,Medicaid MCO - COHS,Kaiser Permanente,Kaiser Foundation Health Plan,,2165,,2165,https://data.chhs.ca.gov/dataset/medi-cal-managed-care-enrollment-report,2026-03,[source: state-direct file]
CA,Solano,Medicaid MCO - COHS,Kaiser Permanente,Kaiser Foundation Health Plan,,39821,,39821,https://data.chhs.ca.gov/dataset/medi-cal-managed-care-enrollment-report,2026-03,[source: state-direct file]
CA,Sonoma,Medicaid MCO - COHS,Kaiser Permanente,Kaiser Foundation Health Plan,,27031,,27031,https://data.chhs.ca.gov/dataset/medi-cal-managed-care-enrollment-report,2026-03,[source: state-direct file]
CA,Stanislaus,Medicaid MCO - 2 Plan (Comm),Kaiser Permanente,Kaiser Foundation Health Plan,,13461,,13461,https://data.chhs.ca.gov/dataset/medi-cal-managed-care-enrollment-report,2026-03,[source: state-direct file]
CA,Tulare,Medicaid MCO - 2 Plan (Comm),Kaiser Permanente,Kaiser Foundation Health Plan,,153,,153,https://data.chhs.ca.gov/dataset/medi-cal-managed-care-enrollment-report,2026-03,[source: state-direct file]
CA,Ventura,Medicaid MCO - COHS,Kaiser Permanente,Kaiser Foundation Health Plan,,11971,,11971,https://data.chhs.ca.gov/dataset/medi-cal-managed-care-enrollment-report,2026-03,[source: state-direct file]
CA,Yolo,Medicaid MCO - COHS,Kaiser Permanente,Kaiser Foundation Health Plan,,6443,,6443,https://data.chhs.ca.gov/dataset/medi-cal-managed-care-enrollment-report,2026-03,[source: state-direct file]
CA,Kern,Medicaid MCO - 2 Plan (LI),Kern Health Systems,Kern Health Systems (public),,389006,,389006,https://data.chhs.ca.gov/dataset/medi-cal-managed-care-enrollment-report,2026-03,[source: state-direct file]
CA,Los Angeles,Medicaid MCO - 2 Plan (LI),L.A. Care Health Plan,L.A. Care (public agency),,2197777,,2197777,https://data.chhs.ca.gov/dataset/medi-cal-managed-care-enrollment-report,2026-03,[source: state-direct file]
CA,Riverside,Medicaid MCO - 2 Plan (Comm),Molina Healthcare of California,Molina Healthcare,,89880,,89880,https://data.chhs.ca.gov/dataset/medi-cal-managed-care-enrollment-report,2026-03,[source: state-direct file]
CA,Sacramento,Medicaid MCO - GMC,Molina Healthcare of California,Molina Healthcare,,66699,,66699,https://data.chhs.ca.gov/dataset/medi-cal-managed-care-enrollment-report,2026-03,[source: state-direct file]
CA,San Bernardino,Medicaid MCO - 2 Plan (Comm),Molina Healthcare of California,Molina Healthcare,,81880,,81880,https://data.chhs.ca.gov/dataset/medi-cal-managed-care-enrollment-report,2026-03,[source: state-direct file]
CA,San Diego,Medicaid MCO - GMC,Molina Healthcare of California,Molina Healthcare,,257309,,257309,https://data.chhs.ca.gov/dataset/medi-cal-managed-care-enrollment-report,2026-03,[source: state-direct file]
CA,Alpine,Medicaid MCO - 2 Plan (Comm),Mountain Valley Health Plan,Mountain Valley Health Plan,,38,,38,https://data.chhs.ca.gov/dataset/medi-cal-managed-care-enrollment-report,2026-03,[source: state-direct file]
CA,El Dorado,Medicaid MCO - 2 Plan (Comm),Mountain Valley Health Plan,Mountain Valley Health Plan,,7413,,7413,https://data.chhs.ca.gov/dataset/medi-cal-managed-care-enrollment-report,2026-03,[source: state-direct file]
CA,Del Norte,Medicaid MCO - COHS,Partnership Health Plan of California,Partnership HealthPlan,,12065,,12065,https://data.chhs.ca.gov/dataset/medi-cal-managed-care-enrollment-report,2026-03,[source: state-direct file]
CA,Humboldt,Medicaid MCO - COHS,Partnership Health Plan of California,Partnership HealthPlan,,55036,,55036,https://data.chhs.ca.gov/dataset/medi-cal-managed-care-enrollment-report,2026-03,[source: state-direct file]
CA,Lake,Medicaid MCO - COHS,Partnership Health Plan of California,Partnership HealthPlan,,32665,,32665,https://data.chhs.ca.gov/dataset/medi-cal-managed-care-enrollment-report,2026-03,[source: state-direct file]
CA,Lassen,Medicaid MCO - COHS,Partnership Health Plan of California,Partnership HealthPlan,,8217,,8217,https://data.chhs.ca.gov/dataset/medi-cal-managed-care-enrollment-report,2026-03,[source: state-direct file]
CA,Marin,Medicaid MCO - COHS,Partnership Health Plan of California,Partnership HealthPlan,,43540,,43540,https://data.chhs.ca.gov/dataset/medi-cal-managed-care-enrollment-report,2026-03,[source: state-direct file]
CA,Mendocino,Medicaid MCO - COHS,Partnership Health Plan of California,Partnership HealthPlan,,39100,,39100,https://data.chhs.ca.gov/dataset/medi-cal-managed-care-enrollment-report,2026-03,[source: state-direct file]
CA,Modoc,Medicaid MCO - COHS,Partnership Health Plan of California,Partnership HealthPlan,,3691,,3691,https://data.chhs.ca.gov/dataset/medi-cal-managed-care-enrollment-report,2026-03,[source: state-direct file]
CA,Napa,Medicaid MCO - COHS,Partnership Health Plan of California,Partnership HealthPlan,,26371,,26371,https://data.chhs.ca.gov/dataset/medi-cal-managed-care-enrollment-report,2026-03,[source: state-direct file]
CA,Shasta,Medicaid MCO - COHS,Partnership Health Plan of California,Partnership HealthPlan,,64121,,64121,https://data.chhs.ca.gov/dataset/medi-cal-managed-care-enrollment-report,2026-03,[source: state-direct file]
CA,Siskiyou,Medicaid MCO - COHS,Partnership Health Plan of California,Partnership HealthPlan,,17574,,17574,https://data.chhs.ca.gov/dataset/medi-cal-managed-care-enrollment-report,2026-03,[source: state-direct file]
CA,Solano,Medicaid MCO - COHS,Partnership Health Plan of California,Partnership HealthPlan,,96688,,96688,https://data.chhs.ca.gov/dataset/medi-cal-managed-care-enrollment-report,2026-03,[source: state-direct file]
CA,Sonoma,Medicaid MCO - COHS,Partnership Health Plan of California,Partnership HealthPlan,,104605,,104605,https://data.chhs.ca.gov/dataset/medi-cal-managed-care-enrollment-report,2026-03,[source: state-direct file]
CA,Trinity,Medicaid MCO - COHS,Partnership Health Plan of California,Partnership HealthPlan,,4968,,4968,https://data.chhs.ca.gov/dataset/medi-cal-managed-care-enrollment-report,2026-03,[source: state-direct file]
CA,Yolo,Medicaid MCO - COHS,Partnership Health Plan of California,Partnership HealthPlan,,52467,,52467,https://data.chhs.ca.gov/dataset/medi-cal-managed-care-enrollment-report,2026-03,[source: state-direct file]
CA,Butte,Medicaid MCO - COHS,Partnership HealthPlan of California,Partnership HealthPlan,,83383,,83383,https://data.chhs.ca.gov/dataset/medi-cal-managed-care-enrollment-report,2026-03,[source: state-direct file]
CA,Colusa,Medicaid MCO - COHS,Partnership HealthPlan of California,Partnership HealthPlan,,9862,,9862,https://data.chhs.ca.gov/dataset/medi-cal-managed-care-enrollment-report,2026-03,[source: state-direct file]
CA,Glenn,Medicaid MCO - COHS,Partnership HealthPlan of California,Partnership HealthPlan,,13158,,13158,https://data.chhs.ca.gov/dataset/medi-cal-managed-care-enrollment-report,2026-03,[source: state-direct file]
CA,Nevada,Medicaid MCO - COHS,Partnership HealthPlan of California,Partnership HealthPlan,,28493,,28493,https://data.chhs.ca.gov/dataset/medi-cal-managed-care-enrollment-report,2026-03,[source: state-direct file]
CA,Placer,Medicaid MCO - COHS,Partnership HealthPlan of California,Partnership HealthPlan,,60255,,60255,https://data.chhs.ca.gov/dataset/medi-cal-managed-care-enrollment-report,2026-03,[source: state-direct file]
CA,Plumas,Medicaid MCO - COHS,Partnership HealthPlan of California,Partnership HealthPlan,,5250,,5250,https://data.chhs.ca.gov/dataset/medi-cal-managed-care-enrollment-report,2026-03,[source: state-direct file]
CA,Sierra,Medicaid MCO - COHS,Partnership HealthPlan of California,Partnership HealthPlan,,811,,811,https://data.chhs.ca.gov/dataset/medi-cal-managed-care-enrollment-report,2026-03,[source: state-direct file]
CA,Sutter,Medicaid MCO - COHS,Partnership HealthPlan of California,Partnership HealthPlan,,43843,,43843,https://data.chhs.ca.gov/dataset/medi-cal-managed-care-enrollment-report,2026-03,[source: state-direct file]
CA,Tehama,Medicaid MCO - COHS,Partnership HealthPlan of California,Partnership HealthPlan,,28783,,28783,https://data.chhs.ca.gov/dataset/medi-cal-managed-care-enrollment-report,2026-03,[source: state-direct file]
CA,Yuba,Medicaid MCO - COHS,Partnership HealthPlan of California,Partnership HealthPlan,,36134,,36134,https://data.chhs.ca.gov/dataset/medi-cal-managed-care-enrollment-report,2026-03,[source: state-direct file]
CA,San Francisco,Medicaid MCO - 2 Plan (LI),San Francisco Health Plan,San Francisco Health Plan (public),,166008,,166008,https://data.chhs.ca.gov/dataset/medi-cal-managed-care-enrollment-report,2026-03,[source: state-direct file]
CA,Santa Clara,Medicaid MCO - 2 Plan (LI),Santa Clara Family Health Plan,Santa Clara Family Health Plan (public),,294806,,294806,https://data.chhs.ca.gov/dataset/medi-cal-managed-care-enrollment-report,2026-03,[source: state-direct file]
CO,,Accountable Care Collaborative (PCCM Entity),Denver Health Medicaid Choice (DHMC),Denver Health Medicaid Plan,"Denver, Arapahoe, Adams, and Jefferson Counties",0,0,0,https://data.medicaid.gov/dataset/0bef7b8a-c663-5b14-9a46-0b5c2b86b0fe/data,2024,-- [source: CMS 2024 Table 5]
CO,,Program of All-Inclusive Care for the Elderly (PACE),InnovAge - Aurora (PACE),"Total Community Options, Inc.",City of Aurora,0,397,397,https://data.medicaid.gov/dataset/0bef7b8a-c663-5b14-9a46-0b5c2b86b0fe/data,2024,-- [source: CMS 2024 Table 5]
CO,,Program of All-Inclusive Care for the Elderly (PACE),InnovAge - Lakewood (PACE),"Total Community Options, Inc.",City of Lakewood,0,626,626,https://data.medicaid.gov/dataset/0bef7b8a-c663-5b14-9a46-0b5c2b86b0fe/data,2024,-- [source: CMS 2024 Table 5]
CO,,Program of All-Inclusive Care for the Elderly (PACE),InnovAge - Loveland (PACE),"Total Community Options, Inc.",Larimer County,0,420,420,https://data.medicaid.gov/dataset/0bef7b8a-c663-5b14-9a46-0b5c2b86b0fe/data,2024,-- [source: CMS 2024 Table 5]
CO,,Program of All-Inclusive Care for the Elderly (PACE),InnovAge - Pueblo (PACE),"Total Community Options, Inc.",Pueblo County,0,256,256,https://data.medicaid.gov/dataset/0bef7b8a-c663-5b14-9a46-0b5c2b86b0fe/data,2024,-- [source: CMS 2024 Table 5]
CO,,Program of All-Inclusive Care for the Elderly (PACE),InnovAge - Thornton (PACE),"Total Community Options, Inc.",Adams and Weld Counties,0,564,564,https://data.medicaid.gov/dataset/0bef7b8a-c663-5b14-9a46-0b5c2b86b0fe/data,2024,-- [source: CMS 2024 Table 5]
CO,,Accountable Care Collaborative (PCCM Entity),RAE 1: Rocky Mountain Health Plans,"UnitedHealthcare, Inc.","Archuleta, Delta, Dolores, Eagle, Garfield, Grand, Gunnison, Hinsdale, Jackson, La Plata, Larimer, Mesa, Moffat, Montezuma, Montrose, Ouray, Pitkin, Rio Blanco, Routt, San Juan, San Miguel, and Summit Counties",0,0,0,https://data.medicaid.gov/dataset/0bef7b8a-c663-5b14-9a46-0b5c2b86b0fe/data,2024,-- [source: CMS 2024 Table 5]
CO,,Accountable Care Collaborative (PCCM Entity),RAE 2: Northeast Health Partners,Carelon,"Cheyenne, Kit Carson, Lincoln, Logan, Morgan, Phillips, Sedgwick, Washington, Weld, and Yuma Counties",0,0,0,https://data.medicaid.gov/dataset/0bef7b8a-c663-5b14-9a46-0b5c2b86b0fe/data,2024,-- [source: CMS 2024 Table 5]
CO,,Accountable Care Collaborative (PCCM Entity),RAE 3: Colorado Access,Colorado Access,"Adams, Arapahoe, Douglas, and Elbert Counties",0,0,0,https://data.medicaid.gov/dataset/0bef7b8a-c663-5b14-9a46-0b5c2b86b0fe/data,2024,-- [source: CMS 2024 Table 5]
CO,,Accountable Care Collaborative (PCCM Entity),"RAE 4: Health Colorado, Inc.",Carelon,"Alamosa, Baca, Bent, Chaffee, Conejos, Costilla, Crowley, Custer, Fremont, Huerfano, Kiowa, Lake, Las Animas, Mineral, Otero, Prowers, Pueblo, Rio Grande, and Saguache Counties",0,0,0,https://data.medicaid.gov/dataset/0bef7b8a-c663-5b14-9a46-0b5c2b86b0fe/data,2024,-- [source: CMS 2024 Table 5]
CO,,Accountable Care Collaborative (PCCM Entity),RAE 5: Colorado Access,Colorado Access,Denver County,0,0,0,https://data.medicaid.gov/dataset/0bef7b8a-c663-5b14-9a46-0b5c2b86b0fe/data,2024,-- [source: CMS 2024 Table 5]
CO,,Accountable Care Collaborative (PCCM Entity),RAE 6: Colorado Community Health Alliance,"Colorado Community Health Alliance, LLC","Boulder, Clear Creek, Gilpin, Broomfield, and Jefferson Counties",0,0,0,https://data.medicaid.gov/dataset/0bef7b8a-c663-5b14-9a46-0b5c2b86b0fe/data,2024,-- [source: CMS 2024 Table 5]
CO,,Accountable Care Collaborative (PCCM Entity),RAE 7: Colorado Community Health Alliance,"Colorado Community Health Alliance, LLC","El Paso, Park, and Teller Counties",0,0,0,https://data.medicaid.gov/dataset/0bef7b8a-c663-5b14-9a46-0b5c2b86b0fe/data,2024,-- [source: CMS 2024 Table 5]
CO,,Program of All-Inclusive Care for the Elderly (PACE),Rocky Mountain Health Care Services (PACE),Rocky Mountain Health Care Services,El Paso County,63,982,0,https://data.medicaid.gov/dataset/0bef7b8a-c663-5b14-9a46-0b5c2b86b0fe/data,2024,-- [source: CMS 2024 Table 5]
CO,,Accountable Care Collaborative (PCCM Entity),Rocky Mountain Health Plans PRIME,UnitedHealthcare,"Delta, Garfield, Gunnison, Mesa, Montrose, Ouray, Pitkin, Rio Blanco, and San Miguel Counties",0,0,0,https://data.medicaid.gov/dataset/0bef7b8a-c663-5b14-9a46-0b5c2b86b0fe/data,2024,-- [source: CMS 2024 Table 5]
CO,,Program of All-Inclusive Care for the Elderly (PACE),TRU Community Care (PACE),TRU Community Care,Boulder and Weld Counites,0,309,309,https://data.medicaid.gov/dataset/0bef7b8a-c663-5b14-9a46-0b5c2b86b0fe/data,2024,-- [source: CMS 2024 Table 5]
CO,,Program of All-Inclusive Care for the Elderly (PACE),Total Longterm Care,Total Community Options,"Adams, Arapahoe, Broomfield, Denver, Jefferson, Larimer, and Weld Counties",43,431,474,https://data.medicaid.gov/dataset/0bef7b8a-c663-5b14-9a46-0b5c2b86b0fe/data,2024,-- [source: CMS 2024 Table 5]
CO,,Program of All-Inclusive Care for the Elderly (PACE),VOANS (PACE),Volunteers of America (VOANS) PACE dba Senior Community Care,Delta and Montrose Counties,0,285,285,https://data.medicaid.gov/dataset/0bef7b8a-c663-5b14-9a46-0b5c2b86b0fe/data,2024,-- [source: CMS 2024 Table 5]
CT,,Medicaid FFS/ASO,HUSKY Health Program,Connecticut DSS / Community Health Network of CT (ASO),Statewide,1086000,,1086000,https://portal.ct.gov/HUSKY,2025-05,Connecticut does NOT use comprehensive Medicaid MCOs. HUSKY operates fee-for-service with single ASO (Community Health Network of CT) for medical management. May 2025 figure cited in CT Health Foundation; verify current number at CT DSS dashboard. [source: state-direct file]
DC,,Medicaid Managed Care Program (Comprehensive MCO),AmeriHealth Caritas District of Columbia,AmeriHealth,Statewide,0,0,0,https://data.medicaid.gov/dataset/0bef7b8a-c663-5b14-9a46-0b5c2b86b0fe/data,2024,-- [source: CMS 2024 Table 5]
DC,,Medicaid Managed Care Program (Comprehensive MCO),Amerigroup District of Columbia,Amerigroup,Statewide,0,811,0,https://data.medicaid.gov/dataset/0bef7b8a-c663-5b14-9a46-0b5c2b86b0fe/data,2024,-- [source: CMS 2024 Table 5]
DC,,Program of All-Inclusive Care for the Elderly (PACE),Edenbridge PACE,Edenbridge,Statewide,0,61,61,https://data.medicaid.gov/dataset/0bef7b8a-c663-5b14-9a46-0b5c2b86b0fe/data,2024,-- [source: CMS 2024 Table 5]
DC,,Child and Adolescent Supplemental Security Income Program (Comprehensive MCO),Health Services for Children with Special Needs,Children's National,Statewide,0,53,0,https://data.medicaid.gov/dataset/0bef7b8a-c663-5b14-9a46-0b5c2b86b0fe/data,2024,-- [source: CMS 2024 Table 5]
DC,,Medicaid Managed Care Program (Comprehensive MCO),MedStar Family Choice -DC,MedStar Health,Statewide,0,0,0,https://data.medicaid.gov/dataset/0bef7b8a-c663-5b14-9a46-0b5c2b86b0fe/data,2024,-- [source: CMS 2024 Table 5]
DC,,Non-Emergency Medical Transportation (NEMT),"Medical Transportation Management, Inc.","Medical Transportation Management, Inc.",Statewide,0,0,0,https://data.medicaid.gov/dataset/0bef7b8a-c663-5b14-9a46-0b5c2b86b0fe/data,2024,-- [source: CMS 2024 Table 5]
DC,,District Dual Choice (Comprehensive MCO + MLTSS),UnitedHealthcare Community Plan of District of Columbia,UnitedHealthcare,Statewide,0,0,0,https://data.medicaid.gov/dataset/0bef7b8a-c663-5b14-9a46-0b5c2b86b0fe/data,2024,-- [source: CMS 2024 Table 5]
FL,Brevard,Medicaid MCO - MMA,Aetna Better Health of Florida,Aetna (CVS Health),Region E,8267,,8267,https://ahca.myflorida.com/content/download/28711/file/ENR_202603.xls,2026-03,SMMC 3.0 plan-by-county MMA enrollment [source: state-direct file]
FL,Broward,Medicaid MCO - MMA,Aetna Better Health of Florida,Aetna (CVS Health),Region H,56,,56,https://ahca.myflorida.com/content/download/28711/file/ENR_202603.xls,2026-03,SMMC 3.0 plan-by-county MMA enrollment [source: state-direct file]
FL,Charlotte,Medicaid MCO - MMA,Aetna Better Health of Florida,Aetna (CVS Health),Region F,4,,4,https://ahca.myflorida.com/content/download/28711/file/ENR_202603.xls,2026-03,SMMC 3.0 plan-by-county MMA enrollment [source: state-direct file]
FL,Citrus,Medicaid MCO - MMA,Aetna Better Health of Florida,Aetna (CVS Health),Region B,5,,5,https://ahca.myflorida.com/content/download/28711/file/ENR_202603.xls,2026-03,SMMC 3.0 plan-by-county MMA enrollment [source: state-direct file]
FL,Collier,Medicaid MCO - MMA,Aetna Better Health of Florida,Aetna (CVS Health),Region F,4,,4,https://ahca.myflorida.com/content/download/28711/file/ENR_202603.xls,2026-03,SMMC 3.0 plan-by-county MMA enrollment [source: state-direct file]
FL,Dade,Medicaid MCO - MMA,Aetna Better Health of Florida,Aetna (CVS Health),Region I,45545,,45545,https://ahca.myflorida.com/content/download/28711/file/ENR_202603.xls,2026-03,SMMC 3.0 plan-by-county MMA enrollment [source: state-direct file]
FL,Desoto,Medicaid MCO - MMA,Aetna Better Health of Florida,Aetna (CVS Health),Region F,4,,4,https://ahca.myflorida.com/content/download/28711/file/ENR_202603.xls,2026-03,SMMC 3.0 plan-by-county MMA enrollment [source: state-direct file]
FL,Duval,Medicaid MCO - MMA,Aetna Better Health of Florida,Aetna (CVS Health),Region B,17,,17,https://ahca.myflorida.com/content/download/28711/file/ENR_202603.xls,2026-03,SMMC 3.0 plan-by-county MMA enrollment [source: state-direct file]
FL,Flagler,Medicaid MCO - MMA,Aetna Better Health of Florida,Aetna (CVS Health),Region B,1,,1,https://ahca.myflorida.com/content/download/28711/file/ENR_202603.xls,2026-03,SMMC 3.0 plan-by-county MMA enrollment [source: state-direct file]
FL,Hardee,Medicaid MCO - MMA,Aetna Better Health of Florida,Aetna (CVS Health),Region D,674,,674,https://ahca.myflorida.com/content/download/28711/file/ENR_202603.xls,2026-03,SMMC 3.0 plan-by-county MMA enrollment [source: state-direct file]
FL,Hendry,Medicaid MCO - MMA,Aetna Better Health of Florida,Aetna (CVS Health),Region F,3,,3,https://ahca.myflorida.com/content/download/28711/file/ENR_202603.xls,2026-03,SMMC 3.0 plan-by-county MMA enrollment [source: state-direct file]
FL,Hernando,Medicaid MCO - MMA,Aetna Better Health of Florida,Aetna (CVS Health),Region B,7,,7,https://ahca.myflorida.com/content/download/28711/file/ENR_202603.xls,2026-03,SMMC 3.0 plan-by-county MMA enrollment [source: state-direct file]
FL,Highlands,Medicaid MCO - MMA,Aetna Better Health of Florida,Aetna (CVS Health),Region D,1760,,1760,https://ahca.myflorida.com/content/download/28711/file/ENR_202603.xls,2026-03,SMMC 3.0 plan-by-county MMA enrollment [source: state-direct file]
FL,Hillsborough,Medicaid MCO - MMA,Aetna Better Health of Florida,Aetna (CVS Health),Region D,17259,,17259,https://ahca.myflorida.com/content/download/28711/file/ENR_202603.xls,2026-03,SMMC 3.0 plan-by-county MMA enrollment [source: state-direct file]
FL,Holmes,Medicaid MCO - MMA,Aetna Better Health of Florida,Aetna (CVS Health),Region A,2,,2,https://ahca.myflorida.com/content/download/28711/file/ENR_202603.xls,2026-03,SMMC 3.0 plan-by-county MMA enrollment [source: state-direct file]
FL,Lake,Medicaid MCO - MMA,Aetna Better Health of Florida,Aetna (CVS Health),Region B,45,,45,https://ahca.myflorida.com/content/download/28711/file/ENR_202603.xls,2026-03,SMMC 3.0 plan-by-county MMA enrollment [source: state-direct file]
FL,Lee,Medicaid MCO - MMA,Aetna Better Health of Florida,Aetna (CVS Health),Region F,22,,22,https://ahca.myflorida.com/content/download/28711/file/ENR_202603.xls,2026-03,SMMC 3.0 plan-by-county MMA enrollment [source: state-direct file]
FL,Leon,Medicaid MCO - MMA,Aetna Better Health of Florida,Aetna (CVS Health),Region A,2,,2,https://ahca.myflorida.com/content/download/28711/file/ENR_202603.xls,2026-03,SMMC 3.0 plan-by-county MMA enrollment [source: state-direct file]
FL,Madison,Medicaid MCO - MMA,Aetna Better Health of Florida,Aetna (CVS Health),Region A,5,,5,https://ahca.myflorida.com/content/download/28711/file/ENR_202603.xls,2026-03,SMMC 3.0 plan-by-county MMA enrollment [source: state-direct file]
FL,Manatee,Medicaid MCO - MMA,Aetna Better Health of Florida,Aetna (CVS Health),Region D,3424,,3424,https://ahca.myflorida.com/content/download/28711/file/ENR_202603.xls,2026-03,SMMC 3.0 plan-by-county MMA enrollment [source: state-direct file]
FL,Marion,Medicaid MCO - MMA,Aetna Better Health of Florida,Aetna (CVS Health),Region B,17,,17,https://ahca.myflorida.com/content/download/28711/file/ENR_202603.xls,2026-03,SMMC 3.0 plan-by-county MMA enrollment [source: state-direct file]
FL,Monroe,Medicaid MCO - MMA,Aetna Better Health of Florida,Aetna (CVS Health),Region I,429,,429,https://ahca.myflorida.com/content/download/28711/file/ENR_202603.xls,2026-03,SMMC 3.0 plan-by-county MMA enrollment [source: state-direct file]
FL,Okeechobee,Medicaid MCO - MMA,Aetna Better Health of Florida,Aetna (CVS Health),Region G,6,,6,https://ahca.myflorida.com/content/download/28711/file/ENR_202603.xls,2026-03,SMMC 3.0 plan-by-county MMA enrollment [source: state-direct file]
FL,Orange,Medicaid MCO - MMA,Aetna Better Health of Florida,Aetna (CVS Health),Region E,24491,,24491,https://ahca.myflorida.com/content/download/28711/file/ENR_202603.xls,2026-03,SMMC 3.0 plan-by-county MMA enrollment [source: state-direct file]
FL,Osceola,Medicaid MCO - MMA,Aetna Better Health of Florida,Aetna (CVS Health),Region E,9759,,9759,https://ahca.myflorida.com/content/download/28711/file/ENR_202603.xls,2026-03,SMMC 3.0 plan-by-county MMA enrollment [source: state-direct file]
FL,Palm Beach,Medicaid MCO - MMA,Aetna Better Health of Florida,Aetna (CVS Health),Region G,9,,9,https://ahca.myflorida.com/content/download/28711/file/ENR_202603.xls,2026-03,SMMC 3.0 plan-by-county MMA enrollment [source: state-direct file]
FL,Pasco,Medicaid MCO - MMA,Aetna Better Health of Florida,Aetna (CVS Health),Region C,40,,40,https://ahca.myflorida.com/content/download/28711/file/ENR_202603.xls,2026-03,SMMC 3.0 plan-by-county MMA enrollment [source: state-direct file]
FL,Pinellas,Medicaid MCO - MMA,Aetna Better Health of Florida,Aetna (CVS Health),Region C,8,,8,https://ahca.myflorida.com/content/download/28711/file/ENR_202603.xls,2026-03,SMMC 3.0 plan-by-county MMA enrollment [source: state-direct file]
FL,Polk,Medicaid MCO - MMA,Aetna Better Health of Florida,Aetna (CVS Health),Region D,12012,,12012,https://ahca.myflorida.com/content/download/28711/file/ENR_202603.xls,2026-03,SMMC 3.0 plan-by-county MMA enrollment [source: state-direct file]
FL,Sarasota,Medicaid MCO - MMA,Aetna Better Health of Florida,Aetna (CVS Health),Region F,12,,12,https://ahca.myflorida.com/content/download/28711/file/ENR_202603.xls,2026-03,SMMC 3.0 plan-by-county MMA enrollment [source: state-direct file]
FL,Seminole,Medicaid MCO - MMA,Aetna Better Health of Florida,Aetna (CVS Health),Region E,5543,,5543,https://ahca.myflorida.com/content/download/28711/file/ENR_202603.xls,2026-03,SMMC 3.0 plan-by-county MMA enrollment [source: state-direct file]
FL,St. Lucie,Medicaid MCO - MMA,Aetna Better Health of Florida,Aetna (CVS Health),Region G,2,,2,https://ahca.myflorida.com/content/download/28711/file/ENR_202603.xls,2026-03,SMMC 3.0 plan-by-county MMA enrollment [source: state-direct file]
FL,Sumter,Medicaid MCO - MMA,Aetna Better Health of Florida,Aetna (CVS Health),Region B,1,,1,https://ahca.myflorida.com/content/download/28711/file/ENR_202603.xls,2026-03,SMMC 3.0 plan-by-county MMA enrollment [source: state-direct file]
FL,Volusia,Medicaid MCO - MMA,Aetna Better Health of Florida,Aetna (CVS Health),Region B,36,,36,https://ahca.myflorida.com/content/download/28711/file/ENR_202603.xls,2026-03,SMMC 3.0 plan-by-county MMA enrollment [source: state-direct file]
FL,Alachua,Medicaid MCO - MMA,Community Care Plan,Broward Health / Memorial Healthcare JV,Region B,3,,3,https://ahca.myflorida.com/content/download/28711/file/ENR_202603.xls,2026-03,SMMC 3.0 plan-by-county MMA enrollment [source: state-direct file]
FL,Brevard,Medicaid MCO - MMA,Community Care Plan,Broward Health / Memorial Healthcare JV,Region E,1034,,1034,https://ahca.myflorida.com/content/download/28711/file/ENR_202603.xls,2026-03,SMMC 3.0 plan-by-county MMA enrollment [source: state-direct file]
FL,Broward,Medicaid MCO - MMA,Community Care Plan,Broward Health / Memorial Healthcare JV,Region H,34624,,34624,https://ahca.myflorida.com/content/download/28711/file/ENR_202603.xls,2026-03,SMMC 3.0 plan-by-county MMA enrollment [source: state-direct file]
FL,Charlotte,Medicaid MCO - MMA,Community Care Plan,Broward Health / Memorial Healthcare JV,Region F,736,,736,https://ahca.myflorida.com/content/download/28711/file/ENR_202603.xls,2026-03,SMMC 3.0 plan-by-county MMA enrollment [source: state-direct file]
FL,Clay,Medicaid MCO - MMA,Community Care Plan,Broward Health / Memorial Healthcare JV,Region B,2,,2,https://ahca.myflorida.com/content/download/28711/file/ENR_202603.xls,2026-03,SMMC 3.0 plan-by-county MMA enrollment [source: state-direct file]
FL,Collier,Medicaid MCO - MMA,Community Care Plan,Broward Health / Memorial Healthcare JV,Region F,2353,,2353,https://ahca.myflorida.com/content/download/28711/file/ENR_202603.xls,2026-03,SMMC 3.0 plan-by-county MMA enrollment [source: state-direct file]
FL,Columbia,Medicaid MCO - MMA,Community Care Plan,Broward Health / Memorial Healthcare JV,Region B,1,,1,https://ahca.myflorida.com/content/download/28711/file/ENR_202603.xls,2026-03,SMMC 3.0 plan-by-county MMA enrollment [source: state-direct file]
FL,Dade,Medicaid MCO - MMA,Community Care Plan,Broward Health / Memorial Healthcare JV,Region I,4228,,4228,https://ahca.myflorida.com/content/download/28711/file/ENR_202603.xls,2026-03,SMMC 3.0 plan-by-county MMA enrollment [source: state-direct file]
FL,Desoto,Medicaid MCO - MMA,Community Care Plan,Broward Health / Memorial Healthcare JV,Region F,227,,227,https://ahca.myflorida.com/content/download/28711/file/ENR_202603.xls,2026-03,SMMC 3.0 plan-by-county MMA enrollment [source: state-direct file]
FL,Duval,Medicaid MCO - MMA,Community Care Plan,Broward Health / Memorial Healthcare JV,Region B,2,,2,https://ahca.myflorida.com/content/download/28711/file/ENR_202603.xls,2026-03,SMMC 3.0 plan-by-county MMA enrollment [source: state-direct file]
FL,Escambia,Medicaid MCO - MMA,Community Care Plan,Broward Health / Memorial Healthcare JV,Region A,1,,1,https://ahca.myflorida.com/content/download/28711/file/ENR_202603.xls,2026-03,SMMC 3.0 plan-by-county MMA enrollment [source: state-direct file]
FL,Flagler,Medicaid MCO - MMA,Community Care Plan,Broward Health / Memorial Healthcare JV,Region B,1,,1,https://ahca.myflorida.com/content/download/28711/file/ENR_202603.xls,2026-03,SMMC 3.0 plan-by-county MMA enrollment [source: state-direct file]
FL,Glades,Medicaid MCO - MMA,Community Care Plan,Broward Health / Memorial Healthcare JV,Region F,32,,32,https://ahca.myflorida.com/content/download/28711/file/ENR_202603.xls,2026-03,SMMC 3.0 plan-by-county MMA enrollment [source: state-direct file]
FL,Hamilton,Medicaid MCO - MMA,Community Care Plan,Broward Health / Memorial Healthcare JV,Region B,2,,2,https://ahca.myflorida.com/content/download/28711/file/ENR_202603.xls,2026-03,SMMC 3.0 plan-by-county MMA enrollment [source: state-direct file]
FL,Hendry,Medicaid MCO - MMA,Community Care Plan,Broward Health / Memorial Healthcare JV,Region F,456,,456,https://ahca.myflorida.com/content/download/28711/file/ENR_202603.xls,2026-03,SMMC 3.0 plan-by-county MMA enrollment [source: state-direct file]
FL,Hernando,Medicaid MCO - MMA,Community Care Plan,Broward Health / Memorial Healthcare JV,Region B,3,,3,https://ahca.myflorida.com/content/download/28711/file/ENR_202603.xls,2026-03,SMMC 3.0 plan-by-county MMA enrollment [source: state-direct file]
FL,Highlands,Medicaid MCO - MMA,Community Care Plan,Broward Health / Memorial Healthcare JV,Region D,5,,5,https://ahca.myflorida.com/content/download/28711/file/ENR_202603.xls,2026-03,SMMC 3.0 plan-by-county MMA enrollment [source: state-direct file]
FL,Hillsborough,Medicaid MCO - MMA,Community Care Plan,Broward Health / Memorial Healthcare JV,Region D,6,,6,https://ahca.myflorida.com/content/download/28711/file/ENR_202603.xls,2026-03,SMMC 3.0 plan-by-county MMA enrollment [source: state-direct file]
FL,Indian River,Medicaid MCO - MMA,Community Care Plan,Broward Health / Memorial Healthcare JV,Region G,1011,,1011,https://ahca.myflorida.com/content/download/28711/file/ENR_202603.xls,2026-03,SMMC 3.0 plan-by-county MMA enrollment [source: state-direct file]
FL,Lake,Medicaid MCO - MMA,Community Care Plan,Broward Health / Memorial Healthcare JV,Region B,7,,7,https://ahca.myflorida.com/content/download/28711/file/ENR_202603.xls,2026-03,SMMC 3.0 plan-by-county MMA enrollment [source: state-direct file]
FL,Lee,Medicaid MCO - MMA,Community Care Plan,Broward Health / Memorial Healthcare JV,Region F,4881,,4881,https://ahca.myflorida.com/content/download/28711/file/ENR_202603.xls,2026-03,SMMC 3.0 plan-by-county MMA enrollment [source: state-direct file]
FL,Leon,Medicaid MCO - MMA,Community Care Plan,Broward Health / Memorial Healthcare JV,Region A,3,,3,https://ahca.myflorida.com/content/download/28711/file/ENR_202603.xls,2026-03,SMMC 3.0 plan-by-county MMA enrollment [source: state-direct file]
FL,Manatee,Medicaid MCO - MMA,Community Care Plan,Broward Health / Memorial Healthcare JV,Region D,5,,5,https://ahca.myflorida.com/content/download/28711/file/ENR_202603.xls,2026-03,SMMC 3.0 plan-by-county MMA enrollment [source: state-direct file]
FL,Marion,Medicaid MCO - MMA,Community Care Plan,Broward Health / Memorial Healthcare JV,Region B,5,,5,https://ahca.myflorida.com/content/download/28711/file/ENR_202603.xls,2026-03,SMMC 3.0 plan-by-county MMA enrollment [source: state-direct file]
FL,Martin,Medicaid MCO - MMA,Community Care Plan,Broward Health / Memorial Healthcare JV,Region G,533,,533,https://ahca.myflorida.com/content/download/28711/file/ENR_202603.xls,2026-03,SMMC 3.0 plan-by-county MMA enrollment [source: state-direct file]
FL,Monroe,Medicaid MCO - MMA,Community Care Plan,Broward Health / Memorial Healthcare JV,Region I,82,,82,https://ahca.myflorida.com/content/download/28711/file/ENR_202603.xls,2026-03,SMMC 3.0 plan-by-county MMA enrollment [source: state-direct file]
FL,Nassau,Medicaid MCO - MMA,Community Care Plan,Broward Health / Memorial Healthcare JV,Region B,1,,1,https://ahca.myflorida.com/content/download/28711/file/ENR_202603.xls,2026-03,SMMC 3.0 plan-by-county MMA enrollment [source: state-direct file]
FL,Okeechobee,Medicaid MCO - MMA,Community Care Plan,Broward Health / Memorial Healthcare JV,Region G,407,,407,https://ahca.myflorida.com/content/download/28711/file/ENR_202603.xls,2026-03,SMMC 3.0 plan-by-county MMA enrollment [source: state-direct file]
FL,Orange,Medicaid MCO - MMA,Community Care Plan,Broward Health / Memorial Healthcare JV,Region E,2680,,2680,https://ahca.myflorida.com/content/download/28711/file/ENR_202603.xls,2026-03,SMMC 3.0 plan-by-county MMA enrollment [source: state-direct file]
FL,Osceola,Medicaid MCO - MMA,Community Care Plan,Broward Health / Memorial Healthcare JV,Region E,1204,,1204,https://ahca.myflorida.com/content/download/28711/file/ENR_202603.xls,2026-03,SMMC 3.0 plan-by-county MMA enrollment [source: state-direct file]
FL,Palm Beach,Medicaid MCO - MMA,Community Care Plan,Broward Health / Memorial Healthcare JV,Region G,7553,,7553,https://ahca.myflorida.com/content/download/28711/file/ENR_202603.xls,2026-03,SMMC 3.0 plan-by-county MMA enrollment [source: state-direct file]
FL,Pinellas,Medicaid MCO - MMA,Community Care Plan,Broward Health / Memorial Healthcare JV,Region C,3,,3,https://ahca.myflorida.com/content/download/28711/file/ENR_202603.xls,2026-03,SMMC 3.0 plan-by-county MMA enrollment [source: state-direct file]
FL,Polk,Medicaid MCO - MMA,Community Care Plan,Broward Health / Memorial Healthcare JV,Region D,13,,13,https://ahca.myflorida.com/content/download/28711/file/ENR_202603.xls,2026-03,SMMC 3.0 plan-by-county MMA enrollment [source: state-direct file]
FL,Sarasota,Medicaid MCO - MMA,Community Care Plan,Broward Health / Memorial Healthcare JV,Region F,1381,,1381,https://ahca.myflorida.com/content/download/28711/file/ENR_202603.xls,2026-03,SMMC 3.0 plan-by-county MMA enrollment [source: state-direct file]
FL,Seminole,Medicaid MCO - MMA,Community Care Plan,Broward Health / Memorial Healthcare JV,Region E,705,,705,https://ahca.myflorida.com/content/download/28711/file/ENR_202603.xls,2026-03,SMMC 3.0 plan-by-county MMA enrollment [source: state-direct file]
FL,St. Lucie,Medicaid MCO - MMA,Community Care Plan,Broward Health / Memorial Healthcare JV,Region G,2595,,2595,https://ahca.myflorida.com/content/download/28711/file/ENR_202603.xls,2026-03,SMMC 3.0 plan-by-county MMA enrollment [source: state-direct file]
FL,Taylor,Medicaid MCO - MMA,Community Care Plan,Broward Health / Memorial Healthcare JV,Region A,1,,1,https://ahca.myflorida.com/content/download/28711/file/ENR_202603.xls,2026-03,SMMC 3.0 plan-by-county MMA enrollment [source: state-direct file]
FL,Volusia,Medicaid MCO - MMA,Community Care Plan,Broward Health / Memorial Healthcare JV,Region B,10,,10,https://ahca.myflorida.com/content/download/28711/file/ENR_202603.xls,2026-03,SMMC 3.0 plan-by-county MMA enrollment [source: state-direct file]
FL,Walton,Medicaid MCO - MMA,Community Care Plan,Broward Health / Memorial Healthcare JV,Region A,1,,1,https://ahca.myflorida.com/content/download/28711/file/ENR_202603.xls,2026-03,SMMC 3.0 plan-by-county MMA enrollment [source: state-direct file]
FL,Alachua,Medicaid MCO - MMA,Florida Community Care,Independent Living Systems,Region B,497,,497,https://ahca.myflorida.com/content/download/28711/file/ENR_202603.xls,2026-03,SMMC 3.0 plan-by-county MMA enrollment [source: state-direct file]
FL,Baker,Medicaid MCO - MMA,Florida Community Care,Independent Living Systems,Region B,61,,61,https://ahca.myflorida.com/content/download/28711/file/ENR_202603.xls,2026-03,SMMC 3.0 plan-by-county MMA enrollment [source: state-direct file]
FL,Bay,Medicaid MCO - MMA,Florida Community Care,Independent Living Systems,Region A,597,,597,https://ahca.myflorida.com/content/download/28711/file/ENR_202603.xls,2026-03,SMMC 3.0 plan-by-county MMA enrollment [source: state-direct file]
FL,Bradford,Medicaid MCO - MMA,Florida Community Care,Independent Living Systems,Region B,93,,93,https://ahca.myflorida.com/content/download/28711/file/ENR_202603.xls,2026-03,SMMC 3.0 plan-by-county MMA enrollment [source: state-direct file]
FL,Brevard,Medicaid MCO - MMA,Florida Community Care,Independent Living Systems,Region E,459,,459,https://ahca.myflorida.com/content/download/28711/file/ENR_202603.xls,2026-03,SMMC 3.0 plan-by-county MMA enrollment [source: state-direct file]
FL,Broward,Medicaid MCO - MMA,Florida Community Care,Independent Living Systems,Region H,1520,,1520,https://ahca.myflorida.com/content/download/28711/file/ENR_202603.xls,2026-03,SMMC 3.0 plan-by-county MMA enrollment [source: state-direct file]
FL,Calhoun,Medicaid MCO - MMA,Florida Community Care,Independent Living Systems,Region A,80,,80,https://ahca.myflorida.com/content/download/28711/file/ENR_202603.xls,2026-03,SMMC 3.0 plan-by-county MMA enrollment [source: state-direct file]
FL,Charlotte,Medicaid MCO - MMA,Florida Community Care,Independent Living Systems,Region F,310,,310,https://ahca.myflorida.com/content/download/28711/file/ENR_202603.xls,2026-03,SMMC 3.0 plan-by-county MMA enrollment [source: state-direct file]
FL,Citrus,Medicaid MCO - MMA,Florida Community Care,Independent Living Systems,Region B,439,,439,https://ahca.myflorida.com/content/download/28711/file/ENR_202603.xls,2026-03,SMMC 3.0 plan-by-county MMA enrollment [source: state-direct file]
FL,Clay,Medicaid MCO - MMA,Florida Community Care,Independent Living Systems,Region B,541,,541,https://ahca.myflorida.com/content/download/28711/file/ENR_202603.xls,2026-03,SMMC 3.0 plan-by-county MMA enrollment [source: state-direct file]
FL,Collier,Medicaid MCO - MMA,Florida Community Care,Independent Living Systems,Region F,173,,173,https://ahca.myflorida.com/content/download/28711/file/ENR_202603.xls,2026-03,SMMC 3.0 plan-by-county MMA enrollment [source: state-direct file]
FL,Columbia,Medicaid MCO - MMA,Florida Community Care,Independent Living Systems,Region B,166,,166,https://ahca.myflorida.com/content/download/28711/file/ENR_202603.xls,2026-03,SMMC 3.0 plan-by-county MMA enrollment [source: state-direct file]
FL,Dade,Medicaid MCO - MMA,Florida Community Care,Independent Living Systems,Region I,4377,,4377,https://ahca.myflorida.com/content/download/28711/file/ENR_202603.xls,2026-03,SMMC 3.0 plan-by-county MMA enrollment [source: state-direct file]
FL,Desoto,Medicaid MCO - MMA,Florida Community Care,Independent Living Systems,Region F,10,,10,https://ahca.myflorida.com/content/download/28711/file/ENR_202603.xls,2026-03,SMMC 3.0 plan-by-county MMA enrollment [source: state-direct file]
FL,Dixie,Medicaid MCO - MMA,Florida Community Care,Independent Living Systems,Region B,28,,28,https://ahca.myflorida.com/content/download/28711/file/ENR_202603.xls,2026-03,SMMC 3.0 plan-by-county MMA enrollment [source: state-direct file]
FL,Duval,Medicaid MCO - MMA,Florida Community Care,Independent Living Systems,Region B,3030,,3030,https://ahca.myflorida.com/content/download/28711/file/ENR_202603.xls,2026-03,SMMC 3.0 plan-by-county MMA enrollment [source: state-direct file]
FL,Escambia,Medicaid MCO - MMA,Florida Community Care,Independent Living Systems,Region A,1126,,1126,https://ahca.myflorida.com/content/download/28711/file/ENR_202603.xls,2026-03,SMMC 3.0 plan-by-county MMA enrollment [source: state-direct file]
FL,Flagler,Medicaid MCO - MMA,Florida Community Care,Independent Living Systems,Region B,295,,295,https://ahca.myflorida.com/content/download/28711/file/ENR_202603.xls,2026-03,SMMC 3.0 plan-by-county MMA enrollment [source: state-direct file]
FL,Franklin,Medicaid MCO - MMA,Florida Community Care,Independent Living Systems,Region A,31,,31,https://ahca.myflorida.com/content/download/28711/file/ENR_202603.xls,2026-03,SMMC 3.0 plan-by-county MMA enrollment [source: state-direct file]
FL,Gadsden,Medicaid MCO - MMA,Florida Community Care,Independent Living Systems,Region A,111,,111,https://ahca.myflorida.com/content/download/28711/file/ENR_202603.xls,2026-03,SMMC 3.0 plan-by-county MMA enrollment [source: state-direct file]
FL,Gilchrist,Medicaid MCO - MMA,Florida Community Care,Independent Living Systems,Region B,70,,70,https://ahca.myflorida.com/content/download/28711/file/ENR_202603.xls,2026-03,SMMC 3.0 plan-by-county MMA enrollment [source: state-direct file]
FL,Glades,Medicaid MCO - MMA,Florida Community Care,Independent Living Systems,Region F,3,,3,https://ahca.myflorida.com/content/download/28711/file/ENR_202603.xls,2026-03,SMMC 3.0 plan-by-county MMA enrollment [source: state-direct file]
FL,Gulf,Medicaid MCO - MMA,Florida Community Care,Independent Living Systems,Region A,74,,74,https://ahca.myflorida.com/content/download/28711/file/ENR_202603.xls,2026-03,SMMC 3.0 plan-by-county MMA enrollment [source: state-direct file]
FL,Hamilton,Medicaid MCO - MMA,Florida Community Care,Independent Living Systems,Region B,25,,25,https://ahca.myflorida.com/content/download/28711/file/ENR_202603.xls,2026-03,SMMC 3.0 plan-by-county MMA enrollment [source: state-direct file]
FL,Hardee,Medicaid MCO - MMA,Florida Community Care,Independent Living Systems,Region D,30,,30,https://ahca.myflorida.com/content/download/28711/file/ENR_202603.xls,2026-03,SMMC 3.0 plan-by-county MMA enrollment [source: state-direct file]
FL,Hendry,Medicaid MCO - MMA,Florida Community Care,Independent Living Systems,Region F,42,,42,https://ahca.myflorida.com/content/download/28711/file/ENR_202603.xls,2026-03,SMMC 3.0 plan-by-county MMA enrollment [source: state-direct file]
FL,Hernando,Medicaid MCO - MMA,Florida Community Care,Independent Living Systems,Region B,426,,426,https://ahca.myflorida.com/content/download/28711/file/ENR_202603.xls,2026-03,SMMC 3.0 plan-by-county MMA enrollment [source: state-direct file]
FL,Highlands,Medicaid MCO - MMA,Florida Community Care,Independent Living Systems,Region D,218,,218,https://ahca.myflorida.com/content/download/28711/file/ENR_202603.xls,2026-03,SMMC 3.0 plan-by-county MMA enrollment [source: state-direct file]
FL,Hillsborough,Medicaid MCO - MMA,Florida Community Care,Independent Living Systems,Region D,2961,,2961,https://ahca.myflorida.com/content/download/28711/file/ENR_202603.xls,2026-03,SMMC 3.0 plan-by-county MMA enrollment [source: state-direct file]
FL,Holmes,Medicaid MCO - MMA,Florida Community Care,Independent Living Systems,Region A,77,,77,https://ahca.myflorida.com/content/download/28711/file/ENR_202603.xls,2026-03,SMMC 3.0 plan-by-county MMA enrollment [source: state-direct file]
FL,Indian River,Medicaid MCO - MMA,Florida Community Care,Independent Living Systems,Region G,185,,185,https://ahca.myflorida.com/content/download/28711/file/ENR_202603.xls,2026-03,SMMC 3.0 plan-by-county MMA enrollment [source: state-direct file]
FL,Jackson,Medicaid MCO - MMA,Florida Community Care,Independent Living Systems,Region A,254,,254,https://ahca.myflorida.com/content/download/28711/file/ENR_202603.xls,2026-03,SMMC 3.0 plan-by-county MMA enrollment [source: state-direct file]
FL,Jefferson,Medicaid MCO - MMA,Florida Community Care,Independent Living Systems,Region A,57,,57,https://ahca.myflorida.com/content/download/28711/file/ENR_202603.xls,2026-03,SMMC 3.0 plan-by-county MMA enrollment [source: state-direct file]
FL,Lafayette,Medicaid MCO - MMA,Florida Community Care,Independent Living Systems,Region B,15,,15,https://ahca.myflorida.com/content/download/28711/file/ENR_202603.xls,2026-03,SMMC 3.0 plan-by-county MMA enrollment [source: state-direct file]
FL,Lake,Medicaid MCO - MMA,Florida Community Care,Independent Living Systems,Region B,1255,,1255,https://ahca.myflorida.com/content/download/28711/file/ENR_202603.xls,2026-03,SMMC 3.0 plan-by-county MMA enrollment [source: state-direct file]
FL,Lee,Medicaid MCO - MMA,Florida Community Care,Independent Living Systems,Region F,542,,542,https://ahca.myflorida.com/content/download/28711/file/ENR_202603.xls,2026-03,SMMC 3.0 plan-by-county MMA enrollment [source: state-direct file]
FL,Leon,Medicaid MCO - MMA,Florida Community Care,Independent Living Systems,Region A,602,,602,https://ahca.myflorida.com/content/download/28711/file/ENR_202603.xls,2026-03,SMMC 3.0 plan-by-county MMA enrollment [source: state-direct file]
FL,Levy,Medicaid MCO - MMA,Florida Community Care,Independent Living Systems,Region B,80,,80,https://ahca.myflorida.com/content/download/28711/file/ENR_202603.xls,2026-03,SMMC 3.0 plan-by-county MMA enrollment [source: state-direct file]
FL,Liberty,Medicaid MCO - MMA,Florida Community Care,Independent Living Systems,Region A,16,,16,https://ahca.myflorida.com/content/download/28711/file/ENR_202603.xls,2026-03,SMMC 3.0 plan-by-county MMA enrollment [source: state-direct file]
FL,Madison,Medicaid MCO - MMA,Florida Community Care,Independent Living Systems,Region A,62,,62,https://ahca.myflorida.com/content/download/28711/file/ENR_202603.xls,2026-03,SMMC 3.0 plan-by-county MMA enrollment [source: state-direct file]
FL,Manatee,Medicaid MCO - MMA,Florida Community Care,Independent Living Systems,Region D,699,,699,https://ahca.myflorida.com/content/download/28711/file/ENR_202603.xls,2026-03,SMMC 3.0 plan-by-county MMA enrollment [source: state-direct file]
FL,Marion,Medicaid MCO - MMA,Florida Community Care,Independent Living Systems,Region B,1018,,1018,https://ahca.myflorida.com/content/download/28711/file/ENR_202603.xls,2026-03,SMMC 3.0 plan-by-county MMA enrollment [source: state-direct file]
FL,Martin,Medicaid MCO - MMA,Florida Community Care,Independent Living Systems,Region G,175,,175,https://ahca.myflorida.com/content/download/28711/file/ENR_202603.xls,2026-03,SMMC 3.0 plan-by-county MMA enrollment [source: state-direct file]
FL,Monroe,Medicaid MCO - MMA,Florida Community Care,Independent Living Systems,Region I,37,,37,https://ahca.myflorida.com/content/download/28711/file/ENR_202603.xls,2026-03,SMMC 3.0 plan-by-county MMA enrollment [source: state-direct file]
FL,Nassau,Medicaid MCO - MMA,Florida Community Care,Independent Living Systems,Region B,173,,173,https://ahca.myflorida.com/content/download/28711/file/ENR_202603.xls,2026-03,SMMC 3.0 plan-by-county MMA enrollment [source: state-direct file]
FL,Okaloosa,Medicaid MCO - MMA,Florida Community Care,Independent Living Systems,Region A,550,,550,https://ahca.myflorida.com/content/download/28711/file/ENR_202603.xls,2026-03,SMMC 3.0 plan-by-county MMA enrollment [source: state-direct file]
FL,Okeechobee,Medicaid MCO - MMA,Florida Community Care,Independent Living Systems,Region G,50,,50,https://ahca.myflorida.com/content/download/28711/file/ENR_202603.xls,2026-03,SMMC 3.0 plan-by-county MMA enrollment [source: state-direct file]
FL,Orange,Medicaid MCO - MMA,Florida Community Care,Independent Living Systems,Region E,700,,700,https://ahca.myflorida.com/content/download/28711/file/ENR_202603.xls,2026-03,SMMC 3.0 plan-by-county MMA enrollment [source: state-direct file]
FL,Osceola,Medicaid MCO - MMA,Florida Community Care,Independent Living Systems,Region E,229,,229,https://ahca.myflorida.com/content/download/28711/file/ENR_202603.xls,2026-03,SMMC 3.0 plan-by-county MMA enrollment [source: state-direct file]
FL,Palm Beach,Medicaid MCO - MMA,Florida Community Care,Independent Living Systems,Region G,2110,,2110,https://ahca.myflorida.com/content/download/28711/file/ENR_202603.xls,2026-03,SMMC 3.0 plan-by-county MMA enrollment [source: state-direct file]
FL,Pasco,Medicaid MCO - MMA,Florida Community Care,Independent Living Systems,Region C,2020,,2020,https://ahca.myflorida.com/content/download/28711/file/ENR_202603.xls,2026-03,SMMC 3.0 plan-by-county MMA enrollment [source: state-direct file]
FL,Pinellas,Medicaid MCO - MMA,Florida Community Care,Independent Living Systems,Region C,3118,,3118,https://ahca.myflorida.com/content/download/28711/file/ENR_202603.xls,2026-03,SMMC 3.0 plan-by-county MMA enrollment [source: state-direct file]
FL,Polk,Medicaid MCO - MMA,Florida Community Care,Independent Living Systems,Region D,1613,,1613,https://ahca.myflorida.com/content/download/28711/file/ENR_202603.xls,2026-03,SMMC 3.0 plan-by-county MMA enrollment [source: state-direct file]
FL,Putnam,Medicaid MCO - MMA,Florida Community Care,Independent Living Systems,Region B,164,,164,https://ahca.myflorida.com/content/download/28711/file/ENR_202603.xls,2026-03,SMMC 3.0 plan-by-county MMA enrollment [source: state-direct file]
FL,Santa Rosa,Medicaid MCO - MMA,Florida Community Care,Independent Living Systems,Region A,497,,497,https://ahca.myflorida.com/content/download/28711/file/ENR_202603.xls,2026-03,SMMC 3.0 plan-by-county MMA enrollment [source: state-direct file]
FL,Sarasota,Medicaid MCO - MMA,Florida Community Care,Independent Living Systems,Region F,757,,757,https://ahca.myflorida.com/content/download/28711/file/ENR_202603.xls,2026-03,SMMC 3.0 plan-by-county MMA enrollment [source: state-direct file]
FL,Seminole,Medicaid MCO - MMA,Florida Community Care,Independent Living Systems,Region E,256,,256,https://ahca.myflorida.com/content/download/28711/file/ENR_202603.xls,2026-03,SMMC 3.0 plan-by-county MMA enrollment [source: state-direct file]
FL,St. Johns,Medicaid MCO - MMA,Florida Community Care,Independent Living Systems,Region B,366,,366,https://ahca.myflorida.com/content/download/28711/file/ENR_202603.xls,2026-03,SMMC 3.0 plan-by-county MMA enrollment [source: state-direct file]
FL,St. Lucie,Medicaid MCO - MMA,Florida Community Care,Independent Living Systems,Region G,392,,392,https://ahca.myflorida.com/content/download/28711/file/ENR_202603.xls,2026-03,SMMC 3.0 plan-by-county MMA enrollment [source: state-direct file]
FL,Sumter,Medicaid MCO - MMA,Florida Community Care,Independent Living Systems,Region B,157,,157,https://ahca.myflorida.com/content/download/28711/file/ENR_202603.xls,2026-03,SMMC 3.0 plan-by-county MMA enrollment [source: state-direct file]
FL,Suwannee,Medicaid MCO - MMA,Florida Community Care,Independent Living Systems,Region B,111,,111,https://ahca.myflorida.com/content/download/28711/file/ENR_202603.xls,2026-03,SMMC 3.0 plan-by-county MMA enrollment [source: state-direct file]
FL,Taylor,Medicaid MCO - MMA,Florida Community Care,Independent Living Systems,Region A,53,,53,https://ahca.myflorida.com/content/download/28711/file/ENR_202603.xls,2026-03,SMMC 3.0 plan-by-county MMA enrollment [source: state-direct file]
FL,Union,Medicaid MCO - MMA,Florida Community Care,Independent Living Systems,Region B,18,,18,https://ahca.myflorida.com/content/download/28711/file/ENR_202603.xls,2026-03,SMMC 3.0 plan-by-county MMA enrollment [source: state-direct file]
FL,Volusia,Medicaid MCO - MMA,Florida Community Care,Independent Living Systems,Region B,1426,,1426,https://ahca.myflorida.com/content/download/28711/file/ENR_202603.xls,2026-03,SMMC 3.0 plan-by-county MMA enrollment [source: state-direct file]
FL,Wakulla,Medicaid MCO - MMA,Florida Community Care,Independent Living Systems,Region A,79,,79,https://ahca.myflorida.com/content/download/28711/file/ENR_202603.xls,2026-03,SMMC 3.0 plan-by-county MMA enrollment [source: state-direct file]
FL,Walton,Medicaid MCO - MMA,Florida Community Care,Independent Living Systems,Region A,254,,254,https://ahca.myflorida.com/content/download/28711/file/ENR_202603.xls,2026-03,SMMC 3.0 plan-by-county MMA enrollment [source: state-direct file]
FL,Washington,Medicaid MCO - MMA,Florida Community Care,Independent Living Systems,Region A,118,,118,https://ahca.myflorida.com/content/download/28711/file/ENR_202603.xls,2026-03,SMMC 3.0 plan-by-county MMA enrollment [source: state-direct file]
FL,Alachua,Medicaid MCO - MMA,Humana Medical Plan,Humana,Region B,6771,,6771,https://ahca.myflorida.com/content/download/28711/file/ENR_202603.xls,2026-03,SMMC 3.0 plan-by-county MMA enrollment [source: state-direct file]
FL,Baker,Medicaid MCO - MMA,Humana Medical Plan,Humana,Region B,720,,720,https://ahca.myflorida.com/content/download/28711/file/ENR_202603.xls,2026-03,SMMC 3.0 plan-by-county MMA enrollment [source: state-direct file]
FL,Bay,Medicaid MCO - MMA,Humana Medical Plan,Humana,Region A,4787,,4787,https://ahca.myflorida.com/content/download/28711/file/ENR_202603.xls,2026-03,SMMC 3.0 plan-by-county MMA enrollment [source: state-direct file]
FL,Bradford,Medicaid MCO - MMA,Humana Medical Plan,Humana,Region B,913,,913,https://ahca.myflorida.com/content/download/28711/file/ENR_202603.xls,2026-03,SMMC 3.0 plan-by-county MMA enrollment [source: state-direct file]
FL,Brevard,Medicaid MCO - MMA,Humana Medical Plan,Humana,Region E,7983,,7983,https://ahca.myflorida.com/content/download/28711/file/ENR_202603.xls,2026-03,SMMC 3.0 plan-by-county MMA enrollment [source: state-direct file]
FL,Broward,Medicaid MCO - MMA,Humana Medical Plan,Humana,Region H,55424,,55424,https://ahca.myflorida.com/content/download/28711/file/ENR_202603.xls,2026-03,SMMC 3.0 plan-by-county MMA enrollment [source: state-direct file]
FL,Calhoun,Medicaid MCO - MMA,Humana Medical Plan,Humana,Region A,422,,422,https://ahca.myflorida.com/content/download/28711/file/ENR_202603.xls,2026-03,SMMC 3.0 plan-by-county MMA enrollment [source: state-direct file]
FL,Charlotte,Medicaid MCO - MMA,Humana Medical Plan,Humana,Region F,3172,,3172,https://ahca.myflorida.com/content/download/28711/file/ENR_202603.xls,2026-03,SMMC 3.0 plan-by-county MMA enrollment [source: state-direct file]
FL,Citrus,Medicaid MCO - MMA,Humana Medical Plan,Humana,Region B,3169,,3169,https://ahca.myflorida.com/content/download/28711/file/ENR_202603.xls,2026-03,SMMC 3.0 plan-by-county MMA enrollment [source: state-direct file]
FL,Clay,Medicaid MCO - MMA,Humana Medical Plan,Humana,Region B,4908,,4908,https://ahca.myflorida.com/content/download/28711/file/ENR_202603.xls,2026-03,SMMC 3.0 plan-by-county MMA enrollment [source: state-direct file]
FL,Collier,Medicaid MCO - MMA,Humana Medical Plan,Humana,Region F,7181,,7181,https://ahca.myflorida.com/content/download/28711/file/ENR_202603.xls,2026-03,SMMC 3.0 plan-by-county MMA enrollment [source: state-direct file]
FL,Columbia,Medicaid MCO - MMA,Humana Medical Plan,Humana,Region B,2251,,2251,https://ahca.myflorida.com/content/download/28711/file/ENR_202603.xls,2026-03,SMMC 3.0 plan-by-county MMA enrollment [source: state-direct file]
FL,Dade,Medicaid MCO - MMA,Humana Medical Plan,Humana,Region I,45520,,45520,https://ahca.myflorida.com/content/download/28711/file/ENR_202603.xls,2026-03,SMMC 3.0 plan-by-county MMA enrollment [source: state-direct file]
FL,Desoto,Medicaid MCO - MMA,Humana Medical Plan,Humana,Region F,864,,864,https://ahca.myflorida.com/content/download/28711/file/ENR_202603.xls,2026-03,SMMC 3.0 plan-by-county MMA enrollment [source: state-direct file]
FL,Dixie,Medicaid MCO - MMA,Humana Medical Plan,Humana,Region B,759,,759,https://ahca.myflorida.com/content/download/28711/file/ENR_202603.xls,2026-03,SMMC 3.0 plan-by-county MMA enrollment [source: state-direct file]
FL,Duval,Medicaid MCO - MMA,Humana Medical Plan,Humana,Region B,27537,,27537,https://ahca.myflorida.com/content/download/28711/file/ENR_202603.xls,2026-03,SMMC 3.0 plan-by-county MMA enrollment [source: state-direct file]
FL,Escambia,Medicaid MCO - MMA,Humana Medical Plan,Humana,Region A,22899,,22899,https://ahca.myflorida.com/content/download/28711/file/ENR_202603.xls,2026-03,SMMC 3.0 plan-by-county MMA enrollment [source: state-direct file]
FL,Flagler,Medicaid MCO - MMA,Humana Medical Plan,Humana,Region B,2146,,2146,https://ahca.myflorida.com/content/download/28711/file/ENR_202603.xls,2026-03,SMMC 3.0 plan-by-county MMA enrollment [source: state-direct file]
FL,Franklin,Medicaid MCO - MMA,Humana Medical Plan,Humana,Region A,321,,321,https://ahca.myflorida.com/content/download/28711/file/ENR_202603.xls,2026-03,SMMC 3.0 plan-by-county MMA enrollment [source: state-direct file]
FL,Gadsden,Medicaid MCO - MMA,Humana Medical Plan,Humana,Region A,1371,,1371,https://ahca.myflorida.com/content/download/28711/file/ENR_202603.xls,2026-03,SMMC 3.0 plan-by-county MMA enrollment [source: state-direct file]
FL,Gilchrist,Medicaid MCO - MMA,Humana Medical Plan,Humana,Region B,784,,784,https://ahca.myflorida.com/content/download/28711/file/ENR_202603.xls,2026-03,SMMC 3.0 plan-by-county MMA enrollment [source: state-direct file]
FL,Glades,Medicaid MCO - MMA,Humana Medical Plan,Humana,Region F,117,,117,https://ahca.myflorida.com/content/download/28711/file/ENR_202603.xls,2026-03,SMMC 3.0 plan-by-county MMA enrollment [source: state-direct file]
FL,Gulf,Medicaid MCO - MMA,Humana Medical Plan,Humana,Region A,296,,296,https://ahca.myflorida.com/content/download/28711/file/ENR_202603.xls,2026-03,SMMC 3.0 plan-by-county MMA enrollment [source: state-direct file]
FL,Hamilton,Medicaid MCO - MMA,Humana Medical Plan,Humana,Region B,432,,432,https://ahca.myflorida.com/content/download/28711/file/ENR_202603.xls,2026-03,SMMC 3.0 plan-by-county MMA enrollment [source: state-direct file]
FL,Hardee,Medicaid MCO - MMA,Humana Medical Plan,Humana,Region D,673,,673,https://ahca.myflorida.com/content/download/28711/file/ENR_202603.xls,2026-03,SMMC 3.0 plan-by-county MMA enrollment [source: state-direct file]
FL,Hendry,Medicaid MCO - MMA,Humana Medical Plan,Humana,Region F,1714,,1714,https://ahca.myflorida.com/content/download/28711/file/ENR_202603.xls,2026-03,SMMC 3.0 plan-by-county MMA enrollment [source: state-direct file]
FL,Hernando,Medicaid MCO - MMA,Humana Medical Plan,Humana,Region B,5031,,5031,https://ahca.myflorida.com/content/download/28711/file/ENR_202603.xls,2026-03,SMMC 3.0 plan-by-county MMA enrollment [source: state-direct file]
FL,Highlands,Medicaid MCO - MMA,Humana Medical Plan,Humana,Region D,2231,,2231,https://ahca.myflorida.com/content/download/28711/file/ENR_202603.xls,2026-03,SMMC 3.0 plan-by-county MMA enrollment [source: state-direct file]
FL,Hillsborough,Medicaid MCO - MMA,Humana Medical Plan,Humana,Region D,33277,,33277,https://ahca.myflorida.com/content/download/28711/file/ENR_202603.xls,2026-03,SMMC 3.0 plan-by-county MMA enrollment [source: state-direct file]
FL,Holmes,Medicaid MCO - MMA,Humana Medical Plan,Humana,Region A,1033,,1033,https://ahca.myflorida.com/content/download/28711/file/ENR_202603.xls,2026-03,SMMC 3.0 plan-by-county MMA enrollment [source: state-direct file]
FL,Indian River,Medicaid MCO - MMA,Humana Medical Plan,Humana,Region G,4544,,4544,https://ahca.myflorida.com/content/download/28711/file/ENR_202603.xls,2026-03,SMMC 3.0 plan-by-county MMA enrollment [source: state-direct file]
FL,Jackson,Medicaid MCO - MMA,Humana Medical Plan,Humana,Region A,1845,,1845,https://ahca.myflorida.com/content/download/28711/file/ENR_202603.xls,2026-03,SMMC 3.0 plan-by-county MMA enrollment [source: state-direct file]
FL,Jefferson,Medicaid MCO - MMA,Humana Medical Plan,Humana,Region A,523,,523,https://ahca.myflorida.com/content/download/28711/file/ENR_202603.xls,2026-03,SMMC 3.0 plan-by-county MMA enrollment [source: state-direct file]
FL,Lafayette,Medicaid MCO - MMA,Humana Medical Plan,Humana,Region B,150,,150,https://ahca.myflorida.com/content/download/28711/file/ENR_202603.xls,2026-03,SMMC 3.0 plan-by-county MMA enrollment [source: state-direct file]
FL,Lake,Medicaid MCO - MMA,Humana Medical Plan,Humana,Region B,6996,,6996,https://ahca.myflorida.com/content/download/28711/file/ENR_202603.xls,2026-03,SMMC 3.0 plan-by-county MMA enrollment [source: state-direct file]
FL,Lee,Medicaid MCO - MMA,Humana Medical Plan,Humana,Region F,17496,,17496,https://ahca.myflorida.com/content/download/28711/file/ENR_202603.xls,2026-03,SMMC 3.0 plan-by-county MMA enrollment [source: state-direct file]
FL,Leon,Medicaid MCO - MMA,Humana Medical Plan,Humana,Region A,6552,,6552,https://ahca.myflorida.com/content/download/28711/file/ENR_202603.xls,2026-03,SMMC 3.0 plan-by-county MMA enrollment [source: state-direct file]
FL,Levy,Medicaid MCO - MMA,Humana Medical Plan,Humana,Region B,1434,,1434,https://ahca.myflorida.com/content/download/28711/file/ENR_202603.xls,2026-03,SMMC 3.0 plan-by-county MMA enrollment [source: state-direct file]
FL,Liberty,Medicaid MCO - MMA,Humana Medical Plan,Humana,Region A,165,,165,https://ahca.myflorida.com/content/download/28711/file/ENR_202603.xls,2026-03,SMMC 3.0 plan-by-county MMA enrollment [source: state-direct file]
FL,Madison,Medicaid MCO - MMA,Humana Medical Plan,Humana,Region A,514,,514,https://ahca.myflorida.com/content/download/28711/file/ENR_202603.xls,2026-03,SMMC 3.0 plan-by-county MMA enrollment [source: state-direct file]
FL,Manatee,Medicaid MCO - MMA,Humana Medical Plan,Humana,Region D,5912,,5912,https://ahca.myflorida.com/content/download/28711/file/ENR_202603.xls,2026-03,SMMC 3.0 plan-by-county MMA enrollment [source: state-direct file]
FL,Marion,Medicaid MCO - MMA,Humana Medical Plan,Humana,Region B,10132,,10132,https://ahca.myflorida.com/content/download/28711/file/ENR_202603.xls,2026-03,SMMC 3.0 plan-by-county MMA enrollment [source: state-direct file]
FL,Martin,Medicaid MCO - MMA,Humana Medical Plan,Humana,Region G,2787,,2787,https://ahca.myflorida.com/content/download/28711/file/ENR_202603.xls,2026-03,SMMC 3.0 plan-by-county MMA enrollment [source: state-direct file]
FL,Monroe,Medicaid MCO - MMA,Humana Medical Plan,Humana,Region I,440,,440,https://ahca.myflorida.com/content/download/28711/file/ENR_202603.xls,2026-03,SMMC 3.0 plan-by-county MMA enrollment [source: state-direct file]
FL,Nassau,Medicaid MCO - MMA,Humana Medical Plan,Humana,Region B,1179,,1179,https://ahca.myflorida.com/content/download/28711/file/ENR_202603.xls,2026-03,SMMC 3.0 plan-by-county MMA enrollment [source: state-direct file]
FL,Okaloosa,Medicaid MCO - MMA,Humana Medical Plan,Humana,Region A,7254,,7254,https://ahca.myflorida.com/content/download/28711/file/ENR_202603.xls,2026-03,SMMC 3.0 plan-by-county MMA enrollment [source: state-direct file]
FL,Okeechobee,Medicaid MCO - MMA,Humana Medical Plan,Humana,Region G,1977,,1977,https://ahca.myflorida.com/content/download/28711/file/ENR_202603.xls,2026-03,SMMC 3.0 plan-by-county MMA enrollment [source: state-direct file]
FL,Orange,Medicaid MCO - MMA,Humana Medical Plan,Humana,Region E,26005,,26005,https://ahca.myflorida.com/content/download/28711/file/ENR_202603.xls,2026-03,SMMC 3.0 plan-by-county MMA enrollment [source: state-direct file]
FL,Osceola,Medicaid MCO - MMA,Humana Medical Plan,Humana,Region E,11687,,11687,https://ahca.myflorida.com/content/download/28711/file/ENR_202603.xls,2026-03,SMMC 3.0 plan-by-county MMA enrollment [source: state-direct file]
FL,Palm Beach,Medicaid MCO - MMA,Humana Medical Plan,Humana,Region G,49821,,49821,https://ahca.myflorida.com/content/download/28711/file/ENR_202603.xls,2026-03,SMMC 3.0 plan-by-county MMA enrollment [source: state-direct file]
FL,Pasco,Medicaid MCO - MMA,Humana Medical Plan,Humana,Region C,13157,,13157,https://ahca.myflorida.com/content/download/28711/file/ENR_202603.xls,2026-03,SMMC 3.0 plan-by-county MMA enrollment [source: state-direct file]
FL,Pinellas,Medicaid MCO - MMA,Humana Medical Plan,Humana,Region C,14187,,14187,https://ahca.myflorida.com/content/download/28711/file/ENR_202603.xls,2026-03,SMMC 3.0 plan-by-county MMA enrollment [source: state-direct file]
FL,Polk,Medicaid MCO - MMA,Humana Medical Plan,Humana,Region D,20667,,20667,https://ahca.myflorida.com/content/download/28711/file/ENR_202603.xls,2026-03,SMMC 3.0 plan-by-county MMA enrollment [source: state-direct file]
FL,Putnam,Medicaid MCO - MMA,Humana Medical Plan,Humana,Region B,2033,,2033,https://ahca.myflorida.com/content/download/28711/file/ENR_202603.xls,2026-03,SMMC 3.0 plan-by-county MMA enrollment [source: state-direct file]
FL,Santa Rosa,Medicaid MCO - MMA,Humana Medical Plan,Humana,Region A,8737,,8737,https://ahca.myflorida.com/content/download/28711/file/ENR_202603.xls,2026-03,SMMC 3.0 plan-by-county MMA enrollment [source: state-direct file]
FL,Sarasota,Medicaid MCO - MMA,Humana Medical Plan,Humana,Region F,6172,,6172,https://ahca.myflorida.com/content/download/28711/file/ENR_202603.xls,2026-03,SMMC 3.0 plan-by-county MMA enrollment [source: state-direct file]
FL,Seminole,Medicaid MCO - MMA,Humana Medical Plan,Humana,Region E,5831,,5831,https://ahca.myflorida.com/content/download/28711/file/ENR_202603.xls,2026-03,SMMC 3.0 plan-by-county MMA enrollment [source: state-direct file]
FL,St. Johns,Medicaid MCO - MMA,Humana Medical Plan,Humana,Region B,3303,,3303,https://ahca.myflorida.com/content/download/28711/file/ENR_202603.xls,2026-03,SMMC 3.0 plan-by-county MMA enrollment [source: state-direct file]
FL,St. Lucie,Medicaid MCO - MMA,Humana Medical Plan,Humana,Region G,14718,,14718,https://ahca.myflorida.com/content/download/28711/file/ENR_202603.xls,2026-03,SMMC 3.0 plan-by-county MMA enrollment [source: state-direct file]
FL,Sumter,Medicaid MCO - MMA,Humana Medical Plan,Humana,Region B,1373,,1373,https://ahca.myflorida.com/content/download/28711/file/ENR_202603.xls,2026-03,SMMC 3.0 plan-by-county MMA enrollment [source: state-direct file]
FL,Suwannee,Medicaid MCO - MMA,Humana Medical Plan,Humana,Region B,1838,,1838,https://ahca.myflorida.com/content/download/28711/file/ENR_202603.xls,2026-03,SMMC 3.0 plan-by-county MMA enrollment [source: state-direct file]
FL,Taylor,Medicaid MCO - MMA,Humana Medical Plan,Humana,Region A,624,,624,https://ahca.myflorida.com/content/download/28711/file/ENR_202603.xls,2026-03,SMMC 3.0 plan-by-county MMA enrollment [source: state-direct file]
FL,Union,Medicaid MCO - MMA,Humana Medical Plan,Humana,Region B,407,,407,https://ahca.myflorida.com/content/download/28711/file/ENR_202603.xls,2026-03,SMMC 3.0 plan-by-county MMA enrollment [source: state-direct file]
FL,Volusia,Medicaid MCO - MMA,Humana Medical Plan,Humana,Region B,10740,,10740,https://ahca.myflorida.com/content/download/28711/file/ENR_202603.xls,2026-03,SMMC 3.0 plan-by-county MMA enrollment [source: state-direct file]
FL,Wakulla,Medicaid MCO - MMA,Humana Medical Plan,Humana,Region A,661,,661,https://ahca.myflorida.com/content/download/28711/file/ENR_202603.xls,2026-03,SMMC 3.0 plan-by-county MMA enrollment [source: state-direct file]
FL,Walton,Medicaid MCO - MMA,Humana Medical Plan,Humana,Region A,3379,,3379,https://ahca.myflorida.com/content/download/28711/file/ENR_202603.xls,2026-03,SMMC 3.0 plan-by-county MMA enrollment [source: state-direct file]
FL,Washington,Medicaid MCO - MMA,Humana Medical Plan,Humana,Region A,770,,770,https://ahca.myflorida.com/content/download/28711/file/ENR_202603.xls,2026-03,SMMC 3.0 plan-by-county MMA enrollment [source: state-direct file]
FL,Brevard,Medicaid MCO - MMA,Molina Healthcare of Florida,Molina Healthcare,Region E,1,,1,https://ahca.myflorida.com/content/download/28711/file/ENR_202603.xls,2026-03,SMMC 3.0 plan-by-county MMA enrollment [source: state-direct file]
FL,Broward,Medicaid MCO - MMA,Molina Healthcare of Florida,Molina Healthcare,Region H,68,,68,https://ahca.myflorida.com/content/download/28711/file/ENR_202603.xls,2026-03,SMMC 3.0 plan-by-county MMA enrollment [source: state-direct file]
FL,Collier,Medicaid MCO - MMA,Molina Healthcare of Florida,Molina Healthcare,Region F,6,,6,https://ahca.myflorida.com/content/download/28711/file/ENR_202603.xls,2026-03,SMMC 3.0 plan-by-county MMA enrollment [source: state-direct file]
FL,Columbia,Medicaid MCO - MMA,Molina Healthcare of Florida,Molina Healthcare,Region B,2,,2,https://ahca.myflorida.com/content/download/28711/file/ENR_202603.xls,2026-03,SMMC 3.0 plan-by-county MMA enrollment [source: state-direct file]
FL,Dade,Medicaid MCO - MMA,Molina Healthcare of Florida,Molina Healthcare,Region I,55574,,55574,https://ahca.myflorida.com/content/download/28711/file/ENR_202603.xls,2026-03,SMMC 3.0 plan-by-county MMA enrollment [source: state-direct file]
FL,Duval,Medicaid MCO - MMA,Molina Healthcare of Florida,Molina Healthcare,Region B,1,,1,https://ahca.myflorida.com/content/download/28711/file/ENR_202603.xls,2026-03,SMMC 3.0 plan-by-county MMA enrollment [source: state-direct file]
FL,Hardee,Medicaid MCO - MMA,Molina Healthcare of Florida,Molina Healthcare,Region D,1,,1,https://ahca.myflorida.com/content/download/28711/file/ENR_202603.xls,2026-03,SMMC 3.0 plan-by-county MMA enrollment [source: state-direct file]
FL,Highlands,Medicaid MCO - MMA,Molina Healthcare of Florida,Molina Healthcare,Region D,4,,4,https://ahca.myflorida.com/content/download/28711/file/ENR_202603.xls,2026-03,SMMC 3.0 plan-by-county MMA enrollment [source: state-direct file]
FL,Hillsborough,Medicaid MCO - MMA,Molina Healthcare of Florida,Molina Healthcare,Region D,6,,6,https://ahca.myflorida.com/content/download/28711/file/ENR_202603.xls,2026-03,SMMC 3.0 plan-by-county MMA enrollment [source: state-direct file]
FL,Indian River,Medicaid MCO - MMA,Molina Healthcare of Florida,Molina Healthcare,Region G,1,,1,https://ahca.myflorida.com/content/download/28711/file/ENR_202603.xls,2026-03,SMMC 3.0 plan-by-county MMA enrollment [source: state-direct file]
FL,Lee,Medicaid MCO - MMA,Molina Healthcare of Florida,Molina Healthcare,Region F,12,,12,https://ahca.myflorida.com/content/download/28711/file/ENR_202603.xls,2026-03,SMMC 3.0 plan-by-county MMA enrollment [source: state-direct file]
FL,Marion,Medicaid MCO - MMA,Molina Healthcare of Florida,Molina Healthcare,Region B,8,,8,https://ahca.myflorida.com/content/download/28711/file/ENR_202603.xls,2026-03,SMMC 3.0 plan-by-county MMA enrollment [source: state-direct file]
FL,Monroe,Medicaid MCO - MMA,Molina Healthcare of Florida,Molina Healthcare,Region I,766,,766,https://ahca.myflorida.com/content/download/28711/file/ENR_202603.xls,2026-03,SMMC 3.0 plan-by-county MMA enrollment [source: state-direct file]
FL,Nassau,Medicaid MCO - MMA,Molina Healthcare of Florida,Molina Healthcare,Region B,1,,1,https://ahca.myflorida.com/content/download/28711/file/ENR_202603.xls,2026-03,SMMC 3.0 plan-by-county MMA enrollment [source: state-direct file]
FL,Okeechobee,Medicaid MCO - MMA,Molina Healthcare of Florida,Molina Healthcare,Region G,2,,2,https://ahca.myflorida.com/content/download/28711/file/ENR_202603.xls,2026-03,SMMC 3.0 plan-by-county MMA enrollment [source: state-direct file]
FL,Orange,Medicaid MCO - MMA,Molina Healthcare of Florida,Molina Healthcare,Region E,5,,5,https://ahca.myflorida.com/content/download/28711/file/ENR_202603.xls,2026-03,SMMC 3.0 plan-by-county MMA enrollment [source: state-direct file]
FL,Osceola,Medicaid MCO - MMA,Molina Healthcare of Florida,Molina Healthcare,Region E,3,,3,https://ahca.myflorida.com/content/download/28711/file/ENR_202603.xls,2026-03,SMMC 3.0 plan-by-county MMA enrollment [source: state-direct file]
FL,Palm Beach,Medicaid MCO - MMA,Molina Healthcare of Florida,Molina Healthcare,Region G,4,,4,https://ahca.myflorida.com/content/download/28711/file/ENR_202603.xls,2026-03,SMMC 3.0 plan-by-county MMA enrollment [source: state-direct file]
FL,Pasco,Medicaid MCO - MMA,Molina Healthcare of Florida,Molina Healthcare,Region C,2,,2,https://ahca.myflorida.com/content/download/28711/file/ENR_202603.xls,2026-03,SMMC 3.0 plan-by-county MMA enrollment [source: state-direct file]
FL,Polk,Medicaid MCO - MMA,Molina Healthcare of Florida,Molina Healthcare,Region D,10,,10,https://ahca.myflorida.com/content/download/28711/file/ENR_202603.xls,2026-03,SMMC 3.0 plan-by-county MMA enrollment [source: state-direct file]
FL,Santa Rosa,Medicaid MCO - MMA,Molina Healthcare of Florida,Molina Healthcare,Region A,1,,1,https://ahca.myflorida.com/content/download/28711/file/ENR_202603.xls,2026-03,SMMC 3.0 plan-by-county MMA enrollment [source: state-direct file]
FL,Sarasota,Medicaid MCO - MMA,Molina Healthcare of Florida,Molina Healthcare,Region F,3,,3,https://ahca.myflorida.com/content/download/28711/file/ENR_202603.xls,2026-03,SMMC 3.0 plan-by-county MMA enrollment [source: state-direct file]
FL,Seminole,Medicaid MCO - MMA,Molina Healthcare of Florida,Molina Healthcare,Region E,2,,2,https://ahca.myflorida.com/content/download/28711/file/ENR_202603.xls,2026-03,SMMC 3.0 plan-by-county MMA enrollment [source: state-direct file]
FL,St. Lucie,Medicaid MCO - MMA,Molina Healthcare of Florida,Molina Healthcare,Region G,2,,2,https://ahca.myflorida.com/content/download/28711/file/ENR_202603.xls,2026-03,SMMC 3.0 plan-by-county MMA enrollment [source: state-direct file]
FL,Volusia,Medicaid MCO - MMA,Molina Healthcare of Florida,Molina Healthcare,Region B,1,,1,https://ahca.myflorida.com/content/download/28711/file/ENR_202603.xls,2026-03,SMMC 3.0 plan-by-county MMA enrollment [source: state-direct file]
FL,Alachua,Medicaid MCO - MMA,Simply Healthcare Plans,Elevance Health,Region B,683,,683,https://ahca.myflorida.com/content/download/28711/file/ENR_202603.xls,2026-03,SMMC 3.0 plan-by-county MMA enrollment [source: state-direct file]
FL,Baker,Medicaid MCO - MMA,Simply Healthcare Plans,Elevance Health,Region B,56,,56,https://ahca.myflorida.com/content/download/28711/file/ENR_202603.xls,2026-03,SMMC 3.0 plan-by-county MMA enrollment [source: state-direct file]
FL,Bay,Medicaid MCO - MMA,Simply Healthcare Plans,Elevance Health,Region A,5539,,5539,https://ahca.myflorida.com/content/download/28711/file/ENR_202603.xls,2026-03,SMMC 3.0 plan-by-county MMA enrollment [source: state-direct file]
FL,Bradford,Medicaid MCO - MMA,Simply Healthcare Plans,Elevance Health,Region B,74,,74,https://ahca.myflorida.com/content/download/28711/file/ENR_202603.xls,2026-03,SMMC 3.0 plan-by-county MMA enrollment [source: state-direct file]
FL,Brevard,Medicaid MCO - MMA,Simply Healthcare Plans,Elevance Health,Region E,17705,,17705,https://ahca.myflorida.com/content/download/28711/file/ENR_202603.xls,2026-03,SMMC 3.0 plan-by-county MMA enrollment [source: state-direct file]
FL,Broward,Medicaid MCO - MMA,Simply Healthcare Plans,Elevance Health,Region H,61212,,61212,https://ahca.myflorida.com/content/download/28711/file/ENR_202603.xls,2026-03,SMMC 3.0 plan-by-county MMA enrollment [source: state-direct file]
FL,Calhoun,Medicaid MCO - MMA,Simply Healthcare Plans,Elevance Health,Region A,302,,302,https://ahca.myflorida.com/content/download/28711/file/ENR_202603.xls,2026-03,SMMC 3.0 plan-by-county MMA enrollment [source: state-direct file]
FL,Charlotte,Medicaid MCO - MMA,Simply Healthcare Plans,Elevance Health,Region F,2650,,2650,https://ahca.myflorida.com/content/download/28711/file/ENR_202603.xls,2026-03,SMMC 3.0 plan-by-county MMA enrollment [source: state-direct file]
FL,Citrus,Medicaid MCO - MMA,Simply Healthcare Plans,Elevance Health,Region B,625,,625,https://ahca.myflorida.com/content/download/28711/file/ENR_202603.xls,2026-03,SMMC 3.0 plan-by-county MMA enrollment [source: state-direct file]
FL,Clay,Medicaid MCO - MMA,Simply Healthcare Plans,Elevance Health,Region B,634,,634,https://ahca.myflorida.com/content/download/28711/file/ENR_202603.xls,2026-03,SMMC 3.0 plan-by-county MMA enrollment [source: state-direct file]
FL,Collier,Medicaid MCO - MMA,Simply Healthcare Plans,Elevance Health,Region F,6821,,6821,https://ahca.myflorida.com/content/download/28711/file/ENR_202603.xls,2026-03,SMMC 3.0 plan-by-county MMA enrollment [source: state-direct file]
FL,Columbia,Medicaid MCO - MMA,Simply Healthcare Plans,Elevance Health,Region B,212,,212,https://ahca.myflorida.com/content/download/28711/file/ENR_202603.xls,2026-03,SMMC 3.0 plan-by-county MMA enrollment [source: state-direct file]
FL,Dade,Medicaid MCO - MMA,Simply Healthcare Plans,Elevance Health,Region I,85216,,85216,https://ahca.myflorida.com/content/download/28711/file/ENR_202603.xls,2026-03,SMMC 3.0 plan-by-county MMA enrollment [source: state-direct file]
FL,Desoto,Medicaid MCO - MMA,Simply Healthcare Plans,Elevance Health,Region F,746,,746,https://ahca.myflorida.com/content/download/28711/file/ENR_202603.xls,2026-03,SMMC 3.0 plan-by-county MMA enrollment [source: state-direct file]
FL,Dixie,Medicaid MCO - MMA,Simply Healthcare Plans,Elevance Health,Region B,47,,47,https://ahca.myflorida.com/content/download/28711/file/ENR_202603.xls,2026-03,SMMC 3.0 plan-by-county MMA enrollment [source: state-direct file]
FL,Duval,Medicaid MCO - MMA,Simply Healthcare Plans,Elevance Health,Region B,3458,,3458,https://ahca.myflorida.com/content/download/28711/file/ENR_202603.xls,2026-03,SMMC 3.0 plan-by-county MMA enrollment [source: state-direct file]
FL,Escambia,Medicaid MCO - MMA,Simply Healthcare Plans,Elevance Health,Region A,10303,,10303,https://ahca.myflorida.com/content/download/28711/file/ENR_202603.xls,2026-03,SMMC 3.0 plan-by-county MMA enrollment [source: state-direct file]
FL,Flagler,Medicaid MCO - MMA,Simply Healthcare Plans,Elevance Health,Region B,422,,422,https://ahca.myflorida.com/content/download/28711/file/ENR_202603.xls,2026-03,SMMC 3.0 plan-by-county MMA enrollment [source: state-direct file]
FL,Franklin,Medicaid MCO - MMA,Simply Healthcare Plans,Elevance Health,Region A,202,,202,https://ahca.myflorida.com/content/download/28711/file/ENR_202603.xls,2026-03,SMMC 3.0 plan-by-county MMA enrollment [source: state-direct file]
FL,Gadsden,Medicaid MCO - MMA,Simply Healthcare Plans,Elevance Health,Region A,938,,938,https://ahca.myflorida.com/content/download/28711/file/ENR_202603.xls,2026-03,SMMC 3.0 plan-by-county MMA enrollment [source: state-direct file]
FL,Gilchrist,Medicaid MCO - MMA,Simply Healthcare Plans,Elevance Health,Region B,73,,73,https://ahca.myflorida.com/content/download/28711/file/ENR_202603.xls,2026-03,SMMC 3.0 plan-by-county MMA enrollment [source: state-direct file]
FL,Glades,Medicaid MCO - MMA,Simply Healthcare Plans,Elevance Health,Region F,105,,105,https://ahca.myflorida.com/content/download/28711/file/ENR_202603.xls,2026-03,SMMC 3.0 plan-by-county MMA enrollment [source: state-direct file]
FL,Gulf,Medicaid MCO - MMA,Simply Healthcare Plans,Elevance Health,Region A,297,,297,https://ahca.myflorida.com/content/download/28711/file/ENR_202603.xls,2026-03,SMMC 3.0 plan-by-county MMA enrollment [source: state-direct file]
FL,Hamilton,Medicaid MCO - MMA,Simply Healthcare Plans,Elevance Health,Region B,36,,36,https://ahca.myflorida.com/content/download/28711/file/ENR_202603.xls,2026-03,SMMC 3.0 plan-by-county MMA enrollment [source: state-direct file]
FL,Hardee,Medicaid MCO - MMA,Simply Healthcare Plans,Elevance Health,Region D,1063,,1063,https://ahca.myflorida.com/content/download/28711/file/ENR_202603.xls,2026-03,SMMC 3.0 plan-by-county MMA enrollment [source: state-direct file]
FL,Hendry,Medicaid MCO - MMA,Simply Healthcare Plans,Elevance Health,Region F,1616,,1616,https://ahca.myflorida.com/content/download/28711/file/ENR_202603.xls,2026-03,SMMC 3.0 plan-by-county MMA enrollment [source: state-direct file]
FL,Hernando,Medicaid MCO - MMA,Simply Healthcare Plans,Elevance Health,Region B,1324,,1324,https://ahca.myflorida.com/content/download/28711/file/ENR_202603.xls,2026-03,SMMC 3.0 plan-by-county MMA enrollment [source: state-direct file]
FL,Highlands,Medicaid MCO - MMA,Simply Healthcare Plans,Elevance Health,Region D,2860,,2860,https://ahca.myflorida.com/content/download/28711/file/ENR_202603.xls,2026-03,SMMC 3.0 plan-by-county MMA enrollment [source: state-direct file]
FL,Hillsborough,Medicaid MCO - MMA,Simply Healthcare Plans,Elevance Health,Region D,61163,,61163,https://ahca.myflorida.com/content/download/28711/file/ENR_202603.xls,2026-03,SMMC 3.0 plan-by-county MMA enrollment [source: state-direct file]
FL,Holmes,Medicaid MCO - MMA,Simply Healthcare Plans,Elevance Health,Region A,485,,485,https://ahca.myflorida.com/content/download/28711/file/ENR_202603.xls,2026-03,SMMC 3.0 plan-by-county MMA enrollment [source: state-direct file]
FL,Indian River,Medicaid MCO - MMA,Simply Healthcare Plans,Elevance Health,Region G,2236,,2236,https://ahca.myflorida.com/content/download/28711/file/ENR_202603.xls,2026-03,SMMC 3.0 plan-by-county MMA enrollment [source: state-direct file]
FL,Jackson,Medicaid MCO - MMA,Simply Healthcare Plans,Elevance Health,Region A,1054,,1054,https://ahca.myflorida.com/content/download/28711/file/ENR_202603.xls,2026-03,SMMC 3.0 plan-by-county MMA enrollment [source: state-direct file]
FL,Jefferson,Medicaid MCO - MMA,Simply Healthcare Plans,Elevance Health,Region A,271,,271,https://ahca.myflorida.com/content/download/28711/file/ENR_202603.xls,2026-03,SMMC 3.0 plan-by-county MMA enrollment [source: state-direct file]
FL,Lafayette,Medicaid MCO - MMA,Simply Healthcare Plans,Elevance Health,Region B,26,,26,https://ahca.myflorida.com/content/download/28711/file/ENR_202603.xls,2026-03,SMMC 3.0 plan-by-county MMA enrollment [source: state-direct file]
FL,Lake,Medicaid MCO - MMA,Simply Healthcare Plans,Elevance Health,Region B,1636,,1636,https://ahca.myflorida.com/content/download/28711/file/ENR_202603.xls,2026-03,SMMC 3.0 plan-by-county MMA enrollment [source: state-direct file]
FL,Lee,Medicaid MCO - MMA,Simply Healthcare Plans,Elevance Health,Region F,18183,,18183,https://ahca.myflorida.com/content/download/28711/file/ENR_202603.xls,2026-03,SMMC 3.0 plan-by-county MMA enrollment [source: state-direct file]
FL,Leon,Medicaid MCO - MMA,Simply Healthcare Plans,Elevance Health,Region A,3972,,3972,https://ahca.myflorida.com/content/download/28711/file/ENR_202603.xls,2026-03,SMMC 3.0 plan-by-county MMA enrollment [source: state-direct file]
FL,Levy,Medicaid MCO - MMA,Simply Healthcare Plans,Elevance Health,Region B,154,,154,https://ahca.myflorida.com/content/download/28711/file/ENR_202603.xls,2026-03,SMMC 3.0 plan-by-county MMA enrollment [source: state-direct file]
FL,Liberty,Medicaid MCO - MMA,Simply Healthcare Plans,Elevance Health,Region A,111,,111,https://ahca.myflorida.com/content/download/28711/file/ENR_202603.xls,2026-03,SMMC 3.0 plan-by-county MMA enrollment [source: state-direct file]
FL,Madison,Medicaid MCO - MMA,Simply Healthcare Plans,Elevance Health,Region A,313,,313,https://ahca.myflorida.com/content/download/28711/file/ENR_202603.xls,2026-03,SMMC 3.0 plan-by-county MMA enrollment [source: state-direct file]
FL,Manatee,Medicaid MCO - MMA,Simply Healthcare Plans,Elevance Health,Region D,10036,,10036,https://ahca.myflorida.com/content/download/28711/file/ENR_202603.xls,2026-03,SMMC 3.0 plan-by-county MMA enrollment [source: state-direct file]
FL,Marion,Medicaid MCO - MMA,Simply Healthcare Plans,Elevance Health,Region B,1569,,1569,https://ahca.myflorida.com/content/download/28711/file/ENR_202603.xls,2026-03,SMMC 3.0 plan-by-county MMA enrollment [source: state-direct file]
FL,Martin,Medicaid MCO - MMA,Simply Healthcare Plans,Elevance Health,Region G,1445,,1445,https://ahca.myflorida.com/content/download/28711/file/ENR_202603.xls,2026-03,SMMC 3.0 plan-by-county MMA enrollment [source: state-direct file]
FL,Monroe,Medicaid MCO - MMA,Simply Healthcare Plans,Elevance Health,Region I,794,,794,https://ahca.myflorida.com/content/download/28711/file/ENR_202603.xls,2026-03,SMMC 3.0 plan-by-county MMA enrollment [source: state-direct file]
FL,Nassau,Medicaid MCO - MMA,Simply Healthcare Plans,Elevance Health,Region B,159,,159,https://ahca.myflorida.com/content/download/28711/file/ENR_202603.xls,2026-03,SMMC 3.0 plan-by-county MMA enrollment [source: state-direct file]
FL,Okaloosa,Medicaid MCO - MMA,Simply Healthcare Plans,Elevance Health,Region A,4788,,4788,https://ahca.myflorida.com/content/download/28711/file/ENR_202603.xls,2026-03,SMMC 3.0 plan-by-county MMA enrollment [source: state-direct file]
FL,Okeechobee,Medicaid MCO - MMA,Simply Healthcare Plans,Elevance Health,Region G,1173,,1173,https://ahca.myflorida.com/content/download/28711/file/ENR_202603.xls,2026-03,SMMC 3.0 plan-by-county MMA enrollment [source: state-direct file]
FL,Orange,Medicaid MCO - MMA,Simply Healthcare Plans,Elevance Health,Region E,36425,,36425,https://ahca.myflorida.com/content/download/28711/file/ENR_202603.xls,2026-03,SMMC 3.0 plan-by-county MMA enrollment [source: state-direct file]
FL,Osceola,Medicaid MCO - MMA,Simply Healthcare Plans,Elevance Health,Region E,15093,,15093,https://ahca.myflorida.com/content/download/28711/file/ENR_202603.xls,2026-03,SMMC 3.0 plan-by-county MMA enrollment [source: state-direct file]
FL,Palm Beach,Medicaid MCO - MMA,Simply Healthcare Plans,Elevance Health,Region G,29928,,29928,https://ahca.myflorida.com/content/download/28711/file/ENR_202603.xls,2026-03,SMMC 3.0 plan-by-county MMA enrollment [source: state-direct file]
FL,Pasco,Medicaid MCO - MMA,Simply Healthcare Plans,Elevance Health,Region C,23006,,23006,https://ahca.myflorida.com/content/download/28711/file/ENR_202603.xls,2026-03,SMMC 3.0 plan-by-county MMA enrollment [source: state-direct file]
FL,Pinellas,Medicaid MCO - MMA,Simply Healthcare Plans,Elevance Health,Region C,31686,,31686,https://ahca.myflorida.com/content/download/28711/file/ENR_202603.xls,2026-03,SMMC 3.0 plan-by-county MMA enrollment [source: state-direct file]
FL,Polk,Medicaid MCO - MMA,Simply Healthcare Plans,Elevance Health,Region D,35098,,35098,https://ahca.myflorida.com/content/download/28711/file/ENR_202603.xls,2026-03,SMMC 3.0 plan-by-county MMA enrollment [source: state-direct file]
FL,Putnam,Medicaid MCO - MMA,Simply Healthcare Plans,Elevance Health,Region B,222,,222,https://ahca.myflorida.com/content/download/28711/file/ENR_202603.xls,2026-03,SMMC 3.0 plan-by-county MMA enrollment [source: state-direct file]
FL,Santa Rosa,Medicaid MCO - MMA,Simply Healthcare Plans,Elevance Health,Region A,4333,,4333,https://ahca.myflorida.com/content/download/28711/file/ENR_202603.xls,2026-03,SMMC 3.0 plan-by-county MMA enrollment [source: state-direct file]
FL,Sarasota,Medicaid MCO - MMA,Simply Healthcare Plans,Elevance Health,Region F,5433,,5433,https://ahca.myflorida.com/content/download/28711/file/ENR_202603.xls,2026-03,SMMC 3.0 plan-by-county MMA enrollment [source: state-direct file]
FL,Seminole,Medicaid MCO - MMA,Simply Healthcare Plans,Elevance Health,Region E,8344,,8344,https://ahca.myflorida.com/content/download/28711/file/ENR_202603.xls,2026-03,SMMC 3.0 plan-by-county MMA enrollment [source: state-direct file]
FL,St. Johns,Medicaid MCO - MMA,Simply Healthcare Plans,Elevance Health,Region B,392,,392,https://ahca.myflorida.com/content/download/28711/file/ENR_202603.xls,2026-03,SMMC 3.0 plan-by-county MMA enrollment [source: state-direct file]
FL,St. Lucie,Medicaid MCO - MMA,Simply Healthcare Plans,Elevance Health,Region G,7793,,7793,https://ahca.myflorida.com/content/download/28711/file/ENR_202603.xls,2026-03,SMMC 3.0 plan-by-county MMA enrollment [source: state-direct file]
FL,Sumter,Medicaid MCO - MMA,Simply Healthcare Plans,Elevance Health,Region B,192,,192,https://ahca.myflorida.com/content/download/28711/file/ENR_202603.xls,2026-03,SMMC 3.0 plan-by-county MMA enrollment [source: state-direct file]
FL,Suwannee,Medicaid MCO - MMA,Simply Healthcare Plans,Elevance Health,Region B,165,,165,https://ahca.myflorida.com/content/download/28711/file/ENR_202603.xls,2026-03,SMMC 3.0 plan-by-county MMA enrollment [source: state-direct file]
FL,Taylor,Medicaid MCO - MMA,Simply Healthcare Plans,Elevance Health,Region A,465,,465,https://ahca.myflorida.com/content/download/28711/file/ENR_202603.xls,2026-03,SMMC 3.0 plan-by-county MMA enrollment [source: state-direct file]
FL,Union,Medicaid MCO - MMA,Simply Healthcare Plans,Elevance Health,Region B,17,,17,https://ahca.myflorida.com/content/download/28711/file/ENR_202603.xls,2026-03,SMMC 3.0 plan-by-county MMA enrollment [source: state-direct file]
FL,Volusia,Medicaid MCO - MMA,Simply Healthcare Plans,Elevance Health,Region B,2006,,2006,https://ahca.myflorida.com/content/download/28711/file/ENR_202603.xls,2026-03,SMMC 3.0 plan-by-county MMA enrollment [source: state-direct file]
FL,Wakulla,Medicaid MCO - MMA,Simply Healthcare Plans,Elevance Health,Region A,452,,452,https://ahca.myflorida.com/content/download/28711/file/ENR_202603.xls,2026-03,SMMC 3.0 plan-by-county MMA enrollment [source: state-direct file]
FL,Walton,Medicaid MCO - MMA,Simply Healthcare Plans,Elevance Health,Region A,1886,,1886,https://ahca.myflorida.com/content/download/28711/file/ENR_202603.xls,2026-03,SMMC 3.0 plan-by-county MMA enrollment [source: state-direct file]
FL,Washington,Medicaid MCO - MMA,Simply Healthcare Plans,Elevance Health,Region A,616,,616,https://ahca.myflorida.com/content/download/28711/file/ENR_202603.xls,2026-03,SMMC 3.0 plan-by-county MMA enrollment [source: state-direct file]
FL,Alachua,Medicaid MCO - MMA,Sunshine Health,Centene,Region B,15162,,15162,https://ahca.myflorida.com/content/download/28711/file/ENR_202603.xls,2026-03,SMMC 3.0 plan-by-county MMA enrollment [source: state-direct file]
FL,Baker,Medicaid MCO - MMA,Sunshine Health,Centene,Region B,2299,,2299,https://ahca.myflorida.com/content/download/28711/file/ENR_202603.xls,2026-03,SMMC 3.0 plan-by-county MMA enrollment [source: state-direct file]
FL,Bay,Medicaid MCO - MMA,Sunshine Health,Centene,Region A,14490,,14490,https://ahca.myflorida.com/content/download/28711/file/ENR_202603.xls,2026-03,SMMC 3.0 plan-by-county MMA enrollment [source: state-direct file]
FL,Bradford,Medicaid MCO - MMA,Sunshine Health,Centene,Region B,2115,,2115,https://ahca.myflorida.com/content/download/28711/file/ENR_202603.xls,2026-03,SMMC 3.0 plan-by-county MMA enrollment [source: state-direct file]
FL,Brevard,Medicaid MCO - MMA,Sunshine Health,Centene,Region E,26975,,26975,https://ahca.myflorida.com/content/download/28711/file/ENR_202603.xls,2026-03,SMMC 3.0 plan-by-county MMA enrollment [source: state-direct file]
FL,Broward,Medicaid MCO - MMA,Sunshine Health,Centene,Region H,59025,,59025,https://ahca.myflorida.com/content/download/28711/file/ENR_202603.xls,2026-03,SMMC 3.0 plan-by-county MMA enrollment [source: state-direct file]
FL,Calhoun,Medicaid MCO - MMA,Sunshine Health,Centene,Region A,1541,,1541,https://ahca.myflorida.com/content/download/28711/file/ENR_202603.xls,2026-03,SMMC 3.0 plan-by-county MMA enrollment [source: state-direct file]
FL,Charlotte,Medicaid MCO - MMA,Sunshine Health,Centene,Region F,10358,,10358,https://ahca.myflorida.com/content/download/28711/file/ENR_202603.xls,2026-03,SMMC 3.0 plan-by-county MMA enrollment [source: state-direct file]
FL,Citrus,Medicaid MCO - MMA,Sunshine Health,Centene,Region B,10423,,10423,https://ahca.myflorida.com/content/download/28711/file/ENR_202603.xls,2026-03,SMMC 3.0 plan-by-county MMA enrollment [source: state-direct file]
FL,Clay,Medicaid MCO - MMA,Sunshine Health,Centene,Region B,11775,,11775,https://ahca.myflorida.com/content/download/28711/file/ENR_202603.xls,2026-03,SMMC 3.0 plan-by-county MMA enrollment [source: state-direct file]
FL,Collier,Medicaid MCO - MMA,Sunshine Health,Centene,Region F,14010,,14010,https://ahca.myflorida.com/content/download/28711/file/ENR_202603.xls,2026-03,SMMC 3.0 plan-by-county MMA enrollment [source: state-direct file]
FL,Columbia,Medicaid MCO - MMA,Sunshine Health,Centene,Region B,6765,,6765,https://ahca.myflorida.com/content/download/28711/file/ENR_202603.xls,2026-03,SMMC 3.0 plan-by-county MMA enrollment [source: state-direct file]
FL,Dade,Medicaid MCO - MMA,Sunshine Health,Centene,Region I,69683,,69683,https://ahca.myflorida.com/content/download/28711/file/ENR_202603.xls,2026-03,SMMC 3.0 plan-by-county MMA enrollment [source: state-direct file]
FL,Desoto,Medicaid MCO - MMA,Sunshine Health,Centene,Region F,3690,,3690,https://ahca.myflorida.com/content/download/28711/file/ENR_202603.xls,2026-03,SMMC 3.0 plan-by-county MMA enrollment [source: state-direct file]
FL,Dixie,Medicaid MCO - MMA,Sunshine Health,Centene,Region B,1577,,1577,https://ahca.myflorida.com/content/download/28711/file/ENR_202603.xls,2026-03,SMMC 3.0 plan-by-county MMA enrollment [source: state-direct file]
FL,Duval,Medicaid MCO - MMA,Sunshine Health,Centene,Region B,79713,,79713,https://ahca.myflorida.com/content/download/28711/file/ENR_202603.xls,2026-03,SMMC 3.0 plan-by-county MMA enrollment [source: state-direct file]
FL,Escambia,Medicaid MCO - MMA,Sunshine Health,Centene,Region A,11655,,11655,https://ahca.myflorida.com/content/download/28711/file/ENR_202603.xls,2026-03,SMMC 3.0 plan-by-county MMA enrollment [source: state-direct file]
FL,Flagler,Medicaid MCO - MMA,Sunshine Health,Centene,Region B,5497,,5497,https://ahca.myflorida.com/content/download/28711/file/ENR_202603.xls,2026-03,SMMC 3.0 plan-by-county MMA enrollment [source: state-direct file]
FL,Franklin,Medicaid MCO - MMA,Sunshine Health,Centene,Region A,944,,944,https://ahca.myflorida.com/content/download/28711/file/ENR_202603.xls,2026-03,SMMC 3.0 plan-by-county MMA enrollment [source: state-direct file]
FL,Gadsden,Medicaid MCO - MMA,Sunshine Health,Centene,Region A,5617,,5617,https://ahca.myflorida.com/content/download/28711/file/ENR_202603.xls,2026-03,SMMC 3.0 plan-by-county MMA enrollment [source: state-direct file]
FL,Gilchrist,Medicaid MCO - MMA,Sunshine Health,Centene,Region B,1535,,1535,https://ahca.myflorida.com/content/download/28711/file/ENR_202603.xls,2026-03,SMMC 3.0 plan-by-county MMA enrollment [source: state-direct file]
FL,Glades,Medicaid MCO - MMA,Sunshine Health,Centene,Region F,468,,468,https://ahca.myflorida.com/content/download/28711/file/ENR_202603.xls,2026-03,SMMC 3.0 plan-by-county MMA enrollment [source: state-direct file]
FL,Gulf,Medicaid MCO - MMA,Sunshine Health,Centene,Region A,1052,,1052,https://ahca.myflorida.com/content/download/28711/file/ENR_202603.xls,2026-03,SMMC 3.0 plan-by-county MMA enrollment [source: state-direct file]
FL,Hamilton,Medicaid MCO - MMA,Sunshine Health,Centene,Region B,1588,,1588,https://ahca.myflorida.com/content/download/28711/file/ENR_202603.xls,2026-03,SMMC 3.0 plan-by-county MMA enrollment [source: state-direct file]
FL,Hardee,Medicaid MCO - MMA,Sunshine Health,Centene,Region D,2353,,2353,https://ahca.myflorida.com/content/download/28711/file/ENR_202603.xls,2026-03,SMMC 3.0 plan-by-county MMA enrollment [source: state-direct file]
FL,Hendry,Medicaid MCO - MMA,Sunshine Health,Centene,Region F,6551,,6551,https://ahca.myflorida.com/content/download/28711/file/ENR_202603.xls,2026-03,SMMC 3.0 plan-by-county MMA enrollment [source: state-direct file]
FL,Hernando,Medicaid MCO - MMA,Sunshine Health,Centene,Region B,15277,,15277,https://ahca.myflorida.com/content/download/28711/file/ENR_202603.xls,2026-03,SMMC 3.0 plan-by-county MMA enrollment [source: state-direct file]
FL,Highlands,Medicaid MCO - MMA,Sunshine Health,Centene,Region D,7814,,7814,https://ahca.myflorida.com/content/download/28711/file/ENR_202603.xls,2026-03,SMMC 3.0 plan-by-county MMA enrollment [source: state-direct file]
FL,Hillsborough,Medicaid MCO - MMA,Sunshine Health,Centene,Region D,72295,,72295,https://ahca.myflorida.com/content/download/28711/file/ENR_202603.xls,2026-03,SMMC 3.0 plan-by-county MMA enrollment [source: state-direct file]
FL,Holmes,Medicaid MCO - MMA,Sunshine Health,Centene,Region A,1918,,1918,https://ahca.myflorida.com/content/download/28711/file/ENR_202603.xls,2026-03,SMMC 3.0 plan-by-county MMA enrollment [source: state-direct file]
FL,Indian River,Medicaid MCO - MMA,Sunshine Health,Centene,Region G,6817,,6817,https://ahca.myflorida.com/content/download/28711/file/ENR_202603.xls,2026-03,SMMC 3.0 plan-by-county MMA enrollment [source: state-direct file]
FL,Jackson,Medicaid MCO - MMA,Sunshine Health,Centene,Region A,4830,,4830,https://ahca.myflorida.com/content/download/28711/file/ENR_202603.xls,2026-03,SMMC 3.0 plan-by-county MMA enrollment [source: state-direct file]
FL,Jefferson,Medicaid MCO - MMA,Sunshine Health,Centene,Region A,1217,,1217,https://ahca.myflorida.com/content/download/28711/file/ENR_202603.xls,2026-03,SMMC 3.0 plan-by-county MMA enrollment [source: state-direct file]
FL,Lafayette,Medicaid MCO - MMA,Sunshine Health,Centene,Region B,599,,599,https://ahca.myflorida.com/content/download/28711/file/ENR_202603.xls,2026-03,SMMC 3.0 plan-by-county MMA enrollment [source: state-direct file]
FL,Lake,Medicaid MCO - MMA,Sunshine Health,Centene,Region B,22463,,22463,https://ahca.myflorida.com/content/download/28711/file/ENR_202603.xls,2026-03,SMMC 3.0 plan-by-county MMA enrollment [source: state-direct file]
FL,Lee,Medicaid MCO - MMA,Sunshine Health,Centene,Region F,58902,,58902,https://ahca.myflorida.com/content/download/28711/file/ENR_202603.xls,2026-03,SMMC 3.0 plan-by-county MMA enrollment [source: state-direct file]
FL,Leon,Medicaid MCO - MMA,Sunshine Health,Centene,Region A,19930,,19930,https://ahca.myflorida.com/content/download/28711/file/ENR_202603.xls,2026-03,SMMC 3.0 plan-by-county MMA enrollment [source: state-direct file]
FL,Levy,Medicaid MCO - MMA,Sunshine Health,Centene,Region B,3937,,3937,https://ahca.myflorida.com/content/download/28711/file/ENR_202603.xls,2026-03,SMMC 3.0 plan-by-county MMA enrollment [source: state-direct file]
FL,Liberty,Medicaid MCO - MMA,Sunshine Health,Centene,Region A,798,,798,https://ahca.myflorida.com/content/download/28711/file/ENR_202603.xls,2026-03,SMMC 3.0 plan-by-county MMA enrollment [source: state-direct file]
FL,Madison,Medicaid MCO - MMA,Sunshine Health,Centene,Region A,2194,,2194,https://ahca.myflorida.com/content/download/28711/file/ENR_202603.xls,2026-03,SMMC 3.0 plan-by-county MMA enrollment [source: state-direct file]
FL,Manatee,Medicaid MCO - MMA,Sunshine Health,Centene,Region D,17734,,17734,https://ahca.myflorida.com/content/download/28711/file/ENR_202603.xls,2026-03,SMMC 3.0 plan-by-county MMA enrollment [source: state-direct file]
FL,Marion,Medicaid MCO - MMA,Sunshine Health,Centene,Region B,33343,,33343,https://ahca.myflorida.com/content/download/28711/file/ENR_202603.xls,2026-03,SMMC 3.0 plan-by-county MMA enrollment [source: state-direct file]
FL,Martin,Medicaid MCO - MMA,Sunshine Health,Centene,Region G,6850,,6850,https://ahca.myflorida.com/content/download/28711/file/ENR_202603.xls,2026-03,SMMC 3.0 plan-by-county MMA enrollment [source: state-direct file]
FL,Monroe,Medicaid MCO - MMA,Sunshine Health,Centene,Region I,2726,,2726,https://ahca.myflorida.com/content/download/28711/file/ENR_202603.xls,2026-03,SMMC 3.0 plan-by-county MMA enrollment [source: state-direct file]
FL,Nassau,Medicaid MCO - MMA,Sunshine Health,Centene,Region B,3792,,3792,https://ahca.myflorida.com/content/download/28711/file/ENR_202603.xls,2026-03,SMMC 3.0 plan-by-county MMA enrollment [source: state-direct file]
FL,Okaloosa,Medicaid MCO - MMA,Sunshine Health,Centene,Region A,7898,,7898,https://ahca.myflorida.com/content/download/28711/file/ENR_202603.xls,2026-03,SMMC 3.0 plan-by-county MMA enrollment [source: state-direct file]
FL,Okeechobee,Medicaid MCO - MMA,Sunshine Health,Centene,Region G,3577,,3577,https://ahca.myflorida.com/content/download/28711/file/ENR_202603.xls,2026-03,SMMC 3.0 plan-by-county MMA enrollment [source: state-direct file]
FL,Orange,Medicaid MCO - MMA,Sunshine Health,Centene,Region E,83150,,83150,https://ahca.myflorida.com/content/download/28711/file/ENR_202603.xls,2026-03,SMMC 3.0 plan-by-county MMA enrollment [source: state-direct file]
FL,Osceola,Medicaid MCO - MMA,Sunshine Health,Centene,Region E,32025,,32025,https://ahca.myflorida.com/content/download/28711/file/ENR_202603.xls,2026-03,SMMC 3.0 plan-by-county MMA enrollment [source: state-direct file]
FL,Palm Beach,Medicaid MCO - MMA,Sunshine Health,Centene,Region G,67285,,67285,https://ahca.myflorida.com/content/download/28711/file/ENR_202603.xls,2026-03,SMMC 3.0 plan-by-county MMA enrollment [source: state-direct file]
FL,Pasco,Medicaid MCO - MMA,Sunshine Health,Centene,Region C,31637,,31637,https://ahca.myflorida.com/content/download/28711/file/ENR_202603.xls,2026-03,SMMC 3.0 plan-by-county MMA enrollment [source: state-direct file]
FL,Pinellas,Medicaid MCO - MMA,Sunshine Health,Centene,Region C,34442,,34442,https://ahca.myflorida.com/content/download/28711/file/ENR_202603.xls,2026-03,SMMC 3.0 plan-by-county MMA enrollment [source: state-direct file]
FL,Polk,Medicaid MCO - MMA,Sunshine Health,Centene,Region D,54257,,54257,https://ahca.myflorida.com/content/download/28711/file/ENR_202603.xls,2026-03,SMMC 3.0 plan-by-county MMA enrollment [source: state-direct file]
FL,Putnam,Medicaid MCO - MMA,Sunshine Health,Centene,Region B,8877,,8877,https://ahca.myflorida.com/content/download/28711/file/ENR_202603.xls,2026-03,SMMC 3.0 plan-by-county MMA enrollment [source: state-direct file]
FL,Santa Rosa,Medicaid MCO - MMA,Sunshine Health,Centene,Region A,4497,,4497,https://ahca.myflorida.com/content/download/28711/file/ENR_202603.xls,2026-03,SMMC 3.0 plan-by-county MMA enrollment [source: state-direct file]
FL,Sarasota,Medicaid MCO - MMA,Sunshine Health,Centene,Region F,19130,,19130,https://ahca.myflorida.com/content/download/28711/file/ENR_202603.xls,2026-03,SMMC 3.0 plan-by-county MMA enrollment [source: state-direct file]
FL,Seminole,Medicaid MCO - MMA,Sunshine Health,Centene,Region E,18796,,18796,https://ahca.myflorida.com/content/download/28711/file/ENR_202603.xls,2026-03,SMMC 3.0 plan-by-county MMA enrollment [source: state-direct file]
FL,St. Johns,Medicaid MCO - MMA,Sunshine Health,Centene,Region B,7125,,7125,https://ahca.myflorida.com/content/download/28711/file/ENR_202603.xls,2026-03,SMMC 3.0 plan-by-county MMA enrollment [source: state-direct file]
FL,St. Lucie,Medicaid MCO - MMA,Sunshine Health,Centene,Region G,23899,,23899,https://ahca.myflorida.com/content/download/28711/file/ENR_202603.xls,2026-03,SMMC 3.0 plan-by-county MMA enrollment [source: state-direct file]
FL,Sumter,Medicaid MCO - MMA,Sunshine Health,Centene,Region B,4239,,4239,https://ahca.myflorida.com/content/download/28711/file/ENR_202603.xls,2026-03,SMMC 3.0 plan-by-county MMA enrollment [source: state-direct file]
FL,Suwannee,Medicaid MCO - MMA,Sunshine Health,Centene,Region B,4150,,4150,https://ahca.myflorida.com/content/download/28711/file/ENR_202603.xls,2026-03,SMMC 3.0 plan-by-county MMA enrollment [source: state-direct file]
FL,Taylor,Medicaid MCO - MMA,Sunshine Health,Centene,Region A,2719,,2719,https://ahca.myflorida.com/content/download/28711/file/ENR_202603.xls,2026-03,SMMC 3.0 plan-by-county MMA enrollment [source: state-direct file]
FL,Union,Medicaid MCO - MMA,Sunshine Health,Centene,Region B,884,,884,https://ahca.myflorida.com/content/download/28711/file/ENR_202603.xls,2026-03,SMMC 3.0 plan-by-county MMA enrollment [source: state-direct file]
FL,Volusia,Medicaid MCO - MMA,Sunshine Health,Centene,Region B,29843,,29843,https://ahca.myflorida.com/content/download/28711/file/ENR_202603.xls,2026-03,SMMC 3.0 plan-by-county MMA enrollment [source: state-direct file]
FL,Wakulla,Medicaid MCO - MMA,Sunshine Health,Centene,Region A,2231,,2231,https://ahca.myflorida.com/content/download/28711/file/ENR_202603.xls,2026-03,SMMC 3.0 plan-by-county MMA enrollment [source: state-direct file]
FL,Walton,Medicaid MCO - MMA,Sunshine Health,Centene,Region A,2988,,2988,https://ahca.myflorida.com/content/download/28711/file/ENR_202603.xls,2026-03,SMMC 3.0 plan-by-county MMA enrollment [source: state-direct file]
FL,Washington,Medicaid MCO - MMA,Sunshine Health,Centene,Region A,2448,,2448,https://ahca.myflorida.com/content/download/28711/file/ENR_202603.xls,2026-03,SMMC 3.0 plan-by-county MMA enrollment [source: state-direct file]
FL,Alachua,Medicaid MCO - MMA,UnitedHealthcare of Florida,UnitedHealth Group,Region B,5832,,5832,https://ahca.myflorida.com/content/download/28711/file/ENR_202603.xls,2026-03,SMMC 3.0 plan-by-county MMA enrollment [source: state-direct file]
FL,Baker,Medicaid MCO - MMA,UnitedHealthcare of Florida,UnitedHealth Group,Region B,1150,,1150,https://ahca.myflorida.com/content/download/28711/file/ENR_202603.xls,2026-03,SMMC 3.0 plan-by-county MMA enrollment [source: state-direct file]
FL,Bay,Medicaid MCO - MMA,UnitedHealthcare of Florida,UnitedHealth Group,Region A,9,,9,https://ahca.myflorida.com/content/download/28711/file/ENR_202603.xls,2026-03,SMMC 3.0 plan-by-county MMA enrollment [source: state-direct file]
FL,Bradford,Medicaid MCO - MMA,UnitedHealthcare of Florida,UnitedHealth Group,Region B,1149,,1149,https://ahca.myflorida.com/content/download/28711/file/ENR_202603.xls,2026-03,SMMC 3.0 plan-by-county MMA enrollment [source: state-direct file]
FL,Brevard,Medicaid MCO - MMA,UnitedHealthcare of Florida,UnitedHealth Group,Region E,8,,8,https://ahca.myflorida.com/content/download/28711/file/ENR_202603.xls,2026-03,SMMC 3.0 plan-by-county MMA enrollment [source: state-direct file]
FL,Broward,Medicaid MCO - MMA,UnitedHealthcare of Florida,UnitedHealth Group,Region H,66,,66,https://ahca.myflorida.com/content/download/28711/file/ENR_202603.xls,2026-03,SMMC 3.0 plan-by-county MMA enrollment [source: state-direct file]
FL,Charlotte,Medicaid MCO - MMA,UnitedHealthcare of Florida,UnitedHealth Group,Region F,4,,4,https://ahca.myflorida.com/content/download/28711/file/ENR_202603.xls,2026-03,SMMC 3.0 plan-by-county MMA enrollment [source: state-direct file]
FL,Citrus,Medicaid MCO - MMA,UnitedHealthcare of Florida,UnitedHealth Group,Region B,4818,,4818,https://ahca.myflorida.com/content/download/28711/file/ENR_202603.xls,2026-03,SMMC 3.0 plan-by-county MMA enrollment [source: state-direct file]
FL,Clay,Medicaid MCO - MMA,UnitedHealthcare of Florida,UnitedHealth Group,Region B,7671,,7671,https://ahca.myflorida.com/content/download/28711/file/ENR_202603.xls,2026-03,SMMC 3.0 plan-by-county MMA enrollment [source: state-direct file]
FL,Collier,Medicaid MCO - MMA,UnitedHealthcare of Florida,UnitedHealth Group,Region F,6,,6,https://ahca.myflorida.com/content/download/28711/file/ENR_202603.xls,2026-03,SMMC 3.0 plan-by-county MMA enrollment [source: state-direct file]
FL,Columbia,Medicaid MCO - MMA,UnitedHealthcare of Florida,UnitedHealth Group,Region B,3112,,3112,https://ahca.myflorida.com/content/download/28711/file/ENR_202603.xls,2026-03,SMMC 3.0 plan-by-county MMA enrollment [source: state-direct file]
FL,Dade,Medicaid MCO - MMA,UnitedHealthcare of Florida,UnitedHealth Group,Region I,51699,,51699,https://ahca.myflorida.com/content/download/28711/file/ENR_202603.xls,2026-03,SMMC 3.0 plan-by-county MMA enrollment [source: state-direct file]
FL,Desoto,Medicaid MCO - MMA,UnitedHealthcare of Florida,UnitedHealth Group,Region F,1,,1,https://ahca.myflorida.com/content/download/28711/file/ENR_202603.xls,2026-03,SMMC 3.0 plan-by-county MMA enrollment [source: state-direct file]
FL,Dixie,Medicaid MCO - MMA,UnitedHealthcare of Florida,UnitedHealth Group,Region B,626,,626,https://ahca.myflorida.com/content/download/28711/file/ENR_202603.xls,2026-03,SMMC 3.0 plan-by-county MMA enrollment [source: state-direct file]
FL,Duval,Medicaid MCO - MMA,UnitedHealthcare of Florida,UnitedHealth Group,Region B,40102,,40102,https://ahca.myflorida.com/content/download/28711/file/ENR_202603.xls,2026-03,SMMC 3.0 plan-by-county MMA enrollment [source: state-direct file]
FL,Escambia,Medicaid MCO - MMA,UnitedHealthcare of Florida,UnitedHealth Group,Region A,5,,5,https://ahca.myflorida.com/content/download/28711/file/ENR_202603.xls,2026-03,SMMC 3.0 plan-by-county MMA enrollment [source: state-direct file]
FL,Flagler,Medicaid MCO - MMA,UnitedHealthcare of Florida,UnitedHealth Group,Region B,4792,,4792,https://ahca.myflorida.com/content/download/28711/file/ENR_202603.xls,2026-03,SMMC 3.0 plan-by-county MMA enrollment [source: state-direct file]
FL,Gilchrist,Medicaid MCO - MMA,UnitedHealthcare of Florida,UnitedHealth Group,Region B,728,,728,https://ahca.myflorida.com/content/download/28711/file/ENR_202603.xls,2026-03,SMMC 3.0 plan-by-county MMA enrollment [source: state-direct file]
FL,Hamilton,Medicaid MCO - MMA,UnitedHealthcare of Florida,UnitedHealth Group,Region B,508,,508,https://ahca.myflorida.com/content/download/28711/file/ENR_202603.xls,2026-03,SMMC 3.0 plan-by-county MMA enrollment [source: state-direct file]
FL,Hardee,Medicaid MCO - MMA,UnitedHealthcare of Florida,UnitedHealth Group,Region D,429,,429,https://ahca.myflorida.com/content/download/28711/file/ENR_202603.xls,2026-03,SMMC 3.0 plan-by-county MMA enrollment [source: state-direct file]
FL,Hendry,Medicaid MCO - MMA,UnitedHealthcare of Florida,UnitedHealth Group,Region F,2,,2,https://ahca.myflorida.com/content/download/28711/file/ENR_202603.xls,2026-03,SMMC 3.0 plan-by-county MMA enrollment [source: state-direct file]
FL,Hernando,Medicaid MCO - MMA,UnitedHealthcare of Florida,UnitedHealth Group,Region B,5122,,5122,https://ahca.myflorida.com/content/download/28711/file/ENR_202603.xls,2026-03,SMMC 3.0 plan-by-county MMA enrollment [source: state-direct file]
FL,Highlands,Medicaid MCO - MMA,UnitedHealthcare of Florida,UnitedHealth Group,Region D,1488,,1488,https://ahca.myflorida.com/content/download/28711/file/ENR_202603.xls,2026-03,SMMC 3.0 plan-by-county MMA enrollment [source: state-direct file]
FL,Hillsborough,Medicaid MCO - MMA,UnitedHealthcare of Florida,UnitedHealth Group,Region D,18992,,18992,https://ahca.myflorida.com/content/download/28711/file/ENR_202603.xls,2026-03,SMMC 3.0 plan-by-county MMA enrollment [source: state-direct file]
FL,Indian River,Medicaid MCO - MMA,UnitedHealthcare of Florida,UnitedHealth Group,Region G,3,,3,https://ahca.myflorida.com/content/download/28711/file/ENR_202603.xls,2026-03,SMMC 3.0 plan-by-county MMA enrollment [source: state-direct file]
FL,Jackson,Medicaid MCO - MMA,UnitedHealthcare of Florida,UnitedHealth Group,Region A,1,,1,https://ahca.myflorida.com/content/download/28711/file/ENR_202603.xls,2026-03,SMMC 3.0 plan-by-county MMA enrollment [source: state-direct file]
FL,Jefferson,Medicaid MCO - MMA,UnitedHealthcare of Florida,UnitedHealth Group,Region A,1,,1,https://ahca.myflorida.com/content/download/28711/file/ENR_202603.xls,2026-03,SMMC 3.0 plan-by-county MMA enrollment [source: state-direct file]
FL,Lafayette,Medicaid MCO - MMA,UnitedHealthcare of Florida,UnitedHealth Group,Region B,229,,229,https://ahca.myflorida.com/content/download/28711/file/ENR_202603.xls,2026-03,SMMC 3.0 plan-by-county MMA enrollment [source: state-direct file]
FL,Lake,Medicaid MCO - MMA,UnitedHealthcare of Florida,UnitedHealth Group,Region B,12224,,12224,https://ahca.myflorida.com/content/download/28711/file/ENR_202603.xls,2026-03,SMMC 3.0 plan-by-county MMA enrollment [source: state-direct file]
FL,Lee,Medicaid MCO - MMA,UnitedHealthcare of Florida,UnitedHealth Group,Region F,42,,42,https://ahca.myflorida.com/content/download/28711/file/ENR_202603.xls,2026-03,SMMC 3.0 plan-by-county MMA enrollment [source: state-direct file]
FL,Leon,Medicaid MCO - MMA,UnitedHealthcare of Florida,UnitedHealth Group,Region A,9,,9,https://ahca.myflorida.com/content/download/28711/file/ENR_202603.xls,2026-03,SMMC 3.0 plan-by-county MMA enrollment [source: state-direct file]
FL,Levy,Medicaid MCO - MMA,UnitedHealthcare of Florida,UnitedHealth Group,Region B,1450,,1450,https://ahca.myflorida.com/content/download/28711/file/ENR_202603.xls,2026-03,SMMC 3.0 plan-by-county MMA enrollment [source: state-direct file]
FL,Manatee,Medicaid MCO - MMA,UnitedHealthcare of Florida,UnitedHealth Group,Region D,3902,,3902,https://ahca.myflorida.com/content/download/28711/file/ENR_202603.xls,2026-03,SMMC 3.0 plan-by-county MMA enrollment [source: state-direct file]
FL,Marion,Medicaid MCO - MMA,UnitedHealthcare of Florida,UnitedHealth Group,Region B,14138,,14138,https://ahca.myflorida.com/content/download/28711/file/ENR_202603.xls,2026-03,SMMC 3.0 plan-by-county MMA enrollment [source: state-direct file]
FL,Martin,Medicaid MCO - MMA,UnitedHealthcare of Florida,UnitedHealth Group,Region G,2,,2,https://ahca.myflorida.com/content/download/28711/file/ENR_202603.xls,2026-03,SMMC 3.0 plan-by-county MMA enrollment [source: state-direct file]
FL,Monroe,Medicaid MCO - MMA,UnitedHealthcare of Florida,UnitedHealth Group,Region I,766,,766,https://ahca.myflorida.com/content/download/28711/file/ENR_202603.xls,2026-03,SMMC 3.0 plan-by-county MMA enrollment [source: state-direct file]
FL,Nassau,Medicaid MCO - MMA,UnitedHealthcare of Florida,UnitedHealth Group,Region B,2156,,2156,https://ahca.myflorida.com/content/download/28711/file/ENR_202603.xls,2026-03,SMMC 3.0 plan-by-county MMA enrollment [source: state-direct file]
FL,Okaloosa,Medicaid MCO - MMA,UnitedHealthcare of Florida,UnitedHealth Group,Region A,7,,7,https://ahca.myflorida.com/content/download/28711/file/ENR_202603.xls,2026-03,SMMC 3.0 plan-by-county MMA enrollment [source: state-direct file]
FL,Orange,Medicaid MCO - MMA,UnitedHealthcare of Florida,UnitedHealth Group,Region E,62,,62,https://ahca.myflorida.com/content/download/28711/file/ENR_202603.xls,2026-03,SMMC 3.0 plan-by-county MMA enrollment [source: state-direct file]
FL,Osceola,Medicaid MCO - MMA,UnitedHealthcare of Florida,UnitedHealth Group,Region E,88,,88,https://ahca.myflorida.com/content/download/28711/file/ENR_202603.xls,2026-03,SMMC 3.0 plan-by-county MMA enrollment [source: state-direct file]
FL,Palm Beach,Medicaid MCO - MMA,UnitedHealthcare of Florida,UnitedHealth Group,Region G,10,,10,https://ahca.myflorida.com/content/download/28711/file/ENR_202603.xls,2026-03,SMMC 3.0 plan-by-county MMA enrollment [source: state-direct file]
FL,Pasco,Medicaid MCO - MMA,UnitedHealthcare of Florida,UnitedHealth Group,Region C,57,,57,https://ahca.myflorida.com/content/download/28711/file/ENR_202603.xls,2026-03,SMMC 3.0 plan-by-county MMA enrollment [source: state-direct file]
FL,Pinellas,Medicaid MCO - MMA,UnitedHealthcare of Florida,UnitedHealth Group,Region C,26,,26,https://ahca.myflorida.com/content/download/28711/file/ENR_202603.xls,2026-03,SMMC 3.0 plan-by-county MMA enrollment [source: state-direct file]
FL,Polk,Medicaid MCO - MMA,UnitedHealthcare of Florida,UnitedHealth Group,Region D,11896,,11896,https://ahca.myflorida.com/content/download/28711/file/ENR_202603.xls,2026-03,SMMC 3.0 plan-by-county MMA enrollment [source: state-direct file]
FL,Putnam,Medicaid MCO - MMA,UnitedHealthcare of Florida,UnitedHealth Group,Region B,3808,,3808,https://ahca.myflorida.com/content/download/28711/file/ENR_202603.xls,2026-03,SMMC 3.0 plan-by-county MMA enrollment [source: state-direct file]
FL,Santa Rosa,Medicaid MCO - MMA,UnitedHealthcare of Florida,UnitedHealth Group,Region A,2,,2,https://ahca.myflorida.com/content/download/28711/file/ENR_202603.xls,2026-03,SMMC 3.0 plan-by-county MMA enrollment [source: state-direct file]
FL,Sarasota,Medicaid MCO - MMA,UnitedHealthcare of Florida,UnitedHealth Group,Region F,23,,23,https://ahca.myflorida.com/content/download/28711/file/ENR_202603.xls,2026-03,SMMC 3.0 plan-by-county MMA enrollment [source: state-direct file]
FL,Seminole,Medicaid MCO - MMA,UnitedHealthcare of Florida,UnitedHealth Group,Region E,20,,20,https://ahca.myflorida.com/content/download/28711/file/ENR_202603.xls,2026-03,SMMC 3.0 plan-by-county MMA enrollment [source: state-direct file]
FL,St. Johns,Medicaid MCO - MMA,UnitedHealthcare of Florida,UnitedHealth Group,Region B,4248,,4248,https://ahca.myflorida.com/content/download/28711/file/ENR_202603.xls,2026-03,SMMC 3.0 plan-by-county MMA enrollment [source: state-direct file]
FL,St. Lucie,Medicaid MCO - MMA,UnitedHealthcare of Florida,UnitedHealth Group,Region G,9,,9,https://ahca.myflorida.com/content/download/28711/file/ENR_202603.xls,2026-03,SMMC 3.0 plan-by-county MMA enrollment [source: state-direct file]
FL,Sumter,Medicaid MCO - MMA,UnitedHealthcare of Florida,UnitedHealth Group,Region B,1883,,1883,https://ahca.myflorida.com/content/download/28711/file/ENR_202603.xls,2026-03,SMMC 3.0 plan-by-county MMA enrollment [source: state-direct file]
FL,Suwannee,Medicaid MCO - MMA,UnitedHealthcare of Florida,UnitedHealth Group,Region B,1908,,1908,https://ahca.myflorida.com/content/download/28711/file/ENR_202603.xls,2026-03,SMMC 3.0 plan-by-county MMA enrollment [source: state-direct file]
FL,Taylor,Medicaid MCO - MMA,UnitedHealthcare of Florida,UnitedHealth Group,Region A,1,,1,https://ahca.myflorida.com/content/download/28711/file/ENR_202603.xls,2026-03,SMMC 3.0 plan-by-county MMA enrollment [source: state-direct file]
FL,Union,Medicaid MCO - MMA,UnitedHealthcare of Florida,UnitedHealth Group,Region B,582,,582,https://ahca.myflorida.com/content/download/28711/file/ENR_202603.xls,2026-03,SMMC 3.0 plan-by-county MMA enrollment [source: state-direct file]
FL,Volusia,Medicaid MCO - MMA,UnitedHealthcare of Florida,UnitedHealth Group,Region B,24147,,24147,https://ahca.myflorida.com/content/download/28711/file/ENR_202603.xls,2026-03,SMMC 3.0 plan-by-county MMA enrollment [source: state-direct file]
FL,Wakulla,Medicaid MCO - MMA,UnitedHealthcare of Florida,UnitedHealth Group,Region A,3,,3,https://ahca.myflorida.com/content/download/28711/file/ENR_202603.xls,2026-03,SMMC 3.0 plan-by-county MMA enrollment [source: state-direct file]
GA,,Medicaid MCO,Amerigroup Community Care of Georgia,Elevance Health (Wellpoint),Statewide,,,,https://medicaid.georgia.gov/programs/all-programs/georgia-families/care-management-organizations-cmo,2025,"GA DCH publishes CMO Flash Reports through 2022 only; current plan-level enrollment not publicly downloadable. As of March 2025, 3 active CMOs (Amerigroup, CareSource, Peach State); WellCare may also be present. [source: state-direct file]"
GA,,Medicaid MCO,CareSource Georgia,CareSource,Statewide,,,,https://medicaid.georgia.gov/programs/all-programs/georgia-families/care-management-organizations-cmo,2025,"GA DCH publishes CMO Flash Reports through 2022 only; current plan-level enrollment not publicly downloadable. As of March 2025, 3 active CMOs (Amerigroup, CareSource, Peach State); WellCare may also be present. [source: state-direct file]"
GA,,Medicaid MCO,Peach State Health Plan,Centene,Statewide,,,,https://medicaid.georgia.gov/programs/all-programs/georgia-families/care-management-organizations-cmo,2025,"GA DCH publishes CMO Flash Reports through 2022 only; current plan-level enrollment not publicly downloadable. As of March 2025, 3 active CMOs (Amerigroup, CareSource, Peach State); WellCare may also be present. [source: state-direct file]"
GA,,Medicaid MCO,WellCare of Georgia,Centene,Statewide,,,,https://medicaid.georgia.gov/programs/all-programs/georgia-families/care-management-organizations-cmo,2025,"GA DCH publishes CMO Flash Reports through 2022 only; current plan-level enrollment not publicly downloadable. As of March 2025, 3 active CMOs (Amerigroup, CareSource, Peach State); WellCare may also be present. [source: state-direct file]"
IL,,Medicaid MCO,Aetna Better Health of Illinois,Aetna (CVS Health),Statewide,337152,,337152,https://hfs.illinois.gov/content/dam/soi/en/web/hfs/info/factsfigures/detailedmanagedcare/march2026detenr.pdf,2026-03,HealthChoice Illinois [source: state-direct file]
IL,,Medicaid MCO,Blue Cross Community Health Plans,Health Care Service Corporation,Statewide,686806,,686806,https://hfs.illinois.gov/content/dam/soi/en/web/hfs/info/factsfigures/detailedmanagedcare/march2026detenr.pdf,2026-03,HealthChoice Illinois - largest plan [source: state-direct file]
IL,Cook,Medicaid MCO,CountyCare Health Plan,Cook County Health,Cook County,380996,,380996,https://hfs.illinois.gov/content/dam/soi/en/web/hfs/info/factsfigures/detailedmanagedcare/march2026detenr.pdf,2026-03,HealthChoice Illinois - Cook County only [source: state-direct file]
IL,,Medicaid MCO Specialty (MMAI),Humana Health Plan,Humana,Statewide,24003,24003,24003,https://hfs.illinois.gov/content/dam/soi/en/web/hfs/info/factsfigures/detailedmanagedcare/march2026detenr.pdf,2026-03,Medicare-Medicaid Alignment Initiative (dual eligibles) [source: state-direct file]
IL,,Medicaid MCO,Meridian Health Plan of Illinois,Centene,Statewide,625790,,625790,https://hfs.illinois.gov/content/dam/soi/en/web/hfs/info/factsfigures/detailedmanagedcare/march2026detenr.pdf,2026-03,HealthChoice Illinois [source: state-direct file]
IL,,Medicaid MCO,Molina Healthcare of Illinois,Molina Healthcare,Statewide,277674,,277674,https://hfs.illinois.gov/content/dam/soi/en/web/hfs/info/factsfigures/detailedmanagedcare/march2026detenr.pdf,2026-03,HealthChoice Illinois [source: state-direct file]
IL,,Medicaid MCO Specialty,YouthCare HealthChoice Illinois,Centene,Statewide,15935,,15935,https://hfs.illinois.gov/content/dam/soi/en/web/hfs/info/factsfigures/detailedmanagedcare/march2026detenr.pdf,2026-03,Specialty plan for youth in care/former foster youth [source: state-direct file]
IN,,Medicaid MCO,Anthem Blue Cross Blue Shield Indiana,Elevance Health,Statewide,,,,https://www.in.gov/medicaid/members/member-resources/managed-care-health-plans/,2026-01,IN FSSA quarterly report has aggregate enrollment but plan-level breakdown not in downloadable format. MDwise exited Indiana Medicaid 1/1/2026. ~1.4M total in HHW/HIP/Pathways combined. [source: state-direct file]
IN,,Medicaid MCO,CareSource Indiana,CareSource,Statewide,,,,https://www.in.gov/medicaid/members/member-resources/managed-care-health-plans/,2026-01,IN FSSA quarterly report has aggregate enrollment but plan-level breakdown not in downloadable format. MDwise exited Indiana Medicaid 1/1/2026. ~1.4M total in HHW/HIP/Pathways combined. [source: state-direct file]
IN,,Medicaid MCO,Managed Health Services (MHS) Indiana,Centene,Statewide,,,,https://www.in.gov/medicaid/members/member-resources/managed-care-health-plans/,2026-01,IN FSSA quarterly report has aggregate enrollment but plan-level breakdown not in downloadable format. MDwise exited Indiana Medicaid 1/1/2026. ~1.4M total in HHW/HIP/Pathways combined. [source: state-direct file]
IN,,Medicaid MCO,UnitedHealthcare Community Plan of Indiana,UnitedHealth Group,Statewide,,,,https://www.in.gov/medicaid/members/member-resources/managed-care-health-plans/,2026-01,IN FSSA quarterly report has aggregate enrollment but plan-level breakdown not in downloadable format. MDwise exited Indiana Medicaid 1/1/2026. ~1.4M total in HHW/HIP/Pathways combined. [source: state-direct file]
KY,,Medicaid MCO,Aetna Better Health of Kentucky,Aetna (CVS Health),Statewide,226543,,226543,https://www.chfs.ky.gov/agencies/dms/dpqo/mco-cmb/Pages/mco-options.aspx,2025-06,Reported in KY DMS FY2025 evaluation [source: state-direct file]
KY,,Medicaid MCO,Humana Healthy Horizons in Kentucky,Humana,Statewide,,,,https://www.chfs.ky.gov/agencies/dms/dpqo/mco-cmb/Pages/mco-options.aspx,2025,"KY DMS publishes county-level Medicaid totals but not MCO-by-county enrollment publicly. Aetna FY2025 reported 226,543 members; KY total Medicaid 1,440,968 (June 2025). Plan-by-plan breakdown not publicly downloadable. [source: state-direct file]"
KY,,Medicaid MCO,Passport Health Plan by Molina Healthcare,Molina Healthcare,Statewide,,,,https://www.chfs.ky.gov/agencies/dms/dpqo/mco-cmb/Pages/mco-options.aspx,2025,"KY DMS publishes county-level Medicaid totals but not MCO-by-county enrollment publicly. Aetna FY2025 reported 226,543 members; KY total Medicaid 1,440,968 (June 2025). Plan-by-plan breakdown not publicly downloadable. [source: state-direct file]"
KY,,Medicaid MCO,UnitedHealthcare Community Plan of Kentucky,UnitedHealth Group,Statewide,,,,https://www.chfs.ky.gov/agencies/dms/dpqo/mco-cmb/Pages/mco-options.aspx,2025,"KY DMS publishes county-level Medicaid totals but not MCO-by-county enrollment publicly. Aetna FY2025 reported 226,543 members; KY total Medicaid 1,440,968 (June 2025). Plan-by-plan breakdown not publicly downloadable. [source: state-direct file]"
KY,,Medicaid MCO,WellCare of Kentucky,Centene,Statewide,,,,https://www.chfs.ky.gov/agencies/dms/dpqo/mco-cmb/Pages/mco-options.aspx,2025,"KY DMS publishes county-level Medicaid totals but not MCO-by-county enrollment publicly. Aetna FY2025 reported 226,543 members; KY total Medicaid 1,440,968 (June 2025). Plan-by-plan breakdown not publicly downloadable. [source: state-direct file]"
MA,,Medicaid FFS,Fee-for-service,MassHealth (state-administered),Statewide,57416,,57416,https://www.mass.gov/doc/masshealth-caseload-snapshot-and-enrollment-summary-february-2026/download,2026-02,"MassHealth public snapshot reports enrollment by plan TYPE only, not individual ACO/MCO. Total Feb 2026 caseload: 1,909,412 [source: state-direct file]"
MA,,Medicaid ACO,"Multiple ACO-A partnerships (MGB, BILH, EBNHC, Boston Children's, Mercy, Signature, Berkshire Fallon, Fallon 365, Fallon Atrius, Be Healthy)",Multiple,Statewide,827020,,827020,https://www.mass.gov/doc/masshealth-caseload-snapshot-and-enrollment-summary-february-2026/download,2026-02,"MassHealth public snapshot reports enrollment by plan TYPE only, not individual ACO/MCO. Total Feb 2026 caseload: 1,909,412 [source: state-direct file]"
MA,,Medicaid ACO,Multiple ACO-Plus and other ACO categories,Multiple,Statewide,347313,,347313,https://www.mass.gov/doc/masshealth-caseload-snapshot-and-enrollment-summary-february-2026/download,2026-02,"MassHealth public snapshot reports enrollment by plan TYPE only, not individual ACO/MCO. Total Feb 2026 caseload: 1,909,412 [source: state-direct file]"
MA,,Medicaid ACO,Multiple Primary Care ACO Plans,Multiple,Statewide,262512,,262512,https://www.mass.gov/doc/masshealth-caseload-snapshot-and-enrollment-summary-february-2026/download,2026-02,"MassHealth public snapshot reports enrollment by plan TYPE only, not individual ACO/MCO. Total Feb 2026 caseload: 1,909,412 [source: state-direct file]"
MA,,Medicaid MCO Specialty (Dual),One Care plans (dual-eligible adults 21-64),"Multiple (CCA, Tufts, etc.)",Statewide,37573,,37573,https://www.mass.gov/doc/masshealth-caseload-snapshot-and-enrollment-summary-february-2026/download,2026-02,"MassHealth public snapshot reports enrollment by plan TYPE only, not individual ACO/MCO. Total Feb 2026 caseload: 1,909,412 [source: state-direct file]"
MA,,Medicaid PCCM,PCC Plan,MassHealth (state-administered),Statewide,63402,,63402,https://www.mass.gov/doc/masshealth-caseload-snapshot-and-enrollment-summary-february-2026/download,2026-02,"MassHealth public snapshot reports enrollment by plan TYPE only, not individual ACO/MCO. Total Feb 2026 caseload: 1,909,412 [source: state-direct file]"
MA,,Medicaid MCO Specialty (PACE),Program of All-Inclusive Care for the Elderly,Multiple PACE organizations,Statewide,5805,,5805,https://www.mass.gov/doc/masshealth-caseload-snapshot-and-enrollment-summary-february-2026/download,2026-02,"MassHealth public snapshot reports enrollment by plan TYPE only, not individual ACO/MCO. Total Feb 2026 caseload: 1,909,412 [source: state-direct file]"
MA,,Medicaid MCO Specialty (Senior),SCO plans (dual-eligible 65+),"Multiple (BMC HealthNet/WellSense, NaviCare, etc.)",Statewide,75901,,75901,https://www.mass.gov/doc/masshealth-caseload-snapshot-and-enrollment-summary-february-2026/download,2026-02,"MassHealth public snapshot reports enrollment by plan TYPE only, not individual ACO/MCO. Total Feb 2026 caseload: 1,909,412 [source: state-direct file]"
MA,,Medicaid Senior Other,Senior population not in managed care,MassHealth,Statewide,98373,,98373,https://www.mass.gov/doc/masshealth-caseload-snapshot-and-enrollment-summary-february-2026/download,2026-02,"MassHealth public snapshot reports enrollment by plan TYPE only, not individual ACO/MCO. Total Feb 2026 caseload: 1,909,412 [source: state-direct file]"
MA,,Medicaid AA Temp,Temporary coverage,MassHealth,Statewide,136,,136,https://www.mass.gov/doc/masshealth-caseload-snapshot-and-enrollment-summary-february-2026/download,2026-02,"MassHealth public snapshot reports enrollment by plan TYPE only, not individual ACO/MCO. Total Feb 2026 caseload: 1,909,412 [source: state-direct file]"
MA,,Medicaid TPL,Third-Party Liability (members with primary coverage),MassHealth (state-administered),Statewide,115915,,115915,https://www.mass.gov/doc/masshealth-caseload-snapshot-and-enrollment-summary-february-2026/download,2026-02,"MassHealth public snapshot reports enrollment by plan TYPE only, not individual ACO/MCO. Total Feb 2026 caseload: 1,909,412 [source: state-direct file]"
MA,,Medicaid MCO Legacy,Traditional MCO HMO option,Multiple (legacy),Statewide,12170,,12170,https://www.mass.gov/doc/masshealth-caseload-snapshot-and-enrollment-summary-february-2026/download,2026-02,"MassHealth public snapshot reports enrollment by plan TYPE only, not individual ACO/MCO. Total Feb 2026 caseload: 1,909,412 [source: state-direct file]"
MA,,Medicaid MCO,WellSense / Tufts Health Together CarePlus MCO,WellSense (BMC) / Point32Health,Statewide,5876,,5876,https://www.mass.gov/doc/masshealth-caseload-snapshot-and-enrollment-summary-february-2026/download,2026-02,"MassHealth public snapshot reports enrollment by plan TYPE only, not individual ACO/MCO. Total Feb 2026 caseload: 1,909,412 [source: state-direct file]"
MD,,HealthChoice (Comprehensive MCO),Aetna Better Health of Maryland,CVS Health,Statewide,0,0,0,https://data.medicaid.gov/dataset/0bef7b8a-c663-5b14-9a46-0b5c2b86b0fe/data,2024,-- [source: CMS 2024 Table 5]
MD,,HealthChoice (Comprehensive MCO),CareFirst BlueCross BlueShield Community Health Plan Maryland,CareFirst,Statewide,0,0,0,https://data.medicaid.gov/dataset/0bef7b8a-c663-5b14-9a46-0b5c2b86b0fe/data,2024,-- [source: CMS 2024 Table 5]
MD,,PACE (PACE),Hopkins ElderPlus,Johns Hopkins HealthCare,"21202, 21205, 21206, 21213, 21214, 21217, 21218, 21219, 21220, 21221, 21222, 21224, 21227, 21231, 21237, 21052",0,105,105,https://data.medicaid.gov/dataset/0bef7b8a-c663-5b14-9a46-0b5c2b86b0fe/data,2024,-- [source: CMS 2024 Table 5]
MD,,HealthChoice (Comprehensive MCO),Jai Medical Systems,Jai Medical Systems,"Baltimore City, Anne Arundel, Baltimore, Carroll, Harford, Howard, and Prince George's Counties",0,0,0,https://data.medicaid.gov/dataset/0bef7b8a-c663-5b14-9a46-0b5c2b86b0fe/data,2024,-- [source: CMS 2024 Table 5]
MD,,HealthChoice (Comprehensive MCO),Kaiser Permanente,"Kaiser Foundation Health Plan of the Mid-Atlantic, Inc.","Baltimore City, Anne Arundel, Baltimore County, Calvert, Charles, Harford, Howard, Montgomery, and Prince George's Counties",0,0,0,https://data.medicaid.gov/dataset/0bef7b8a-c663-5b14-9a46-0b5c2b86b0fe/data,2024,-- [source: CMS 2024 Table 5]
MD,,HealthChoice (Comprehensive MCO),Maryland Physicians Care,"Maryland Care, Inc.",Statewide,0,0,0,https://data.medicaid.gov/dataset/0bef7b8a-c663-5b14-9a46-0b5c2b86b0fe/data,2024,-- [source: CMS 2024 Table 5]
MD,,HealthChoice (Comprehensive MCO),MedStar Family Choice,MedStar Health,"Baltimore City, Anne Arundel, Baltimore, Calvert, Charles, Harford, Montgomery, Prince George's, and St. Mary's Counties",0,0,0,https://data.medicaid.gov/dataset/0bef7b8a-c663-5b14-9a46-0b5c2b86b0fe/data,2024,-- [source: CMS 2024 Table 5]
MD,,HealthChoice (Comprehensive MCO),Priority Partners,Johns Hopkins HealthCare,Statewide,0,0,0,https://data.medicaid.gov/dataset/0bef7b8a-c663-5b14-9a46-0b5c2b86b0fe/data,2024,-- [source: CMS 2024 Table 5]
MD,,HealthChoice (Comprehensive MCO),UnitedHealthcare Community Plan,UnitedHealthcare of the Mid-Atlantic,"Baltimore City, Anne Arundel, Baltimore, Calvert, Caroline, Carroll, Cecil, Charles, Dorchester, Frederick, Harford, Howard, Kent, Montgomery, Prince George's, Queen Anne's, Somerset, St. Mary's, Talbot, Washington, Wicomico, and Worcester Counties",0,0,0,https://data.medicaid.gov/dataset/0bef7b8a-c663-5b14-9a46-0b5c2b86b0fe/data,2024,-- [source: CMS 2024 Table 5]
MD,,HealthChoice (Comprehensive MCO),Wellpoint Maryland,Elevance Health,Statewide,0,0,0,https://data.medicaid.gov/dataset/0bef7b8a-c663-5b14-9a46-0b5c2b86b0fe/data,2024,-- [source: CMS 2024 Table 5]
MI,Berrien,Medicaid MCO,Aetna Better Health of Michigan,Aetna (CVS Health),,1152,,1152,https://www.michigan.gov/mdhhs/assistance-programs/medicaid/portalhome/reports/medicaid-and-healthy-michigan-plan-health-plan-enrollment-report,2026-03,Michigan CHCP - Medicaid + Healthy Michigan Plan [source: state-direct file]
MI,Branch,Medicaid MCO,Aetna Better Health of Michigan,Aetna (CVS Health),,367,,367,https://www.michigan.gov/mdhhs/assistance-programs/medicaid/portalhome/reports/medicaid-and-healthy-michigan-plan-health-plan-enrollment-report,2026-03,Michigan CHCP - Medicaid + Healthy Michigan Plan [source: state-direct file]
MI,Calhoun,Medicaid MCO,Aetna Better Health of Michigan,Aetna (CVS Health),,1207,,1207,https://www.michigan.gov/mdhhs/assistance-programs/medicaid/portalhome/reports/medicaid-and-healthy-michigan-plan-health-plan-enrollment-report,2026-03,Michigan CHCP - Medicaid + Healthy Michigan Plan [source: state-direct file]
MI,Cass,Medicaid MCO,Aetna Better Health of Michigan,Aetna (CVS Health),,443,,443,https://www.michigan.gov/mdhhs/assistance-programs/medicaid/portalhome/reports/medicaid-and-healthy-michigan-plan-health-plan-enrollment-report,2026-03,Michigan CHCP - Medicaid + Healthy Michigan Plan [source: state-direct file]
MI,Clinton,Medicaid MCO,Aetna Better Health of Michigan,Aetna (CVS Health),,520,,520,https://www.michigan.gov/mdhhs/assistance-programs/medicaid/portalhome/reports/medicaid-and-healthy-michigan-plan-health-plan-enrollment-report,2026-03,Michigan CHCP - Medicaid + Healthy Michigan Plan [source: state-direct file]
MI,Eaton,Medicaid MCO,Aetna Better Health of Michigan,Aetna (CVS Health),,1247,,1247,https://www.michigan.gov/mdhhs/assistance-programs/medicaid/portalhome/reports/medicaid-and-healthy-michigan-plan-health-plan-enrollment-report,2026-03,Michigan CHCP - Medicaid + Healthy Michigan Plan [source: state-direct file]
MI,Hillsdale,Medicaid MCO,Aetna Better Health of Michigan,Aetna (CVS Health),,275,,275,https://www.michigan.gov/mdhhs/assistance-programs/medicaid/portalhome/reports/medicaid-and-healthy-michigan-plan-health-plan-enrollment-report,2026-03,Michigan CHCP - Medicaid + Healthy Michigan Plan [source: state-direct file]
MI,Ingham,Medicaid MCO,Aetna Better Health of Michigan,Aetna (CVS Health),,5051,,5051,https://www.michigan.gov/mdhhs/assistance-programs/medicaid/portalhome/reports/medicaid-and-healthy-michigan-plan-health-plan-enrollment-report,2026-03,Michigan CHCP - Medicaid + Healthy Michigan Plan [source: state-direct file]
MI,Jackson,Medicaid MCO,Aetna Better Health of Michigan,Aetna (CVS Health),,1348,,1348,https://www.michigan.gov/mdhhs/assistance-programs/medicaid/portalhome/reports/medicaid-and-healthy-michigan-plan-health-plan-enrollment-report,2026-03,Michigan CHCP - Medicaid + Healthy Michigan Plan [source: state-direct file]
MI,Kalamazoo,Medicaid MCO,Aetna Better Health of Michigan,Aetna (CVS Health),,2053,,2053,https://www.michigan.gov/mdhhs/assistance-programs/medicaid/portalhome/reports/medicaid-and-healthy-michigan-plan-health-plan-enrollment-report,2026-03,Michigan CHCP - Medicaid + Healthy Michigan Plan [source: state-direct file]
MI,Lenawee,Medicaid MCO,Aetna Better Health of Michigan,Aetna (CVS Health),,401,,401,https://www.michigan.gov/mdhhs/assistance-programs/medicaid/portalhome/reports/medicaid-and-healthy-michigan-plan-health-plan-enrollment-report,2026-03,Michigan CHCP - Medicaid + Healthy Michigan Plan [source: state-direct file]
MI,Livingston,Medicaid MCO,Aetna Better Health of Michigan,Aetna (CVS Health),,353,,353,https://www.michigan.gov/mdhhs/assistance-programs/medicaid/portalhome/reports/medicaid-and-healthy-michigan-plan-health-plan-enrollment-report,2026-03,Michigan CHCP - Medicaid + Healthy Michigan Plan [source: state-direct file]
MI,Macomb,Medicaid MCO,Aetna Better Health of Michigan,Aetna (CVS Health),,3436,,3436,https://www.michigan.gov/mdhhs/assistance-programs/medicaid/portalhome/reports/medicaid-and-healthy-michigan-plan-health-plan-enrollment-report,2026-03,Michigan CHCP - Medicaid + Healthy Michigan Plan [source: state-direct file]
MI,Monroe,Medicaid MCO,Aetna Better Health of Michigan,Aetna (CVS Health),,636,,636,https://www.michigan.gov/mdhhs/assistance-programs/medicaid/portalhome/reports/medicaid-and-healthy-michigan-plan-health-plan-enrollment-report,2026-03,Michigan CHCP - Medicaid + Healthy Michigan Plan [source: state-direct file]
MI,Oakland,Medicaid MCO,Aetna Better Health of Michigan,Aetna (CVS Health),,3695,,3695,https://www.michigan.gov/mdhhs/assistance-programs/medicaid/portalhome/reports/medicaid-and-healthy-michigan-plan-health-plan-enrollment-report,2026-03,Michigan CHCP - Medicaid + Healthy Michigan Plan [source: state-direct file]
MI,Saint Joseph,Medicaid MCO,Aetna Better Health of Michigan,Aetna (CVS Health),,620,,620,https://www.michigan.gov/mdhhs/assistance-programs/medicaid/portalhome/reports/medicaid-and-healthy-michigan-plan-health-plan-enrollment-report,2026-03,Michigan CHCP - Medicaid + Healthy Michigan Plan [source: state-direct file]
MI,Van Buren,Medicaid MCO,Aetna Better Health of Michigan,Aetna (CVS Health),,473,,473,https://www.michigan.gov/mdhhs/assistance-programs/medicaid/portalhome/reports/medicaid-and-healthy-michigan-plan-health-plan-enrollment-report,2026-03,Michigan CHCP - Medicaid + Healthy Michigan Plan [source: state-direct file]
MI,Washtenaw,Medicaid MCO,Aetna Better Health of Michigan,Aetna (CVS Health),,1364,,1364,https://www.michigan.gov/mdhhs/assistance-programs/medicaid/portalhome/reports/medicaid-and-healthy-michigan-plan-health-plan-enrollment-report,2026-03,Michigan CHCP - Medicaid + Healthy Michigan Plan [source: state-direct file]
MI,Wayne,Medicaid MCO,Aetna Better Health of Michigan,Aetna (CVS Health),,21737,,21737,https://www.michigan.gov/mdhhs/assistance-programs/medicaid/portalhome/reports/medicaid-and-healthy-michigan-plan-health-plan-enrollment-report,2026-03,Michigan CHCP - Medicaid + Healthy Michigan Plan [source: state-direct file]
MI,Alcona,Medicaid MCO,Blue Cross Complete of Michigan,BCBS Michigan / AmeriHealth Caritas JV,,304,,304,https://www.michigan.gov/mdhhs/assistance-programs/medicaid/portalhome/reports/medicaid-and-healthy-michigan-plan-health-plan-enrollment-report,2026-03,Michigan CHCP - Medicaid + Healthy Michigan Plan [source: state-direct file]
MI,Allegan,Medicaid MCO,Blue Cross Complete of Michigan,BCBS Michigan / AmeriHealth Caritas JV,,1524,,1524,https://www.michigan.gov/mdhhs/assistance-programs/medicaid/portalhome/reports/medicaid-and-healthy-michigan-plan-health-plan-enrollment-report,2026-03,Michigan CHCP - Medicaid + Healthy Michigan Plan [source: state-direct file]
MI,Alpena,Medicaid MCO,Blue Cross Complete of Michigan,BCBS Michigan / AmeriHealth Caritas JV,,956,,956,https://www.michigan.gov/mdhhs/assistance-programs/medicaid/portalhome/reports/medicaid-and-healthy-michigan-plan-health-plan-enrollment-report,2026-03,Michigan CHCP - Medicaid + Healthy Michigan Plan [source: state-direct file]
MI,Antrim,Medicaid MCO,Blue Cross Complete of Michigan,BCBS Michigan / AmeriHealth Caritas JV,,707,,707,https://www.michigan.gov/mdhhs/assistance-programs/medicaid/portalhome/reports/medicaid-and-healthy-michigan-plan-health-plan-enrollment-report,2026-03,Michigan CHCP - Medicaid + Healthy Michigan Plan [source: state-direct file]
MI,Arenac,Medicaid MCO,Blue Cross Complete of Michigan,BCBS Michigan / AmeriHealth Caritas JV,,259,,259,https://www.michigan.gov/mdhhs/assistance-programs/medicaid/portalhome/reports/medicaid-and-healthy-michigan-plan-health-plan-enrollment-report,2026-03,Michigan CHCP - Medicaid + Healthy Michigan Plan [source: state-direct file]
MI,Barry,Medicaid MCO,Blue Cross Complete of Michigan,BCBS Michigan / AmeriHealth Caritas JV,,752,,752,https://www.michigan.gov/mdhhs/assistance-programs/medicaid/portalhome/reports/medicaid-and-healthy-michigan-plan-health-plan-enrollment-report,2026-03,Michigan CHCP - Medicaid + Healthy Michigan Plan [source: state-direct file]
MI,Bay,Medicaid MCO,Blue Cross Complete of Michigan,BCBS Michigan / AmeriHealth Caritas JV,,1533,,1533,https://www.michigan.gov/mdhhs/assistance-programs/medicaid/portalhome/reports/medicaid-and-healthy-michigan-plan-health-plan-enrollment-report,2026-03,Michigan CHCP - Medicaid + Healthy Michigan Plan [source: state-direct file]
MI,Benzie,Medicaid MCO,Blue Cross Complete of Michigan,BCBS Michigan / AmeriHealth Caritas JV,,578,,578,https://www.michigan.gov/mdhhs/assistance-programs/medicaid/portalhome/reports/medicaid-and-healthy-michigan-plan-health-plan-enrollment-report,2026-03,Michigan CHCP - Medicaid + Healthy Michigan Plan [source: state-direct file]
MI,Charlevoix,Medicaid MCO,Blue Cross Complete of Michigan,BCBS Michigan / AmeriHealth Caritas JV,,452,,452,https://www.michigan.gov/mdhhs/assistance-programs/medicaid/portalhome/reports/medicaid-and-healthy-michigan-plan-health-plan-enrollment-report,2026-03,Michigan CHCP - Medicaid + Healthy Michigan Plan [source: state-direct file]
MI,Cheboygan,Medicaid MCO,Blue Cross Complete of Michigan,BCBS Michigan / AmeriHealth Caritas JV,,492,,492,https://www.michigan.gov/mdhhs/assistance-programs/medicaid/portalhome/reports/medicaid-and-healthy-michigan-plan-health-plan-enrollment-report,2026-03,Michigan CHCP - Medicaid + Healthy Michigan Plan [source: state-direct file]
MI,Clare,Medicaid MCO,Blue Cross Complete of Michigan,BCBS Michigan / AmeriHealth Caritas JV,,685,,685,https://www.michigan.gov/mdhhs/assistance-programs/medicaid/portalhome/reports/medicaid-and-healthy-michigan-plan-health-plan-enrollment-report,2026-03,Michigan CHCP - Medicaid + Healthy Michigan Plan [source: state-direct file]
MI,Crawford,Medicaid MCO,Blue Cross Complete of Michigan,BCBS Michigan / AmeriHealth Caritas JV,,551,,551,https://www.michigan.gov/mdhhs/assistance-programs/medicaid/portalhome/reports/medicaid-and-healthy-michigan-plan-health-plan-enrollment-report,2026-03,Michigan CHCP - Medicaid + Healthy Michigan Plan [source: state-direct file]
MI,Emmet,Medicaid MCO,Blue Cross Complete of Michigan,BCBS Michigan / AmeriHealth Caritas JV,,494,,494,https://www.michigan.gov/mdhhs/assistance-programs/medicaid/portalhome/reports/medicaid-and-healthy-michigan-plan-health-plan-enrollment-report,2026-03,Michigan CHCP - Medicaid + Healthy Michigan Plan [source: state-direct file]
MI,Genesee,Medicaid MCO,Blue Cross Complete of Michigan,BCBS Michigan / AmeriHealth Caritas JV,,22358,,22358,https://www.michigan.gov/mdhhs/assistance-programs/medicaid/portalhome/reports/medicaid-and-healthy-michigan-plan-health-plan-enrollment-report,2026-03,Michigan CHCP - Medicaid + Healthy Michigan Plan [source: state-direct file]
MI,Gladwin,Medicaid MCO,Blue Cross Complete of Michigan,BCBS Michigan / AmeriHealth Caritas JV,,446,,446,https://www.michigan.gov/mdhhs/assistance-programs/medicaid/portalhome/reports/medicaid-and-healthy-michigan-plan-health-plan-enrollment-report,2026-03,Michigan CHCP - Medicaid + Healthy Michigan Plan [source: state-direct file]
MI,Grand Traverse,Medicaid MCO,Blue Cross Complete of Michigan,BCBS Michigan / AmeriHealth Caritas JV,,2182,,2182,https://www.michigan.gov/mdhhs/assistance-programs/medicaid/portalhome/reports/medicaid-and-healthy-michigan-plan-health-plan-enrollment-report,2026-03,Michigan CHCP - Medicaid + Healthy Michigan Plan [source: state-direct file]
MI,Gratiot,Medicaid MCO,Blue Cross Complete of Michigan,BCBS Michigan / AmeriHealth Caritas JV,,623,,623,https://www.michigan.gov/mdhhs/assistance-programs/medicaid/portalhome/reports/medicaid-and-healthy-michigan-plan-health-plan-enrollment-report,2026-03,Michigan CHCP - Medicaid + Healthy Michigan Plan [source: state-direct file]
MI,Hillsdale,Medicaid MCO,Blue Cross Complete of Michigan,BCBS Michigan / AmeriHealth Caritas JV,,1432,,1432,https://www.michigan.gov/mdhhs/assistance-programs/medicaid/portalhome/reports/medicaid-and-healthy-michigan-plan-health-plan-enrollment-report,2026-03,Michigan CHCP - Medicaid + Healthy Michigan Plan [source: state-direct file]
MI,Huron,Medicaid MCO,Blue Cross Complete of Michigan,BCBS Michigan / AmeriHealth Caritas JV,,523,,523,https://www.michigan.gov/mdhhs/assistance-programs/medicaid/portalhome/reports/medicaid-and-healthy-michigan-plan-health-plan-enrollment-report,2026-03,Michigan CHCP - Medicaid + Healthy Michigan Plan [source: state-direct file]
MI,Ionia,Medicaid MCO,Blue Cross Complete of Michigan,BCBS Michigan / AmeriHealth Caritas JV,,1157,,1157,https://www.michigan.gov/mdhhs/assistance-programs/medicaid/portalhome/reports/medicaid-and-healthy-michigan-plan-health-plan-enrollment-report,2026-03,Michigan CHCP - Medicaid + Healthy Michigan Plan [source: state-direct file]
MI,Iosco,Medicaid MCO,Blue Cross Complete of Michigan,BCBS Michigan / AmeriHealth Caritas JV,,530,,530,https://www.michigan.gov/mdhhs/assistance-programs/medicaid/portalhome/reports/medicaid-and-healthy-michigan-plan-health-plan-enrollment-report,2026-03,Michigan CHCP - Medicaid + Healthy Michigan Plan [source: state-direct file]
MI,Isabella,Medicaid MCO,Blue Cross Complete of Michigan,BCBS Michigan / AmeriHealth Caritas JV,,1168,,1168,https://www.michigan.gov/mdhhs/assistance-programs/medicaid/portalhome/reports/medicaid-and-healthy-michigan-plan-health-plan-enrollment-report,2026-03,Michigan CHCP - Medicaid + Healthy Michigan Plan [source: state-direct file]
MI,Jackson,Medicaid MCO,Blue Cross Complete of Michigan,BCBS Michigan / AmeriHealth Caritas JV,,6912,,6912,https://www.michigan.gov/mdhhs/assistance-programs/medicaid/portalhome/reports/medicaid-and-healthy-michigan-plan-health-plan-enrollment-report,2026-03,Michigan CHCP - Medicaid + Healthy Michigan Plan [source: state-direct file]
MI,Kalkaska,Medicaid MCO,Blue Cross Complete of Michigan,BCBS Michigan / AmeriHealth Caritas JV,,738,,738,https://www.michigan.gov/mdhhs/assistance-programs/medicaid/portalhome/reports/medicaid-and-healthy-michigan-plan-health-plan-enrollment-report,2026-03,Michigan CHCP - Medicaid + Healthy Michigan Plan [source: state-direct file]
MI,Kent,Medicaid MCO,Blue Cross Complete of Michigan,BCBS Michigan / AmeriHealth Caritas JV,,11490,,11490,https://www.michigan.gov/mdhhs/assistance-programs/medicaid/portalhome/reports/medicaid-and-healthy-michigan-plan-health-plan-enrollment-report,2026-03,Michigan CHCP - Medicaid + Healthy Michigan Plan [source: state-direct file]
MI,Lake,Medicaid MCO,Blue Cross Complete of Michigan,BCBS Michigan / AmeriHealth Caritas JV,,251,,251,https://www.michigan.gov/mdhhs/assistance-programs/medicaid/portalhome/reports/medicaid-and-healthy-michigan-plan-health-plan-enrollment-report,2026-03,Michigan CHCP - Medicaid + Healthy Michigan Plan [source: state-direct file]
MI,Lapeer,Medicaid MCO,Blue Cross Complete of Michigan,BCBS Michigan / AmeriHealth Caritas JV,,1940,,1940,https://www.michigan.gov/mdhhs/assistance-programs/medicaid/portalhome/reports/medicaid-and-healthy-michigan-plan-health-plan-enrollment-report,2026-03,Michigan CHCP - Medicaid + Healthy Michigan Plan [source: state-direct file]
MI,Leelanau,Medicaid MCO,Blue Cross Complete of Michigan,BCBS Michigan / AmeriHealth Caritas JV,,380,,380,https://www.michigan.gov/mdhhs/assistance-programs/medicaid/portalhome/reports/medicaid-and-healthy-michigan-plan-health-plan-enrollment-report,2026-03,Michigan CHCP - Medicaid + Healthy Michigan Plan [source: state-direct file]
MI,Lenawee,Medicaid MCO,Blue Cross Complete of Michigan,BCBS Michigan / AmeriHealth Caritas JV,,4114,,4114,https://www.michigan.gov/mdhhs/assistance-programs/medicaid/portalhome/reports/medicaid-and-healthy-michigan-plan-health-plan-enrollment-report,2026-03,Michigan CHCP - Medicaid + Healthy Michigan Plan [source: state-direct file]
MI,Livingston,Medicaid MCO,Blue Cross Complete of Michigan,BCBS Michigan / AmeriHealth Caritas JV,,7573,,7573,https://www.michigan.gov/mdhhs/assistance-programs/medicaid/portalhome/reports/medicaid-and-healthy-michigan-plan-health-plan-enrollment-report,2026-03,Michigan CHCP - Medicaid + Healthy Michigan Plan [source: state-direct file]
MI,Macomb,Medicaid MCO,Blue Cross Complete of Michigan,BCBS Michigan / AmeriHealth Caritas JV,,23454,,23454,https://www.michigan.gov/mdhhs/assistance-programs/medicaid/portalhome/reports/medicaid-and-healthy-michigan-plan-health-plan-enrollment-report,2026-03,Michigan CHCP - Medicaid + Healthy Michigan Plan [source: state-direct file]
MI,Manistee,Medicaid MCO,Blue Cross Complete of Michigan,BCBS Michigan / AmeriHealth Caritas JV,,805,,805,https://www.michigan.gov/mdhhs/assistance-programs/medicaid/portalhome/reports/medicaid-and-healthy-michigan-plan-health-plan-enrollment-report,2026-03,Michigan CHCP - Medicaid + Healthy Michigan Plan [source: state-direct file]
MI,Mason,Medicaid MCO,Blue Cross Complete of Michigan,BCBS Michigan / AmeriHealth Caritas JV,,453,,453,https://www.michigan.gov/mdhhs/assistance-programs/medicaid/portalhome/reports/medicaid-and-healthy-michigan-plan-health-plan-enrollment-report,2026-03,Michigan CHCP - Medicaid + Healthy Michigan Plan [source: state-direct file]
MI,Mecosta,Medicaid MCO,Blue Cross Complete of Michigan,BCBS Michigan / AmeriHealth Caritas JV,,632,,632,https://www.michigan.gov/mdhhs/assistance-programs/medicaid/portalhome/reports/medicaid-and-healthy-michigan-plan-health-plan-enrollment-report,2026-03,Michigan CHCP - Medicaid + Healthy Michigan Plan [source: state-direct file]
MI,Midland,Medicaid MCO,Blue Cross Complete of Michigan,BCBS Michigan / AmeriHealth Caritas JV,,943,,943,https://www.michigan.gov/mdhhs/assistance-programs/medicaid/portalhome/reports/medicaid-and-healthy-michigan-plan-health-plan-enrollment-report,2026-03,Michigan CHCP - Medicaid + Healthy Michigan Plan [source: state-direct file]
MI,Missaukee,Medicaid MCO,Blue Cross Complete of Michigan,BCBS Michigan / AmeriHealth Caritas JV,,472,,472,https://www.michigan.gov/mdhhs/assistance-programs/medicaid/portalhome/reports/medicaid-and-healthy-michigan-plan-health-plan-enrollment-report,2026-03,Michigan CHCP - Medicaid + Healthy Michigan Plan [source: state-direct file]
MI,Monroe,Medicaid MCO,Blue Cross Complete of Michigan,BCBS Michigan / AmeriHealth Caritas JV,,5750,,5750,https://www.michigan.gov/mdhhs/assistance-programs/medicaid/portalhome/reports/medicaid-and-healthy-michigan-plan-health-plan-enrollment-report,2026-03,Michigan CHCP - Medicaid + Healthy Michigan Plan [source: state-direct file]
MI,Montcalm,Medicaid MCO,Blue Cross Complete of Michigan,BCBS Michigan / AmeriHealth Caritas JV,,1034,,1034,https://www.michigan.gov/mdhhs/assistance-programs/medicaid/portalhome/reports/medicaid-and-healthy-michigan-plan-health-plan-enrollment-report,2026-03,Michigan CHCP - Medicaid + Healthy Michigan Plan [source: state-direct file]
MI,Montmorency,Medicaid MCO,Blue Cross Complete of Michigan,BCBS Michigan / AmeriHealth Caritas JV,,310,,310,https://www.michigan.gov/mdhhs/assistance-programs/medicaid/portalhome/reports/medicaid-and-healthy-michigan-plan-health-plan-enrollment-report,2026-03,Michigan CHCP - Medicaid + Healthy Michigan Plan [source: state-direct file]
MI,Muskegon,Medicaid MCO,Blue Cross Complete of Michigan,BCBS Michigan / AmeriHealth Caritas JV,,3977,,3977,https://www.michigan.gov/mdhhs/assistance-programs/medicaid/portalhome/reports/medicaid-and-healthy-michigan-plan-health-plan-enrollment-report,2026-03,Michigan CHCP - Medicaid + Healthy Michigan Plan [source: state-direct file]
MI,Newaygo,Medicaid MCO,Blue Cross Complete of Michigan,BCBS Michigan / AmeriHealth Caritas JV,,728,,728,https://www.michigan.gov/mdhhs/assistance-programs/medicaid/portalhome/reports/medicaid-and-healthy-michigan-plan-health-plan-enrollment-report,2026-03,Michigan CHCP - Medicaid + Healthy Michigan Plan [source: state-direct file]
MI,Oakland,Medicaid MCO,Blue Cross Complete of Michigan,BCBS Michigan / AmeriHealth Caritas JV,,26345,,26345,https://www.michigan.gov/mdhhs/assistance-programs/medicaid/portalhome/reports/medicaid-and-healthy-michigan-plan-health-plan-enrollment-report,2026-03,Michigan CHCP - Medicaid + Healthy Michigan Plan [source: state-direct file]
MI,Oceana,Medicaid MCO,Blue Cross Complete of Michigan,BCBS Michigan / AmeriHealth Caritas JV,,535,,535,https://www.michigan.gov/mdhhs/assistance-programs/medicaid/portalhome/reports/medicaid-and-healthy-michigan-plan-health-plan-enrollment-report,2026-03,Michigan CHCP - Medicaid + Healthy Michigan Plan [source: state-direct file]
MI,Ogemaw,Medicaid MCO,Blue Cross Complete of Michigan,BCBS Michigan / AmeriHealth Caritas JV,,627,,627,https://www.michigan.gov/mdhhs/assistance-programs/medicaid/portalhome/reports/medicaid-and-healthy-michigan-plan-health-plan-enrollment-report,2026-03,Michigan CHCP - Medicaid + Healthy Michigan Plan [source: state-direct file]
MI,Osceola,Medicaid MCO,Blue Cross Complete of Michigan,BCBS Michigan / AmeriHealth Caritas JV,,386,,386,https://www.michigan.gov/mdhhs/assistance-programs/medicaid/portalhome/reports/medicaid-and-healthy-michigan-plan-health-plan-enrollment-report,2026-03,Michigan CHCP - Medicaid + Healthy Michigan Plan [source: state-direct file]
MI,Oscoda,Medicaid MCO,Blue Cross Complete of Michigan,BCBS Michigan / AmeriHealth Caritas JV,,314,,314,https://www.michigan.gov/mdhhs/assistance-programs/medicaid/portalhome/reports/medicaid-and-healthy-michigan-plan-health-plan-enrollment-report,2026-03,Michigan CHCP - Medicaid + Healthy Michigan Plan [source: state-direct file]
MI,Otsego,Medicaid MCO,Blue Cross Complete of Michigan,BCBS Michigan / AmeriHealth Caritas JV,,729,,729,https://www.michigan.gov/mdhhs/assistance-programs/medicaid/portalhome/reports/medicaid-and-healthy-michigan-plan-health-plan-enrollment-report,2026-03,Michigan CHCP - Medicaid + Healthy Michigan Plan [source: state-direct file]
MI,Ottawa,Medicaid MCO,Blue Cross Complete of Michigan,BCBS Michigan / AmeriHealth Caritas JV,,2820,,2820,https://www.michigan.gov/mdhhs/assistance-programs/medicaid/portalhome/reports/medicaid-and-healthy-michigan-plan-health-plan-enrollment-report,2026-03,Michigan CHCP - Medicaid + Healthy Michigan Plan [source: state-direct file]
MI,Presque Isle,Medicaid MCO,Blue Cross Complete of Michigan,BCBS Michigan / AmeriHealth Caritas JV,,291,,291,https://www.michigan.gov/mdhhs/assistance-programs/medicaid/portalhome/reports/medicaid-and-healthy-michigan-plan-health-plan-enrollment-report,2026-03,Michigan CHCP - Medicaid + Healthy Michigan Plan [source: state-direct file]
MI,Roscommon,Medicaid MCO,Blue Cross Complete of Michigan,BCBS Michigan / AmeriHealth Caritas JV,,866,,866,https://www.michigan.gov/mdhhs/assistance-programs/medicaid/portalhome/reports/medicaid-and-healthy-michigan-plan-health-plan-enrollment-report,2026-03,Michigan CHCP - Medicaid + Healthy Michigan Plan [source: state-direct file]
MI,Saginaw,Medicaid MCO,Blue Cross Complete of Michigan,BCBS Michigan / AmeriHealth Caritas JV,,5041,,5041,https://www.michigan.gov/mdhhs/assistance-programs/medicaid/portalhome/reports/medicaid-and-healthy-michigan-plan-health-plan-enrollment-report,2026-03,Michigan CHCP - Medicaid + Healthy Michigan Plan [source: state-direct file]
MI,Saint Clair,Medicaid MCO,Blue Cross Complete of Michigan,BCBS Michigan / AmeriHealth Caritas JV,,3458,,3458,https://www.michigan.gov/mdhhs/assistance-programs/medicaid/portalhome/reports/medicaid-and-healthy-michigan-plan-health-plan-enrollment-report,2026-03,Michigan CHCP - Medicaid + Healthy Michigan Plan [source: state-direct file]
MI,Sanilac,Medicaid MCO,Blue Cross Complete of Michigan,BCBS Michigan / AmeriHealth Caritas JV,,1042,,1042,https://www.michigan.gov/mdhhs/assistance-programs/medicaid/portalhome/reports/medicaid-and-healthy-michigan-plan-health-plan-enrollment-report,2026-03,Michigan CHCP - Medicaid + Healthy Michigan Plan [source: state-direct file]
MI,Shiawassee,Medicaid MCO,Blue Cross Complete of Michigan,BCBS Michigan / AmeriHealth Caritas JV,,2564,,2564,https://www.michigan.gov/mdhhs/assistance-programs/medicaid/portalhome/reports/medicaid-and-healthy-michigan-plan-health-plan-enrollment-report,2026-03,Michigan CHCP - Medicaid + Healthy Michigan Plan [source: state-direct file]
MI,Tuscola,Medicaid MCO,Blue Cross Complete of Michigan,BCBS Michigan / AmeriHealth Caritas JV,,1126,,1126,https://www.michigan.gov/mdhhs/assistance-programs/medicaid/portalhome/reports/medicaid-and-healthy-michigan-plan-health-plan-enrollment-report,2026-03,Michigan CHCP - Medicaid + Healthy Michigan Plan [source: state-direct file]
MI,Washtenaw,Medicaid MCO,Blue Cross Complete of Michigan,BCBS Michigan / AmeriHealth Caritas JV,,23552,,23552,https://www.michigan.gov/mdhhs/assistance-programs/medicaid/portalhome/reports/medicaid-and-healthy-michigan-plan-health-plan-enrollment-report,2026-03,Michigan CHCP - Medicaid + Healthy Michigan Plan [source: state-direct file]
MI,Wayne,Medicaid MCO,Blue Cross Complete of Michigan,BCBS Michigan / AmeriHealth Caritas JV,,107445,,107445,https://www.michigan.gov/mdhhs/assistance-programs/medicaid/portalhome/reports/medicaid-and-healthy-michigan-plan-health-plan-enrollment-report,2026-03,Michigan CHCP - Medicaid + Healthy Michigan Plan [source: state-direct file]
MI,Wexford,Medicaid MCO,Blue Cross Complete of Michigan,BCBS Michigan / AmeriHealth Caritas JV,,1243,,1243,https://www.michigan.gov/mdhhs/assistance-programs/medicaid/portalhome/reports/medicaid-and-healthy-michigan-plan-health-plan-enrollment-report,2026-03,Michigan CHCP - Medicaid + Healthy Michigan Plan [source: state-direct file]
MI,Clinton,Medicaid MCO,HAP CareSource,HAP / CareSource JV,,295,,295,https://www.michigan.gov/mdhhs/assistance-programs/medicaid/portalhome/reports/medicaid-and-healthy-michigan-plan-health-plan-enrollment-report,2026-03,Michigan CHCP - Medicaid + Healthy Michigan Plan [source: state-direct file]
MI,Eaton,Medicaid MCO,HAP CareSource,HAP / CareSource JV,,684,,684,https://www.michigan.gov/mdhhs/assistance-programs/medicaid/portalhome/reports/medicaid-and-healthy-michigan-plan-health-plan-enrollment-report,2026-03,Michigan CHCP - Medicaid + Healthy Michigan Plan [source: state-direct file]
MI,Genesee,Medicaid MCO,HAP CareSource,HAP / CareSource JV,,3645,,3645,https://www.michigan.gov/mdhhs/assistance-programs/medicaid/portalhome/reports/medicaid-and-healthy-michigan-plan-health-plan-enrollment-report,2026-03,Michigan CHCP - Medicaid + Healthy Michigan Plan [source: state-direct file]
MI,Hillsdale,Medicaid MCO,HAP CareSource,HAP / CareSource JV,,184,,184,https://www.michigan.gov/mdhhs/assistance-programs/medicaid/portalhome/reports/medicaid-and-healthy-michigan-plan-health-plan-enrollment-report,2026-03,Michigan CHCP - Medicaid + Healthy Michigan Plan [source: state-direct file]
MI,Huron,Medicaid MCO,HAP CareSource,HAP / CareSource JV,,64,,64,https://www.michigan.gov/mdhhs/assistance-programs/medicaid/portalhome/reports/medicaid-and-healthy-michigan-plan-health-plan-enrollment-report,2026-03,Michigan CHCP - Medicaid + Healthy Michigan Plan [source: state-direct file]
MI,Ingham,Medicaid MCO,HAP CareSource,HAP / CareSource JV,,3126,,3126,https://www.michigan.gov/mdhhs/assistance-programs/medicaid/portalhome/reports/medicaid-and-healthy-michigan-plan-health-plan-enrollment-report,2026-03,Michigan CHCP - Medicaid + Healthy Michigan Plan [source: state-direct file]
MI,Jackson,Medicaid MCO,HAP CareSource,HAP / CareSource JV,,901,,901,https://www.michigan.gov/mdhhs/assistance-programs/medicaid/portalhome/reports/medicaid-and-healthy-michigan-plan-health-plan-enrollment-report,2026-03,Michigan CHCP - Medicaid + Healthy Michigan Plan [source: state-direct file]
MI,Lapeer,Medicaid MCO,HAP CareSource,HAP / CareSource JV,,375,,375,https://www.michigan.gov/mdhhs/assistance-programs/medicaid/portalhome/reports/medicaid-and-healthy-michigan-plan-health-plan-enrollment-report,2026-03,Michigan CHCP - Medicaid + Healthy Michigan Plan [source: state-direct file]
MI,Lenawee,Medicaid MCO,HAP CareSource,HAP / CareSource JV,,432,,432,https://www.michigan.gov/mdhhs/assistance-programs/medicaid/portalhome/reports/medicaid-and-healthy-michigan-plan-health-plan-enrollment-report,2026-03,Michigan CHCP - Medicaid + Healthy Michigan Plan [source: state-direct file]
MI,Livingston,Medicaid MCO,HAP CareSource,HAP / CareSource JV,,539,,539,https://www.michigan.gov/mdhhs/assistance-programs/medicaid/portalhome/reports/medicaid-and-healthy-michigan-plan-health-plan-enrollment-report,2026-03,Michigan CHCP - Medicaid + Healthy Michigan Plan [source: state-direct file]
MI,Macomb,Medicaid MCO,HAP CareSource,HAP / CareSource JV,,4971,,4971,https://www.michigan.gov/mdhhs/assistance-programs/medicaid/portalhome/reports/medicaid-and-healthy-michigan-plan-health-plan-enrollment-report,2026-03,Michigan CHCP - Medicaid + Healthy Michigan Plan [source: state-direct file]
MI,Monroe,Medicaid MCO,HAP CareSource,HAP / CareSource JV,,951,,951,https://www.michigan.gov/mdhhs/assistance-programs/medicaid/portalhome/reports/medicaid-and-healthy-michigan-plan-health-plan-enrollment-report,2026-03,Michigan CHCP - Medicaid + Healthy Michigan Plan [source: state-direct file]
MI,Oakland,Medicaid MCO,HAP CareSource,HAP / CareSource JV,,3410,,3410,https://www.michigan.gov/mdhhs/assistance-programs/medicaid/portalhome/reports/medicaid-and-healthy-michigan-plan-health-plan-enrollment-report,2026-03,Michigan CHCP - Medicaid + Healthy Michigan Plan [source: state-direct file]
MI,Saint Clair,Medicaid MCO,HAP CareSource,HAP / CareSource JV,,808,,808,https://www.michigan.gov/mdhhs/assistance-programs/medicaid/portalhome/reports/medicaid-and-healthy-michigan-plan-health-plan-enrollment-report,2026-03,Michigan CHCP - Medicaid + Healthy Michigan Plan [source: state-direct file]
MI,Sanilac,Medicaid MCO,HAP CareSource,HAP / CareSource JV,,152,,152,https://www.michigan.gov/mdhhs/assistance-programs/medicaid/portalhome/reports/medicaid-and-healthy-michigan-plan-health-plan-enrollment-report,2026-03,Michigan CHCP - Medicaid + Healthy Michigan Plan [source: state-direct file]
MI,Shiawassee,Medicaid MCO,HAP CareSource,HAP / CareSource JV,,310,,310,https://www.michigan.gov/mdhhs/assistance-programs/medicaid/portalhome/reports/medicaid-and-healthy-michigan-plan-health-plan-enrollment-report,2026-03,Michigan CHCP - Medicaid + Healthy Michigan Plan [source: state-direct file]
MI,Tuscola,Medicaid MCO,HAP CareSource,HAP / CareSource JV,,189,,189,https://www.michigan.gov/mdhhs/assistance-programs/medicaid/portalhome/reports/medicaid-and-healthy-michigan-plan-health-plan-enrollment-report,2026-03,Michigan CHCP - Medicaid + Healthy Michigan Plan [source: state-direct file]
MI,Washtenaw,Medicaid MCO,HAP CareSource,HAP / CareSource JV,,2008,,2008,https://www.michigan.gov/mdhhs/assistance-programs/medicaid/portalhome/reports/medicaid-and-healthy-michigan-plan-health-plan-enrollment-report,2026-03,Michigan CHCP - Medicaid + Healthy Michigan Plan [source: state-direct file]
MI,Wayne,Medicaid MCO,HAP CareSource,HAP / CareSource JV,,14209,,14209,https://www.michigan.gov/mdhhs/assistance-programs/medicaid/portalhome/reports/medicaid-and-healthy-michigan-plan-health-plan-enrollment-report,2026-03,Michigan CHCP - Medicaid + Healthy Michigan Plan [source: state-direct file]
MI,Alcona,Medicaid MCO,McLaren Health Plan,McLaren Health Care,,635,,635,https://www.michigan.gov/mdhhs/assistance-programs/medicaid/portalhome/reports/medicaid-and-healthy-michigan-plan-health-plan-enrollment-report,2026-03,Michigan CHCP - Medicaid + Healthy Michigan Plan [source: state-direct file]
MI,Allegan,Medicaid MCO,McLaren Health Plan,McLaren Health Care,,603,,603,https://www.michigan.gov/mdhhs/assistance-programs/medicaid/portalhome/reports/medicaid-and-healthy-michigan-plan-health-plan-enrollment-report,2026-03,Michigan CHCP - Medicaid + Healthy Michigan Plan [source: state-direct file]
MI,Alpena,Medicaid MCO,McLaren Health Plan,McLaren Health Care,,1859,,1859,https://www.michigan.gov/mdhhs/assistance-programs/medicaid/portalhome/reports/medicaid-and-healthy-michigan-plan-health-plan-enrollment-report,2026-03,Michigan CHCP - Medicaid + Healthy Michigan Plan [source: state-direct file]
MI,Antrim,Medicaid MCO,McLaren Health Plan,McLaren Health Care,,1187,,1187,https://www.michigan.gov/mdhhs/assistance-programs/medicaid/portalhome/reports/medicaid-and-healthy-michigan-plan-health-plan-enrollment-report,2026-03,Michigan CHCP - Medicaid + Healthy Michigan Plan [source: state-direct file]
MI,Arenac,Medicaid MCO,McLaren Health Plan,McLaren Health Care,,1065,,1065,https://www.michigan.gov/mdhhs/assistance-programs/medicaid/portalhome/reports/medicaid-and-healthy-michigan-plan-health-plan-enrollment-report,2026-03,Michigan CHCP - Medicaid + Healthy Michigan Plan [source: state-direct file]
MI,Barry,Medicaid MCO,McLaren Health Plan,McLaren Health Care,,428,,428,https://www.michigan.gov/mdhhs/assistance-programs/medicaid/portalhome/reports/medicaid-and-healthy-michigan-plan-health-plan-enrollment-report,2026-03,Michigan CHCP - Medicaid + Healthy Michigan Plan [source: state-direct file]
MI,Bay,Medicaid MCO,McLaren Health Plan,McLaren Health Care,,7194,,7194,https://www.michigan.gov/mdhhs/assistance-programs/medicaid/portalhome/reports/medicaid-and-healthy-michigan-plan-health-plan-enrollment-report,2026-03,Michigan CHCP - Medicaid + Healthy Michigan Plan [source: state-direct file]
MI,Benzie,Medicaid MCO,McLaren Health Plan,McLaren Health Care,,465,,465,https://www.michigan.gov/mdhhs/assistance-programs/medicaid/portalhome/reports/medicaid-and-healthy-michigan-plan-health-plan-enrollment-report,2026-03,Michigan CHCP - Medicaid + Healthy Michigan Plan [source: state-direct file]
MI,Berrien,Medicaid MCO,McLaren Health Plan,McLaren Health Care,,2675,,2675,https://www.michigan.gov/mdhhs/assistance-programs/medicaid/portalhome/reports/medicaid-and-healthy-michigan-plan-health-plan-enrollment-report,2026-03,Michigan CHCP - Medicaid + Healthy Michigan Plan [source: state-direct file]
MI,Branch,Medicaid MCO,McLaren Health Plan,McLaren Health Care,,672,,672,https://www.michigan.gov/mdhhs/assistance-programs/medicaid/portalhome/reports/medicaid-and-healthy-michigan-plan-health-plan-enrollment-report,2026-03,Michigan CHCP - Medicaid + Healthy Michigan Plan [source: state-direct file]
MI,Calhoun,Medicaid MCO,McLaren Health Plan,McLaren Health Care,,3112,,3112,https://www.michigan.gov/mdhhs/assistance-programs/medicaid/portalhome/reports/medicaid-and-healthy-michigan-plan-health-plan-enrollment-report,2026-03,Michigan CHCP - Medicaid + Healthy Michigan Plan [source: state-direct file]
MI,Cass,Medicaid MCO,McLaren Health Plan,McLaren Health Care,,839,,839,https://www.michigan.gov/mdhhs/assistance-programs/medicaid/portalhome/reports/medicaid-and-healthy-michigan-plan-health-plan-enrollment-report,2026-03,Michigan CHCP - Medicaid + Healthy Michigan Plan [source: state-direct file]
MI,Charlevoix,Medicaid MCO,McLaren Health Plan,McLaren Health Care,,1515,,1515,https://www.michigan.gov/mdhhs/assistance-programs/medicaid/portalhome/reports/medicaid-and-healthy-michigan-plan-health-plan-enrollment-report,2026-03,Michigan CHCP - Medicaid + Healthy Michigan Plan [source: state-direct file]
MI,Cheboygan,Medicaid MCO,McLaren Health Plan,McLaren Health Care,,2660,,2660,https://www.michigan.gov/mdhhs/assistance-programs/medicaid/portalhome/reports/medicaid-and-healthy-michigan-plan-health-plan-enrollment-report,2026-03,Michigan CHCP - Medicaid + Healthy Michigan Plan [source: state-direct file]
MI,Clare,Medicaid MCO,McLaren Health Plan,McLaren Health Care,,2289,,2289,https://www.michigan.gov/mdhhs/assistance-programs/medicaid/portalhome/reports/medicaid-and-healthy-michigan-plan-health-plan-enrollment-report,2026-03,Michigan CHCP - Medicaid + Healthy Michigan Plan [source: state-direct file]
MI,Clinton,Medicaid MCO,McLaren Health Plan,McLaren Health Care,,4913,,4913,https://www.michigan.gov/mdhhs/assistance-programs/medicaid/portalhome/reports/medicaid-and-healthy-michigan-plan-health-plan-enrollment-report,2026-03,Michigan CHCP - Medicaid + Healthy Michigan Plan [source: state-direct file]
MI,Crawford,Medicaid MCO,McLaren Health Plan,McLaren Health Care,,674,,674,https://www.michigan.gov/mdhhs/assistance-programs/medicaid/portalhome/reports/medicaid-and-healthy-michigan-plan-health-plan-enrollment-report,2026-03,Michigan CHCP - Medicaid + Healthy Michigan Plan [source: state-direct file]
MI,Eaton,Medicaid MCO,McLaren Health Plan,McLaren Health Care,,8998,,8998,https://www.michigan.gov/mdhhs/assistance-programs/medicaid/portalhome/reports/medicaid-and-healthy-michigan-plan-health-plan-enrollment-report,2026-03,Michigan CHCP - Medicaid + Healthy Michigan Plan [source: state-direct file]
MI,Emmet,Medicaid MCO,McLaren Health Plan,McLaren Health Care,,1843,,1843,https://www.michigan.gov/mdhhs/assistance-programs/medicaid/portalhome/reports/medicaid-and-healthy-michigan-plan-health-plan-enrollment-report,2026-03,Michigan CHCP - Medicaid + Healthy Michigan Plan [source: state-direct file]
MI,Genesee,Medicaid MCO,McLaren Health Plan,McLaren Health Care,,23555,,23555,https://www.michigan.gov/mdhhs/assistance-programs/medicaid/portalhome/reports/medicaid-and-healthy-michigan-plan-health-plan-enrollment-report,2026-03,Michigan CHCP - Medicaid + Healthy Michigan Plan [source: state-direct file]
MI,Gladwin,Medicaid MCO,McLaren Health Plan,McLaren Health Care,,1362,,1362,https://www.michigan.gov/mdhhs/assistance-programs/medicaid/portalhome/reports/medicaid-and-healthy-michigan-plan-health-plan-enrollment-report,2026-03,Michigan CHCP - Medicaid + Healthy Michigan Plan [source: state-direct file]
MI,Grand Traverse,Medicaid MCO,McLaren Health Plan,McLaren Health Care,,2427,,2427,https://www.michigan.gov/mdhhs/assistance-programs/medicaid/portalhome/reports/medicaid-and-healthy-michigan-plan-health-plan-enrollment-report,2026-03,Michigan CHCP - Medicaid + Healthy Michigan Plan [source: state-direct file]
MI,Gratiot,Medicaid MCO,McLaren Health Plan,McLaren Health Care,,4031,,4031,https://www.michigan.gov/mdhhs/assistance-programs/medicaid/portalhome/reports/medicaid-and-healthy-michigan-plan-health-plan-enrollment-report,2026-03,Michigan CHCP - Medicaid + Healthy Michigan Plan [source: state-direct file]
MI,Hillsdale,Medicaid MCO,McLaren Health Plan,McLaren Health Care,,394,,394,https://www.michigan.gov/mdhhs/assistance-programs/medicaid/portalhome/reports/medicaid-and-healthy-michigan-plan-health-plan-enrollment-report,2026-03,Michigan CHCP - Medicaid + Healthy Michigan Plan [source: state-direct file]
MI,Huron,Medicaid MCO,McLaren Health Plan,McLaren Health Care,,760,,760,https://www.michigan.gov/mdhhs/assistance-programs/medicaid/portalhome/reports/medicaid-and-healthy-michigan-plan-health-plan-enrollment-report,2026-03,Michigan CHCP - Medicaid + Healthy Michigan Plan [source: state-direct file]
MI,Ingham,Medicaid MCO,McLaren Health Plan,McLaren Health Care,,32287,,32287,https://www.michigan.gov/mdhhs/assistance-programs/medicaid/portalhome/reports/medicaid-and-healthy-michigan-plan-health-plan-enrollment-report,2026-03,Michigan CHCP - Medicaid + Healthy Michigan Plan [source: state-direct file]
MI,Ionia,Medicaid MCO,McLaren Health Plan,McLaren Health Care,,1436,,1436,https://www.michigan.gov/mdhhs/assistance-programs/medicaid/portalhome/reports/medicaid-and-healthy-michigan-plan-health-plan-enrollment-report,2026-03,Michigan CHCP - Medicaid + Healthy Michigan Plan [source: state-direct file]
MI,Iosco,Medicaid MCO,McLaren Health Plan,McLaren Health Care,,2111,,2111,https://www.michigan.gov/mdhhs/assistance-programs/medicaid/portalhome/reports/medicaid-and-healthy-michigan-plan-health-plan-enrollment-report,2026-03,Michigan CHCP - Medicaid + Healthy Michigan Plan [source: state-direct file]
MI,Isabella,Medicaid MCO,McLaren Health Plan,McLaren Health Care,,5080,,5080,https://www.michigan.gov/mdhhs/assistance-programs/medicaid/portalhome/reports/medicaid-and-healthy-michigan-plan-health-plan-enrollment-report,2026-03,Michigan CHCP - Medicaid + Healthy Michigan Plan [source: state-direct file]
MI,Jackson,Medicaid MCO,McLaren Health Plan,McLaren Health Care,,1485,,1485,https://www.michigan.gov/mdhhs/assistance-programs/medicaid/portalhome/reports/medicaid-and-healthy-michigan-plan-health-plan-enrollment-report,2026-03,Michigan CHCP - Medicaid + Healthy Michigan Plan [source: state-direct file]
MI,Kalamazoo,Medicaid MCO,McLaren Health Plan,McLaren Health Care,,4873,,4873,https://www.michigan.gov/mdhhs/assistance-programs/medicaid/portalhome/reports/medicaid-and-healthy-michigan-plan-health-plan-enrollment-report,2026-03,Michigan CHCP - Medicaid + Healthy Michigan Plan [source: state-direct file]
MI,Kalkaska,Medicaid MCO,McLaren Health Plan,McLaren Health Care,,789,,789,https://www.michigan.gov/mdhhs/assistance-programs/medicaid/portalhome/reports/medicaid-and-healthy-michigan-plan-health-plan-enrollment-report,2026-03,Michigan CHCP - Medicaid + Healthy Michigan Plan [source: state-direct file]
MI,Kent,Medicaid MCO,McLaren Health Plan,McLaren Health Care,,3352,,3352,https://www.michigan.gov/mdhhs/assistance-programs/medicaid/portalhome/reports/medicaid-and-healthy-michigan-plan-health-plan-enrollment-report,2026-03,Michigan CHCP - Medicaid + Healthy Michigan Plan [source: state-direct file]
MI,Lake,Medicaid MCO,McLaren Health Plan,McLaren Health Care,,137,,137,https://www.michigan.gov/mdhhs/assistance-programs/medicaid/portalhome/reports/medicaid-and-healthy-michigan-plan-health-plan-enrollment-report,2026-03,Michigan CHCP - Medicaid + Healthy Michigan Plan [source: state-direct file]
MI,Lapeer,Medicaid MCO,McLaren Health Plan,McLaren Health Care,,4522,,4522,https://www.michigan.gov/mdhhs/assistance-programs/medicaid/portalhome/reports/medicaid-and-healthy-michigan-plan-health-plan-enrollment-report,2026-03,Michigan CHCP - Medicaid + Healthy Michigan Plan [source: state-direct file]
MI,Leelanau,Medicaid MCO,McLaren Health Plan,McLaren Health Care,,369,,369,https://www.michigan.gov/mdhhs/assistance-programs/medicaid/portalhome/reports/medicaid-and-healthy-michigan-plan-health-plan-enrollment-report,2026-03,Michigan CHCP - Medicaid + Healthy Michigan Plan [source: state-direct file]
MI,Lenawee,Medicaid MCO,McLaren Health Plan,McLaren Health Care,,326,,326,https://www.michigan.gov/mdhhs/assistance-programs/medicaid/portalhome/reports/medicaid-and-healthy-michigan-plan-health-plan-enrollment-report,2026-03,Michigan CHCP - Medicaid + Healthy Michigan Plan [source: state-direct file]
MI,Livingston,Medicaid MCO,McLaren Health Plan,McLaren Health Care,,789,,789,https://www.michigan.gov/mdhhs/assistance-programs/medicaid/portalhome/reports/medicaid-and-healthy-michigan-plan-health-plan-enrollment-report,2026-03,Michigan CHCP - Medicaid + Healthy Michigan Plan [source: state-direct file]
MI,Macomb,Medicaid MCO,McLaren Health Plan,McLaren Health Care,,8756,,8756,https://www.michigan.gov/mdhhs/assistance-programs/medicaid/portalhome/reports/medicaid-and-healthy-michigan-plan-health-plan-enrollment-report,2026-03,Michigan CHCP - Medicaid + Healthy Michigan Plan [source: state-direct file]
MI,Manistee,Medicaid MCO,McLaren Health Plan,McLaren Health Care,,726,,726,https://www.michigan.gov/mdhhs/assistance-programs/medicaid/portalhome/reports/medicaid-and-healthy-michigan-plan-health-plan-enrollment-report,2026-03,Michigan CHCP - Medicaid + Healthy Michigan Plan [source: state-direct file]
MI,Mason,Medicaid MCO,McLaren Health Plan,McLaren Health Care,,239,,239,https://www.michigan.gov/mdhhs/assistance-programs/medicaid/portalhome/reports/medicaid-and-healthy-michigan-plan-health-plan-enrollment-report,2026-03,Michigan CHCP - Medicaid + Healthy Michigan Plan [source: state-direct file]
MI,Mecosta,Medicaid MCO,McLaren Health Plan,McLaren Health Care,,607,,607,https://www.michigan.gov/mdhhs/assistance-programs/medicaid/portalhome/reports/medicaid-and-healthy-michigan-plan-health-plan-enrollment-report,2026-03,Michigan CHCP - Medicaid + Healthy Michigan Plan [source: state-direct file]
MI,Midland,Medicaid MCO,McLaren Health Plan,McLaren Health Care,,2984,,2984,https://www.michigan.gov/mdhhs/assistance-programs/medicaid/portalhome/reports/medicaid-and-healthy-michigan-plan-health-plan-enrollment-report,2026-03,Michigan CHCP - Medicaid + Healthy Michigan Plan [source: state-direct file]
MI,Missaukee,Medicaid MCO,McLaren Health Plan,McLaren Health Care,,402,,402,https://www.michigan.gov/mdhhs/assistance-programs/medicaid/portalhome/reports/medicaid-and-healthy-michigan-plan-health-plan-enrollment-report,2026-03,Michigan CHCP - Medicaid + Healthy Michigan Plan [source: state-direct file]
MI,Monroe,Medicaid MCO,McLaren Health Plan,McLaren Health Care,,619,,619,https://www.michigan.gov/mdhhs/assistance-programs/medicaid/portalhome/reports/medicaid-and-healthy-michigan-plan-health-plan-enrollment-report,2026-03,Michigan CHCP - Medicaid + Healthy Michigan Plan [source: state-direct file]
MI,Montcalm,Medicaid MCO,McLaren Health Plan,McLaren Health Care,,1349,,1349,https://www.michigan.gov/mdhhs/assistance-programs/medicaid/portalhome/reports/medicaid-and-healthy-michigan-plan-health-plan-enrollment-report,2026-03,Michigan CHCP - Medicaid + Healthy Michigan Plan [source: state-direct file]
MI,Montmorency,Medicaid MCO,McLaren Health Plan,McLaren Health Care,,577,,577,https://www.michigan.gov/mdhhs/assistance-programs/medicaid/portalhome/reports/medicaid-and-healthy-michigan-plan-health-plan-enrollment-report,2026-03,Michigan CHCP - Medicaid + Healthy Michigan Plan [source: state-direct file]
MI,Muskegon,Medicaid MCO,McLaren Health Plan,McLaren Health Care,,1054,,1054,https://www.michigan.gov/mdhhs/assistance-programs/medicaid/portalhome/reports/medicaid-and-healthy-michigan-plan-health-plan-enrollment-report,2026-03,Michigan CHCP - Medicaid + Healthy Michigan Plan [source: state-direct file]
MI,Newaygo,Medicaid MCO,McLaren Health Plan,McLaren Health Care,,502,,502,https://www.michigan.gov/mdhhs/assistance-programs/medicaid/portalhome/reports/medicaid-and-healthy-michigan-plan-health-plan-enrollment-report,2026-03,Michigan CHCP - Medicaid + Healthy Michigan Plan [source: state-direct file]
MI,Oakland,Medicaid MCO,McLaren Health Plan,McLaren Health Care,,7500,,7500,https://www.michigan.gov/mdhhs/assistance-programs/medicaid/portalhome/reports/medicaid-and-healthy-michigan-plan-health-plan-enrollment-report,2026-03,Michigan CHCP - Medicaid + Healthy Michigan Plan [source: state-direct file]
MI,Oceana,Medicaid MCO,McLaren Health Plan,McLaren Health Care,,143,,143,https://www.michigan.gov/mdhhs/assistance-programs/medicaid/portalhome/reports/medicaid-and-healthy-michigan-plan-health-plan-enrollment-report,2026-03,Michigan CHCP - Medicaid + Healthy Michigan Plan [source: state-direct file]
MI,Ogemaw,Medicaid MCO,McLaren Health Plan,McLaren Health Care,,2377,,2377,https://www.michigan.gov/mdhhs/assistance-programs/medicaid/portalhome/reports/medicaid-and-healthy-michigan-plan-health-plan-enrollment-report,2026-03,Michigan CHCP - Medicaid + Healthy Michigan Plan [source: state-direct file]
MI,Osceola,Medicaid MCO,McLaren Health Plan,McLaren Health Care,,336,,336,https://www.michigan.gov/mdhhs/assistance-programs/medicaid/portalhome/reports/medicaid-and-healthy-michigan-plan-health-plan-enrollment-report,2026-03,Michigan CHCP - Medicaid + Healthy Michigan Plan [source: state-direct file]
MI,Oscoda,Medicaid MCO,McLaren Health Plan,McLaren Health Care,,795,,795,https://www.michigan.gov/mdhhs/assistance-programs/medicaid/portalhome/reports/medicaid-and-healthy-michigan-plan-health-plan-enrollment-report,2026-03,Michigan CHCP - Medicaid + Healthy Michigan Plan [source: state-direct file]
MI,Otsego,Medicaid MCO,McLaren Health Plan,McLaren Health Care,,1641,,1641,https://www.michigan.gov/mdhhs/assistance-programs/medicaid/portalhome/reports/medicaid-and-healthy-michigan-plan-health-plan-enrollment-report,2026-03,Michigan CHCP - Medicaid + Healthy Michigan Plan [source: state-direct file]
MI,Ottawa,Medicaid MCO,McLaren Health Plan,McLaren Health Care,,726,,726,https://www.michigan.gov/mdhhs/assistance-programs/medicaid/portalhome/reports/medicaid-and-healthy-michigan-plan-health-plan-enrollment-report,2026-03,Michigan CHCP - Medicaid + Healthy Michigan Plan [source: state-direct file]
MI,Presque Isle,Medicaid MCO,McLaren Health Plan,McLaren Health Care,,882,,882,https://www.michigan.gov/mdhhs/assistance-programs/medicaid/portalhome/reports/medicaid-and-healthy-michigan-plan-health-plan-enrollment-report,2026-03,Michigan CHCP - Medicaid + Healthy Michigan Plan [source: state-direct file]
MI,Roscommon,Medicaid MCO,McLaren Health Plan,McLaren Health Care,,1636,,1636,https://www.michigan.gov/mdhhs/assistance-programs/medicaid/portalhome/reports/medicaid-and-healthy-michigan-plan-health-plan-enrollment-report,2026-03,Michigan CHCP - Medicaid + Healthy Michigan Plan [source: state-direct file]
MI,Saginaw,Medicaid MCO,McLaren Health Plan,McLaren Health Care,,9650,,9650,https://www.michigan.gov/mdhhs/assistance-programs/medicaid/portalhome/reports/medicaid-and-healthy-michigan-plan-health-plan-enrollment-report,2026-03,Michigan CHCP - Medicaid + Healthy Michigan Plan [source: state-direct file]
MI,Saint Clair,Medicaid MCO,McLaren Health Plan,McLaren Health Care,,3952,,3952,https://www.michigan.gov/mdhhs/assistance-programs/medicaid/portalhome/reports/medicaid-and-healthy-michigan-plan-health-plan-enrollment-report,2026-03,Michigan CHCP - Medicaid + Healthy Michigan Plan [source: state-direct file]
MI,Saint Joseph,Medicaid MCO,McLaren Health Plan,McLaren Health Care,,1249,,1249,https://www.michigan.gov/mdhhs/assistance-programs/medicaid/portalhome/reports/medicaid-and-healthy-michigan-plan-health-plan-enrollment-report,2026-03,Michigan CHCP - Medicaid + Healthy Michigan Plan [source: state-direct file]
MI,Sanilac,Medicaid MCO,McLaren Health Plan,McLaren Health Care,,1018,,1018,https://www.michigan.gov/mdhhs/assistance-programs/medicaid/portalhome/reports/medicaid-and-healthy-michigan-plan-health-plan-enrollment-report,2026-03,Michigan CHCP - Medicaid + Healthy Michigan Plan [source: state-direct file]
MI,Shiawassee,Medicaid MCO,McLaren Health Plan,McLaren Health Care,,4492,,4492,https://www.michigan.gov/mdhhs/assistance-programs/medicaid/portalhome/reports/medicaid-and-healthy-michigan-plan-health-plan-enrollment-report,2026-03,Michigan CHCP - Medicaid + Healthy Michigan Plan [source: state-direct file]
MI,Tuscola,Medicaid MCO,McLaren Health Plan,McLaren Health Care,,2352,,2352,https://www.michigan.gov/mdhhs/assistance-programs/medicaid/portalhome/reports/medicaid-and-healthy-michigan-plan-health-plan-enrollment-report,2026-03,Michigan CHCP - Medicaid + Healthy Michigan Plan [source: state-direct file]
MI,Van Buren,Medicaid MCO,McLaren Health Plan,McLaren Health Care,,1537,,1537,https://www.michigan.gov/mdhhs/assistance-programs/medicaid/portalhome/reports/medicaid-and-healthy-michigan-plan-health-plan-enrollment-report,2026-03,Michigan CHCP - Medicaid + Healthy Michigan Plan [source: state-direct file]
MI,Washtenaw,Medicaid MCO,McLaren Health Plan,McLaren Health Care,,1348,,1348,https://www.michigan.gov/mdhhs/assistance-programs/medicaid/portalhome/reports/medicaid-and-healthy-michigan-plan-health-plan-enrollment-report,2026-03,Michigan CHCP - Medicaid + Healthy Michigan Plan [source: state-direct file]
MI,Wayne,Medicaid MCO,McLaren Health Plan,McLaren Health Care,,12563,,12563,https://www.michigan.gov/mdhhs/assistance-programs/medicaid/portalhome/reports/medicaid-and-healthy-michigan-plan-health-plan-enrollment-report,2026-03,Michigan CHCP - Medicaid + Healthy Michigan Plan [source: state-direct file]
MI,Wexford,Medicaid MCO,McLaren Health Plan,McLaren Health Care,,1087,,1087,https://www.michigan.gov/mdhhs/assistance-programs/medicaid/portalhome/reports/medicaid-and-healthy-michigan-plan-health-plan-enrollment-report,2026-03,Michigan CHCP - Medicaid + Healthy Michigan Plan [source: state-direct file]
MI,Allegan,Medicaid MCO,Meridian Health Plan of Michigan,Centene,,2151,,2151,https://www.michigan.gov/mdhhs/assistance-programs/medicaid/portalhome/reports/medicaid-and-healthy-michigan-plan-health-plan-enrollment-report,2026-03,Michigan CHCP - Medicaid + Healthy Michigan Plan [source: state-direct file]
MI,Arenac,Medicaid MCO,Meridian Health Plan of Michigan,Centene,,621,,621,https://www.michigan.gov/mdhhs/assistance-programs/medicaid/portalhome/reports/medicaid-and-healthy-michigan-plan-health-plan-enrollment-report,2026-03,Michigan CHCP - Medicaid + Healthy Michigan Plan [source: state-direct file]
MI,Barry,Medicaid MCO,Meridian Health Plan of Michigan,Centene,,1689,,1689,https://www.michigan.gov/mdhhs/assistance-programs/medicaid/portalhome/reports/medicaid-and-healthy-michigan-plan-health-plan-enrollment-report,2026-03,Michigan CHCP - Medicaid + Healthy Michigan Plan [source: state-direct file]
MI,Bay,Medicaid MCO,Meridian Health Plan of Michigan,Centene,,2895,,2895,https://www.michigan.gov/mdhhs/assistance-programs/medicaid/portalhome/reports/medicaid-and-healthy-michigan-plan-health-plan-enrollment-report,2026-03,Michigan CHCP - Medicaid + Healthy Michigan Plan [source: state-direct file]
MI,Berrien,Medicaid MCO,Meridian Health Plan of Michigan,Centene,,14997,,14997,https://www.michigan.gov/mdhhs/assistance-programs/medicaid/portalhome/reports/medicaid-and-healthy-michigan-plan-health-plan-enrollment-report,2026-03,Michigan CHCP - Medicaid + Healthy Michigan Plan [source: state-direct file]
MI,Branch,Medicaid MCO,Meridian Health Plan of Michigan,Centene,,3163,,3163,https://www.michigan.gov/mdhhs/assistance-programs/medicaid/portalhome/reports/medicaid-and-healthy-michigan-plan-health-plan-enrollment-report,2026-03,Michigan CHCP - Medicaid + Healthy Michigan Plan [source: state-direct file]
MI,Calhoun,Medicaid MCO,Meridian Health Plan of Michigan,Centene,,11087,,11087,https://www.michigan.gov/mdhhs/assistance-programs/medicaid/portalhome/reports/medicaid-and-healthy-michigan-plan-health-plan-enrollment-report,2026-03,Michigan CHCP - Medicaid + Healthy Michigan Plan [source: state-direct file]
MI,Cass,Medicaid MCO,Meridian Health Plan of Michigan,Centene,,3580,,3580,https://www.michigan.gov/mdhhs/assistance-programs/medicaid/portalhome/reports/medicaid-and-healthy-michigan-plan-health-plan-enrollment-report,2026-03,Michigan CHCP - Medicaid + Healthy Michigan Plan [source: state-direct file]
MI,Clare,Medicaid MCO,Meridian Health Plan of Michigan,Centene,,1191,,1191,https://www.michigan.gov/mdhhs/assistance-programs/medicaid/portalhome/reports/medicaid-and-healthy-michigan-plan-health-plan-enrollment-report,2026-03,Michigan CHCP - Medicaid + Healthy Michigan Plan [source: state-direct file]
MI,Genesee,Medicaid MCO,Meridian Health Plan of Michigan,Centene,,15921,,15921,https://www.michigan.gov/mdhhs/assistance-programs/medicaid/portalhome/reports/medicaid-and-healthy-michigan-plan-health-plan-enrollment-report,2026-03,Michigan CHCP - Medicaid + Healthy Michigan Plan [source: state-direct file]
MI,Gladwin,Medicaid MCO,Meridian Health Plan of Michigan,Centene,,1093,,1093,https://www.michigan.gov/mdhhs/assistance-programs/medicaid/portalhome/reports/medicaid-and-healthy-michigan-plan-health-plan-enrollment-report,2026-03,Michigan CHCP - Medicaid + Healthy Michigan Plan [source: state-direct file]
MI,Gratiot,Medicaid MCO,Meridian Health Plan of Michigan,Centene,,942,,942,https://www.michigan.gov/mdhhs/assistance-programs/medicaid/portalhome/reports/medicaid-and-healthy-michigan-plan-health-plan-enrollment-report,2026-03,Michigan CHCP - Medicaid + Healthy Michigan Plan [source: state-direct file]
MI,Hillsdale,Medicaid MCO,Meridian Health Plan of Michigan,Centene,,4276,,4276,https://www.michigan.gov/mdhhs/assistance-programs/medicaid/portalhome/reports/medicaid-and-healthy-michigan-plan-health-plan-enrollment-report,2026-03,Michigan CHCP - Medicaid + Healthy Michigan Plan [source: state-direct file]
MI,Huron,Medicaid MCO,Meridian Health Plan of Michigan,Centene,,1435,,1435,https://www.michigan.gov/mdhhs/assistance-programs/medicaid/portalhome/reports/medicaid-and-healthy-michigan-plan-health-plan-enrollment-report,2026-03,Michigan CHCP - Medicaid + Healthy Michigan Plan [source: state-direct file]
MI,Ionia,Medicaid MCO,Meridian Health Plan of Michigan,Centene,,970,,970,https://www.michigan.gov/mdhhs/assistance-programs/medicaid/portalhome/reports/medicaid-and-healthy-michigan-plan-health-plan-enrollment-report,2026-03,Michigan CHCP - Medicaid + Healthy Michigan Plan [source: state-direct file]
MI,Isabella,Medicaid MCO,Meridian Health Plan of Michigan,Centene,,1600,,1600,https://www.michigan.gov/mdhhs/assistance-programs/medicaid/portalhome/reports/medicaid-and-healthy-michigan-plan-health-plan-enrollment-report,2026-03,Michigan CHCP - Medicaid + Healthy Michigan Plan [source: state-direct file]
MI,Jackson,Medicaid MCO,Meridian Health Plan of Michigan,Centene,,12152,,12152,https://www.michigan.gov/mdhhs/assistance-programs/medicaid/portalhome/reports/medicaid-and-healthy-michigan-plan-health-plan-enrollment-report,2026-03,Michigan CHCP - Medicaid + Healthy Michigan Plan [source: state-direct file]
MI,Kalamazoo,Medicaid MCO,Meridian Health Plan of Michigan,Centene,,14699,,14699,https://www.michigan.gov/mdhhs/assistance-programs/medicaid/portalhome/reports/medicaid-and-healthy-michigan-plan-health-plan-enrollment-report,2026-03,Michigan CHCP - Medicaid + Healthy Michigan Plan [source: state-direct file]
MI,Kent,Medicaid MCO,Meridian Health Plan of Michigan,Centene,,10407,,10407,https://www.michigan.gov/mdhhs/assistance-programs/medicaid/portalhome/reports/medicaid-and-healthy-michigan-plan-health-plan-enrollment-report,2026-03,Michigan CHCP - Medicaid + Healthy Michigan Plan [source: state-direct file]
MI,Lake,Medicaid MCO,Meridian Health Plan of Michigan,Centene,,733,,733,https://www.michigan.gov/mdhhs/assistance-programs/medicaid/portalhome/reports/medicaid-and-healthy-michigan-plan-health-plan-enrollment-report,2026-03,Michigan CHCP - Medicaid + Healthy Michigan Plan [source: state-direct file]
MI,Lapeer,Medicaid MCO,Meridian Health Plan of Michigan,Centene,,2094,,2094,https://www.michigan.gov/mdhhs/assistance-programs/medicaid/portalhome/reports/medicaid-and-healthy-michigan-plan-health-plan-enrollment-report,2026-03,Michigan CHCP - Medicaid + Healthy Michigan Plan [source: state-direct file]
MI,Lenawee,Medicaid MCO,Meridian Health Plan of Michigan,Centene,,6686,,6686,https://www.michigan.gov/mdhhs/assistance-programs/medicaid/portalhome/reports/medicaid-and-healthy-michigan-plan-health-plan-enrollment-report,2026-03,Michigan CHCP - Medicaid + Healthy Michigan Plan [source: state-direct file]
MI,Livingston,Medicaid MCO,Meridian Health Plan of Michigan,Centene,,2570,,2570,https://www.michigan.gov/mdhhs/assistance-programs/medicaid/portalhome/reports/medicaid-and-healthy-michigan-plan-health-plan-enrollment-report,2026-03,Michigan CHCP - Medicaid + Healthy Michigan Plan [source: state-direct file]
MI,Macomb,Medicaid MCO,Meridian Health Plan of Michigan,Centene,,29483,,29483,https://www.michigan.gov/mdhhs/assistance-programs/medicaid/portalhome/reports/medicaid-and-healthy-michigan-plan-health-plan-enrollment-report,2026-03,Michigan CHCP - Medicaid + Healthy Michigan Plan [source: state-direct file]
MI,Mason,Medicaid MCO,Meridian Health Plan of Michigan,Centene,,1106,,1106,https://www.michigan.gov/mdhhs/assistance-programs/medicaid/portalhome/reports/medicaid-and-healthy-michigan-plan-health-plan-enrollment-report,2026-03,Michigan CHCP - Medicaid + Healthy Michigan Plan [source: state-direct file]
MI,Mecosta,Medicaid MCO,Meridian Health Plan of Michigan,Centene,,903,,903,https://www.michigan.gov/mdhhs/assistance-programs/medicaid/portalhome/reports/medicaid-and-healthy-michigan-plan-health-plan-enrollment-report,2026-03,Michigan CHCP - Medicaid + Healthy Michigan Plan [source: state-direct file]
MI,Midland,Medicaid MCO,Meridian Health Plan of Michigan,Centene,,2368,,2368,https://www.michigan.gov/mdhhs/assistance-programs/medicaid/portalhome/reports/medicaid-and-healthy-michigan-plan-health-plan-enrollment-report,2026-03,Michigan CHCP - Medicaid + Healthy Michigan Plan [source: state-direct file]
MI,Monroe,Medicaid MCO,Meridian Health Plan of Michigan,Centene,,9616,,9616,https://www.michigan.gov/mdhhs/assistance-programs/medicaid/portalhome/reports/medicaid-and-healthy-michigan-plan-health-plan-enrollment-report,2026-03,Michigan CHCP - Medicaid + Healthy Michigan Plan [source: state-direct file]
MI,Montcalm,Medicaid MCO,Meridian Health Plan of Michigan,Centene,,1123,,1123,https://www.michigan.gov/mdhhs/assistance-programs/medicaid/portalhome/reports/medicaid-and-healthy-michigan-plan-health-plan-enrollment-report,2026-03,Michigan CHCP - Medicaid + Healthy Michigan Plan [source: state-direct file]
MI,Muskegon,Medicaid MCO,Meridian Health Plan of Michigan,Centene,,7511,,7511,https://www.michigan.gov/mdhhs/assistance-programs/medicaid/portalhome/reports/medicaid-and-healthy-michigan-plan-health-plan-enrollment-report,2026-03,Michigan CHCP - Medicaid + Healthy Michigan Plan [source: state-direct file]
MI,Newaygo,Medicaid MCO,Meridian Health Plan of Michigan,Centene,,1435,,1435,https://www.michigan.gov/mdhhs/assistance-programs/medicaid/portalhome/reports/medicaid-and-healthy-michigan-plan-health-plan-enrollment-report,2026-03,Michigan CHCP - Medicaid + Healthy Michigan Plan [source: state-direct file]
MI,Oakland,Medicaid MCO,Meridian Health Plan of Michigan,Centene,,25255,,25255,https://www.michigan.gov/mdhhs/assistance-programs/medicaid/portalhome/reports/medicaid-and-healthy-michigan-plan-health-plan-enrollment-report,2026-03,Michigan CHCP - Medicaid + Healthy Michigan Plan [source: state-direct file]
MI,Oceana,Medicaid MCO,Meridian Health Plan of Michigan,Centene,,1205,,1205,https://www.michigan.gov/mdhhs/assistance-programs/medicaid/portalhome/reports/medicaid-and-healthy-michigan-plan-health-plan-enrollment-report,2026-03,Michigan CHCP - Medicaid + Healthy Michigan Plan [source: state-direct file]
MI,Osceola,Medicaid MCO,Meridian Health Plan of Michigan,Centene,,790,,790,https://www.michigan.gov/mdhhs/assistance-programs/medicaid/portalhome/reports/medicaid-and-healthy-michigan-plan-health-plan-enrollment-report,2026-03,Michigan CHCP - Medicaid + Healthy Michigan Plan [source: state-direct file]
MI,Ottawa,Medicaid MCO,Meridian Health Plan of Michigan,Centene,,2065,,2065,https://www.michigan.gov/mdhhs/assistance-programs/medicaid/portalhome/reports/medicaid-and-healthy-michigan-plan-health-plan-enrollment-report,2026-03,Michigan CHCP - Medicaid + Healthy Michigan Plan [source: state-direct file]
MI,Saginaw,Medicaid MCO,Meridian Health Plan of Michigan,Centene,,10520,,10520,https://www.michigan.gov/mdhhs/assistance-programs/medicaid/portalhome/reports/medicaid-and-healthy-michigan-plan-health-plan-enrollment-report,2026-03,Michigan CHCP - Medicaid + Healthy Michigan Plan [source: state-direct file]
MI,Saint Clair,Medicaid MCO,Meridian Health Plan of Michigan,Centene,,11190,,11190,https://www.michigan.gov/mdhhs/assistance-programs/medicaid/portalhome/reports/medicaid-and-healthy-michigan-plan-health-plan-enrollment-report,2026-03,Michigan CHCP - Medicaid + Healthy Michigan Plan [source: state-direct file]
MI,Saint Joseph,Medicaid MCO,Meridian Health Plan of Michigan,Centene,,4250,,4250,https://www.michigan.gov/mdhhs/assistance-programs/medicaid/portalhome/reports/medicaid-and-healthy-michigan-plan-health-plan-enrollment-report,2026-03,Michigan CHCP - Medicaid + Healthy Michigan Plan [source: state-direct file]
MI,Sanilac,Medicaid MCO,Meridian Health Plan of Michigan,Centene,,2819,,2819,https://www.michigan.gov/mdhhs/assistance-programs/medicaid/portalhome/reports/medicaid-and-healthy-michigan-plan-health-plan-enrollment-report,2026-03,Michigan CHCP - Medicaid + Healthy Michigan Plan [source: state-direct file]
MI,Shiawassee,Medicaid MCO,Meridian Health Plan of Michigan,Centene,,1478,,1478,https://www.michigan.gov/mdhhs/assistance-programs/medicaid/portalhome/reports/medicaid-and-healthy-michigan-plan-health-plan-enrollment-report,2026-03,Michigan CHCP - Medicaid + Healthy Michigan Plan [source: state-direct file]
MI,Tuscola,Medicaid MCO,Meridian Health Plan of Michigan,Centene,,2546,,2546,https://www.michigan.gov/mdhhs/assistance-programs/medicaid/portalhome/reports/medicaid-and-healthy-michigan-plan-health-plan-enrollment-report,2026-03,Michigan CHCP - Medicaid + Healthy Michigan Plan [source: state-direct file]
MI,Van Buren,Medicaid MCO,Meridian Health Plan of Michigan,Centene,,5565,,5565,https://www.michigan.gov/mdhhs/assistance-programs/medicaid/portalhome/reports/medicaid-and-healthy-michigan-plan-health-plan-enrollment-report,2026-03,Michigan CHCP - Medicaid + Healthy Michigan Plan [source: state-direct file]
MI,Washtenaw,Medicaid MCO,Meridian Health Plan of Michigan,Centene,,6826,,6826,https://www.michigan.gov/mdhhs/assistance-programs/medicaid/portalhome/reports/medicaid-and-healthy-michigan-plan-health-plan-enrollment-report,2026-03,Michigan CHCP - Medicaid + Healthy Michigan Plan [source: state-direct file]
MI,Wayne,Medicaid MCO,Meridian Health Plan of Michigan,Centene,,84632,,84632,https://www.michigan.gov/mdhhs/assistance-programs/medicaid/portalhome/reports/medicaid-and-healthy-michigan-plan-health-plan-enrollment-report,2026-03,Michigan CHCP - Medicaid + Healthy Michigan Plan [source: state-direct file]
MI,Alcona,Medicaid MCO,Molina Healthcare of Michigan,Molina Healthcare,,380,,380,https://www.michigan.gov/mdhhs/assistance-programs/medicaid/portalhome/reports/medicaid-and-healthy-michigan-plan-health-plan-enrollment-report,2026-03,Michigan CHCP - Medicaid + Healthy Michigan Plan [source: state-direct file]
MI,Allegan,Medicaid MCO,Molina Healthcare of Michigan,Molina Healthcare,,898,,898,https://www.michigan.gov/mdhhs/assistance-programs/medicaid/portalhome/reports/medicaid-and-healthy-michigan-plan-health-plan-enrollment-report,2026-03,Michigan CHCP - Medicaid + Healthy Michigan Plan [source: state-direct file]
MI,Alpena,Medicaid MCO,Molina Healthcare of Michigan,Molina Healthcare,,872,,872,https://www.michigan.gov/mdhhs/assistance-programs/medicaid/portalhome/reports/medicaid-and-healthy-michigan-plan-health-plan-enrollment-report,2026-03,Michigan CHCP - Medicaid + Healthy Michigan Plan [source: state-direct file]
MI,Antrim,Medicaid MCO,Molina Healthcare of Michigan,Molina Healthcare,,393,,393,https://www.michigan.gov/mdhhs/assistance-programs/medicaid/portalhome/reports/medicaid-and-healthy-michigan-plan-health-plan-enrollment-report,2026-03,Michigan CHCP - Medicaid + Healthy Michigan Plan [source: state-direct file]
MI,Arenac,Medicaid MCO,Molina Healthcare of Michigan,Molina Healthcare,,722,,722,https://www.michigan.gov/mdhhs/assistance-programs/medicaid/portalhome/reports/medicaid-and-healthy-michigan-plan-health-plan-enrollment-report,2026-03,Michigan CHCP - Medicaid + Healthy Michigan Plan [source: state-direct file]
MI,Barry,Medicaid MCO,Molina Healthcare of Michigan,Molina Healthcare,,445,,445,https://www.michigan.gov/mdhhs/assistance-programs/medicaid/portalhome/reports/medicaid-and-healthy-michigan-plan-health-plan-enrollment-report,2026-03,Michigan CHCP - Medicaid + Healthy Michigan Plan [source: state-direct file]
MI,Bay,Medicaid MCO,Molina Healthcare of Michigan,Molina Healthcare,,5105,,5105,https://www.michigan.gov/mdhhs/assistance-programs/medicaid/portalhome/reports/medicaid-and-healthy-michigan-plan-health-plan-enrollment-report,2026-03,Michigan CHCP - Medicaid + Healthy Michigan Plan [source: state-direct file]
MI,Benzie,Medicaid MCO,Molina Healthcare of Michigan,Molina Healthcare,,393,,393,https://www.michigan.gov/mdhhs/assistance-programs/medicaid/portalhome/reports/medicaid-and-healthy-michigan-plan-health-plan-enrollment-report,2026-03,Michigan CHCP - Medicaid + Healthy Michigan Plan [source: state-direct file]
MI,Charlevoix,Medicaid MCO,Molina Healthcare of Michigan,Molina Healthcare,,312,,312,https://www.michigan.gov/mdhhs/assistance-programs/medicaid/portalhome/reports/medicaid-and-healthy-michigan-plan-health-plan-enrollment-report,2026-03,Michigan CHCP - Medicaid + Healthy Michigan Plan [source: state-direct file]
MI,Cheboygan,Medicaid MCO,Molina Healthcare of Michigan,Molina Healthcare,,340,,340,https://www.michigan.gov/mdhhs/assistance-programs/medicaid/portalhome/reports/medicaid-and-healthy-michigan-plan-health-plan-enrollment-report,2026-03,Michigan CHCP - Medicaid + Healthy Michigan Plan [source: state-direct file]
MI,Clare,Medicaid MCO,Molina Healthcare of Michigan,Molina Healthcare,,2496,,2496,https://www.michigan.gov/mdhhs/assistance-programs/medicaid/portalhome/reports/medicaid-and-healthy-michigan-plan-health-plan-enrollment-report,2026-03,Michigan CHCP - Medicaid + Healthy Michigan Plan [source: state-direct file]
MI,Crawford,Medicaid MCO,Molina Healthcare of Michigan,Molina Healthcare,,496,,496,https://www.michigan.gov/mdhhs/assistance-programs/medicaid/portalhome/reports/medicaid-and-healthy-michigan-plan-health-plan-enrollment-report,2026-03,Michigan CHCP - Medicaid + Healthy Michigan Plan [source: state-direct file]
MI,Emmet,Medicaid MCO,Molina Healthcare of Michigan,Molina Healthcare,,299,,299,https://www.michigan.gov/mdhhs/assistance-programs/medicaid/portalhome/reports/medicaid-and-healthy-michigan-plan-health-plan-enrollment-report,2026-03,Michigan CHCP - Medicaid + Healthy Michigan Plan [source: state-direct file]
MI,Genesee,Medicaid MCO,Molina Healthcare of Michigan,Molina Healthcare,,25138,,25138,https://www.michigan.gov/mdhhs/assistance-programs/medicaid/portalhome/reports/medicaid-and-healthy-michigan-plan-health-plan-enrollment-report,2026-03,Michigan CHCP - Medicaid + Healthy Michigan Plan [source: state-direct file]
MI,Gladwin,Medicaid MCO,Molina Healthcare of Michigan,Molina Healthcare,,1572,,1572,https://www.michigan.gov/mdhhs/assistance-programs/medicaid/portalhome/reports/medicaid-and-healthy-michigan-plan-health-plan-enrollment-report,2026-03,Michigan CHCP - Medicaid + Healthy Michigan Plan [source: state-direct file]
MI,Grand Traverse,Medicaid MCO,Molina Healthcare of Michigan,Molina Healthcare,,1169,,1169,https://www.michigan.gov/mdhhs/assistance-programs/medicaid/portalhome/reports/medicaid-and-healthy-michigan-plan-health-plan-enrollment-report,2026-03,Michigan CHCP - Medicaid + Healthy Michigan Plan [source: state-direct file]
MI,Gratiot,Medicaid MCO,Molina Healthcare of Michigan,Molina Healthcare,,1021,,1021,https://www.michigan.gov/mdhhs/assistance-programs/medicaid/portalhome/reports/medicaid-and-healthy-michigan-plan-health-plan-enrollment-report,2026-03,Michigan CHCP - Medicaid + Healthy Michigan Plan [source: state-direct file]
MI,Huron,Medicaid MCO,Molina Healthcare of Michigan,Molina Healthcare,,452,,452,https://www.michigan.gov/mdhhs/assistance-programs/medicaid/portalhome/reports/medicaid-and-healthy-michigan-plan-health-plan-enrollment-report,2026-03,Michigan CHCP - Medicaid + Healthy Michigan Plan [source: state-direct file]
MI,Ionia,Medicaid MCO,Molina Healthcare of Michigan,Molina Healthcare,,1172,,1172,https://www.michigan.gov/mdhhs/assistance-programs/medicaid/portalhome/reports/medicaid-and-healthy-michigan-plan-health-plan-enrollment-report,2026-03,Michigan CHCP - Medicaid + Healthy Michigan Plan [source: state-direct file]
MI,Iosco,Medicaid MCO,Molina Healthcare of Michigan,Molina Healthcare,,1294,,1294,https://www.michigan.gov/mdhhs/assistance-programs/medicaid/portalhome/reports/medicaid-and-healthy-michigan-plan-health-plan-enrollment-report,2026-03,Michigan CHCP - Medicaid + Healthy Michigan Plan [source: state-direct file]
MI,Isabella,Medicaid MCO,Molina Healthcare of Michigan,Molina Healthcare,,1845,,1845,https://www.michigan.gov/mdhhs/assistance-programs/medicaid/portalhome/reports/medicaid-and-healthy-michigan-plan-health-plan-enrollment-report,2026-03,Michigan CHCP - Medicaid + Healthy Michigan Plan [source: state-direct file]
MI,Kalkaska,Medicaid MCO,Molina Healthcare of Michigan,Molina Healthcare,,510,,510,https://www.michigan.gov/mdhhs/assistance-programs/medicaid/portalhome/reports/medicaid-and-healthy-michigan-plan-health-plan-enrollment-report,2026-03,Michigan CHCP - Medicaid + Healthy Michigan Plan [source: state-direct file]
MI,Kent,Medicaid MCO,Molina Healthcare of Michigan,Molina Healthcare,,11556,,11556,https://www.michigan.gov/mdhhs/assistance-programs/medicaid/portalhome/reports/medicaid-and-healthy-michigan-plan-health-plan-enrollment-report,2026-03,Michigan CHCP - Medicaid + Healthy Michigan Plan [source: state-direct file]
MI,Lake,Medicaid MCO,Molina Healthcare of Michigan,Molina Healthcare,,461,,461,https://www.michigan.gov/mdhhs/assistance-programs/medicaid/portalhome/reports/medicaid-and-healthy-michigan-plan-health-plan-enrollment-report,2026-03,Michigan CHCP - Medicaid + Healthy Michigan Plan [source: state-direct file]
MI,Lapeer,Medicaid MCO,Molina Healthcare of Michigan,Molina Healthcare,,1258,,1258,https://www.michigan.gov/mdhhs/assistance-programs/medicaid/portalhome/reports/medicaid-and-healthy-michigan-plan-health-plan-enrollment-report,2026-03,Michigan CHCP - Medicaid + Healthy Michigan Plan [source: state-direct file]
MI,Leelanau,Medicaid MCO,Molina Healthcare of Michigan,Molina Healthcare,,155,,155,https://www.michigan.gov/mdhhs/assistance-programs/medicaid/portalhome/reports/medicaid-and-healthy-michigan-plan-health-plan-enrollment-report,2026-03,Michigan CHCP - Medicaid + Healthy Michigan Plan [source: state-direct file]
MI,Macomb,Medicaid MCO,Molina Healthcare of Michigan,Molina Healthcare,,22138,,22138,https://www.michigan.gov/mdhhs/assistance-programs/medicaid/portalhome/reports/medicaid-and-healthy-michigan-plan-health-plan-enrollment-report,2026-03,Michigan CHCP - Medicaid + Healthy Michigan Plan [source: state-direct file]
MI,Manistee,Medicaid MCO,Molina Healthcare of Michigan,Molina Healthcare,,655,,655,https://www.michigan.gov/mdhhs/assistance-programs/medicaid/portalhome/reports/medicaid-and-healthy-michigan-plan-health-plan-enrollment-report,2026-03,Michigan CHCP - Medicaid + Healthy Michigan Plan [source: state-direct file]
MI,Mason,Medicaid MCO,Molina Healthcare of Michigan,Molina Healthcare,,333,,333,https://www.michigan.gov/mdhhs/assistance-programs/medicaid/portalhome/reports/medicaid-and-healthy-michigan-plan-health-plan-enrollment-report,2026-03,Michigan CHCP - Medicaid + Healthy Michigan Plan [source: state-direct file]
MI,Mecosta,Medicaid MCO,Molina Healthcare of Michigan,Molina Healthcare,,818,,818,https://www.michigan.gov/mdhhs/assistance-programs/medicaid/portalhome/reports/medicaid-and-healthy-michigan-plan-health-plan-enrollment-report,2026-03,Michigan CHCP - Medicaid + Healthy Michigan Plan [source: state-direct file]
MI,Midland,Medicaid MCO,Molina Healthcare of Michigan,Molina Healthcare,,4132,,4132,https://www.michigan.gov/mdhhs/assistance-programs/medicaid/portalhome/reports/medicaid-and-healthy-michigan-plan-health-plan-enrollment-report,2026-03,Michigan CHCP - Medicaid + Healthy Michigan Plan [source: state-direct file]
MI,Missaukee,Medicaid MCO,Molina Healthcare of Michigan,Molina Healthcare,,879,,879,https://www.michigan.gov/mdhhs/assistance-programs/medicaid/portalhome/reports/medicaid-and-healthy-michigan-plan-health-plan-enrollment-report,2026-03,Michigan CHCP - Medicaid + Healthy Michigan Plan [source: state-direct file]
MI,Montcalm,Medicaid MCO,Molina Healthcare of Michigan,Molina Healthcare,,1265,,1265,https://www.michigan.gov/mdhhs/assistance-programs/medicaid/portalhome/reports/medicaid-and-healthy-michigan-plan-health-plan-enrollment-report,2026-03,Michigan CHCP - Medicaid + Healthy Michigan Plan [source: state-direct file]
MI,Montmorency,Medicaid MCO,Molina Healthcare of Michigan,Molina Healthcare,,328,,328,https://www.michigan.gov/mdhhs/assistance-programs/medicaid/portalhome/reports/medicaid-and-healthy-michigan-plan-health-plan-enrollment-report,2026-03,Michigan CHCP - Medicaid + Healthy Michigan Plan [source: state-direct file]
MI,Muskegon,Medicaid MCO,Molina Healthcare of Michigan,Molina Healthcare,,3771,,3771,https://www.michigan.gov/mdhhs/assistance-programs/medicaid/portalhome/reports/medicaid-and-healthy-michigan-plan-health-plan-enrollment-report,2026-03,Michigan CHCP - Medicaid + Healthy Michigan Plan [source: state-direct file]
MI,Newaygo,Medicaid MCO,Molina Healthcare of Michigan,Molina Healthcare,,1118,,1118,https://www.michigan.gov/mdhhs/assistance-programs/medicaid/portalhome/reports/medicaid-and-healthy-michigan-plan-health-plan-enrollment-report,2026-03,Michigan CHCP - Medicaid + Healthy Michigan Plan [source: state-direct file]
MI,Oakland,Medicaid MCO,Molina Healthcare of Michigan,Molina Healthcare,,20649,,20649,https://www.michigan.gov/mdhhs/assistance-programs/medicaid/portalhome/reports/medicaid-and-healthy-michigan-plan-health-plan-enrollment-report,2026-03,Michigan CHCP - Medicaid + Healthy Michigan Plan [source: state-direct file]
MI,Oceana,Medicaid MCO,Molina Healthcare of Michigan,Molina Healthcare,,631,,631,https://www.michigan.gov/mdhhs/assistance-programs/medicaid/portalhome/reports/medicaid-and-healthy-michigan-plan-health-plan-enrollment-report,2026-03,Michigan CHCP - Medicaid + Healthy Michigan Plan [source: state-direct file]
MI,Ogemaw,Medicaid MCO,Molina Healthcare of Michigan,Molina Healthcare,,720,,720,https://www.michigan.gov/mdhhs/assistance-programs/medicaid/portalhome/reports/medicaid-and-healthy-michigan-plan-health-plan-enrollment-report,2026-03,Michigan CHCP - Medicaid + Healthy Michigan Plan [source: state-direct file]
MI,Osceola,Medicaid MCO,Molina Healthcare of Michigan,Molina Healthcare,,890,,890,https://www.michigan.gov/mdhhs/assistance-programs/medicaid/portalhome/reports/medicaid-and-healthy-michigan-plan-health-plan-enrollment-report,2026-03,Michigan CHCP - Medicaid + Healthy Michigan Plan [source: state-direct file]
MI,Oscoda,Medicaid MCO,Molina Healthcare of Michigan,Molina Healthcare,,336,,336,https://www.michigan.gov/mdhhs/assistance-programs/medicaid/portalhome/reports/medicaid-and-healthy-michigan-plan-health-plan-enrollment-report,2026-03,Michigan CHCP - Medicaid + Healthy Michigan Plan [source: state-direct file]
MI,Otsego,Medicaid MCO,Molina Healthcare of Michigan,Molina Healthcare,,648,,648,https://www.michigan.gov/mdhhs/assistance-programs/medicaid/portalhome/reports/medicaid-and-healthy-michigan-plan-health-plan-enrollment-report,2026-03,Michigan CHCP - Medicaid + Healthy Michigan Plan [source: state-direct file]
MI,Ottawa,Medicaid MCO,Molina Healthcare of Michigan,Molina Healthcare,,1788,,1788,https://www.michigan.gov/mdhhs/assistance-programs/medicaid/portalhome/reports/medicaid-and-healthy-michigan-plan-health-plan-enrollment-report,2026-03,Michigan CHCP - Medicaid + Healthy Michigan Plan [source: state-direct file]
MI,Presque Isle,Medicaid MCO,Molina Healthcare of Michigan,Molina Healthcare,,294,,294,https://www.michigan.gov/mdhhs/assistance-programs/medicaid/portalhome/reports/medicaid-and-healthy-michigan-plan-health-plan-enrollment-report,2026-03,Michigan CHCP - Medicaid + Healthy Michigan Plan [source: state-direct file]
MI,Roscommon,Medicaid MCO,Molina Healthcare of Michigan,Molina Healthcare,,1054,,1054,https://www.michigan.gov/mdhhs/assistance-programs/medicaid/portalhome/reports/medicaid-and-healthy-michigan-plan-health-plan-enrollment-report,2026-03,Michigan CHCP - Medicaid + Healthy Michigan Plan [source: state-direct file]
MI,Saginaw,Medicaid MCO,Molina Healthcare of Michigan,Molina Healthcare,,15638,,15638,https://www.michigan.gov/mdhhs/assistance-programs/medicaid/portalhome/reports/medicaid-and-healthy-michigan-plan-health-plan-enrollment-report,2026-03,Michigan CHCP - Medicaid + Healthy Michigan Plan [source: state-direct file]
MI,Saint Clair,Medicaid MCO,Molina Healthcare of Michigan,Molina Healthcare,,1860,,1860,https://www.michigan.gov/mdhhs/assistance-programs/medicaid/portalhome/reports/medicaid-and-healthy-michigan-plan-health-plan-enrollment-report,2026-03,Michigan CHCP - Medicaid + Healthy Michigan Plan [source: state-direct file]
MI,Sanilac,Medicaid MCO,Molina Healthcare of Michigan,Molina Healthcare,,436,,436,https://www.michigan.gov/mdhhs/assistance-programs/medicaid/portalhome/reports/medicaid-and-healthy-michigan-plan-health-plan-enrollment-report,2026-03,Michigan CHCP - Medicaid + Healthy Michigan Plan [source: state-direct file]
MI,Shiawassee,Medicaid MCO,Molina Healthcare of Michigan,Molina Healthcare,,1573,,1573,https://www.michigan.gov/mdhhs/assistance-programs/medicaid/portalhome/reports/medicaid-and-healthy-michigan-plan-health-plan-enrollment-report,2026-03,Michigan CHCP - Medicaid + Healthy Michigan Plan [source: state-direct file]
MI,Tuscola,Medicaid MCO,Molina Healthcare of Michigan,Molina Healthcare,,1697,,1697,https://www.michigan.gov/mdhhs/assistance-programs/medicaid/portalhome/reports/medicaid-and-healthy-michigan-plan-health-plan-enrollment-report,2026-03,Michigan CHCP - Medicaid + Healthy Michigan Plan [source: state-direct file]
MI,Wayne,Medicaid MCO,Molina Healthcare of Michigan,Molina Healthcare,,132152,,132152,https://www.michigan.gov/mdhhs/assistance-programs/medicaid/portalhome/reports/medicaid-and-healthy-michigan-plan-health-plan-enrollment-report,2026-03,Michigan CHCP - Medicaid + Healthy Michigan Plan [source: state-direct file]
MI,Wexford,Medicaid MCO,Molina Healthcare of Michigan,Molina Healthcare,,1951,,1951,https://www.michigan.gov/mdhhs/assistance-programs/medicaid/portalhome/reports/medicaid-and-healthy-michigan-plan-health-plan-enrollment-report,2026-03,Michigan CHCP - Medicaid + Healthy Michigan Plan [source: state-direct file]
MI,Alcona,Medicaid MCO,Priority Health Choice,Priority Health (Corewell Health),,293,,293,https://www.michigan.gov/mdhhs/assistance-programs/medicaid/portalhome/reports/medicaid-and-healthy-michigan-plan-health-plan-enrollment-report,2026-03,Michigan CHCP - Medicaid + Healthy Michigan Plan [source: state-direct file]
MI,Allegan,Medicaid MCO,Priority Health Choice,Priority Health (Corewell Health),,8019,,8019,https://www.michigan.gov/mdhhs/assistance-programs/medicaid/portalhome/reports/medicaid-and-healthy-michigan-plan-health-plan-enrollment-report,2026-03,Michigan CHCP - Medicaid + Healthy Michigan Plan [source: state-direct file]
MI,Alpena,Medicaid MCO,Priority Health Choice,Priority Health (Corewell Health),,1050,,1050,https://www.michigan.gov/mdhhs/assistance-programs/medicaid/portalhome/reports/medicaid-and-healthy-michigan-plan-health-plan-enrollment-report,2026-03,Michigan CHCP - Medicaid + Healthy Michigan Plan [source: state-direct file]
MI,Antrim,Medicaid MCO,Priority Health Choice,Priority Health (Corewell Health),,900,,900,https://www.michigan.gov/mdhhs/assistance-programs/medicaid/portalhome/reports/medicaid-and-healthy-michigan-plan-health-plan-enrollment-report,2026-03,Michigan CHCP - Medicaid + Healthy Michigan Plan [source: state-direct file]
MI,Barry,Medicaid MCO,Priority Health Choice,Priority Health (Corewell Health),,2973,,2973,https://www.michigan.gov/mdhhs/assistance-programs/medicaid/portalhome/reports/medicaid-and-healthy-michigan-plan-health-plan-enrollment-report,2026-03,Michigan CHCP - Medicaid + Healthy Michigan Plan [source: state-direct file]
MI,Benzie,Medicaid MCO,Priority Health Choice,Priority Health (Corewell Health),,868,,868,https://www.michigan.gov/mdhhs/assistance-programs/medicaid/portalhome/reports/medicaid-and-healthy-michigan-plan-health-plan-enrollment-report,2026-03,Michigan CHCP - Medicaid + Healthy Michigan Plan [source: state-direct file]
MI,Charlevoix,Medicaid MCO,Priority Health Choice,Priority Health (Corewell Health),,576,,576,https://www.michigan.gov/mdhhs/assistance-programs/medicaid/portalhome/reports/medicaid-and-healthy-michigan-plan-health-plan-enrollment-report,2026-03,Michigan CHCP - Medicaid + Healthy Michigan Plan [source: state-direct file]
MI,Cheboygan,Medicaid MCO,Priority Health Choice,Priority Health (Corewell Health),,667,,667,https://www.michigan.gov/mdhhs/assistance-programs/medicaid/portalhome/reports/medicaid-and-healthy-michigan-plan-health-plan-enrollment-report,2026-03,Michigan CHCP - Medicaid + Healthy Michigan Plan [source: state-direct file]
MI,Crawford,Medicaid MCO,Priority Health Choice,Priority Health (Corewell Health),,675,,675,https://www.michigan.gov/mdhhs/assistance-programs/medicaid/portalhome/reports/medicaid-and-healthy-michigan-plan-health-plan-enrollment-report,2026-03,Michigan CHCP - Medicaid + Healthy Michigan Plan [source: state-direct file]
MI,Emmet,Medicaid MCO,Priority Health Choice,Priority Health (Corewell Health),,681,,681,https://www.michigan.gov/mdhhs/assistance-programs/medicaid/portalhome/reports/medicaid-and-healthy-michigan-plan-health-plan-enrollment-report,2026-03,Michigan CHCP - Medicaid + Healthy Michigan Plan [source: state-direct file]
MI,Grand Traverse,Medicaid MCO,Priority Health Choice,Priority Health (Corewell Health),,3463,,3463,https://www.michigan.gov/mdhhs/assistance-programs/medicaid/portalhome/reports/medicaid-and-healthy-michigan-plan-health-plan-enrollment-report,2026-03,Michigan CHCP - Medicaid + Healthy Michigan Plan [source: state-direct file]
MI,Ionia,Medicaid MCO,Priority Health Choice,Priority Health (Corewell Health),,3577,,3577,https://www.michigan.gov/mdhhs/assistance-programs/medicaid/portalhome/reports/medicaid-and-healthy-michigan-plan-health-plan-enrollment-report,2026-03,Michigan CHCP - Medicaid + Healthy Michigan Plan [source: state-direct file]
MI,Iosco,Medicaid MCO,Priority Health Choice,Priority Health (Corewell Health),,607,,607,https://www.michigan.gov/mdhhs/assistance-programs/medicaid/portalhome/reports/medicaid-and-healthy-michigan-plan-health-plan-enrollment-report,2026-03,Michigan CHCP - Medicaid + Healthy Michigan Plan [source: state-direct file]
MI,Kalkaska,Medicaid MCO,Priority Health Choice,Priority Health (Corewell Health),,1006,,1006,https://www.michigan.gov/mdhhs/assistance-programs/medicaid/portalhome/reports/medicaid-and-healthy-michigan-plan-health-plan-enrollment-report,2026-03,Michigan CHCP - Medicaid + Healthy Michigan Plan [source: state-direct file]
MI,Kent,Medicaid MCO,Priority Health Choice,Priority Health (Corewell Health),,53088,,53088,https://www.michigan.gov/mdhhs/assistance-programs/medicaid/portalhome/reports/medicaid-and-healthy-michigan-plan-health-plan-enrollment-report,2026-03,Michigan CHCP - Medicaid + Healthy Michigan Plan [source: state-direct file]
MI,Lake,Medicaid MCO,Priority Health Choice,Priority Health (Corewell Health),,972,,972,https://www.michigan.gov/mdhhs/assistance-programs/medicaid/portalhome/reports/medicaid-and-healthy-michigan-plan-health-plan-enrollment-report,2026-03,Michigan CHCP - Medicaid + Healthy Michigan Plan [source: state-direct file]
MI,Leelanau,Medicaid MCO,Priority Health Choice,Priority Health (Corewell Health),,516,,516,https://www.michigan.gov/mdhhs/assistance-programs/medicaid/portalhome/reports/medicaid-and-healthy-michigan-plan-health-plan-enrollment-report,2026-03,Michigan CHCP - Medicaid + Healthy Michigan Plan [source: state-direct file]
MI,Macomb,Medicaid MCO,Priority Health Choice,Priority Health (Corewell Health),,13899,,13899,https://www.michigan.gov/mdhhs/assistance-programs/medicaid/portalhome/reports/medicaid-and-healthy-michigan-plan-health-plan-enrollment-report,2026-03,Michigan CHCP - Medicaid + Healthy Michigan Plan [source: state-direct file]
MI,Manistee,Medicaid MCO,Priority Health Choice,Priority Health (Corewell Health),,1533,,1533,https://www.michigan.gov/mdhhs/assistance-programs/medicaid/portalhome/reports/medicaid-and-healthy-michigan-plan-health-plan-enrollment-report,2026-03,Michigan CHCP - Medicaid + Healthy Michigan Plan [source: state-direct file]
MI,Mason,Medicaid MCO,Priority Health Choice,Priority Health (Corewell Health),,2172,,2172,https://www.michigan.gov/mdhhs/assistance-programs/medicaid/portalhome/reports/medicaid-and-healthy-michigan-plan-health-plan-enrollment-report,2026-03,Michigan CHCP - Medicaid + Healthy Michigan Plan [source: state-direct file]
MI,Mecosta,Medicaid MCO,Priority Health Choice,Priority Health (Corewell Health),,3740,,3740,https://www.michigan.gov/mdhhs/assistance-programs/medicaid/portalhome/reports/medicaid-and-healthy-michigan-plan-health-plan-enrollment-report,2026-03,Michigan CHCP - Medicaid + Healthy Michigan Plan [source: state-direct file]
MI,Missaukee,Medicaid MCO,Priority Health Choice,Priority Health (Corewell Health),,831,,831,https://www.michigan.gov/mdhhs/assistance-programs/medicaid/portalhome/reports/medicaid-and-healthy-michigan-plan-health-plan-enrollment-report,2026-03,Michigan CHCP - Medicaid + Healthy Michigan Plan [source: state-direct file]
MI,Montcalm,Medicaid MCO,Priority Health Choice,Priority Health (Corewell Health),,5786,,5786,https://www.michigan.gov/mdhhs/assistance-programs/medicaid/portalhome/reports/medicaid-and-healthy-michigan-plan-health-plan-enrollment-report,2026-03,Michigan CHCP - Medicaid + Healthy Michigan Plan [source: state-direct file]
MI,Montmorency,Medicaid MCO,Priority Health Choice,Priority Health (Corewell Health),,379,,379,https://www.michigan.gov/mdhhs/assistance-programs/medicaid/portalhome/reports/medicaid-and-healthy-michigan-plan-health-plan-enrollment-report,2026-03,Michigan CHCP - Medicaid + Healthy Michigan Plan [source: state-direct file]
MI,Muskegon,Medicaid MCO,Priority Health Choice,Priority Health (Corewell Health),,15597,,15597,https://www.michigan.gov/mdhhs/assistance-programs/medicaid/portalhome/reports/medicaid-and-healthy-michigan-plan-health-plan-enrollment-report,2026-03,Michigan CHCP - Medicaid + Healthy Michigan Plan [source: state-direct file]
MI,Newaygo,Medicaid MCO,Priority Health Choice,Priority Health (Corewell Health),,5235,,5235,https://www.michigan.gov/mdhhs/assistance-programs/medicaid/portalhome/reports/medicaid-and-healthy-michigan-plan-health-plan-enrollment-report,2026-03,Michigan CHCP - Medicaid + Healthy Michigan Plan [source: state-direct file]
MI,Oakland,Medicaid MCO,Priority Health Choice,Priority Health (Corewell Health),,11912,,11912,https://www.michigan.gov/mdhhs/assistance-programs/medicaid/portalhome/reports/medicaid-and-healthy-michigan-plan-health-plan-enrollment-report,2026-03,Michigan CHCP - Medicaid + Healthy Michigan Plan [source: state-direct file]
MI,Oceana,Medicaid MCO,Priority Health Choice,Priority Health (Corewell Health),,2016,,2016,https://www.michigan.gov/mdhhs/assistance-programs/medicaid/portalhome/reports/medicaid-and-healthy-michigan-plan-health-plan-enrollment-report,2026-03,Michigan CHCP - Medicaid + Healthy Michigan Plan [source: state-direct file]
MI,Ogemaw,Medicaid MCO,Priority Health Choice,Priority Health (Corewell Health),,458,,458,https://www.michigan.gov/mdhhs/assistance-programs/medicaid/portalhome/reports/medicaid-and-healthy-michigan-plan-health-plan-enrollment-report,2026-03,Michigan CHCP - Medicaid + Healthy Michigan Plan [source: state-direct file]
MI,Osceola,Medicaid MCO,Priority Health Choice,Priority Health (Corewell Health),,2038,,2038,https://www.michigan.gov/mdhhs/assistance-programs/medicaid/portalhome/reports/medicaid-and-healthy-michigan-plan-health-plan-enrollment-report,2026-03,Michigan CHCP - Medicaid + Healthy Michigan Plan [source: state-direct file]
MI,Oscoda,Medicaid MCO,Priority Health Choice,Priority Health (Corewell Health),,345,,345,https://www.michigan.gov/mdhhs/assistance-programs/medicaid/portalhome/reports/medicaid-and-healthy-michigan-plan-health-plan-enrollment-report,2026-03,Michigan CHCP - Medicaid + Healthy Michigan Plan [source: state-direct file]
MI,Otsego,Medicaid MCO,Priority Health Choice,Priority Health (Corewell Health),,933,,933,https://www.michigan.gov/mdhhs/assistance-programs/medicaid/portalhome/reports/medicaid-and-healthy-michigan-plan-health-plan-enrollment-report,2026-03,Michigan CHCP - Medicaid + Healthy Michigan Plan [source: state-direct file]
MI,Ottawa,Medicaid MCO,Priority Health Choice,Priority Health (Corewell Health),,16839,,16839,https://www.michigan.gov/mdhhs/assistance-programs/medicaid/portalhome/reports/medicaid-and-healthy-michigan-plan-health-plan-enrollment-report,2026-03,Michigan CHCP - Medicaid + Healthy Michigan Plan [source: state-direct file]
MI,Presque Isle,Medicaid MCO,Priority Health Choice,Priority Health (Corewell Health),,340,,340,https://www.michigan.gov/mdhhs/assistance-programs/medicaid/portalhome/reports/medicaid-and-healthy-michigan-plan-health-plan-enrollment-report,2026-03,Michigan CHCP - Medicaid + Healthy Michigan Plan [source: state-direct file]
MI,Roscommon,Medicaid MCO,Priority Health Choice,Priority Health (Corewell Health),,975,,975,https://www.michigan.gov/mdhhs/assistance-programs/medicaid/portalhome/reports/medicaid-and-healthy-michigan-plan-health-plan-enrollment-report,2026-03,Michigan CHCP - Medicaid + Healthy Michigan Plan [source: state-direct file]
MI,Wayne,Medicaid MCO,Priority Health Choice,Priority Health (Corewell Health),,40188,,40188,https://www.michigan.gov/mdhhs/assistance-programs/medicaid/portalhome/reports/medicaid-and-healthy-michigan-plan-health-plan-enrollment-report,2026-03,Michigan CHCP - Medicaid + Healthy Michigan Plan [source: state-direct file]
MI,Wexford,Medicaid MCO,Priority Health Choice,Priority Health (Corewell Health),,2279,,2279,https://www.michigan.gov/mdhhs/assistance-programs/medicaid/portalhome/reports/medicaid-and-healthy-michigan-plan-health-plan-enrollment-report,2026-03,Michigan CHCP - Medicaid + Healthy Michigan Plan [source: state-direct file]
MI,Allegan,Medicaid MCO,UnitedHealthcare Community Plan of Michigan,UnitedHealth Group,,1469,,1469,https://www.michigan.gov/mdhhs/assistance-programs/medicaid/portalhome/reports/medicaid-and-healthy-michigan-plan-health-plan-enrollment-report,2026-03,Michigan CHCP - Medicaid + Healthy Michigan Plan [source: state-direct file]
MI,Barry,Medicaid MCO,UnitedHealthcare Community Plan of Michigan,UnitedHealth Group,,576,,576,https://www.michigan.gov/mdhhs/assistance-programs/medicaid/portalhome/reports/medicaid-and-healthy-michigan-plan-health-plan-enrollment-report,2026-03,Michigan CHCP - Medicaid + Healthy Michigan Plan [source: state-direct file]
MI,Berrien,Medicaid MCO,UnitedHealthcare Community Plan of Michigan,UnitedHealth Group,,8102,,8102,https://www.michigan.gov/mdhhs/assistance-programs/medicaid/portalhome/reports/medicaid-and-healthy-michigan-plan-health-plan-enrollment-report,2026-03,Michigan CHCP - Medicaid + Healthy Michigan Plan [source: state-direct file]
MI,Branch,Medicaid MCO,UnitedHealthcare Community Plan of Michigan,UnitedHealth Group,,3174,,3174,https://www.michigan.gov/mdhhs/assistance-programs/medicaid/portalhome/reports/medicaid-and-healthy-michigan-plan-health-plan-enrollment-report,2026-03,Michigan CHCP - Medicaid + Healthy Michigan Plan [source: state-direct file]
MI,Calhoun,Medicaid MCO,UnitedHealthcare Community Plan of Michigan,UnitedHealth Group,,10165,,10165,https://www.michigan.gov/mdhhs/assistance-programs/medicaid/portalhome/reports/medicaid-and-healthy-michigan-plan-health-plan-enrollment-report,2026-03,Michigan CHCP - Medicaid + Healthy Michigan Plan [source: state-direct file]
MI,Cass,Medicaid MCO,UnitedHealthcare Community Plan of Michigan,UnitedHealth Group,,2883,,2883,https://www.michigan.gov/mdhhs/assistance-programs/medicaid/portalhome/reports/medicaid-and-healthy-michigan-plan-health-plan-enrollment-report,2026-03,Michigan CHCP - Medicaid + Healthy Michigan Plan [source: state-direct file]
MI,Clinton,Medicaid MCO,UnitedHealthcare Community Plan of Michigan,UnitedHealth Group,,1035,,1035,https://www.michigan.gov/mdhhs/assistance-programs/medicaid/portalhome/reports/medicaid-and-healthy-michigan-plan-health-plan-enrollment-report,2026-03,Michigan CHCP - Medicaid + Healthy Michigan Plan [source: state-direct file]
MI,Eaton,Medicaid MCO,UnitedHealthcare Community Plan of Michigan,UnitedHealth Group,,2227,,2227,https://www.michigan.gov/mdhhs/assistance-programs/medicaid/portalhome/reports/medicaid-and-healthy-michigan-plan-health-plan-enrollment-report,2026-03,Michigan CHCP - Medicaid + Healthy Michigan Plan [source: state-direct file]
MI,Genesee,Medicaid MCO,UnitedHealthcare Community Plan of Michigan,UnitedHealth Group,,7177,,7177,https://www.michigan.gov/mdhhs/assistance-programs/medicaid/portalhome/reports/medicaid-and-healthy-michigan-plan-health-plan-enrollment-report,2026-03,Michigan CHCP - Medicaid + Healthy Michigan Plan [source: state-direct file]
MI,Hillsdale,Medicaid MCO,UnitedHealthcare Community Plan of Michigan,UnitedHealth Group,,1196,,1196,https://www.michigan.gov/mdhhs/assistance-programs/medicaid/portalhome/reports/medicaid-and-healthy-michigan-plan-health-plan-enrollment-report,2026-03,Michigan CHCP - Medicaid + Healthy Michigan Plan [source: state-direct file]
MI,Huron,Medicaid MCO,UnitedHealthcare Community Plan of Michigan,UnitedHealth Group,,947,,947,https://www.michigan.gov/mdhhs/assistance-programs/medicaid/portalhome/reports/medicaid-and-healthy-michigan-plan-health-plan-enrollment-report,2026-03,Michigan CHCP - Medicaid + Healthy Michigan Plan [source: state-direct file]
MI,Ingham,Medicaid MCO,UnitedHealthcare Community Plan of Michigan,UnitedHealth Group,,8878,,8878,https://www.michigan.gov/mdhhs/assistance-programs/medicaid/portalhome/reports/medicaid-and-healthy-michigan-plan-health-plan-enrollment-report,2026-03,Michigan CHCP - Medicaid + Healthy Michigan Plan [source: state-direct file]
MI,Ionia,Medicaid MCO,UnitedHealthcare Community Plan of Michigan,UnitedHealth Group,,320,,320,https://www.michigan.gov/mdhhs/assistance-programs/medicaid/portalhome/reports/medicaid-and-healthy-michigan-plan-health-plan-enrollment-report,2026-03,Michigan CHCP - Medicaid + Healthy Michigan Plan [source: state-direct file]
MI,Jackson,Medicaid MCO,UnitedHealthcare Community Plan of Michigan,UnitedHealth Group,,2956,,2956,https://www.michigan.gov/mdhhs/assistance-programs/medicaid/portalhome/reports/medicaid-and-healthy-michigan-plan-health-plan-enrollment-report,2026-03,Michigan CHCP - Medicaid + Healthy Michigan Plan [source: state-direct file]
MI,Kalamazoo,Medicaid MCO,UnitedHealthcare Community Plan of Michigan,UnitedHealth Group,,16582,,16582,https://www.michigan.gov/mdhhs/assistance-programs/medicaid/portalhome/reports/medicaid-and-healthy-michigan-plan-health-plan-enrollment-report,2026-03,Michigan CHCP - Medicaid + Healthy Michigan Plan [source: state-direct file]
MI,Kent,Medicaid MCO,UnitedHealthcare Community Plan of Michigan,UnitedHealth Group,,7047,,7047,https://www.michigan.gov/mdhhs/assistance-programs/medicaid/portalhome/reports/medicaid-and-healthy-michigan-plan-health-plan-enrollment-report,2026-03,Michigan CHCP - Medicaid + Healthy Michigan Plan [source: state-direct file]
MI,Lake,Medicaid MCO,UnitedHealthcare Community Plan of Michigan,UnitedHealth Group,,261,,261,https://www.michigan.gov/mdhhs/assistance-programs/medicaid/portalhome/reports/medicaid-and-healthy-michigan-plan-health-plan-enrollment-report,2026-03,Michigan CHCP - Medicaid + Healthy Michigan Plan [source: state-direct file]
MI,Lapeer,Medicaid MCO,UnitedHealthcare Community Plan of Michigan,UnitedHealth Group,,967,,967,https://www.michigan.gov/mdhhs/assistance-programs/medicaid/portalhome/reports/medicaid-and-healthy-michigan-plan-health-plan-enrollment-report,2026-03,Michigan CHCP - Medicaid + Healthy Michigan Plan [source: state-direct file]
MI,Lenawee,Medicaid MCO,UnitedHealthcare Community Plan of Michigan,UnitedHealth Group,,1984,,1984,https://www.michigan.gov/mdhhs/assistance-programs/medicaid/portalhome/reports/medicaid-and-healthy-michigan-plan-health-plan-enrollment-report,2026-03,Michigan CHCP - Medicaid + Healthy Michigan Plan [source: state-direct file]
MI,Livingston,Medicaid MCO,UnitedHealthcare Community Plan of Michigan,UnitedHealth Group,,2025,,2025,https://www.michigan.gov/mdhhs/assistance-programs/medicaid/portalhome/reports/medicaid-and-healthy-michigan-plan-health-plan-enrollment-report,2026-03,Michigan CHCP - Medicaid + Healthy Michigan Plan [source: state-direct file]
MI,Macomb,Medicaid MCO,UnitedHealthcare Community Plan of Michigan,UnitedHealth Group,,40211,,40211,https://www.michigan.gov/mdhhs/assistance-programs/medicaid/portalhome/reports/medicaid-and-healthy-michigan-plan-health-plan-enrollment-report,2026-03,Michigan CHCP - Medicaid + Healthy Michigan Plan [source: state-direct file]
MI,Mason,Medicaid MCO,UnitedHealthcare Community Plan of Michigan,UnitedHealth Group,,296,,296,https://www.michigan.gov/mdhhs/assistance-programs/medicaid/portalhome/reports/medicaid-and-healthy-michigan-plan-health-plan-enrollment-report,2026-03,Michigan CHCP - Medicaid + Healthy Michigan Plan [source: state-direct file]
MI,Mecosta,Medicaid MCO,UnitedHealthcare Community Plan of Michigan,UnitedHealth Group,,492,,492,https://www.michigan.gov/mdhhs/assistance-programs/medicaid/portalhome/reports/medicaid-and-healthy-michigan-plan-health-plan-enrollment-report,2026-03,Michigan CHCP - Medicaid + Healthy Michigan Plan [source: state-direct file]
MI,Monroe,Medicaid MCO,UnitedHealthcare Community Plan of Michigan,UnitedHealth Group,,2246,,2246,https://www.michigan.gov/mdhhs/assistance-programs/medicaid/portalhome/reports/medicaid-and-healthy-michigan-plan-health-plan-enrollment-report,2026-03,Michigan CHCP - Medicaid + Healthy Michigan Plan [source: state-direct file]
MI,Montcalm,Medicaid MCO,UnitedHealthcare Community Plan of Michigan,UnitedHealth Group,,614,,614,https://www.michigan.gov/mdhhs/assistance-programs/medicaid/portalhome/reports/medicaid-and-healthy-michigan-plan-health-plan-enrollment-report,2026-03,Michigan CHCP - Medicaid + Healthy Michigan Plan [source: state-direct file]
MI,Muskegon,Medicaid MCO,UnitedHealthcare Community Plan of Michigan,UnitedHealth Group,,2197,,2197,https://www.michigan.gov/mdhhs/assistance-programs/medicaid/portalhome/reports/medicaid-and-healthy-michigan-plan-health-plan-enrollment-report,2026-03,Michigan CHCP - Medicaid + Healthy Michigan Plan [source: state-direct file]
MI,Newaygo,Medicaid MCO,UnitedHealthcare Community Plan of Michigan,UnitedHealth Group,,549,,549,https://www.michigan.gov/mdhhs/assistance-programs/medicaid/portalhome/reports/medicaid-and-healthy-michigan-plan-health-plan-enrollment-report,2026-03,Michigan CHCP - Medicaid + Healthy Michigan Plan [source: state-direct file]
MI,Oakland,Medicaid MCO,UnitedHealthcare Community Plan of Michigan,UnitedHealth Group,,27558,,27558,https://www.michigan.gov/mdhhs/assistance-programs/medicaid/portalhome/reports/medicaid-and-healthy-michigan-plan-health-plan-enrollment-report,2026-03,Michigan CHCP - Medicaid + Healthy Michigan Plan [source: state-direct file]
MI,Oceana,Medicaid MCO,UnitedHealthcare Community Plan of Michigan,UnitedHealth Group,,340,,340,https://www.michigan.gov/mdhhs/assistance-programs/medicaid/portalhome/reports/medicaid-and-healthy-michigan-plan-health-plan-enrollment-report,2026-03,Michigan CHCP - Medicaid + Healthy Michigan Plan [source: state-direct file]
MI,Osceola,Medicaid MCO,UnitedHealthcare Community Plan of Michigan,UnitedHealth Group,,302,,302,https://www.michigan.gov/mdhhs/assistance-programs/medicaid/portalhome/reports/medicaid-and-healthy-michigan-plan-health-plan-enrollment-report,2026-03,Michigan CHCP - Medicaid + Healthy Michigan Plan [source: state-direct file]
MI,Ottawa,Medicaid MCO,UnitedHealthcare Community Plan of Michigan,UnitedHealth Group,,1289,,1289,https://www.michigan.gov/mdhhs/assistance-programs/medicaid/portalhome/reports/medicaid-and-healthy-michigan-plan-health-plan-enrollment-report,2026-03,Michigan CHCP - Medicaid + Healthy Michigan Plan [source: state-direct file]
MI,Saint Clair,Medicaid MCO,UnitedHealthcare Community Plan of Michigan,UnitedHealth Group,,5572,,5572,https://www.michigan.gov/mdhhs/assistance-programs/medicaid/portalhome/reports/medicaid-and-healthy-michigan-plan-health-plan-enrollment-report,2026-03,Michigan CHCP - Medicaid + Healthy Michigan Plan [source: state-direct file]
MI,Saint Joseph,Medicaid MCO,UnitedHealthcare Community Plan of Michigan,UnitedHealth Group,,4083,,4083,https://www.michigan.gov/mdhhs/assistance-programs/medicaid/portalhome/reports/medicaid-and-healthy-michigan-plan-health-plan-enrollment-report,2026-03,Michigan CHCP - Medicaid + Healthy Michigan Plan [source: state-direct file]
MI,Sanilac,Medicaid MCO,UnitedHealthcare Community Plan of Michigan,UnitedHealth Group,,1657,,1657,https://www.michigan.gov/mdhhs/assistance-programs/medicaid/portalhome/reports/medicaid-and-healthy-michigan-plan-health-plan-enrollment-report,2026-03,Michigan CHCP - Medicaid + Healthy Michigan Plan [source: state-direct file]
MI,Shiawassee,Medicaid MCO,UnitedHealthcare Community Plan of Michigan,UnitedHealth Group,,853,,853,https://www.michigan.gov/mdhhs/assistance-programs/medicaid/portalhome/reports/medicaid-and-healthy-michigan-plan-health-plan-enrollment-report,2026-03,Michigan CHCP - Medicaid + Healthy Michigan Plan [source: state-direct file]
MI,Tuscola,Medicaid MCO,UnitedHealthcare Community Plan of Michigan,UnitedHealth Group,,921,,921,https://www.michigan.gov/mdhhs/assistance-programs/medicaid/portalhome/reports/medicaid-and-healthy-michigan-plan-health-plan-enrollment-report,2026-03,Michigan CHCP - Medicaid + Healthy Michigan Plan [source: state-direct file]
MI,Van Buren,Medicaid MCO,UnitedHealthcare Community Plan of Michigan,UnitedHealth Group,,5699,,5699,https://www.michigan.gov/mdhhs/assistance-programs/medicaid/portalhome/reports/medicaid-and-healthy-michigan-plan-health-plan-enrollment-report,2026-03,Michigan CHCP - Medicaid + Healthy Michigan Plan [source: state-direct file]
MI,Washtenaw,Medicaid MCO,UnitedHealthcare Community Plan of Michigan,UnitedHealth Group,,4496,,4496,https://www.michigan.gov/mdhhs/assistance-programs/medicaid/portalhome/reports/medicaid-and-healthy-michigan-plan-health-plan-enrollment-report,2026-03,Michigan CHCP - Medicaid + Healthy Michigan Plan [source: state-direct file]
MI,Wayne,Medicaid MCO,UnitedHealthcare Community Plan of Michigan,UnitedHealth Group,,74629,,74629,https://www.michigan.gov/mdhhs/assistance-programs/medicaid/portalhome/reports/medicaid-and-healthy-michigan-plan-health-plan-enrollment-report,2026-03,Michigan CHCP - Medicaid + Healthy Michigan Plan [source: state-direct file]
MI,Alger,Medicaid MCO,Upper Peninsula Health Plan,UPHP (regional nonprofit),,958,,958,https://www.michigan.gov/mdhhs/assistance-programs/medicaid/portalhome/reports/medicaid-and-healthy-michigan-plan-health-plan-enrollment-report,2026-03,Michigan CHCP - Medicaid + Healthy Michigan Plan [source: state-direct file]
MI,Baraga,Medicaid MCO,Upper Peninsula Health Plan,UPHP (regional nonprofit),,978,,978,https://www.michigan.gov/mdhhs/assistance-programs/medicaid/portalhome/reports/medicaid-and-healthy-michigan-plan-health-plan-enrollment-report,2026-03,Michigan CHCP - Medicaid + Healthy Michigan Plan [source: state-direct file]
MI,Chippewa,Medicaid MCO,Upper Peninsula Health Plan,UPHP (regional nonprofit),,3697,,3697,https://www.michigan.gov/mdhhs/assistance-programs/medicaid/portalhome/reports/medicaid-and-healthy-michigan-plan-health-plan-enrollment-report,2026-03,Michigan CHCP - Medicaid + Healthy Michigan Plan [source: state-direct file]
MI,Delta,Medicaid MCO,Upper Peninsula Health Plan,UPHP (regional nonprofit),,4772,,4772,https://www.michigan.gov/mdhhs/assistance-programs/medicaid/portalhome/reports/medicaid-and-healthy-michigan-plan-health-plan-enrollment-report,2026-03,Michigan CHCP - Medicaid + Healthy Michigan Plan [source: state-direct file]
MI,Dickinson,Medicaid MCO,Upper Peninsula Health Plan,UPHP (regional nonprofit),,3237,,3237,https://www.michigan.gov/mdhhs/assistance-programs/medicaid/portalhome/reports/medicaid-and-healthy-michigan-plan-health-plan-enrollment-report,2026-03,Michigan CHCP - Medicaid + Healthy Michigan Plan [source: state-direct file]
MI,Gogebic,Medicaid MCO,Upper Peninsula Health Plan,UPHP (regional nonprofit),,2689,,2689,https://www.michigan.gov/mdhhs/assistance-programs/medicaid/portalhome/reports/medicaid-and-healthy-michigan-plan-health-plan-enrollment-report,2026-03,Michigan CHCP - Medicaid + Healthy Michigan Plan [source: state-direct file]
MI,Houghton,Medicaid MCO,Upper Peninsula Health Plan,UPHP (regional nonprofit),,4790,,4790,https://www.michigan.gov/mdhhs/assistance-programs/medicaid/portalhome/reports/medicaid-and-healthy-michigan-plan-health-plan-enrollment-report,2026-03,Michigan CHCP - Medicaid + Healthy Michigan Plan [source: state-direct file]
MI,Iron,Medicaid MCO,Upper Peninsula Health Plan,UPHP (regional nonprofit),,2236,,2236,https://www.michigan.gov/mdhhs/assistance-programs/medicaid/portalhome/reports/medicaid-and-healthy-michigan-plan-health-plan-enrollment-report,2026-03,Michigan CHCP - Medicaid + Healthy Michigan Plan [source: state-direct file]
MI,Keweenaw,Medicaid MCO,Upper Peninsula Health Plan,UPHP (regional nonprofit),,255,,255,https://www.michigan.gov/mdhhs/assistance-programs/medicaid/portalhome/reports/medicaid-and-healthy-michigan-plan-health-plan-enrollment-report,2026-03,Michigan CHCP - Medicaid + Healthy Michigan Plan [source: state-direct file]
MI,Luce,Medicaid MCO,Upper Peninsula Health Plan,UPHP (regional nonprofit),,911,,911,https://www.michigan.gov/mdhhs/assistance-programs/medicaid/portalhome/reports/medicaid-and-healthy-michigan-plan-health-plan-enrollment-report,2026-03,Michigan CHCP - Medicaid + Healthy Michigan Plan [source: state-direct file]
MI,Mackinac,Medicaid MCO,Upper Peninsula Health Plan,UPHP (regional nonprofit),,992,,992,https://www.michigan.gov/mdhhs/assistance-programs/medicaid/portalhome/reports/medicaid-and-healthy-michigan-plan-health-plan-enrollment-report,2026-03,Michigan CHCP - Medicaid + Healthy Michigan Plan [source: state-direct file]
MI,Marquette,Medicaid MCO,Upper Peninsula Health Plan,UPHP (regional nonprofit),,7270,,7270,https://www.michigan.gov/mdhhs/assistance-programs/medicaid/portalhome/reports/medicaid-and-healthy-michigan-plan-health-plan-enrollment-report,2026-03,Michigan CHCP - Medicaid + Healthy Michigan Plan [source: state-direct file]
MI,Menominee,Medicaid MCO,Upper Peninsula Health Plan,UPHP (regional nonprofit),,2663,,2663,https://www.michigan.gov/mdhhs/assistance-programs/medicaid/portalhome/reports/medicaid-and-healthy-michigan-plan-health-plan-enrollment-report,2026-03,Michigan CHCP - Medicaid + Healthy Michigan Plan [source: state-direct file]
MI,Ontonagon,Medicaid MCO,Upper Peninsula Health Plan,UPHP (regional nonprofit),,819,,819,https://www.michigan.gov/mdhhs/assistance-programs/medicaid/portalhome/reports/medicaid-and-healthy-michigan-plan-health-plan-enrollment-report,2026-03,Michigan CHCP - Medicaid + Healthy Michigan Plan [source: state-direct file]
MI,Schoolcraft,Medicaid MCO,Upper Peninsula Health Plan,UPHP (regional nonprofit),,1273,,1273,https://www.michigan.gov/mdhhs/assistance-programs/medicaid/portalhome/reports/medicaid-and-healthy-michigan-plan-health-plan-enrollment-report,2026-03,Michigan CHCP - Medicaid + Healthy Michigan Plan [source: state-direct file]
MN,Aitkin,Medicaid MCO (PMAP/MinnesotaCare),Blue Plus,Blue Cross Blue Shield of Minnesota,,2437,,2437,https://www.dhs.state.mn.us/dhs16_141529/,2026-04,MN DHS managed care enrollment - PMAP/MA + MnCare combined [source: state-direct file]
MN,Anoka,Medicaid MCO (PMAP/MinnesotaCare),Blue Plus,Blue Cross Blue Shield of Minnesota,,17833,,17833,https://www.dhs.state.mn.us/dhs16_141529/,2026-04,MN DHS managed care enrollment - PMAP/MA + MnCare combined [source: state-direct file]
MN,Becker,Medicaid MCO (PMAP/MinnesotaCare),Blue Plus,Blue Cross Blue Shield of Minnesota,,5730,,5730,https://www.dhs.state.mn.us/dhs16_141529/,2026-04,MN DHS managed care enrollment - PMAP/MA + MnCare combined [source: state-direct file]
MN,Beltrami,Medicaid MCO (PMAP/MinnesotaCare),Blue Plus,Blue Cross Blue Shield of Minnesota,,122,,122,https://www.dhs.state.mn.us/dhs16_141529/,2026-04,MN DHS managed care enrollment - PMAP/MA + MnCare combined [source: state-direct file]
MN,Benton,Medicaid MCO (PMAP/MinnesotaCare),Blue Plus,Blue Cross Blue Shield of Minnesota,,5641,,5641,https://www.dhs.state.mn.us/dhs16_141529/,2026-04,MN DHS managed care enrollment - PMAP/MA + MnCare combined [source: state-direct file]
MN,Big Stone,Medicaid MCO (PMAP/MinnesotaCare),Blue Plus,Blue Cross Blue Shield of Minnesota,,5,,5,https://www.dhs.state.mn.us/dhs16_141529/,2026-04,MN DHS managed care enrollment - PMAP/MA + MnCare combined [source: state-direct file]
MN,Blue Earth,Medicaid MCO (PMAP/MinnesotaCare),Blue Plus,Blue Cross Blue Shield of Minnesota,,6329,,6329,https://www.dhs.state.mn.us/dhs16_141529/,2026-04,MN DHS managed care enrollment - PMAP/MA + MnCare combined [source: state-direct file]
MN,Brown,Medicaid MCO (PMAP/MinnesotaCare),Blue Plus,Blue Cross Blue Shield of Minnesota,,137,,137,https://www.dhs.state.mn.us/dhs16_141529/,2026-04,MN DHS managed care enrollment - PMAP/MA + MnCare combined [source: state-direct file]
MN,Carlton,Medicaid MCO (PMAP/MinnesotaCare),Blue Plus,Blue Cross Blue Shield of Minnesota,,4251,,4251,https://www.dhs.state.mn.us/dhs16_141529/,2026-04,MN DHS managed care enrollment - PMAP/MA + MnCare combined [source: state-direct file]
MN,Carver,Medicaid MCO (PMAP/MinnesotaCare),Blue Plus,Blue Cross Blue Shield of Minnesota,,4258,,4258,https://www.dhs.state.mn.us/dhs16_141529/,2026-04,MN DHS managed care enrollment - PMAP/MA + MnCare combined [source: state-direct file]
MN,Cass,Medicaid MCO (PMAP/MinnesotaCare),Blue Plus,Blue Cross Blue Shield of Minnesota,,6121,,6121,https://www.dhs.state.mn.us/dhs16_141529/,2026-04,MN DHS managed care enrollment - PMAP/MA + MnCare combined [source: state-direct file]
MN,Chippewa,Medicaid MCO (PMAP/MinnesotaCare),Blue Plus,Blue Cross Blue Shield of Minnesota,,94,,94,https://www.dhs.state.mn.us/dhs16_141529/,2026-04,MN DHS managed care enrollment - PMAP/MA + MnCare combined [source: state-direct file]
MN,Chisago,Medicaid MCO (PMAP/MinnesotaCare),Blue Plus,Blue Cross Blue Shield of Minnesota,,4818,,4818,https://www.dhs.state.mn.us/dhs16_141529/,2026-04,MN DHS managed care enrollment - PMAP/MA + MnCare combined [source: state-direct file]
MN,Clay,Medicaid MCO (PMAP/MinnesotaCare),Blue Plus,Blue Cross Blue Shield of Minnesota,,11308,,11308,https://www.dhs.state.mn.us/dhs16_141529/,2026-04,MN DHS managed care enrollment - PMAP/MA + MnCare combined [source: state-direct file]
MN,Clearwater,Medicaid MCO (PMAP/MinnesotaCare),Blue Plus,Blue Cross Blue Shield of Minnesota,,17,,17,https://www.dhs.state.mn.us/dhs16_141529/,2026-04,MN DHS managed care enrollment - PMAP/MA + MnCare combined [source: state-direct file]
MN,Cook,Medicaid MCO (PMAP/MinnesotaCare),Blue Plus,Blue Cross Blue Shield of Minnesota,,696,,696,https://www.dhs.state.mn.us/dhs16_141529/,2026-04,MN DHS managed care enrollment - PMAP/MA + MnCare combined [source: state-direct file]
MN,Cottonwood,Medicaid MCO (PMAP/MinnesotaCare),Blue Plus,Blue Cross Blue Shield of Minnesota,,95,,95,https://www.dhs.state.mn.us/dhs16_141529/,2026-04,MN DHS managed care enrollment - PMAP/MA + MnCare combined [source: state-direct file]
MN,Crow Wing,Medicaid MCO (PMAP/MinnesotaCare),Blue Plus,Blue Cross Blue Shield of Minnesota,,9635,,9635,https://www.dhs.state.mn.us/dhs16_141529/,2026-04,MN DHS managed care enrollment - PMAP/MA + MnCare combined [source: state-direct file]
MN,Dakota,Medicaid MCO (PMAP/MinnesotaCare),Blue Plus,Blue Cross Blue Shield of Minnesota,,24380,,24380,https://www.dhs.state.mn.us/dhs16_141529/,2026-04,MN DHS managed care enrollment - PMAP/MA + MnCare combined [source: state-direct file]
MN,Dodge,Medicaid MCO (PMAP/MinnesotaCare),Blue Plus,Blue Cross Blue Shield of Minnesota,,87,,87,https://www.dhs.state.mn.us/dhs16_141529/,2026-04,MN DHS managed care enrollment - PMAP/MA + MnCare combined [source: state-direct file]
MN,Douglas,Medicaid MCO (PMAP/MinnesotaCare),Blue Plus,Blue Cross Blue Shield of Minnesota,,74,,74,https://www.dhs.state.mn.us/dhs16_141529/,2026-04,MN DHS managed care enrollment - PMAP/MA + MnCare combined [source: state-direct file]
MN,Faribault,Medicaid MCO (PMAP/MinnesotaCare),Blue Plus,Blue Cross Blue Shield of Minnesota,,2084,,2084,https://www.dhs.state.mn.us/dhs16_141529/,2026-04,MN DHS managed care enrollment - PMAP/MA + MnCare combined [source: state-direct file]
MN,Fillmore,Medicaid MCO (PMAP/MinnesotaCare),Blue Plus,Blue Cross Blue Shield of Minnesota,,2208,,2208,https://www.dhs.state.mn.us/dhs16_141529/,2026-04,MN DHS managed care enrollment - PMAP/MA + MnCare combined [source: state-direct file]
MN,Freeborn,Medicaid MCO (PMAP/MinnesotaCare),Blue Plus,Blue Cross Blue Shield of Minnesota,,4260,,4260,https://www.dhs.state.mn.us/dhs16_141529/,2026-04,MN DHS managed care enrollment - PMAP/MA + MnCare combined [source: state-direct file]
MN,Goodhue,Medicaid MCO (PMAP/MinnesotaCare),Blue Plus,Blue Cross Blue Shield of Minnesota,,61,,61,https://www.dhs.state.mn.us/dhs16_141529/,2026-04,MN DHS managed care enrollment - PMAP/MA + MnCare combined [source: state-direct file]
MN,Grant,Medicaid MCO (PMAP/MinnesotaCare),Blue Plus,Blue Cross Blue Shield of Minnesota,,21,,21,https://www.dhs.state.mn.us/dhs16_141529/,2026-04,MN DHS managed care enrollment - PMAP/MA + MnCare combined [source: state-direct file]
MN,Hennepin,Medicaid MCO (PMAP/MinnesotaCare),Blue Plus,Blue Cross Blue Shield of Minnesota,,46823,,46823,https://www.dhs.state.mn.us/dhs16_141529/,2026-04,MN DHS managed care enrollment - PMAP/MA + MnCare combined [source: state-direct file]
MN,Houston,Medicaid MCO (PMAP/MinnesotaCare),Blue Plus,Blue Cross Blue Shield of Minnesota,,1163,,1163,https://www.dhs.state.mn.us/dhs16_141529/,2026-04,MN DHS managed care enrollment - PMAP/MA + MnCare combined [source: state-direct file]
MN,Hubbard,Medicaid MCO (PMAP/MinnesotaCare),Blue Plus,Blue Cross Blue Shield of Minnesota,,80,,80,https://www.dhs.state.mn.us/dhs16_141529/,2026-04,MN DHS managed care enrollment - PMAP/MA + MnCare combined [source: state-direct file]
MN,Isanti,Medicaid MCO (PMAP/MinnesotaCare),Blue Plus,Blue Cross Blue Shield of Minnesota,,4820,,4820,https://www.dhs.state.mn.us/dhs16_141529/,2026-04,MN DHS managed care enrollment - PMAP/MA + MnCare combined [source: state-direct file]
MN,Itasca,Medicaid MCO (PMAP/MinnesotaCare),Blue Plus,Blue Cross Blue Shield of Minnesota,,120,,120,https://www.dhs.state.mn.us/dhs16_141529/,2026-04,MN DHS managed care enrollment - PMAP/MA + MnCare combined [source: state-direct file]
MN,Jackson,Medicaid MCO (PMAP/MinnesotaCare),Blue Plus,Blue Cross Blue Shield of Minnesota,,86,,86,https://www.dhs.state.mn.us/dhs16_141529/,2026-04,MN DHS managed care enrollment - PMAP/MA + MnCare combined [source: state-direct file]
MN,Kanabec,Medicaid MCO (PMAP/MinnesotaCare),Blue Plus,Blue Cross Blue Shield of Minnesota,,2952,,2952,https://www.dhs.state.mn.us/dhs16_141529/,2026-04,MN DHS managed care enrollment - PMAP/MA + MnCare combined [source: state-direct file]
MN,Kandiyohi,Medicaid MCO (PMAP/MinnesotaCare),Blue Plus,Blue Cross Blue Shield of Minnesota,,299,,299,https://www.dhs.state.mn.us/dhs16_141529/,2026-04,MN DHS managed care enrollment - PMAP/MA + MnCare combined [source: state-direct file]
MN,Kittson,Medicaid MCO (PMAP/MinnesotaCare),Blue Plus,Blue Cross Blue Shield of Minnesota,,730,,730,https://www.dhs.state.mn.us/dhs16_141529/,2026-04,MN DHS managed care enrollment - PMAP/MA + MnCare combined [source: state-direct file]
MN,Koochiching,Medicaid MCO (PMAP/MinnesotaCare),Blue Plus,Blue Cross Blue Shield of Minnesota,,1767,,1767,https://www.dhs.state.mn.us/dhs16_141529/,2026-04,MN DHS managed care enrollment - PMAP/MA + MnCare combined [source: state-direct file]
MN,LacQuiParle,Medicaid MCO (PMAP/MinnesotaCare),Blue Plus,Blue Cross Blue Shield of Minnesota,,75,,75,https://www.dhs.state.mn.us/dhs16_141529/,2026-04,MN DHS managed care enrollment - PMAP/MA + MnCare combined [source: state-direct file]
MN,Lake,Medicaid MCO (PMAP/MinnesotaCare),Blue Plus,Blue Cross Blue Shield of Minnesota,,1366,,1366,https://www.dhs.state.mn.us/dhs16_141529/,2026-04,MN DHS managed care enrollment - PMAP/MA + MnCare combined [source: state-direct file]
MN,Lake of Woods,Medicaid MCO (PMAP/MinnesotaCare),Blue Plus,Blue Cross Blue Shield of Minnesota,,537,,537,https://www.dhs.state.mn.us/dhs16_141529/,2026-04,MN DHS managed care enrollment - PMAP/MA + MnCare combined [source: state-direct file]
MN,LeSueur,Medicaid MCO (PMAP/MinnesotaCare),Blue Plus,Blue Cross Blue Shield of Minnesota,,2410,,2410,https://www.dhs.state.mn.us/dhs16_141529/,2026-04,MN DHS managed care enrollment - PMAP/MA + MnCare combined [source: state-direct file]
MN,Lincoln,Medicaid MCO (PMAP/MinnesotaCare),Blue Plus,Blue Cross Blue Shield of Minnesota,,49,,49,https://www.dhs.state.mn.us/dhs16_141529/,2026-04,MN DHS managed care enrollment - PMAP/MA + MnCare combined [source: state-direct file]
MN,Lyon,Medicaid MCO (PMAP/MinnesotaCare),Blue Plus,Blue Cross Blue Shield of Minnesota,,166,,166,https://www.dhs.state.mn.us/dhs16_141529/,2026-04,MN DHS managed care enrollment - PMAP/MA + MnCare combined [source: state-direct file]
MN,Mahnomen,Medicaid MCO (PMAP/MinnesotaCare),Blue Plus,Blue Cross Blue Shield of Minnesota,,869,,869,https://www.dhs.state.mn.us/dhs16_141529/,2026-04,MN DHS managed care enrollment - PMAP/MA + MnCare combined [source: state-direct file]
MN,Marshall,Medicaid MCO (PMAP/MinnesotaCare),Blue Plus,Blue Cross Blue Shield of Minnesota,,1518,,1518,https://www.dhs.state.mn.us/dhs16_141529/,2026-04,MN DHS managed care enrollment - PMAP/MA + MnCare combined [source: state-direct file]
MN,Martin,Medicaid MCO (PMAP/MinnesotaCare),Blue Plus,Blue Cross Blue Shield of Minnesota,,2989,,2989,https://www.dhs.state.mn.us/dhs16_141529/,2026-04,MN DHS managed care enrollment - PMAP/MA + MnCare combined [source: state-direct file]
MN,McLeod,Medicaid MCO (PMAP/MinnesotaCare),Blue Plus,Blue Cross Blue Shield of Minnesota,,74,,74,https://www.dhs.state.mn.us/dhs16_141529/,2026-04,MN DHS managed care enrollment - PMAP/MA + MnCare combined [source: state-direct file]
MN,Meeker,Medicaid MCO (PMAP/MinnesotaCare),Blue Plus,Blue Cross Blue Shield of Minnesota,,58,,58,https://www.dhs.state.mn.us/dhs16_141529/,2026-04,MN DHS managed care enrollment - PMAP/MA + MnCare combined [source: state-direct file]
MN,Mille Lacs,Medicaid MCO (PMAP/MinnesotaCare),Blue Plus,Blue Cross Blue Shield of Minnesota,,5100,,5100,https://www.dhs.state.mn.us/dhs16_141529/,2026-04,MN DHS managed care enrollment - PMAP/MA + MnCare combined [source: state-direct file]
MN,Morrison,Medicaid MCO (PMAP/MinnesotaCare),Blue Plus,Blue Cross Blue Shield of Minnesota,,2465,,2465,https://www.dhs.state.mn.us/dhs16_141529/,2026-04,MN DHS managed care enrollment - PMAP/MA + MnCare combined [source: state-direct file]
MN,Mower,Medicaid MCO (PMAP/MinnesotaCare),Blue Plus,Blue Cross Blue Shield of Minnesota,,5308,,5308,https://www.dhs.state.mn.us/dhs16_141529/,2026-04,MN DHS managed care enrollment - PMAP/MA + MnCare combined [source: state-direct file]
MN,Murray,Medicaid MCO (PMAP/MinnesotaCare),Blue Plus,Blue Cross Blue Shield of Minnesota,,1173,,1173,https://www.dhs.state.mn.us/dhs16_141529/,2026-04,MN DHS managed care enrollment - PMAP/MA + MnCare combined [source: state-direct file]
MN,Nicollet,Medicaid MCO (PMAP/MinnesotaCare),Blue Plus,Blue Cross Blue Shield of Minnesota,,2641,,2641,https://www.dhs.state.mn.us/dhs16_141529/,2026-04,MN DHS managed care enrollment - PMAP/MA + MnCare combined [source: state-direct file]
MN,Nobles,Medicaid MCO (PMAP/MinnesotaCare),Blue Plus,Blue Cross Blue Shield of Minnesota,,161,,161,https://www.dhs.state.mn.us/dhs16_141529/,2026-04,MN DHS managed care enrollment - PMAP/MA + MnCare combined [source: state-direct file]
MN,Norman,Medicaid MCO (PMAP/MinnesotaCare),Blue Plus,Blue Cross Blue Shield of Minnesota,,957,,957,https://www.dhs.state.mn.us/dhs16_141529/,2026-04,MN DHS managed care enrollment - PMAP/MA + MnCare combined [source: state-direct file]
MN,Olmsted,Medicaid MCO (PMAP/MinnesotaCare),Blue Plus,Blue Cross Blue Shield of Minnesota,,8301,,8301,https://www.dhs.state.mn.us/dhs16_141529/,2026-04,MN DHS managed care enrollment - PMAP/MA + MnCare combined [source: state-direct file]
MN,Otter Tail,Medicaid MCO (PMAP/MinnesotaCare),Blue Plus,Blue Cross Blue Shield of Minnesota,,8943,,8943,https://www.dhs.state.mn.us/dhs16_141529/,2026-04,MN DHS managed care enrollment - PMAP/MA + MnCare combined [source: state-direct file]
MN,Pennington,Medicaid MCO (PMAP/MinnesotaCare),Blue Plus,Blue Cross Blue Shield of Minnesota,,1761,,1761,https://www.dhs.state.mn.us/dhs16_141529/,2026-04,MN DHS managed care enrollment - PMAP/MA + MnCare combined [source: state-direct file]
MN,Pine,Medicaid MCO (PMAP/MinnesotaCare),Blue Plus,Blue Cross Blue Shield of Minnesota,,4817,,4817,https://www.dhs.state.mn.us/dhs16_141529/,2026-04,MN DHS managed care enrollment - PMAP/MA + MnCare combined [source: state-direct file]
MN,Pipestone,Medicaid MCO (PMAP/MinnesotaCare),Blue Plus,Blue Cross Blue Shield of Minnesota,,13,,13,https://www.dhs.state.mn.us/dhs16_141529/,2026-04,MN DHS managed care enrollment - PMAP/MA + MnCare combined [source: state-direct file]
MN,Polk,Medicaid MCO (PMAP/MinnesotaCare),Blue Plus,Blue Cross Blue Shield of Minnesota,,5705,,5705,https://www.dhs.state.mn.us/dhs16_141529/,2026-04,MN DHS managed care enrollment - PMAP/MA + MnCare combined [source: state-direct file]
MN,Pope,Medicaid MCO (PMAP/MinnesotaCare),Blue Plus,Blue Cross Blue Shield of Minnesota,,8,,8,https://www.dhs.state.mn.us/dhs16_141529/,2026-04,MN DHS managed care enrollment - PMAP/MA + MnCare combined [source: state-direct file]
MN,Ramsey,Medicaid MCO (PMAP/MinnesotaCare),Blue Plus,Blue Cross Blue Shield of Minnesota,,54381,,54381,https://www.dhs.state.mn.us/dhs16_141529/,2026-04,MN DHS managed care enrollment - PMAP/MA + MnCare combined [source: state-direct file]
MN,Red Lake,Medicaid MCO (PMAP/MinnesotaCare),Blue Plus,Blue Cross Blue Shield of Minnesota,,683,,683,https://www.dhs.state.mn.us/dhs16_141529/,2026-04,MN DHS managed care enrollment - PMAP/MA + MnCare combined [source: state-direct file]
MN,Redwood,Medicaid MCO (PMAP/MinnesotaCare),Blue Plus,Blue Cross Blue Shield of Minnesota,,147,,147,https://www.dhs.state.mn.us/dhs16_141529/,2026-04,MN DHS managed care enrollment - PMAP/MA + MnCare combined [source: state-direct file]
MN,Renville,Medicaid MCO (PMAP/MinnesotaCare),Blue Plus,Blue Cross Blue Shield of Minnesota,,21,,21,https://www.dhs.state.mn.us/dhs16_141529/,2026-04,MN DHS managed care enrollment - PMAP/MA + MnCare combined [source: state-direct file]
MN,Rice,Medicaid MCO (PMAP/MinnesotaCare),Blue Plus,Blue Cross Blue Shield of Minnesota,,5166,,5166,https://www.dhs.state.mn.us/dhs16_141529/,2026-04,MN DHS managed care enrollment - PMAP/MA + MnCare combined [source: state-direct file]
MN,Rock,Medicaid MCO (PMAP/MinnesotaCare),Blue Plus,Blue Cross Blue Shield of Minnesota,,1049,,1049,https://www.dhs.state.mn.us/dhs16_141529/,2026-04,MN DHS managed care enrollment - PMAP/MA + MnCare combined [source: state-direct file]
MN,Roseau,Medicaid MCO (PMAP/MinnesotaCare),Blue Plus,Blue Cross Blue Shield of Minnesota,,1894,,1894,https://www.dhs.state.mn.us/dhs16_141529/,2026-04,MN DHS managed care enrollment - PMAP/MA + MnCare combined [source: state-direct file]
MN,Scott,Medicaid MCO (PMAP/MinnesotaCare),Blue Plus,Blue Cross Blue Shield of Minnesota,,4179,,4179,https://www.dhs.state.mn.us/dhs16_141529/,2026-04,MN DHS managed care enrollment - PMAP/MA + MnCare combined [source: state-direct file]
MN,Sherburne,Medicaid MCO (PMAP/MinnesotaCare),Blue Plus,Blue Cross Blue Shield of Minnesota,,11457,,11457,https://www.dhs.state.mn.us/dhs16_141529/,2026-04,MN DHS managed care enrollment - PMAP/MA + MnCare combined [source: state-direct file]
MN,Sibley,Medicaid MCO (PMAP/MinnesotaCare),Blue Plus,Blue Cross Blue Shield of Minnesota,,45,,45,https://www.dhs.state.mn.us/dhs16_141529/,2026-04,MN DHS managed care enrollment - PMAP/MA + MnCare combined [source: state-direct file]
MN,St. Louis,Medicaid MCO (PMAP/MinnesotaCare),Blue Plus,Blue Cross Blue Shield of Minnesota,,20090,,20090,https://www.dhs.state.mn.us/dhs16_141529/,2026-04,MN DHS managed care enrollment - PMAP/MA + MnCare combined [source: state-direct file]
MN,Stearns,Medicaid MCO (PMAP/MinnesotaCare),Blue Plus,Blue Cross Blue Shield of Minnesota,,22568,,22568,https://www.dhs.state.mn.us/dhs16_141529/,2026-04,MN DHS managed care enrollment - PMAP/MA + MnCare combined [source: state-direct file]
MN,Steele,Medicaid MCO (PMAP/MinnesotaCare),Blue Plus,Blue Cross Blue Shield of Minnesota,,58,,58,https://www.dhs.state.mn.us/dhs16_141529/,2026-04,MN DHS managed care enrollment - PMAP/MA + MnCare combined [source: state-direct file]
MN,Stevens,Medicaid MCO (PMAP/MinnesotaCare),Blue Plus,Blue Cross Blue Shield of Minnesota,,17,,17,https://www.dhs.state.mn.us/dhs16_141529/,2026-04,MN DHS managed care enrollment - PMAP/MA + MnCare combined [source: state-direct file]
MN,Swift,Medicaid MCO (PMAP/MinnesotaCare),Blue Plus,Blue Cross Blue Shield of Minnesota,,59,,59,https://www.dhs.state.mn.us/dhs16_141529/,2026-04,MN DHS managed care enrollment - PMAP/MA + MnCare combined [source: state-direct file]
MN,Todd,Medicaid MCO (PMAP/MinnesotaCare),Blue Plus,Blue Cross Blue Shield of Minnesota,,2458,,2458,https://www.dhs.state.mn.us/dhs16_141529/,2026-04,MN DHS managed care enrollment - PMAP/MA + MnCare combined [source: state-direct file]
MN,Traverse,Medicaid MCO (PMAP/MinnesotaCare),Blue Plus,Blue Cross Blue Shield of Minnesota,,2,,2,https://www.dhs.state.mn.us/dhs16_141529/,2026-04,MN DHS managed care enrollment - PMAP/MA + MnCare combined [source: state-direct file]
MN,Wabasha,Medicaid MCO (PMAP/MinnesotaCare),Blue Plus,Blue Cross Blue Shield of Minnesota,,104,,104,https://www.dhs.state.mn.us/dhs16_141529/,2026-04,MN DHS managed care enrollment - PMAP/MA + MnCare combined [source: state-direct file]
MN,Wadena,Medicaid MCO (PMAP/MinnesotaCare),Blue Plus,Blue Cross Blue Shield of Minnesota,,2290,,2290,https://www.dhs.state.mn.us/dhs16_141529/,2026-04,MN DHS managed care enrollment - PMAP/MA + MnCare combined [source: state-direct file]
MN,Waseca,Medicaid MCO (PMAP/MinnesotaCare),Blue Plus,Blue Cross Blue Shield of Minnesota,,34,,34,https://www.dhs.state.mn.us/dhs16_141529/,2026-04,MN DHS managed care enrollment - PMAP/MA + MnCare combined [source: state-direct file]
MN,Washington,Medicaid MCO (PMAP/MinnesotaCare),Blue Plus,Blue Cross Blue Shield of Minnesota,,10168,,10168,https://www.dhs.state.mn.us/dhs16_141529/,2026-04,MN DHS managed care enrollment - PMAP/MA + MnCare combined [source: state-direct file]
MN,Watonwan,Medicaid MCO (PMAP/MinnesotaCare),Blue Plus,Blue Cross Blue Shield of Minnesota,,1962,,1962,https://www.dhs.state.mn.us/dhs16_141529/,2026-04,MN DHS managed care enrollment - PMAP/MA + MnCare combined [source: state-direct file]
MN,Wilkin,Medicaid MCO (PMAP/MinnesotaCare),Blue Plus,Blue Cross Blue Shield of Minnesota,,1066,,1066,https://www.dhs.state.mn.us/dhs16_141529/,2026-04,MN DHS managed care enrollment - PMAP/MA + MnCare combined [source: state-direct file]
MN,Winona,Medicaid MCO (PMAP/MinnesotaCare),Blue Plus,Blue Cross Blue Shield of Minnesota,,4018,,4018,https://www.dhs.state.mn.us/dhs16_141529/,2026-04,MN DHS managed care enrollment - PMAP/MA + MnCare combined [source: state-direct file]
MN,Wright,Medicaid MCO (PMAP/MinnesotaCare),Blue Plus,Blue Cross Blue Shield of Minnesota,,11729,,11729,https://www.dhs.state.mn.us/dhs16_141529/,2026-04,MN DHS managed care enrollment - PMAP/MA + MnCare combined [source: state-direct file]
MN,Yellow Medicine,Medicaid MCO (PMAP/MinnesotaCare),Blue Plus,Blue Cross Blue Shield of Minnesota,,118,,118,https://www.dhs.state.mn.us/dhs16_141529/,2026-04,MN DHS managed care enrollment - PMAP/MA + MnCare combined [source: state-direct file]
MN,Anoka,Medicaid MCO (PMAP/MinnesotaCare),HealthPartners,HealthPartners (nonprofit),,13519,,13519,https://www.dhs.state.mn.us/dhs16_141529/,2026-04,MN DHS managed care enrollment - PMAP/MA + MnCare combined [source: state-direct file]
MN,Benton,Medicaid MCO (PMAP/MinnesotaCare),HealthPartners,HealthPartners (nonprofit),,1431,,1431,https://www.dhs.state.mn.us/dhs16_141529/,2026-04,MN DHS managed care enrollment - PMAP/MA + MnCare combined [source: state-direct file]
MN,Carver,Medicaid MCO (PMAP/MinnesotaCare),HealthPartners,HealthPartners (nonprofit),,2130,,2130,https://www.dhs.state.mn.us/dhs16_141529/,2026-04,MN DHS managed care enrollment - PMAP/MA + MnCare combined [source: state-direct file]
MN,Chisago,Medicaid MCO (PMAP/MinnesotaCare),HealthPartners,HealthPartners (nonprofit),,1506,,1506,https://www.dhs.state.mn.us/dhs16_141529/,2026-04,MN DHS managed care enrollment - PMAP/MA + MnCare combined [source: state-direct file]
MN,Dakota,Medicaid MCO (PMAP/MinnesotaCare),HealthPartners,HealthPartners (nonprofit),,14868,,14868,https://www.dhs.state.mn.us/dhs16_141529/,2026-04,MN DHS managed care enrollment - PMAP/MA + MnCare combined [source: state-direct file]
MN,Hennepin,Medicaid MCO (PMAP/MinnesotaCare),HealthPartners,HealthPartners (nonprofit),,43184,,43184,https://www.dhs.state.mn.us/dhs16_141529/,2026-04,MN DHS managed care enrollment - PMAP/MA + MnCare combined [source: state-direct file]
MN,Ramsey,Medicaid MCO (PMAP/MinnesotaCare),HealthPartners,HealthPartners (nonprofit),,38276,,38276,https://www.dhs.state.mn.us/dhs16_141529/,2026-04,MN DHS managed care enrollment - PMAP/MA + MnCare combined [source: state-direct file]
MN,Scott,Medicaid MCO (PMAP/MinnesotaCare),HealthPartners,HealthPartners (nonprofit),,5001,,5001,https://www.dhs.state.mn.us/dhs16_141529/,2026-04,MN DHS managed care enrollment - PMAP/MA + MnCare combined [source: state-direct file]
MN,Stearns,Medicaid MCO (PMAP/MinnesotaCare),HealthPartners,HealthPartners (nonprofit),,4755,,4755,https://www.dhs.state.mn.us/dhs16_141529/,2026-04,MN DHS managed care enrollment - PMAP/MA + MnCare combined [source: state-direct file]
MN,Washington,Medicaid MCO (PMAP/MinnesotaCare),HealthPartners,HealthPartners (nonprofit),,9986,,9986,https://www.dhs.state.mn.us/dhs16_141529/,2026-04,MN DHS managed care enrollment - PMAP/MA + MnCare combined [source: state-direct file]
MN,Wright,Medicaid MCO (PMAP/MinnesotaCare),HealthPartners,HealthPartners (nonprofit),,3464,,3464,https://www.dhs.state.mn.us/dhs16_141529/,2026-04,MN DHS managed care enrollment - PMAP/MA + MnCare combined [source: state-direct file]
MN,Hennepin,Medicaid MCO (PMAP/MinnesotaCare),Hennepin Health,Hennepin County,,29665,,29665,https://www.dhs.state.mn.us/dhs16_141529/,2026-04,MN DHS managed care enrollment - PMAP/MA + MnCare combined [source: state-direct file]
MN,Itasca,Medicaid MCO (PMAP/MinnesotaCare),Itasca Medical Care,Itasca County,,6850,,6850,https://www.dhs.state.mn.us/dhs16_141529/,2026-04,MN DHS managed care enrollment - PMAP/MA + MnCare combined [source: state-direct file]
MN,Anoka,Medicaid MCO (PMAP/MinnesotaCare),Medica,Medica (nonprofit),,5693,,5693,https://www.dhs.state.mn.us/dhs16_141529/,2026-04,MN DHS managed care enrollment - PMAP/MA + MnCare combined [source: state-direct file]
MN,Becker,Medicaid MCO (PMAP/MinnesotaCare),Medica,Medica (nonprofit),,217,,217,https://www.dhs.state.mn.us/dhs16_141529/,2026-04,MN DHS managed care enrollment - PMAP/MA + MnCare combined [source: state-direct file]
MN,Benton,Medicaid MCO (PMAP/MinnesotaCare),Medica,Medica (nonprofit),,139,,139,https://www.dhs.state.mn.us/dhs16_141529/,2026-04,MN DHS managed care enrollment - PMAP/MA + MnCare combined [source: state-direct file]
MN,Carver,Medicaid MCO (PMAP/MinnesotaCare),Medica,Medica (nonprofit),,704,,704,https://www.dhs.state.mn.us/dhs16_141529/,2026-04,MN DHS managed care enrollment - PMAP/MA + MnCare combined [source: state-direct file]
MN,Chisago,Medicaid MCO (PMAP/MinnesotaCare),Medica,Medica (nonprofit),,730,,730,https://www.dhs.state.mn.us/dhs16_141529/,2026-04,MN DHS managed care enrollment - PMAP/MA + MnCare combined [source: state-direct file]
MN,Clay,Medicaid MCO (PMAP/MinnesotaCare),Medica,Medica (nonprofit),,1634,,1634,https://www.dhs.state.mn.us/dhs16_141529/,2026-04,MN DHS managed care enrollment - PMAP/MA + MnCare combined [source: state-direct file]
MN,Crow Wing,Medicaid MCO (PMAP/MinnesotaCare),Medica,Medica (nonprofit),,1275,,1275,https://www.dhs.state.mn.us/dhs16_141529/,2026-04,MN DHS managed care enrollment - PMAP/MA + MnCare combined [source: state-direct file]
MN,Dakota,Medicaid MCO (PMAP/MinnesotaCare),Medica,Medica (nonprofit),,5471,,5471,https://www.dhs.state.mn.us/dhs16_141529/,2026-04,MN DHS managed care enrollment - PMAP/MA + MnCare combined [source: state-direct file]
MN,Hennepin,Medicaid MCO (PMAP/MinnesotaCare),Medica,Medica (nonprofit),,20039,,20039,https://www.dhs.state.mn.us/dhs16_141529/,2026-04,MN DHS managed care enrollment - PMAP/MA + MnCare combined [source: state-direct file]
MN,Kanabec,Medicaid MCO (PMAP/MinnesotaCare),Medica,Medica (nonprofit),,102,,102,https://www.dhs.state.mn.us/dhs16_141529/,2026-04,MN DHS managed care enrollment - PMAP/MA + MnCare combined [source: state-direct file]
MN,Kittson,Medicaid MCO (PMAP/MinnesotaCare),Medica,Medica (nonprofit),,8,,8,https://www.dhs.state.mn.us/dhs16_141529/,2026-04,MN DHS managed care enrollment - PMAP/MA + MnCare combined [source: state-direct file]
MN,Mahnomen,Medicaid MCO (PMAP/MinnesotaCare),Medica,Medica (nonprofit),,107,,107,https://www.dhs.state.mn.us/dhs16_141529/,2026-04,MN DHS managed care enrollment - PMAP/MA + MnCare combined [source: state-direct file]
MN,Marshall,Medicaid MCO (PMAP/MinnesotaCare),Medica,Medica (nonprofit),,40,,40,https://www.dhs.state.mn.us/dhs16_141529/,2026-04,MN DHS managed care enrollment - PMAP/MA + MnCare combined [source: state-direct file]
MN,Norman,Medicaid MCO (PMAP/MinnesotaCare),Medica,Medica (nonprofit),,109,,109,https://www.dhs.state.mn.us/dhs16_141529/,2026-04,MN DHS managed care enrollment - PMAP/MA + MnCare combined [source: state-direct file]
MN,Olmsted,Medicaid MCO (PMAP/MinnesotaCare),Medica,Medica (nonprofit),,2335,,2335,https://www.dhs.state.mn.us/dhs16_141529/,2026-04,MN DHS managed care enrollment - PMAP/MA + MnCare combined [source: state-direct file]
MN,Otter Tail,Medicaid MCO (PMAP/MinnesotaCare),Medica,Medica (nonprofit),,835,,835,https://www.dhs.state.mn.us/dhs16_141529/,2026-04,MN DHS managed care enrollment - PMAP/MA + MnCare combined [source: state-direct file]
MN,Pennington,Medicaid MCO (PMAP/MinnesotaCare),Medica,Medica (nonprofit),,200,,200,https://www.dhs.state.mn.us/dhs16_141529/,2026-04,MN DHS managed care enrollment - PMAP/MA + MnCare combined [source: state-direct file]
MN,Polk,Medicaid MCO (PMAP/MinnesotaCare),Medica,Medica (nonprofit),,139,,139,https://www.dhs.state.mn.us/dhs16_141529/,2026-04,MN DHS managed care enrollment - PMAP/MA + MnCare combined [source: state-direct file]
MN,Ramsey,Medicaid MCO (PMAP/MinnesotaCare),Medica,Medica (nonprofit),,31034,,31034,https://www.dhs.state.mn.us/dhs16_141529/,2026-04,MN DHS managed care enrollment - PMAP/MA + MnCare combined [source: state-direct file]
MN,Red Lake,Medicaid MCO (PMAP/MinnesotaCare),Medica,Medica (nonprofit),,12,,12,https://www.dhs.state.mn.us/dhs16_141529/,2026-04,MN DHS managed care enrollment - PMAP/MA + MnCare combined [source: state-direct file]
MN,Rice,Medicaid MCO (PMAP/MinnesotaCare),Medica,Medica (nonprofit),,716,,716,https://www.dhs.state.mn.us/dhs16_141529/,2026-04,MN DHS managed care enrollment - PMAP/MA + MnCare combined [source: state-direct file]
MN,Roseau,Medicaid MCO (PMAP/MinnesotaCare),Medica,Medica (nonprofit),,217,,217,https://www.dhs.state.mn.us/dhs16_141529/,2026-04,MN DHS managed care enrollment - PMAP/MA + MnCare combined [source: state-direct file]
MN,Scott,Medicaid MCO (PMAP/MinnesotaCare),Medica,Medica (nonprofit),,2168,,2168,https://www.dhs.state.mn.us/dhs16_141529/,2026-04,MN DHS managed care enrollment - PMAP/MA + MnCare combined [source: state-direct file]
MN,Sherburne,Medicaid MCO (PMAP/MinnesotaCare),Medica,Medica (nonprofit),,2310,,2310,https://www.dhs.state.mn.us/dhs16_141529/,2026-04,MN DHS managed care enrollment - PMAP/MA + MnCare combined [source: state-direct file]
MN,St. Louis,Medicaid MCO (PMAP/MinnesotaCare),Medica,Medica (nonprofit),,8256,,8256,https://www.dhs.state.mn.us/dhs16_141529/,2026-04,MN DHS managed care enrollment - PMAP/MA + MnCare combined [source: state-direct file]
MN,Stearns,Medicaid MCO (PMAP/MinnesotaCare),Medica,Medica (nonprofit),,1921,,1921,https://www.dhs.state.mn.us/dhs16_141529/,2026-04,MN DHS managed care enrollment - PMAP/MA + MnCare combined [source: state-direct file]
MN,Wadena,Medicaid MCO (PMAP/MinnesotaCare),Medica,Medica (nonprofit),,857,,857,https://www.dhs.state.mn.us/dhs16_141529/,2026-04,MN DHS managed care enrollment - PMAP/MA + MnCare combined [source: state-direct file]
MN,Washington,Medicaid MCO (PMAP/MinnesotaCare),Medica,Medica (nonprofit),,2742,,2742,https://www.dhs.state.mn.us/dhs16_141529/,2026-04,MN DHS managed care enrollment - PMAP/MA + MnCare combined [source: state-direct file]
MN,Wilkin,Medicaid MCO (PMAP/MinnesotaCare),Medica,Medica (nonprofit),,43,,43,https://www.dhs.state.mn.us/dhs16_141529/,2026-04,MN DHS managed care enrollment - PMAP/MA + MnCare combined [source: state-direct file]
MN,Wright,Medicaid MCO (PMAP/MinnesotaCare),Medica,Medica (nonprofit),,2630,,2630,https://www.dhs.state.mn.us/dhs16_141529/,2026-04,MN DHS managed care enrollment - PMAP/MA + MnCare combined [source: state-direct file]
MN,Beltrami,Medicaid MCO (PMAP/MinnesotaCare),PrimeWest Health,PrimeWest Health (county-based JV),,9531,,9531,https://www.dhs.state.mn.us/dhs16_141529/,2026-04,MN DHS managed care enrollment - PMAP/MA + MnCare combined [source: state-direct file]
MN,Big Stone,Medicaid MCO (PMAP/MinnesotaCare),PrimeWest Health,PrimeWest Health (county-based JV),,1106,,1106,https://www.dhs.state.mn.us/dhs16_141529/,2026-04,MN DHS managed care enrollment - PMAP/MA + MnCare combined [source: state-direct file]
MN,Chippewa,Medicaid MCO (PMAP/MinnesotaCare),PrimeWest Health,PrimeWest Health (county-based JV),,2382,,2382,https://www.dhs.state.mn.us/dhs16_141529/,2026-04,MN DHS managed care enrollment - PMAP/MA + MnCare combined [source: state-direct file]
MN,Clearwater,Medicaid MCO (PMAP/MinnesotaCare),PrimeWest Health,PrimeWest Health (county-based JV),,1603,,1603,https://www.dhs.state.mn.us/dhs16_141529/,2026-04,MN DHS managed care enrollment - PMAP/MA + MnCare combined [source: state-direct file]
MN,Cottonwood,Medicaid MCO (PMAP/MinnesotaCare),PrimeWest Health,PrimeWest Health (county-based JV),,2608,,2608,https://www.dhs.state.mn.us/dhs16_141529/,2026-04,MN DHS managed care enrollment - PMAP/MA + MnCare combined [source: state-direct file]
MN,Douglas,Medicaid MCO (PMAP/MinnesotaCare),PrimeWest Health,PrimeWest Health (county-based JV),,4879,,4879,https://www.dhs.state.mn.us/dhs16_141529/,2026-04,MN DHS managed care enrollment - PMAP/MA + MnCare combined [source: state-direct file]
MN,Grant,Medicaid MCO (PMAP/MinnesotaCare),PrimeWest Health,PrimeWest Health (county-based JV),,1049,,1049,https://www.dhs.state.mn.us/dhs16_141529/,2026-04,MN DHS managed care enrollment - PMAP/MA + MnCare combined [source: state-direct file]
MN,Hubbard,Medicaid MCO (PMAP/MinnesotaCare),PrimeWest Health,PrimeWest Health (county-based JV),,4222,,4222,https://www.dhs.state.mn.us/dhs16_141529/,2026-04,MN DHS managed care enrollment - PMAP/MA + MnCare combined [source: state-direct file]
MN,Jackson,Medicaid MCO (PMAP/MinnesotaCare),PrimeWest Health,PrimeWest Health (county-based JV),,1522,,1522,https://www.dhs.state.mn.us/dhs16_141529/,2026-04,MN DHS managed care enrollment - PMAP/MA + MnCare combined [source: state-direct file]
MN,Kandiyohi,Medicaid MCO (PMAP/MinnesotaCare),PrimeWest Health,PrimeWest Health (county-based JV),,8251,,8251,https://www.dhs.state.mn.us/dhs16_141529/,2026-04,MN DHS managed care enrollment - PMAP/MA + MnCare combined [source: state-direct file]
MN,LacQuiParle,Medicaid MCO (PMAP/MinnesotaCare),PrimeWest Health,PrimeWest Health (county-based JV),,1079,,1079,https://www.dhs.state.mn.us/dhs16_141529/,2026-04,MN DHS managed care enrollment - PMAP/MA + MnCare combined [source: state-direct file]
MN,Lincoln,Medicaid MCO (PMAP/MinnesotaCare),PrimeWest Health,PrimeWest Health (county-based JV),,711,,711,https://www.dhs.state.mn.us/dhs16_141529/,2026-04,MN DHS managed care enrollment - PMAP/MA + MnCare combined [source: state-direct file]
MN,Lyon,Medicaid MCO (PMAP/MinnesotaCare),PrimeWest Health,PrimeWest Health (county-based JV),,4522,,4522,https://www.dhs.state.mn.us/dhs16_141529/,2026-04,MN DHS managed care enrollment - PMAP/MA + MnCare combined [source: state-direct file]
MN,McLeod,Medicaid MCO (PMAP/MinnesotaCare),PrimeWest Health,PrimeWest Health (county-based JV),,4580,,4580,https://www.dhs.state.mn.us/dhs16_141529/,2026-04,MN DHS managed care enrollment - PMAP/MA + MnCare combined [source: state-direct file]
MN,Meeker,Medicaid MCO (PMAP/MinnesotaCare),PrimeWest Health,PrimeWest Health (county-based JV),,3413,,3413,https://www.dhs.state.mn.us/dhs16_141529/,2026-04,MN DHS managed care enrollment - PMAP/MA + MnCare combined [source: state-direct file]
MN,Nobles,Medicaid MCO (PMAP/MinnesotaCare),PrimeWest Health,PrimeWest Health (county-based JV),,4822,,4822,https://www.dhs.state.mn.us/dhs16_141529/,2026-04,MN DHS managed care enrollment - PMAP/MA + MnCare combined [source: state-direct file]
MN,Pipestone,Medicaid MCO (PMAP/MinnesotaCare),PrimeWest Health,PrimeWest Health (county-based JV),,1706,,1706,https://www.dhs.state.mn.us/dhs16_141529/,2026-04,MN DHS managed care enrollment - PMAP/MA + MnCare combined [source: state-direct file]
MN,Pope,Medicaid MCO (PMAP/MinnesotaCare),PrimeWest Health,PrimeWest Health (county-based JV),,1699,,1699,https://www.dhs.state.mn.us/dhs16_141529/,2026-04,MN DHS managed care enrollment - PMAP/MA + MnCare combined [source: state-direct file]
MN,Redwood,Medicaid MCO (PMAP/MinnesotaCare),PrimeWest Health,PrimeWest Health (county-based JV),,2461,,2461,https://www.dhs.state.mn.us/dhs16_141529/,2026-04,MN DHS managed care enrollment - PMAP/MA + MnCare combined [source: state-direct file]
MN,Renville,Medicaid MCO (PMAP/MinnesotaCare),PrimeWest Health,PrimeWest Health (county-based JV),,2668,,2668,https://www.dhs.state.mn.us/dhs16_141529/,2026-04,MN DHS managed care enrollment - PMAP/MA + MnCare combined [source: state-direct file]
MN,Stevens,Medicaid MCO (PMAP/MinnesotaCare),PrimeWest Health,PrimeWest Health (county-based JV),,1265,,1265,https://www.dhs.state.mn.us/dhs16_141529/,2026-04,MN DHS managed care enrollment - PMAP/MA + MnCare combined [source: state-direct file]
MN,Swift,Medicaid MCO (PMAP/MinnesotaCare),PrimeWest Health,PrimeWest Health (county-based JV),,1591,,1591,https://www.dhs.state.mn.us/dhs16_141529/,2026-04,MN DHS managed care enrollment - PMAP/MA + MnCare combined [source: state-direct file]
MN,Traverse,Medicaid MCO (PMAP/MinnesotaCare),PrimeWest Health,PrimeWest Health (county-based JV),,668,,668,https://www.dhs.state.mn.us/dhs16_141529/,2026-04,MN DHS managed care enrollment - PMAP/MA + MnCare combined [source: state-direct file]
MN,Yellow Medicine,Medicaid MCO (PMAP/MinnesotaCare),PrimeWest Health,PrimeWest Health (county-based JV),,1476,,1476,https://www.dhs.state.mn.us/dhs16_141529/,2026-04,MN DHS managed care enrollment - PMAP/MA + MnCare combined [source: state-direct file]
MN,Brown,Medicaid MCO (PMAP/MinnesotaCare),South Country Health Alliance,SCHA (county-based JV),,2682,,2682,https://www.dhs.state.mn.us/dhs16_141529/,2026-04,MN DHS managed care enrollment - PMAP/MA + MnCare combined [source: state-direct file]
MN,Dodge,Medicaid MCO (PMAP/MinnesotaCare),South Country Health Alliance,SCHA (county-based JV),,2433,,2433,https://www.dhs.state.mn.us/dhs16_141529/,2026-04,MN DHS managed care enrollment - PMAP/MA + MnCare combined [source: state-direct file]
MN,Goodhue,Medicaid MCO (PMAP/MinnesotaCare),South Country Health Alliance,SCHA (county-based JV),,5097,,5097,https://www.dhs.state.mn.us/dhs16_141529/,2026-04,MN DHS managed care enrollment - PMAP/MA + MnCare combined [source: state-direct file]
MN,Sibley,Medicaid MCO (PMAP/MinnesotaCare),South Country Health Alliance,SCHA (county-based JV),,2427,,2427,https://www.dhs.state.mn.us/dhs16_141529/,2026-04,MN DHS managed care enrollment - PMAP/MA + MnCare combined [source: state-direct file]
MN,Steele,Medicaid MCO (PMAP/MinnesotaCare),South Country Health Alliance,SCHA (county-based JV),,5612,,5612,https://www.dhs.state.mn.us/dhs16_141529/,2026-04,MN DHS managed care enrollment - PMAP/MA + MnCare combined [source: state-direct file]
MN,Wabasha,Medicaid MCO (PMAP/MinnesotaCare),South Country Health Alliance,SCHA (county-based JV),,2705,,2705,https://www.dhs.state.mn.us/dhs16_141529/,2026-04,MN DHS managed care enrollment - PMAP/MA + MnCare combined [source: state-direct file]
MN,Waseca,Medicaid MCO (PMAP/MinnesotaCare),South Country Health Alliance,SCHA (county-based JV),,2779,,2779,https://www.dhs.state.mn.us/dhs16_141529/,2026-04,MN DHS managed care enrollment - PMAP/MA + MnCare combined [source: state-direct file]
MN,Aitkin,Medicaid MCO (PMAP/MinnesotaCare),UCare,UCare Minnesota (nonprofit),,218,,218,https://www.dhs.state.mn.us/dhs16_141529/,2026-04,MN DHS managed care enrollment - PMAP/MA + MnCare combined [source: state-direct file]
MN,Anoka,Medicaid MCO (PMAP/MinnesotaCare),UCare,UCare Minnesota (nonprofit),,20533,,20533,https://www.dhs.state.mn.us/dhs16_141529/,2026-04,MN DHS managed care enrollment - PMAP/MA + MnCare combined [source: state-direct file]
MN,Blue Earth,Medicaid MCO (PMAP/MinnesotaCare),UCare,UCare Minnesota (nonprofit),,3266,,3266,https://www.dhs.state.mn.us/dhs16_141529/,2026-04,MN DHS managed care enrollment - PMAP/MA + MnCare combined [source: state-direct file]
MN,Carlton,Medicaid MCO (PMAP/MinnesotaCare),UCare,UCare Minnesota (nonprofit),,479,,479,https://www.dhs.state.mn.us/dhs16_141529/,2026-04,MN DHS managed care enrollment - PMAP/MA + MnCare combined [source: state-direct file]
MN,Carver,Medicaid MCO (PMAP/MinnesotaCare),UCare,UCare Minnesota (nonprofit),,2099,,2099,https://www.dhs.state.mn.us/dhs16_141529/,2026-04,MN DHS managed care enrollment - PMAP/MA + MnCare combined [source: state-direct file]
MN,Cass,Medicaid MCO (PMAP/MinnesotaCare),UCare,UCare Minnesota (nonprofit),,530,,530,https://www.dhs.state.mn.us/dhs16_141529/,2026-04,MN DHS managed care enrollment - PMAP/MA + MnCare combined [source: state-direct file]
MN,Cook,Medicaid MCO (PMAP/MinnesotaCare),UCare,UCare Minnesota (nonprofit),,86,,86,https://www.dhs.state.mn.us/dhs16_141529/,2026-04,MN DHS managed care enrollment - PMAP/MA + MnCare combined [source: state-direct file]
MN,Dakota,Medicaid MCO (PMAP/MinnesotaCare),UCare,UCare Minnesota (nonprofit),,24246,,24246,https://www.dhs.state.mn.us/dhs16_141529/,2026-04,MN DHS managed care enrollment - PMAP/MA + MnCare combined [source: state-direct file]
MN,Faribault,Medicaid MCO (PMAP/MinnesotaCare),UCare,UCare Minnesota (nonprofit),,751,,751,https://www.dhs.state.mn.us/dhs16_141529/,2026-04,MN DHS managed care enrollment - PMAP/MA + MnCare combined [source: state-direct file]
MN,Fillmore,Medicaid MCO (PMAP/MinnesotaCare),UCare,UCare Minnesota (nonprofit),,974,,974,https://www.dhs.state.mn.us/dhs16_141529/,2026-04,MN DHS managed care enrollment - PMAP/MA + MnCare combined [source: state-direct file]
MN,Freeborn,Medicaid MCO (PMAP/MinnesotaCare),UCare,UCare Minnesota (nonprofit),,1694,,1694,https://www.dhs.state.mn.us/dhs16_141529/,2026-04,MN DHS managed care enrollment - PMAP/MA + MnCare combined [source: state-direct file]
MN,Hennepin,Medicaid MCO (PMAP/MinnesotaCare),UCare,UCare Minnesota (nonprofit),,73575,,73575,https://www.dhs.state.mn.us/dhs16_141529/,2026-04,MN DHS managed care enrollment - PMAP/MA + MnCare combined [source: state-direct file]
MN,Houston,Medicaid MCO (PMAP/MinnesotaCare),UCare,UCare Minnesota (nonprofit),,856,,856,https://www.dhs.state.mn.us/dhs16_141529/,2026-04,MN DHS managed care enrollment - PMAP/MA + MnCare combined [source: state-direct file]
MN,Isanti,Medicaid MCO (PMAP/MinnesotaCare),UCare,UCare Minnesota (nonprofit),,1131,,1131,https://www.dhs.state.mn.us/dhs16_141529/,2026-04,MN DHS managed care enrollment - PMAP/MA + MnCare combined [source: state-direct file]
MN,Koochiching,Medicaid MCO (PMAP/MinnesotaCare),UCare,UCare Minnesota (nonprofit),,146,,146,https://www.dhs.state.mn.us/dhs16_141529/,2026-04,MN DHS managed care enrollment - PMAP/MA + MnCare combined [source: state-direct file]
MN,Lake,Medicaid MCO (PMAP/MinnesotaCare),UCare,UCare Minnesota (nonprofit),,136,,136,https://www.dhs.state.mn.us/dhs16_141529/,2026-04,MN DHS managed care enrollment - PMAP/MA + MnCare combined [source: state-direct file]
MN,Lake of Woods,Medicaid MCO (PMAP/MinnesotaCare),UCare,UCare Minnesota (nonprofit),,57,,57,https://www.dhs.state.mn.us/dhs16_141529/,2026-04,MN DHS managed care enrollment - PMAP/MA + MnCare combined [source: state-direct file]
MN,LeSueur,Medicaid MCO (PMAP/MinnesotaCare),UCare,UCare Minnesota (nonprofit),,771,,771,https://www.dhs.state.mn.us/dhs16_141529/,2026-04,MN DHS managed care enrollment - PMAP/MA + MnCare combined [source: state-direct file]
MN,Martin,Medicaid MCO (PMAP/MinnesotaCare),UCare,UCare Minnesota (nonprofit),,926,,926,https://www.dhs.state.mn.us/dhs16_141529/,2026-04,MN DHS managed care enrollment - PMAP/MA + MnCare combined [source: state-direct file]
MN,Mille Lacs,Medicaid MCO (PMAP/MinnesotaCare),UCare,UCare Minnesota (nonprofit),,591,,591,https://www.dhs.state.mn.us/dhs16_141529/,2026-04,MN DHS managed care enrollment - PMAP/MA + MnCare combined [source: state-direct file]
MN,Morrison,Medicaid MCO (PMAP/MinnesotaCare),UCare,UCare Minnesota (nonprofit),,2159,,2159,https://www.dhs.state.mn.us/dhs16_141529/,2026-04,MN DHS managed care enrollment - PMAP/MA + MnCare combined [source: state-direct file]
MN,Mower,Medicaid MCO (PMAP/MinnesotaCare),UCare,UCare Minnesota (nonprofit),,2470,,2470,https://www.dhs.state.mn.us/dhs16_141529/,2026-04,MN DHS managed care enrollment - PMAP/MA + MnCare combined [source: state-direct file]
MN,Murray,Medicaid MCO (PMAP/MinnesotaCare),UCare,UCare Minnesota (nonprofit),,144,,144,https://www.dhs.state.mn.us/dhs16_141529/,2026-04,MN DHS managed care enrollment - PMAP/MA + MnCare combined [source: state-direct file]
MN,Nicollet,Medicaid MCO (PMAP/MinnesotaCare),UCare,UCare Minnesota (nonprofit),,1273,,1273,https://www.dhs.state.mn.us/dhs16_141529/,2026-04,MN DHS managed care enrollment - PMAP/MA + MnCare combined [source: state-direct file]
MN,Olmsted,Medicaid MCO (PMAP/MinnesotaCare),UCare,UCare Minnesota (nonprofit),,12354,,12354,https://www.dhs.state.mn.us/dhs16_141529/,2026-04,MN DHS managed care enrollment - PMAP/MA + MnCare combined [source: state-direct file]
MN,Pine,Medicaid MCO (PMAP/MinnesotaCare),UCare,UCare Minnesota (nonprofit),,241,,241,https://www.dhs.state.mn.us/dhs16_141529/,2026-04,MN DHS managed care enrollment - PMAP/MA + MnCare combined [source: state-direct file]
MN,Rice,Medicaid MCO (PMAP/MinnesotaCare),UCare,UCare Minnesota (nonprofit),,4287,,4287,https://www.dhs.state.mn.us/dhs16_141529/,2026-04,MN DHS managed care enrollment - PMAP/MA + MnCare combined [source: state-direct file]
MN,Rock,Medicaid MCO (PMAP/MinnesotaCare),UCare,UCare Minnesota (nonprofit),,195,,195,https://www.dhs.state.mn.us/dhs16_141529/,2026-04,MN DHS managed care enrollment - PMAP/MA + MnCare combined [source: state-direct file]
MN,Scott,Medicaid MCO (PMAP/MinnesotaCare),UCare,UCare Minnesota (nonprofit),,8179,,8179,https://www.dhs.state.mn.us/dhs16_141529/,2026-04,MN DHS managed care enrollment - PMAP/MA + MnCare combined [source: state-direct file]
MN,Todd,Medicaid MCO (PMAP/MinnesotaCare),UCare,UCare Minnesota (nonprofit),,1640,,1640,https://www.dhs.state.mn.us/dhs16_141529/,2026-04,MN DHS managed care enrollment - PMAP/MA + MnCare combined [source: state-direct file]
MN,Washington,Medicaid MCO (PMAP/MinnesotaCare),UCare,UCare Minnesota (nonprofit),,8457,,8457,https://www.dhs.state.mn.us/dhs16_141529/,2026-04,MN DHS managed care enrollment - PMAP/MA + MnCare combined [source: state-direct file]
MN,Watonwan,Medicaid MCO (PMAP/MinnesotaCare),UCare,UCare Minnesota (nonprofit),,603,,603,https://www.dhs.state.mn.us/dhs16_141529/,2026-04,MN DHS managed care enrollment - PMAP/MA + MnCare combined [source: state-direct file]
MN,Winona,Medicaid MCO (PMAP/MinnesotaCare),UCare,UCare Minnesota (nonprofit),,1762,,1762,https://www.dhs.state.mn.us/dhs16_141529/,2026-04,MN DHS managed care enrollment - PMAP/MA + MnCare combined [source: state-direct file]
MO,,MO HealthNet Managed Care/1915b (Comprehensive MCO),Healthy Blue,Anthem,Statewide,0,0,0,https://data.medicaid.gov/dataset/0bef7b8a-c663-5b14-9a46-0b5c2b86b0fe/data,2024,-- [source: CMS 2024 Table 5]
MO,,MO HealthNet Managed Care/1915b (Comprehensive MCO),Home State Health,Centene Corporation,Statewide,0,0,0,https://data.medicaid.gov/dataset/0bef7b8a-c663-5b14-9a46-0b5c2b86b0fe/data,2024,-- [source: CMS 2024 Table 5]
MO,,PACE (PACE),Jordan Valley Senior Care,Jordan Valley,"Greene County, Christian County, Webster County, 65601, 65613, 65617, 65622, 65640, 65648, 65649, 65663, 65685, 65710, 65725, 64848, 65604, 65605, 65610, 65612, 65646, 65654, 65664, 65705, 65707, 65712, 65738, 65756, 65769, 65536, 65590, 65622, 65632, 65644, 65648, 65685, 65722, 65601, 65604, 65635, 65646, 65770, 65605, 65610, 65624, 65631, 65633, 65656, 65669, 65705, 65714, 65728, 65737, 65754, 65605, 65624, 65633, 65656, 65769, 65616, 65653, 65737, 65740, 65771,65536, 65632, 65722 ",0,2,2,https://data.medicaid.gov/dataset/0bef7b8a-c663-5b14-9a46-0b5c2b86b0fe/data,2024,-- [source: CMS 2024 Table 5]
MO,,Non-Emergency Medical Transportation Program (NEMT),MTM Transit,"MTM, Inc.",Statewide,0,0,0,https://data.medicaid.gov/dataset/0bef7b8a-c663-5b14-9a46-0b5c2b86b0fe/data,2024,-- [source: CMS 2024 Table 5]
MO,,PACE (PACE),New Horizons PACE St. Louis,Lutheran Senior Services,"63031, 63033, 63042, 63043, 63044, 63045, 63074, 63105, 63112, 63114, 63117, 63119, 63120, 63121, 63122, 63123, 63124, 63125, 63126, 63127, 63128, 63129, 63130, 63131, 63132, 63133, 63134, 63135, 63136, 63137, 63138, 63140, 63141, 63143, 63144, 63146, 63147, 63101, 63102, 63103, 63104, 63106, 63107, 63108, 63109, 63110, 63111, 63113, 63115, 63116, 63118, 63139, 63155, 63180, 63182",9,49,58,https://data.medicaid.gov/dataset/0bef7b8a-c663-5b14-9a46-0b5c2b86b0fe/data,2024,-- [source: CMS 2024 Table 5]
MO,,PACE (PACE),PACE KC ,Swope Health,Jackson County,9,4,13,https://data.medicaid.gov/dataset/0bef7b8a-c663-5b14-9a46-0b5c2b86b0fe/data,2024,-- [source: CMS 2024 Table 5]
MO,,MO HealthNet Managed Care/1915b (Comprehensive MCO),Show Me Healthy Kids,Centene Corporation,Statewide,0,0,0,https://data.medicaid.gov/dataset/0bef7b8a-c663-5b14-9a46-0b5c2b86b0fe/data,2024,-- [source: CMS 2024 Table 5]
MO,,MO HealthNet Managed Care/1915b (Comprehensive MCO),UnitedHealthcare,Optum,Statewide,0,0,0,https://data.medicaid.gov/dataset/0bef7b8a-c663-5b14-9a46-0b5c2b86b0fe/data,2024,-- [source: CMS 2024 Table 5]
NC,,Medicaid MCO Standard Plan,AmeriHealth Caritas North Carolina,AmeriHealth Caritas,Statewide (Regions 1-6),,,,https://medicaid.ncdhhs.gov/reports/dashboards/enrollment-dashboard,2026-03,NC Medicaid PHP enrollment is published only via Tableau dashboard (not downloadable Excel). Plan-level enrollment numbers require interactive query of dashboard. Enrollment field intentionally blank pending dashboard data extraction. [source: state-direct file]
NC,,Medicaid MCO Standard Plan,Carolina Complete Health,Centene / NC Medical Society JV,Regions 3 / 4 / 5,,,,https://medicaid.ncdhhs.gov/reports/dashboards/enrollment-dashboard,2026-03,NC Medicaid PHP enrollment is published only via Tableau dashboard (not downloadable Excel). Plan-level enrollment numbers require interactive query of dashboard. Enrollment field intentionally blank pending dashboard data extraction. [source: state-direct file]
NC,,Medicaid MCO Standard Plan,Healthy Blue,Elevance Health / Blue Cross NC JV,Statewide (Regions 1-6),,,,https://medicaid.ncdhhs.gov/reports/dashboards/enrollment-dashboard,2026-03,NC Medicaid PHP enrollment is published only via Tableau dashboard (not downloadable Excel). Plan-level enrollment numbers require interactive query of dashboard. Enrollment field intentionally blank pending dashboard data extraction. [source: state-direct file]
NC,,Medicaid MCO Standard Plan,UnitedHealthcare Community Plan of NC,UnitedHealth Group,Statewide (Regions 1-6),,,,https://medicaid.ncdhhs.gov/reports/dashboards/enrollment-dashboard,2026-03,NC Medicaid PHP enrollment is published only via Tableau dashboard (not downloadable Excel). Plan-level enrollment numbers require interactive query of dashboard. Enrollment field intentionally blank pending dashboard data extraction. [source: state-direct file]
NC,,Medicaid MCO Standard Plan,WellCare of North Carolina,Centene,Statewide (Regions 1-6),,,,https://medicaid.ncdhhs.gov/reports/dashboards/enrollment-dashboard,2026-03,NC Medicaid PHP enrollment is published only via Tableau dashboard (not downloadable Excel). Plan-level enrollment numbers require interactive query of dashboard. Enrollment field intentionally blank pending dashboard data extraction. [source: state-direct file]
NM,,Turquoise Care (Comprehensive MCO + MLTSS),Blue Cross Blue Shield of NM,Health Care Service Corporation,Statewide,0,0,0,https://data.medicaid.gov/dataset/0bef7b8a-c663-5b14-9a46-0b5c2b86b0fe/data,2024,-- [source: CMS 2024 Table 5]
NM,,Turquoise Care (Comprehensive MCO + MLTSS),Molina Healthcare,"Molina Healthcare, Inc.",Statewide,0,0,0,https://data.medicaid.gov/dataset/0bef7b8a-c663-5b14-9a46-0b5c2b86b0fe/data,2024,-- [source: CMS 2024 Table 5]
NM,,Turquoise Care (Comprehensive MCO + MLTSS),"Presbyterian Health Plan, Inc.",Presbyterian Healthcare Services,Statewide,0,0,0,https://data.medicaid.gov/dataset/0bef7b8a-c663-5b14-9a46-0b5c2b86b0fe/data,2024,-- [source: CMS 2024 Table 5]
NM,,Program of All-Inclusive Care for the Elderly (PACE),Total Community Care dba as InnovAge greater NM PACE,Total Community Care dba as InnovAge greater NM PACE,"Bernalillo County, Sandoval County, Valencia County",18,433,451,https://data.medicaid.gov/dataset/0bef7b8a-c663-5b14-9a46-0b5c2b86b0fe/data,2024,-- [source: CMS 2024 Table 5]
NM,,Turquoise Care (Comprehensive MCO + MLTSS),UnitedHealthcare Insurance Company,UnitedHealth Group,Statewide,0,0,0,https://data.medicaid.gov/dataset/0bef7b8a-c663-5b14-9a46-0b5c2b86b0fe/data,2024,-- [source: CMS 2024 Table 5]
NV,,Medicaid MCO,Anthem Blue Cross Blue Shield Healthcare Solutions,Elevance Health,Urban (Clark / Washoe),,,,https://dhcfp.nv.gov/Members/BLU/MCOMain/,2026,NV publishes enrollment via Power BI dashboard (not downloadable); rural expansion effective 1/1/2026. Approximately 75K rural Nevadans newly eligible; ~126K remain in FFS. [source: state-direct file]
NV,,Medicaid MCO,CareSource Nevada,CareSource,Rural (eff 1/1/2026),,,,https://dhcfp.nv.gov/Members/BLU/MCOMain/,2026,NV publishes enrollment via Power BI dashboard (not downloadable); rural expansion effective 1/1/2026. Approximately 75K rural Nevadans newly eligible; ~126K remain in FFS. New entrant; rural-only effective 1/1/2026 [source: state-direct file]
NV,,Medicaid MCO,Health Plan of Nevada,UnitedHealth Group,Urban Clark,,,,https://dhcfp.nv.gov/Members/BLU/MCOMain/,2026,NV publishes enrollment via Power BI dashboard (not downloadable); rural expansion effective 1/1/2026. Approximately 75K rural Nevadans newly eligible; ~126K remain in FFS. HPN service area limited to Urban Clark County effective 1/1/2026 [source: state-direct file]
NV,,Medicaid MCO,Molina Healthcare of Nevada,Molina Healthcare,Urban (Clark / Washoe),,,,https://dhcfp.nv.gov/Members/BLU/MCOMain/,2026,NV publishes enrollment via Power BI dashboard (not downloadable); rural expansion effective 1/1/2026. Approximately 75K rural Nevadans newly eligible; ~126K remain in FFS. [source: state-direct file]
NV,,Medicaid MCO,SilverSummit Healthplan,Centene,Statewide (incl. rural eff 1/1/2026),,,,https://dhcfp.nv.gov/Members/BLU/MCOMain/,2026,NV publishes enrollment via Power BI dashboard (not downloadable); rural expansion effective 1/1/2026. Approximately 75K rural Nevadans newly eligible; ~126K remain in FFS. [source: state-direct file]
NY,New York City,Medicaid MCO Specialty (SNP),Amida Care SN,Amida Care (HIV SNP nonprofit),,9194,,9194,https://www.health.ny.gov/health_care/managed_care/reports/enrollment/monthly/2026/docs/en03_26.xlsx,2026-03,[source: state-direct file]
NY,Dutchess,Medicaid MCO,Anthem Blue Cross and Blue Shield,Elevance Health,,2806,,2806,https://www.health.ny.gov/health_care/managed_care/reports/enrollment/monthly/2026/docs/en03_26.xlsx,2026-03,[source: state-direct file]
NY,Nassau,Medicaid MCO,Anthem Blue Cross and Blue Shield,Elevance Health,,25115,,25115,https://www.health.ny.gov/health_care/managed_care/reports/enrollment/monthly/2026/docs/en03_26.xlsx,2026-03,[source: state-direct file]
NY,New York City,Medicaid MCO,Anthem Blue Cross and Blue Shield,Elevance Health,,271076,,271076,https://www.health.ny.gov/health_care/managed_care/reports/enrollment/monthly/2026/docs/en03_26.xlsx,2026-03,[source: state-direct file]
NY,Orange,Medicaid MCO,Anthem Blue Cross and Blue Shield,Elevance Health,,3254,,3254,https://www.health.ny.gov/health_care/managed_care/reports/enrollment/monthly/2026/docs/en03_26.xlsx,2026-03,[source: state-direct file]
NY,Putnam,Medicaid MCO,Anthem Blue Cross and Blue Shield,Elevance Health,,2047,,2047,https://www.health.ny.gov/health_care/managed_care/reports/enrollment/monthly/2026/docs/en03_26.xlsx,2026-03,[source: state-direct file]
NY,Rockland,Medicaid MCO,Anthem Blue Cross and Blue Shield,Elevance Health,,1836,,1836,https://www.health.ny.gov/health_care/managed_care/reports/enrollment/monthly/2026/docs/en03_26.xlsx,2026-03,[source: state-direct file]
NY,Suffolk,Medicaid MCO,Anthem Blue Cross and Blue Shield,Elevance Health,,9900,,9900,https://www.health.ny.gov/health_care/managed_care/reports/enrollment/monthly/2026/docs/en03_26.xlsx,2026-03,[source: state-direct file]
NY,Ulster,Medicaid MCO,Anthem Blue Cross and Blue Shield,Elevance Health,,1819,,1819,https://www.health.ny.gov/health_care/managed_care/reports/enrollment/monthly/2026/docs/en03_26.xlsx,2026-03,[source: state-direct file]
NY,Westchester,Medicaid MCO,Anthem Blue Cross and Blue Shield,Elevance Health,,5355,,5355,https://www.health.ny.gov/health_care/managed_care/reports/enrollment/monthly/2026/docs/en03_26.xlsx,2026-03,[source: state-direct file]
NY,Albany,Medicaid MCO,Capital District Physicians Health Plan,CDPHP,,24547,,24547,https://www.health.ny.gov/health_care/managed_care/reports/enrollment/monthly/2026/docs/en03_26.xlsx,2026-03,[source: state-direct file]
NY,Columbia,Medicaid MCO,Capital District Physicians Health Plan,CDPHP,,3451,,3451,https://www.health.ny.gov/health_care/managed_care/reports/enrollment/monthly/2026/docs/en03_26.xlsx,2026-03,[source: state-direct file]
NY,Fulton,Medicaid MCO,Capital District Physicians Health Plan,CDPHP,,1682,,1682,https://www.health.ny.gov/health_care/managed_care/reports/enrollment/monthly/2026/docs/en03_26.xlsx,2026-03,[source: state-direct file]
NY,Greene,Medicaid MCO,Capital District Physicians Health Plan,CDPHP,,2625,,2625,https://www.health.ny.gov/health_care/managed_care/reports/enrollment/monthly/2026/docs/en03_26.xlsx,2026-03,[source: state-direct file]
NY,Montgomery,Medicaid MCO,Capital District Physicians Health Plan,CDPHP,,2467,,2467,https://www.health.ny.gov/health_care/managed_care/reports/enrollment/monthly/2026/docs/en03_26.xlsx,2026-03,[source: state-direct file]
NY,Rensselaer,Medicaid MCO,Capital District Physicians Health Plan,CDPHP,,14571,,14571,https://www.health.ny.gov/health_care/managed_care/reports/enrollment/monthly/2026/docs/en03_26.xlsx,2026-03,[source: state-direct file]
NY,Saratoga,Medicaid MCO,Capital District Physicians Health Plan,CDPHP,,12018,,12018,https://www.health.ny.gov/health_care/managed_care/reports/enrollment/monthly/2026/docs/en03_26.xlsx,2026-03,[source: state-direct file]
NY,Schenectady,Medicaid MCO,Capital District Physicians Health Plan,CDPHP,,12627,,12627,https://www.health.ny.gov/health_care/managed_care/reports/enrollment/monthly/2026/docs/en03_26.xlsx,2026-03,[source: state-direct file]
NY,Schoharie,Medicaid MCO,Capital District Physicians Health Plan,CDPHP,,2695,,2695,https://www.health.ny.gov/health_care/managed_care/reports/enrollment/monthly/2026/docs/en03_26.xlsx,2026-03,[source: state-direct file]
NY,Warren,Medicaid MCO,Capital District Physicians Health Plan,CDPHP,,2136,,2136,https://www.health.ny.gov/health_care/managed_care/reports/enrollment/monthly/2026/docs/en03_26.xlsx,2026-03,[source: state-direct file]
NY,Washington,Medicaid MCO,Capital District Physicians Health Plan,CDPHP,,3208,,3208,https://www.health.ny.gov/health_care/managed_care/reports/enrollment/monthly/2026/docs/en03_26.xlsx,2026-03,[source: state-direct file]
NY,Broome,Medicaid MCO,Excellus Health Plan,Lifetime Healthcare Companies (Excellus BCBS),,19971,,19971,https://www.health.ny.gov/health_care/managed_care/reports/enrollment/monthly/2026/docs/en03_26.xlsx,2026-03,[source: state-direct file]
NY,Erie,Medicaid MCO,Excellus Health Plan,Lifetime Healthcare Companies (Excellus BCBS),,5727,,5727,https://www.health.ny.gov/health_care/managed_care/reports/enrollment/monthly/2026/docs/en03_26.xlsx,2026-03,[source: state-direct file]
NY,Herkimer,Medicaid MCO,Excellus Health Plan,Lifetime Healthcare Companies (Excellus BCBS),,2765,,2765,https://www.health.ny.gov/health_care/managed_care/reports/enrollment/monthly/2026/docs/en03_26.xlsx,2026-03,[source: state-direct file]
NY,Livingston,Medicaid MCO,Excellus Health Plan,Lifetime Healthcare Companies (Excellus BCBS),,4427,,4427,https://www.health.ny.gov/health_care/managed_care/reports/enrollment/monthly/2026/docs/en03_26.xlsx,2026-03,[source: state-direct file]
NY,Monroe,Medicaid MCO,Excellus Health Plan,Lifetime Healthcare Companies (Excellus BCBS),,96440,,96440,https://www.health.ny.gov/health_care/managed_care/reports/enrollment/monthly/2026/docs/en03_26.xlsx,2026-03,[source: state-direct file]
NY,Oneida,Medicaid MCO,Excellus Health Plan,Lifetime Healthcare Companies (Excellus BCBS),,9305,,9305,https://www.health.ny.gov/health_care/managed_care/reports/enrollment/monthly/2026/docs/en03_26.xlsx,2026-03,[source: state-direct file]
NY,Onondaga,Medicaid MCO,Excellus Health Plan,Lifetime Healthcare Companies (Excellus BCBS),,12002,,12002,https://www.health.ny.gov/health_care/managed_care/reports/enrollment/monthly/2026/docs/en03_26.xlsx,2026-03,[source: state-direct file]
NY,Ontario,Medicaid MCO,Excellus Health Plan,Lifetime Healthcare Companies (Excellus BCBS),,10611,,10611,https://www.health.ny.gov/health_care/managed_care/reports/enrollment/monthly/2026/docs/en03_26.xlsx,2026-03,[source: state-direct file]
NY,Orleans,Medicaid MCO,Excellus Health Plan,Lifetime Healthcare Companies (Excellus BCBS),,1543,,1543,https://www.health.ny.gov/health_care/managed_care/reports/enrollment/monthly/2026/docs/en03_26.xlsx,2026-03,[source: state-direct file]
NY,Otsego,Medicaid MCO,Excellus Health Plan,Lifetime Healthcare Companies (Excellus BCBS),,3164,,3164,https://www.health.ny.gov/health_care/managed_care/reports/enrollment/monthly/2026/docs/en03_26.xlsx,2026-03,[source: state-direct file]
NY,Seneca,Medicaid MCO,Excellus Health Plan,Lifetime Healthcare Companies (Excellus BCBS),,3119,,3119,https://www.health.ny.gov/health_care/managed_care/reports/enrollment/monthly/2026/docs/en03_26.xlsx,2026-03,[source: state-direct file]
NY,Wayne,Medicaid MCO,Excellus Health Plan,Lifetime Healthcare Companies (Excellus BCBS),,11219,,11219,https://www.health.ny.gov/health_care/managed_care/reports/enrollment/monthly/2026/docs/en03_26.xlsx,2026-03,[source: state-direct file]
NY,Yates,Medicaid MCO,Excellus Health Plan,Lifetime Healthcare Companies (Excellus BCBS),,2245,,2245,https://www.health.ny.gov/health_care/managed_care/reports/enrollment/monthly/2026/docs/en03_26.xlsx,2026-03,[source: state-direct file]
NY,Albany,Medicaid MCO,Fidelis Care,Centene,,17222,,17222,https://www.health.ny.gov/health_care/managed_care/reports/enrollment/monthly/2026/docs/en03_26.xlsx,2026-03,[source: state-direct file]
NY,Allegany,Medicaid MCO,Fidelis Care,Centene,,4232,,4232,https://www.health.ny.gov/health_care/managed_care/reports/enrollment/monthly/2026/docs/en03_26.xlsx,2026-03,[source: state-direct file]
NY,Broome,Medicaid MCO,Fidelis Care,Centene,,12404,,12404,https://www.health.ny.gov/health_care/managed_care/reports/enrollment/monthly/2026/docs/en03_26.xlsx,2026-03,[source: state-direct file]
NY,Cattaraugus,Medicaid MCO,Fidelis Care,Centene,,8119,,8119,https://www.health.ny.gov/health_care/managed_care/reports/enrollment/monthly/2026/docs/en03_26.xlsx,2026-03,[source: state-direct file]
NY,Cayuga,Medicaid MCO,Fidelis Care,Centene,,10506,,10506,https://www.health.ny.gov/health_care/managed_care/reports/enrollment/monthly/2026/docs/en03_26.xlsx,2026-03,[source: state-direct file]
NY,Chautauqua,Medicaid MCO,Fidelis Care,Centene,,19719,,19719,https://www.health.ny.gov/health_care/managed_care/reports/enrollment/monthly/2026/docs/en03_26.xlsx,2026-03,[source: state-direct file]
NY,Chemung,Medicaid MCO,Fidelis Care,Centene,,13778,,13778,https://www.health.ny.gov/health_care/managed_care/reports/enrollment/monthly/2026/docs/en03_26.xlsx,2026-03,[source: state-direct file]
NY,Chenango,Medicaid MCO,Fidelis Care,Centene,,8196,,8196,https://www.health.ny.gov/health_care/managed_care/reports/enrollment/monthly/2026/docs/en03_26.xlsx,2026-03,[source: state-direct file]
NY,Clinton,Medicaid MCO,Fidelis Care,Centene,,10187,,10187,https://www.health.ny.gov/health_care/managed_care/reports/enrollment/monthly/2026/docs/en03_26.xlsx,2026-03,[source: state-direct file]
NY,Columbia,Medicaid MCO,Fidelis Care,Centene,,3966,,3966,https://www.health.ny.gov/health_care/managed_care/reports/enrollment/monthly/2026/docs/en03_26.xlsx,2026-03,[source: state-direct file]
NY,Cortland,Medicaid MCO,Fidelis Care,Centene,,7413,,7413,https://www.health.ny.gov/health_care/managed_care/reports/enrollment/monthly/2026/docs/en03_26.xlsx,2026-03,[source: state-direct file]
NY,Delaware,Medicaid MCO,Fidelis Care,Centene,,7081,,7081,https://www.health.ny.gov/health_care/managed_care/reports/enrollment/monthly/2026/docs/en03_26.xlsx,2026-03,[source: state-direct file]
NY,Dutchess,Medicaid MCO,Fidelis Care,Centene,,18676,,18676,https://www.health.ny.gov/health_care/managed_care/reports/enrollment/monthly/2026/docs/en03_26.xlsx,2026-03,[source: state-direct file]
NY,Erie,Medicaid MCO,Fidelis Care,Centene,,57726,,57726,https://www.health.ny.gov/health_care/managed_care/reports/enrollment/monthly/2026/docs/en03_26.xlsx,2026-03,[source: state-direct file]
NY,Essex,Medicaid MCO,Fidelis Care,Centene,,4262,,4262,https://www.health.ny.gov/health_care/managed_care/reports/enrollment/monthly/2026/docs/en03_26.xlsx,2026-03,[source: state-direct file]
NY,Franklin,Medicaid MCO,Fidelis Care,Centene,,7783,,7783,https://www.health.ny.gov/health_care/managed_care/reports/enrollment/monthly/2026/docs/en03_26.xlsx,2026-03,[source: state-direct file]
NY,Fulton,Medicaid MCO,Fidelis Care,Centene,,9026,,9026,https://www.health.ny.gov/health_care/managed_care/reports/enrollment/monthly/2026/docs/en03_26.xlsx,2026-03,[source: state-direct file]
NY,Genesee,Medicaid MCO,Fidelis Care,Centene,,3495,,3495,https://www.health.ny.gov/health_care/managed_care/reports/enrollment/monthly/2026/docs/en03_26.xlsx,2026-03,[source: state-direct file]
NY,Greene,Medicaid MCO,Fidelis Care,Centene,,3829,,3829,https://www.health.ny.gov/health_care/managed_care/reports/enrollment/monthly/2026/docs/en03_26.xlsx,2026-03,[source: state-direct file]
NY,Hamilton,Medicaid MCO,Fidelis Care,Centene,,475,,475,https://www.health.ny.gov/health_care/managed_care/reports/enrollment/monthly/2026/docs/en03_26.xlsx,2026-03,[source: state-direct file]
NY,Herkimer,Medicaid MCO,Fidelis Care,Centene,,7847,,7847,https://www.health.ny.gov/health_care/managed_care/reports/enrollment/monthly/2026/docs/en03_26.xlsx,2026-03,[source: state-direct file]
NY,Jefferson,Medicaid MCO,Fidelis Care,Centene,,5563,,5563,https://www.health.ny.gov/health_care/managed_care/reports/enrollment/monthly/2026/docs/en03_26.xlsx,2026-03,[source: state-direct file]
NY,Lewis,Medicaid MCO,Fidelis Care,Centene,,2593,,2593,https://www.health.ny.gov/health_care/managed_care/reports/enrollment/monthly/2026/docs/en03_26.xlsx,2026-03,[source: state-direct file]
NY,Livingston,Medicaid MCO,Fidelis Care,Centene,,1804,,1804,https://www.health.ny.gov/health_care/managed_care/reports/enrollment/monthly/2026/docs/en03_26.xlsx,2026-03,[source: state-direct file]
NY,Madison,Medicaid MCO,Fidelis Care,Centene,,7848,,7848,https://www.health.ny.gov/health_care/managed_care/reports/enrollment/monthly/2026/docs/en03_26.xlsx,2026-03,[source: state-direct file]
NY,Monroe,Medicaid MCO,Fidelis Care,Centene,,13295,,13295,https://www.health.ny.gov/health_care/managed_care/reports/enrollment/monthly/2026/docs/en03_26.xlsx,2026-03,[source: state-direct file]
NY,Montgomery,Medicaid MCO,Fidelis Care,Centene,,8281,,8281,https://www.health.ny.gov/health_care/managed_care/reports/enrollment/monthly/2026/docs/en03_26.xlsx,2026-03,[source: state-direct file]
NY,Nassau,Medicaid MCO,Fidelis Care,Centene,,62398,,62398,https://www.health.ny.gov/health_care/managed_care/reports/enrollment/monthly/2026/docs/en03_26.xlsx,2026-03,[source: state-direct file]
NY,New York City,Medicaid MCO,Fidelis Care,Centene,,547618,,547618,https://www.health.ny.gov/health_care/managed_care/reports/enrollment/monthly/2026/docs/en03_26.xlsx,2026-03,[source: state-direct file]
NY,Niagara,Medicaid MCO,Fidelis Care,Centene,,26081,,26081,https://www.health.ny.gov/health_care/managed_care/reports/enrollment/monthly/2026/docs/en03_26.xlsx,2026-03,[source: state-direct file]
NY,Oneida,Medicaid MCO,Fidelis Care,Centene,,34364,,34364,https://www.health.ny.gov/health_care/managed_care/reports/enrollment/monthly/2026/docs/en03_26.xlsx,2026-03,[source: state-direct file]
NY,Onondaga,Medicaid MCO,Fidelis Care,Centene,,43142,,43142,https://www.health.ny.gov/health_care/managed_care/reports/enrollment/monthly/2026/docs/en03_26.xlsx,2026-03,[source: state-direct file]
NY,Ontario,Medicaid MCO,Fidelis Care,Centene,,1637,,1637,https://www.health.ny.gov/health_care/managed_care/reports/enrollment/monthly/2026/docs/en03_26.xlsx,2026-03,[source: state-direct file]
NY,Orange,Medicaid MCO,Fidelis Care,Centene,,47916,,47916,https://www.health.ny.gov/health_care/managed_care/reports/enrollment/monthly/2026/docs/en03_26.xlsx,2026-03,[source: state-direct file]
NY,Orleans,Medicaid MCO,Fidelis Care,Centene,,3578,,3578,https://www.health.ny.gov/health_care/managed_care/reports/enrollment/monthly/2026/docs/en03_26.xlsx,2026-03,[source: state-direct file]
NY,Oswego,Medicaid MCO,Fidelis Care,Centene,,18479,,18479,https://www.health.ny.gov/health_care/managed_care/reports/enrollment/monthly/2026/docs/en03_26.xlsx,2026-03,[source: state-direct file]
NY,Otsego,Medicaid MCO,Fidelis Care,Centene,,5434,,5434,https://www.health.ny.gov/health_care/managed_care/reports/enrollment/monthly/2026/docs/en03_26.xlsx,2026-03,[source: state-direct file]
NY,Putnam,Medicaid MCO,Fidelis Care,Centene,,6892,,6892,https://www.health.ny.gov/health_care/managed_care/reports/enrollment/monthly/2026/docs/en03_26.xlsx,2026-03,[source: state-direct file]
NY,Rensselaer,Medicaid MCO,Fidelis Care,Centene,,7820,,7820,https://www.health.ny.gov/health_care/managed_care/reports/enrollment/monthly/2026/docs/en03_26.xlsx,2026-03,[source: state-direct file]
NY,Rockland,Medicaid MCO,Fidelis Care,Centene,,90221,,90221,https://www.health.ny.gov/health_care/managed_care/reports/enrollment/monthly/2026/docs/en03_26.xlsx,2026-03,[source: state-direct file]
NY,Saint Lawrence,Medicaid MCO,Fidelis Care,Centene,,13000,,13000,https://www.health.ny.gov/health_care/managed_care/reports/enrollment/monthly/2026/docs/en03_26.xlsx,2026-03,[source: state-direct file]
NY,Saratoga,Medicaid MCO,Fidelis Care,Centene,,8972,,8972,https://www.health.ny.gov/health_care/managed_care/reports/enrollment/monthly/2026/docs/en03_26.xlsx,2026-03,[source: state-direct file]
NY,Schenectady,Medicaid MCO,Fidelis Care,Centene,,15427,,15427,https://www.health.ny.gov/health_care/managed_care/reports/enrollment/monthly/2026/docs/en03_26.xlsx,2026-03,[source: state-direct file]
NY,Schoharie,Medicaid MCO,Fidelis Care,Centene,,2036,,2036,https://www.health.ny.gov/health_care/managed_care/reports/enrollment/monthly/2026/docs/en03_26.xlsx,2026-03,[source: state-direct file]
NY,Schuyler,Medicaid MCO,Fidelis Care,Centene,,2415,,2415,https://www.health.ny.gov/health_care/managed_care/reports/enrollment/monthly/2026/docs/en03_26.xlsx,2026-03,[source: state-direct file]
NY,Seneca,Medicaid MCO,Fidelis Care,Centene,,1281,,1281,https://www.health.ny.gov/health_care/managed_care/reports/enrollment/monthly/2026/docs/en03_26.xlsx,2026-03,[source: state-direct file]
NY,Steuben,Medicaid MCO,Fidelis Care,Centene,,16821,,16821,https://www.health.ny.gov/health_care/managed_care/reports/enrollment/monthly/2026/docs/en03_26.xlsx,2026-03,[source: state-direct file]
NY,Suffolk,Medicaid MCO,Fidelis Care,Centene,,70321,,70321,https://www.health.ny.gov/health_care/managed_care/reports/enrollment/monthly/2026/docs/en03_26.xlsx,2026-03,[source: state-direct file]
NY,Sullivan,Medicaid MCO,Fidelis Care,Centene,,8131,,8131,https://www.health.ny.gov/health_care/managed_care/reports/enrollment/monthly/2026/docs/en03_26.xlsx,2026-03,[source: state-direct file]
NY,Tioga,Medicaid MCO,Fidelis Care,Centene,,6512,,6512,https://www.health.ny.gov/health_care/managed_care/reports/enrollment/monthly/2026/docs/en03_26.xlsx,2026-03,[source: state-direct file]
NY,Tompkins,Medicaid MCO,Fidelis Care,Centene,,8446,,8446,https://www.health.ny.gov/health_care/managed_care/reports/enrollment/monthly/2026/docs/en03_26.xlsx,2026-03,[source: state-direct file]
NY,Ulster,Medicaid MCO,Fidelis Care,Centene,,14460,,14460,https://www.health.ny.gov/health_care/managed_care/reports/enrollment/monthly/2026/docs/en03_26.xlsx,2026-03,[source: state-direct file]
NY,Warren,Medicaid MCO,Fidelis Care,Centene,,6409,,6409,https://www.health.ny.gov/health_care/managed_care/reports/enrollment/monthly/2026/docs/en03_26.xlsx,2026-03,[source: state-direct file]
NY,Washington,Medicaid MCO,Fidelis Care,Centene,,6238,,6238,https://www.health.ny.gov/health_care/managed_care/reports/enrollment/monthly/2026/docs/en03_26.xlsx,2026-03,[source: state-direct file]
NY,Wayne,Medicaid MCO,Fidelis Care,Centene,,2111,,2111,https://www.health.ny.gov/health_care/managed_care/reports/enrollment/monthly/2026/docs/en03_26.xlsx,2026-03,[source: state-direct file]
NY,Westchester,Medicaid MCO,Fidelis Care,Centene,,42844,,42844,https://www.health.ny.gov/health_care/managed_care/reports/enrollment/monthly/2026/docs/en03_26.xlsx,2026-03,[source: state-direct file]
NY,Wyoming,Medicaid MCO,Fidelis Care,Centene,,2797,,2797,https://www.health.ny.gov/health_care/managed_care/reports/enrollment/monthly/2026/docs/en03_26.xlsx,2026-03,[source: state-direct file]
NY,Yates,Medicaid MCO,Fidelis Care,Centene,,1107,,1107,https://www.health.ny.gov/health_care/managed_care/reports/enrollment/monthly/2026/docs/en03_26.xlsx,2026-03,[source: state-direct file]
NY,Nassau,Medicaid MCO,HIP of Greater New York,EmblemHealth,,12750,,12750,https://www.health.ny.gov/health_care/managed_care/reports/enrollment/monthly/2026/docs/en03_26.xlsx,2026-03,[source: state-direct file]
NY,New York City,Medicaid MCO,HIP of Greater New York,EmblemHealth,,92873,,92873,https://www.health.ny.gov/health_care/managed_care/reports/enrollment/monthly/2026/docs/en03_26.xlsx,2026-03,[source: state-direct file]
NY,Suffolk,Medicaid MCO,HIP of Greater New York,EmblemHealth,,15020,,15020,https://www.health.ny.gov/health_care/managed_care/reports/enrollment/monthly/2026/docs/en03_26.xlsx,2026-03,[source: state-direct file]
NY,Westchester,Medicaid MCO,HIP of Greater New York,EmblemHealth,,6556,,6556,https://www.health.ny.gov/health_care/managed_care/reports/enrollment/monthly/2026/docs/en03_26.xlsx,2026-03,[source: state-direct file]
NY,Nassau,Medicaid MCO,Healthfirst PHSP,Healthfirst (NYC nonprofit),,66835,,66835,https://www.health.ny.gov/health_care/managed_care/reports/enrollment/monthly/2026/docs/en03_26.xlsx,2026-03,[source: state-direct file]
NY,New York City,Medicaid MCO,Healthfirst PHSP,Healthfirst (NYC nonprofit),,928595,,928595,https://www.health.ny.gov/health_care/managed_care/reports/enrollment/monthly/2026/docs/en03_26.xlsx,2026-03,[source: state-direct file]
NY,Orange,Medicaid MCO,Healthfirst PHSP,Healthfirst (NYC nonprofit),,6862,,6862,https://www.health.ny.gov/health_care/managed_care/reports/enrollment/monthly/2026/docs/en03_26.xlsx,2026-03,[source: state-direct file]
NY,Rockland,Medicaid MCO,Healthfirst PHSP,Healthfirst (NYC nonprofit),,4248,,4248,https://www.health.ny.gov/health_care/managed_care/reports/enrollment/monthly/2026/docs/en03_26.xlsx,2026-03,[source: state-direct file]
NY,Suffolk,Medicaid MCO,Healthfirst PHSP,Healthfirst (NYC nonprofit),,99702,,99702,https://www.health.ny.gov/health_care/managed_care/reports/enrollment/monthly/2026/docs/en03_26.xlsx,2026-03,[source: state-direct file]
NY,Sullivan,Medicaid MCO,Healthfirst PHSP,Healthfirst (NYC nonprofit),,1696,,1696,https://www.health.ny.gov/health_care/managed_care/reports/enrollment/monthly/2026/docs/en03_26.xlsx,2026-03,[source: state-direct file]
NY,Westchester,Medicaid MCO,Healthfirst PHSP,Healthfirst (NYC nonprofit),,21580,,21580,https://www.health.ny.gov/health_care/managed_care/reports/enrollment/monthly/2026/docs/en03_26.xlsx,2026-03,[source: state-direct file]
NY,Allegany,Medicaid MCO,Highmark Western and Northeastern New York Inc.,Highmark,,2006,,2006,https://www.health.ny.gov/health_care/managed_care/reports/enrollment/monthly/2026/docs/en03_26.xlsx,2026-03,[source: state-direct file]
NY,Cattaraugus,Medicaid MCO,Highmark Western and Northeastern New York Inc.,Highmark,,3528,,3528,https://www.health.ny.gov/health_care/managed_care/reports/enrollment/monthly/2026/docs/en03_26.xlsx,2026-03,[source: state-direct file]
NY,Chautauqua,Medicaid MCO,Highmark Western and Northeastern New York Inc.,Highmark,,3856,,3856,https://www.health.ny.gov/health_care/managed_care/reports/enrollment/monthly/2026/docs/en03_26.xlsx,2026-03,[source: state-direct file]
NY,Erie,Medicaid MCO,Highmark Western and Northeastern New York Inc.,Highmark,,23888,,23888,https://www.health.ny.gov/health_care/managed_care/reports/enrollment/monthly/2026/docs/en03_26.xlsx,2026-03,[source: state-direct file]
NY,Genesee,Medicaid MCO,Highmark Western and Northeastern New York Inc.,Highmark,,1732,,1732,https://www.health.ny.gov/health_care/managed_care/reports/enrollment/monthly/2026/docs/en03_26.xlsx,2026-03,[source: state-direct file]
NY,Niagara,Medicaid MCO,Highmark Western and Northeastern New York Inc.,Highmark,,7255,,7255,https://www.health.ny.gov/health_care/managed_care/reports/enrollment/monthly/2026/docs/en03_26.xlsx,2026-03,[source: state-direct file]
NY,Orleans,Medicaid MCO,Highmark Western and Northeastern New York Inc.,Highmark,,1331,,1331,https://www.health.ny.gov/health_care/managed_care/reports/enrollment/monthly/2026/docs/en03_26.xlsx,2026-03,[source: state-direct file]
NY,Wyoming,Medicaid MCO,Highmark Western and Northeastern New York Inc.,Highmark,,1716,,1716,https://www.health.ny.gov/health_care/managed_care/reports/enrollment/monthly/2026/docs/en03_26.xlsx,2026-03,[source: state-direct file]
NY,Erie,Medicaid MCO,Independent Health Association,Independent Health,,61531,,61531,https://www.health.ny.gov/health_care/managed_care/reports/enrollment/monthly/2026/docs/en03_26.xlsx,2026-03,[source: state-direct file]
NY,Albany,Medicaid MCO,MVP Health Plan,MVP Health Care,,3854,,3854,https://www.health.ny.gov/health_care/managed_care/reports/enrollment/monthly/2026/docs/en03_26.xlsx,2026-03,[source: state-direct file]
NY,Clinton,Medicaid MCO,MVP Health Plan,MVP Health Care,,502,,502,https://www.health.ny.gov/health_care/managed_care/reports/enrollment/monthly/2026/docs/en03_26.xlsx,2026-03,[source: state-direct file]
NY,Columbia,Medicaid MCO,MVP Health Plan,MVP Health Care,,838,,838,https://www.health.ny.gov/health_care/managed_care/reports/enrollment/monthly/2026/docs/en03_26.xlsx,2026-03,[source: state-direct file]
NY,Dutchess,Medicaid MCO,MVP Health Plan,MVP Health Care,,16161,,16161,https://www.health.ny.gov/health_care/managed_care/reports/enrollment/monthly/2026/docs/en03_26.xlsx,2026-03,[source: state-direct file]
NY,Essex,Medicaid MCO,MVP Health Plan,MVP Health Care,,238,,238,https://www.health.ny.gov/health_care/managed_care/reports/enrollment/monthly/2026/docs/en03_26.xlsx,2026-03,[source: state-direct file]
NY,Franklin,Medicaid MCO,MVP Health Plan,MVP Health Care,,264,,264,https://www.health.ny.gov/health_care/managed_care/reports/enrollment/monthly/2026/docs/en03_26.xlsx,2026-03,[source: state-direct file]
NY,Fulton,Medicaid MCO,MVP Health Plan,MVP Health Care,,332,,332,https://www.health.ny.gov/health_care/managed_care/reports/enrollment/monthly/2026/docs/en03_26.xlsx,2026-03,[source: state-direct file]
NY,Genesee,Medicaid MCO,MVP Health Plan,MVP Health Care,,2553,,2553,https://www.health.ny.gov/health_care/managed_care/reports/enrollment/monthly/2026/docs/en03_26.xlsx,2026-03,[source: state-direct file]
NY,Greene,Medicaid MCO,MVP Health Plan,MVP Health Care,,767,,767,https://www.health.ny.gov/health_care/managed_care/reports/enrollment/monthly/2026/docs/en03_26.xlsx,2026-03,[source: state-direct file]
NY,Hamilton,Medicaid MCO,MVP Health Plan,MVP Health Care,,65,,65,https://www.health.ny.gov/health_care/managed_care/reports/enrollment/monthly/2026/docs/en03_26.xlsx,2026-03,[source: state-direct file]
NY,Herkimer,Medicaid MCO,MVP Health Plan,MVP Health Care,,231,,231,https://www.health.ny.gov/health_care/managed_care/reports/enrollment/monthly/2026/docs/en03_26.xlsx,2026-03,[source: state-direct file]
NY,Jefferson,Medicaid MCO,MVP Health Plan,MVP Health Care,,2288,,2288,https://www.health.ny.gov/health_care/managed_care/reports/enrollment/monthly/2026/docs/en03_26.xlsx,2026-03,[source: state-direct file]
NY,Lewis,Medicaid MCO,MVP Health Plan,MVP Health Care,,430,,430,https://www.health.ny.gov/health_care/managed_care/reports/enrollment/monthly/2026/docs/en03_26.xlsx,2026-03,[source: state-direct file]
NY,Livingston,Medicaid MCO,MVP Health Plan,MVP Health Care,,1047,,1047,https://www.health.ny.gov/health_care/managed_care/reports/enrollment/monthly/2026/docs/en03_26.xlsx,2026-03,[source: state-direct file]
NY,Monroe,Medicaid MCO,MVP Health Plan,MVP Health Care,,15215,,15215,https://www.health.ny.gov/health_care/managed_care/reports/enrollment/monthly/2026/docs/en03_26.xlsx,2026-03,[source: state-direct file]
NY,Montgomery,Medicaid MCO,MVP Health Plan,MVP Health Care,,472,,472,https://www.health.ny.gov/health_care/managed_care/reports/enrollment/monthly/2026/docs/en03_26.xlsx,2026-03,[source: state-direct file]
NY,Oneida,Medicaid MCO,MVP Health Plan,MVP Health Care,,1504,,1504,https://www.health.ny.gov/health_care/managed_care/reports/enrollment/monthly/2026/docs/en03_26.xlsx,2026-03,[source: state-direct file]
NY,Ontario,Medicaid MCO,MVP Health Plan,MVP Health Care,,783,,783,https://www.health.ny.gov/health_care/managed_care/reports/enrollment/monthly/2026/docs/en03_26.xlsx,2026-03,[source: state-direct file]
NY,Orange,Medicaid MCO,MVP Health Plan,MVP Health Care,,23640,,23640,https://www.health.ny.gov/health_care/managed_care/reports/enrollment/monthly/2026/docs/en03_26.xlsx,2026-03,[source: state-direct file]
NY,Putnam,Medicaid MCO,MVP Health Plan,MVP Health Care,,2196,,2196,https://www.health.ny.gov/health_care/managed_care/reports/enrollment/monthly/2026/docs/en03_26.xlsx,2026-03,[source: state-direct file]
NY,Rensselaer,Medicaid MCO,MVP Health Plan,MVP Health Care,,1772,,1772,https://www.health.ny.gov/health_care/managed_care/reports/enrollment/monthly/2026/docs/en03_26.xlsx,2026-03,[source: state-direct file]
NY,Rockland,Medicaid MCO,MVP Health Plan,MVP Health Care,,11234,,11234,https://www.health.ny.gov/health_care/managed_care/reports/enrollment/monthly/2026/docs/en03_26.xlsx,2026-03,[source: state-direct file]
NY,Saint Lawrence,Medicaid MCO,MVP Health Plan,MVP Health Care,,692,,692,https://www.health.ny.gov/health_care/managed_care/reports/enrollment/monthly/2026/docs/en03_26.xlsx,2026-03,[source: state-direct file]
NY,Saratoga,Medicaid MCO,MVP Health Plan,MVP Health Care,,2650,,2650,https://www.health.ny.gov/health_care/managed_care/reports/enrollment/monthly/2026/docs/en03_26.xlsx,2026-03,[source: state-direct file]
NY,Schenectady,Medicaid MCO,MVP Health Plan,MVP Health Care,,3380,,3380,https://www.health.ny.gov/health_care/managed_care/reports/enrollment/monthly/2026/docs/en03_26.xlsx,2026-03,[source: state-direct file]
NY,Sullivan,Medicaid MCO,MVP Health Plan,MVP Health Care,,10011,,10011,https://www.health.ny.gov/health_care/managed_care/reports/enrollment/monthly/2026/docs/en03_26.xlsx,2026-03,[source: state-direct file]
NY,Ulster,Medicaid MCO,MVP Health Plan,MVP Health Care,,11800,,11800,https://www.health.ny.gov/health_care/managed_care/reports/enrollment/monthly/2026/docs/en03_26.xlsx,2026-03,[source: state-direct file]
NY,Warren,Medicaid MCO,MVP Health Plan,MVP Health Care,,722,,722,https://www.health.ny.gov/health_care/managed_care/reports/enrollment/monthly/2026/docs/en03_26.xlsx,2026-03,[source: state-direct file]
NY,Washington,Medicaid MCO,MVP Health Plan,MVP Health Care,,765,,765,https://www.health.ny.gov/health_care/managed_care/reports/enrollment/monthly/2026/docs/en03_26.xlsx,2026-03,[source: state-direct file]
NY,Westchester,Medicaid MCO,MVP Health Plan,MVP Health Care,,50228,,50228,https://www.health.ny.gov/health_care/managed_care/reports/enrollment/monthly/2026/docs/en03_26.xlsx,2026-03,[source: state-direct file]
NY,New York City,Medicaid MCO,MetroPlus Health Plan,NYC Health + Hospitals,,385454,,385454,https://www.health.ny.gov/health_care/managed_care/reports/enrollment/monthly/2026/docs/en03_26.xlsx,2026-03,[source: state-direct file]
NY,New York City,Medicaid MCO Specialty (SNP),MetroPlus SN,NYC Health + Hospitals,,4725,,4725,https://www.health.ny.gov/health_care/managed_care/reports/enrollment/monthly/2026/docs/en03_26.xlsx,2026-03,[source: state-direct file]
NY,Allegany,Medicaid MCO,Molina Healthcare of New York,Molina Healthcare,,1370,,1370,https://www.health.ny.gov/health_care/managed_care/reports/enrollment/monthly/2026/docs/en03_26.xlsx,2026-03,[source: state-direct file]
NY,Broome,Medicaid MCO,Molina Healthcare of New York,Molina Healthcare,,712,,712,https://www.health.ny.gov/health_care/managed_care/reports/enrollment/monthly/2026/docs/en03_26.xlsx,2026-03,[source: state-direct file]
NY,Cattaraugus,Medicaid MCO,Molina Healthcare of New York,Molina Healthcare,,2492,,2492,https://www.health.ny.gov/health_care/managed_care/reports/enrollment/monthly/2026/docs/en03_26.xlsx,2026-03,[source: state-direct file]
NY,Chautauqua,Medicaid MCO,Molina Healthcare of New York,Molina Healthcare,,1573,,1573,https://www.health.ny.gov/health_care/managed_care/reports/enrollment/monthly/2026/docs/en03_26.xlsx,2026-03,[source: state-direct file]
NY,Chenango,Medicaid MCO,Molina Healthcare of New York,Molina Healthcare,,148,,148,https://www.health.ny.gov/health_care/managed_care/reports/enrollment/monthly/2026/docs/en03_26.xlsx,2026-03,[source: state-direct file]
NY,Cortland,Medicaid MCO,Molina Healthcare of New York,Molina Healthcare,,664,,664,https://www.health.ny.gov/health_care/managed_care/reports/enrollment/monthly/2026/docs/en03_26.xlsx,2026-03,[source: state-direct file]
NY,Erie,Medicaid MCO,Molina Healthcare of New York,Molina Healthcare,,20241,,20241,https://www.health.ny.gov/health_care/managed_care/reports/enrollment/monthly/2026/docs/en03_26.xlsx,2026-03,[source: state-direct file]
NY,Genesee,Medicaid MCO,Molina Healthcare of New York,Molina Healthcare,,125,,125,https://www.health.ny.gov/health_care/managed_care/reports/enrollment/monthly/2026/docs/en03_26.xlsx,2026-03,[source: state-direct file]
NY,Livingston,Medicaid MCO,Molina Healthcare of New York,Molina Healthcare,,133,,133,https://www.health.ny.gov/health_care/managed_care/reports/enrollment/monthly/2026/docs/en03_26.xlsx,2026-03,[source: state-direct file]
NY,Monroe,Medicaid MCO,Molina Healthcare of New York,Molina Healthcare,,3323,,3323,https://www.health.ny.gov/health_care/managed_care/reports/enrollment/monthly/2026/docs/en03_26.xlsx,2026-03,[source: state-direct file]
NY,Nassau,Medicaid MCO,Molina Healthcare of New York,Molina Healthcare,,8423,,8423,https://www.health.ny.gov/health_care/managed_care/reports/enrollment/monthly/2026/docs/en03_26.xlsx,2026-03,[source: state-direct file]
NY,New York City,Medicaid MCO,Molina Healthcare of New York,Molina Healthcare,,95037,,95037,https://www.health.ny.gov/health_care/managed_care/reports/enrollment/monthly/2026/docs/en03_26.xlsx,2026-03,[source: state-direct file]
NY,Onondaga,Medicaid MCO,Molina Healthcare of New York,Molina Healthcare,,17004,,17004,https://www.health.ny.gov/health_care/managed_care/reports/enrollment/monthly/2026/docs/en03_26.xlsx,2026-03,[source: state-direct file]
NY,Ontario,Medicaid MCO,Molina Healthcare of New York,Molina Healthcare,,201,,201,https://www.health.ny.gov/health_care/managed_care/reports/enrollment/monthly/2026/docs/en03_26.xlsx,2026-03,[source: state-direct file]
NY,Orange,Medicaid MCO,Molina Healthcare of New York,Molina Healthcare,,10326,,10326,https://www.health.ny.gov/health_care/managed_care/reports/enrollment/monthly/2026/docs/en03_26.xlsx,2026-03,[source: state-direct file]
NY,Orleans,Medicaid MCO,Molina Healthcare of New York,Molina Healthcare,,93,,93,https://www.health.ny.gov/health_care/managed_care/reports/enrollment/monthly/2026/docs/en03_26.xlsx,2026-03,[source: state-direct file]
NY,Rockland,Medicaid MCO,Molina Healthcare of New York,Molina Healthcare,,3760,,3760,https://www.health.ny.gov/health_care/managed_care/reports/enrollment/monthly/2026/docs/en03_26.xlsx,2026-03,[source: state-direct file]
NY,Seneca,Medicaid MCO,Molina Healthcare of New York,Molina Healthcare,,81,,81,https://www.health.ny.gov/health_care/managed_care/reports/enrollment/monthly/2026/docs/en03_26.xlsx,2026-03,[source: state-direct file]
NY,Suffolk,Medicaid MCO,Molina Healthcare of New York,Molina Healthcare,,20962,,20962,https://www.health.ny.gov/health_care/managed_care/reports/enrollment/monthly/2026/docs/en03_26.xlsx,2026-03,[source: state-direct file]
NY,Tioga,Medicaid MCO,Molina Healthcare of New York,Molina Healthcare,,352,,352,https://www.health.ny.gov/health_care/managed_care/reports/enrollment/monthly/2026/docs/en03_26.xlsx,2026-03,[source: state-direct file]
NY,Tompkins,Medicaid MCO,Molina Healthcare of New York,Molina Healthcare,,2440,,2440,https://www.health.ny.gov/health_care/managed_care/reports/enrollment/monthly/2026/docs/en03_26.xlsx,2026-03,[source: state-direct file]
NY,Wayne,Medicaid MCO,Molina Healthcare of New York,Molina Healthcare,,231,,231,https://www.health.ny.gov/health_care/managed_care/reports/enrollment/monthly/2026/docs/en03_26.xlsx,2026-03,[source: state-direct file]
NY,Westchester,Medicaid MCO,Molina Healthcare of New York,Molina Healthcare,,11815,,11815,https://www.health.ny.gov/health_care/managed_care/reports/enrollment/monthly/2026/docs/en03_26.xlsx,2026-03,[source: state-direct file]
NY,Wyoming,Medicaid MCO,Molina Healthcare of New York,Molina Healthcare,,188,,188,https://www.health.ny.gov/health_care/managed_care/reports/enrollment/monthly/2026/docs/en03_26.xlsx,2026-03,[source: state-direct file]
NY,Albany,Medicaid MCO,UnitedHealthcare,UnitedHealth Group,,1337,,1337,https://www.health.ny.gov/health_care/managed_care/reports/enrollment/monthly/2026/docs/en03_26.xlsx,2026-03,[source: state-direct file]
NY,Broome,Medicaid MCO,UnitedHealthcare,UnitedHealth Group,,2837,,2837,https://www.health.ny.gov/health_care/managed_care/reports/enrollment/monthly/2026/docs/en03_26.xlsx,2026-03,[source: state-direct file]
NY,Cayuga,Medicaid MCO,UnitedHealthcare,UnitedHealth Group,,1481,,1481,https://www.health.ny.gov/health_care/managed_care/reports/enrollment/monthly/2026/docs/en03_26.xlsx,2026-03,[source: state-direct file]
NY,Chautauqua,Medicaid MCO,UnitedHealthcare,UnitedHealth Group,,930,,930,https://www.health.ny.gov/health_care/managed_care/reports/enrollment/monthly/2026/docs/en03_26.xlsx,2026-03,[source: state-direct file]
NY,Chemung,Medicaid MCO,UnitedHealthcare,UnitedHealth Group,,1755,,1755,https://www.health.ny.gov/health_care/managed_care/reports/enrollment/monthly/2026/docs/en03_26.xlsx,2026-03,[source: state-direct file]
NY,Chenango,Medicaid MCO,UnitedHealthcare,UnitedHealth Group,,780,,780,https://www.health.ny.gov/health_care/managed_care/reports/enrollment/monthly/2026/docs/en03_26.xlsx,2026-03,[source: state-direct file]
NY,Clinton,Medicaid MCO,UnitedHealthcare,UnitedHealth Group,,1073,,1073,https://www.health.ny.gov/health_care/managed_care/reports/enrollment/monthly/2026/docs/en03_26.xlsx,2026-03,[source: state-direct file]
NY,Columbia,Medicaid MCO,UnitedHealthcare,UnitedHealth Group,,253,,253,https://www.health.ny.gov/health_care/managed_care/reports/enrollment/monthly/2026/docs/en03_26.xlsx,2026-03,[source: state-direct file]
NY,Dutchess,Medicaid MCO,UnitedHealthcare,UnitedHealth Group,,1063,,1063,https://www.health.ny.gov/health_care/managed_care/reports/enrollment/monthly/2026/docs/en03_26.xlsx,2026-03,[source: state-direct file]
NY,Erie,Medicaid MCO,UnitedHealthcare,UnitedHealth Group,,6077,,6077,https://www.health.ny.gov/health_care/managed_care/reports/enrollment/monthly/2026/docs/en03_26.xlsx,2026-03,[source: state-direct file]
NY,Essex,Medicaid MCO,UnitedHealthcare,UnitedHealth Group,,342,,342,https://www.health.ny.gov/health_care/managed_care/reports/enrollment/monthly/2026/docs/en03_26.xlsx,2026-03,[source: state-direct file]
NY,Franklin,Medicaid MCO,UnitedHealthcare,UnitedHealth Group,,433,,433,https://www.health.ny.gov/health_care/managed_care/reports/enrollment/monthly/2026/docs/en03_26.xlsx,2026-03,[source: state-direct file]
NY,Fulton,Medicaid MCO,UnitedHealthcare,UnitedHealth Group,,257,,257,https://www.health.ny.gov/health_care/managed_care/reports/enrollment/monthly/2026/docs/en03_26.xlsx,2026-03,[source: state-direct file]
NY,Genesee,Medicaid MCO,UnitedHealthcare,UnitedHealth Group,,533,,533,https://www.health.ny.gov/health_care/managed_care/reports/enrollment/monthly/2026/docs/en03_26.xlsx,2026-03,[source: state-direct file]
NY,Greene,Medicaid MCO,UnitedHealthcare,UnitedHealth Group,,253,,253,https://www.health.ny.gov/health_care/managed_care/reports/enrollment/monthly/2026/docs/en03_26.xlsx,2026-03,[source: state-direct file]
NY,Herkimer,Medicaid MCO,UnitedHealthcare,UnitedHealth Group,,14,,14,https://www.health.ny.gov/health_care/managed_care/reports/enrollment/monthly/2026/docs/en03_26.xlsx,2026-03,[source: state-direct file]
NY,Jefferson,Medicaid MCO,UnitedHealthcare,UnitedHealth Group,,10747,,10747,https://www.health.ny.gov/health_care/managed_care/reports/enrollment/monthly/2026/docs/en03_26.xlsx,2026-03,[source: state-direct file]
NY,Lewis,Medicaid MCO,UnitedHealthcare,UnitedHealth Group,,1027,,1027,https://www.health.ny.gov/health_care/managed_care/reports/enrollment/monthly/2026/docs/en03_26.xlsx,2026-03,[source: state-direct file]
NY,Livingston,Medicaid MCO,UnitedHealthcare,UnitedHealth Group,,299,,299,https://www.health.ny.gov/health_care/managed_care/reports/enrollment/monthly/2026/docs/en03_26.xlsx,2026-03,[source: state-direct file]
NY,Madison,Medicaid MCO,UnitedHealthcare,UnitedHealth Group,,1267,,1267,https://www.health.ny.gov/health_care/managed_care/reports/enrollment/monthly/2026/docs/en03_26.xlsx,2026-03,[source: state-direct file]
NY,Monroe,Medicaid MCO,UnitedHealthcare,UnitedHealth Group,,5768,,5768,https://www.health.ny.gov/health_care/managed_care/reports/enrollment/monthly/2026/docs/en03_26.xlsx,2026-03,[source: state-direct file]
NY,Nassau,Medicaid MCO,UnitedHealthcare,UnitedHealth Group,,9055,,9055,https://www.health.ny.gov/health_care/managed_care/reports/enrollment/monthly/2026/docs/en03_26.xlsx,2026-03,[source: state-direct file]
NY,New York City,Medicaid MCO,UnitedHealthcare,UnitedHealth Group,,121776,,121776,https://www.health.ny.gov/health_care/managed_care/reports/enrollment/monthly/2026/docs/en03_26.xlsx,2026-03,[source: state-direct file]
NY,Niagara,Medicaid MCO,UnitedHealthcare,UnitedHealth Group,,2730,,2730,https://www.health.ny.gov/health_care/managed_care/reports/enrollment/monthly/2026/docs/en03_26.xlsx,2026-03,[source: state-direct file]
NY,Oneida,Medicaid MCO,UnitedHealthcare,UnitedHealth Group,,2227,,2227,https://www.health.ny.gov/health_care/managed_care/reports/enrollment/monthly/2026/docs/en03_26.xlsx,2026-03,[source: state-direct file]
NY,Onondaga,Medicaid MCO,UnitedHealthcare,UnitedHealth Group,,11866,,11866,https://www.health.ny.gov/health_care/managed_care/reports/enrollment/monthly/2026/docs/en03_26.xlsx,2026-03,[source: state-direct file]
NY,Ontario,Medicaid MCO,UnitedHealthcare,UnitedHealth Group,,461,,461,https://www.health.ny.gov/health_care/managed_care/reports/enrollment/monthly/2026/docs/en03_26.xlsx,2026-03,[source: state-direct file]
NY,Orange,Medicaid MCO,UnitedHealthcare,UnitedHealth Group,,4507,,4507,https://www.health.ny.gov/health_care/managed_care/reports/enrollment/monthly/2026/docs/en03_26.xlsx,2026-03,[source: state-direct file]
NY,Orleans,Medicaid MCO,UnitedHealthcare,UnitedHealth Group,,429,,429,https://www.health.ny.gov/health_care/managed_care/reports/enrollment/monthly/2026/docs/en03_26.xlsx,2026-03,[source: state-direct file]
NY,Oswego,Medicaid MCO,UnitedHealthcare,UnitedHealth Group,,4398,,4398,https://www.health.ny.gov/health_care/managed_care/reports/enrollment/monthly/2026/docs/en03_26.xlsx,2026-03,[source: state-direct file]
NY,Rensselaer,Medicaid MCO,UnitedHealthcare,UnitedHealth Group,,609,,609,https://www.health.ny.gov/health_care/managed_care/reports/enrollment/monthly/2026/docs/en03_26.xlsx,2026-03,[source: state-direct file]
NY,Rockland,Medicaid MCO,UnitedHealthcare,UnitedHealth Group,,8182,,8182,https://www.health.ny.gov/health_care/managed_care/reports/enrollment/monthly/2026/docs/en03_26.xlsx,2026-03,[source: state-direct file]
NY,Saint Lawrence,Medicaid MCO,UnitedHealthcare,UnitedHealth Group,,3358,,3358,https://www.health.ny.gov/health_care/managed_care/reports/enrollment/monthly/2026/docs/en03_26.xlsx,2026-03,[source: state-direct file]
NY,Schenectady,Medicaid MCO,UnitedHealthcare,UnitedHealth Group,,1056,,1056,https://www.health.ny.gov/health_care/managed_care/reports/enrollment/monthly/2026/docs/en03_26.xlsx,2026-03,[source: state-direct file]
NY,Seneca,Medicaid MCO,UnitedHealthcare,UnitedHealth Group,,308,,308,https://www.health.ny.gov/health_care/managed_care/reports/enrollment/monthly/2026/docs/en03_26.xlsx,2026-03,[source: state-direct file]
NY,Suffolk,Medicaid MCO,UnitedHealthcare,UnitedHealth Group,,18864,,18864,https://www.health.ny.gov/health_care/managed_care/reports/enrollment/monthly/2026/docs/en03_26.xlsx,2026-03,[source: state-direct file]
NY,Tioga,Medicaid MCO,UnitedHealthcare,UnitedHealth Group,,857,,857,https://www.health.ny.gov/health_care/managed_care/reports/enrollment/monthly/2026/docs/en03_26.xlsx,2026-03,[source: state-direct file]
NY,Ulster,Medicaid MCO,UnitedHealthcare,UnitedHealth Group,,1028,,1028,https://www.health.ny.gov/health_care/managed_care/reports/enrollment/monthly/2026/docs/en03_26.xlsx,2026-03,[source: state-direct file]
NY,Warren,Medicaid MCO,UnitedHealthcare,UnitedHealth Group,,320,,320,https://www.health.ny.gov/health_care/managed_care/reports/enrollment/monthly/2026/docs/en03_26.xlsx,2026-03,[source: state-direct file]
NY,Wayne,Medicaid MCO,UnitedHealthcare,UnitedHealth Group,,554,,554,https://www.health.ny.gov/health_care/managed_care/reports/enrollment/monthly/2026/docs/en03_26.xlsx,2026-03,[source: state-direct file]
NY,Westchester,Medicaid MCO,UnitedHealthcare,UnitedHealth Group,,4986,,4986,https://www.health.ny.gov/health_care/managed_care/reports/enrollment/monthly/2026/docs/en03_26.xlsx,2026-03,[source: state-direct file]
NY,Wyoming,Medicaid MCO,UnitedHealthcare,UnitedHealth Group,,282,,282,https://www.health.ny.gov/health_care/managed_care/reports/enrollment/monthly/2026/docs/en03_26.xlsx,2026-03,[source: state-direct file]
NY,Yates,Medicaid MCO,UnitedHealthcare,UnitedHealth Group,,117,,117,https://www.health.ny.gov/health_care/managed_care/reports/enrollment/monthly/2026/docs/en03_26.xlsx,2026-03,[source: state-direct file]
NY,Nassau,Medicaid MCO Specialty (SNP),VNS Choice SNP,VNS Health,,23,,23,https://www.health.ny.gov/health_care/managed_care/reports/enrollment/monthly/2026/docs/en03_26.xlsx,2026-03,[source: state-direct file]
NY,New York City,Medicaid MCO Specialty (SNP),VNS Choice SNP,VNS Health,,3721,,3721,https://www.health.ny.gov/health_care/managed_care/reports/enrollment/monthly/2026/docs/en03_26.xlsx,2026-03,[source: state-direct file]
NY,Westchester,Medicaid MCO Specialty (SNP),VNS Choice SNP,VNS Health,,79,,79,https://www.health.ny.gov/health_care/managed_care/reports/enrollment/monthly/2026/docs/en03_26.xlsx,2026-03,[source: state-direct file]
OH,,Medicaid MCO,AmeriHealth Caritas Ohio,AmeriHealth Caritas,Statewide,,,,https://managedcare.medicaid.ohio.gov/managed-care,2025,"Ohio publishes total Medicaid caseload by eligibility category but not plan-level enrollment publicly. ~3M total OH Medicaid; >90% in Next Generation managed care (~2.7M). MyCare Ohio Annual Report (FY2024-25): Buckeye 25,094, CareSource 33,027, Molina 27,560, UHC 28,907 (dual-eligibles only). [source: state-direct file]"
OH,,Medicaid MCO,Anthem Blue Cross and Blue Shield Ohio,Elevance Health,Statewide,,,,https://managedcare.medicaid.ohio.gov/managed-care,2025,"Ohio publishes total Medicaid caseload by eligibility category but not plan-level enrollment publicly. ~3M total OH Medicaid; >90% in Next Generation managed care (~2.7M). MyCare Ohio Annual Report (FY2024-25): Buckeye 25,094, CareSource 33,027, Molina 27,560, UHC 28,907 (dual-eligibles only). [source: state-direct file]"
OH,,Medicaid MCO,Buckeye Health Plan,Centene,Statewide,,,,https://managedcare.medicaid.ohio.gov/managed-care,2025,"Ohio publishes total Medicaid caseload by eligibility category but not plan-level enrollment publicly. ~3M total OH Medicaid; >90% in Next Generation managed care (~2.7M). MyCare Ohio Annual Report (FY2024-25): Buckeye 25,094, CareSource 33,027, Molina 27,560, UHC 28,907 (dual-eligibles only). [source: state-direct file]"
OH,,Medicaid MCO,CareSource Ohio,CareSource,Statewide,,,,https://managedcare.medicaid.ohio.gov/managed-care,2025,"Ohio publishes total Medicaid caseload by eligibility category but not plan-level enrollment publicly. ~3M total OH Medicaid; >90% in Next Generation managed care (~2.7M). MyCare Ohio Annual Report (FY2024-25): Buckeye 25,094, CareSource 33,027, Molina 27,560, UHC 28,907 (dual-eligibles only). [source: state-direct file]"
OH,,Medicaid MCO,Humana Healthy Horizons in Ohio,Humana,Statewide,,,,https://managedcare.medicaid.ohio.gov/managed-care,2025,"Ohio publishes total Medicaid caseload by eligibility category but not plan-level enrollment publicly. ~3M total OH Medicaid; >90% in Next Generation managed care (~2.7M). MyCare Ohio Annual Report (FY2024-25): Buckeye 25,094, CareSource 33,027, Molina 27,560, UHC 28,907 (dual-eligibles only). [source: state-direct file]"
OH,,Medicaid MCO,Molina Healthcare of Ohio,Molina Healthcare,Statewide,,,,https://managedcare.medicaid.ohio.gov/managed-care,2025,"Ohio publishes total Medicaid caseload by eligibility category but not plan-level enrollment publicly. ~3M total OH Medicaid; >90% in Next Generation managed care (~2.7M). MyCare Ohio Annual Report (FY2024-25): Buckeye 25,094, CareSource 33,027, Molina 27,560, UHC 28,907 (dual-eligibles only). [source: state-direct file]"
OH,,Medicaid MCO,UnitedHealthcare Community Plan of Ohio,UnitedHealth Group,Statewide,,,,https://managedcare.medicaid.ohio.gov/managed-care,2025,"Ohio publishes total Medicaid caseload by eligibility category but not plan-level enrollment publicly. ~3M total OH Medicaid; >90% in Next Generation managed care (~2.7M). MyCare Ohio Annual Report (FY2024-25): Buckeye 25,094, CareSource 33,027, Molina 27,560, UHC 28,907 (dual-eligibles only). [source: state-direct file]"
OR,,OHP - Oregon Health Plan (Comprehensive MCO + MLTSS),Advanced Health,Advanced Health,Coos and Curry Counties,0,0,0,https://data.medicaid.gov/dataset/0bef7b8a-c663-5b14-9a46-0b5c2b86b0fe/data,2024,-- [source: CMS 2024 Table 5]
OR,,OHP - Oregon Health Plan (Comprehensive MCO + MLTSS),AllCare Health Plan,AllCare Health Plan,"Curry, Douglas (97410 and 97442 only), Jackson, and Josephine Counties",0,0,0,https://data.medicaid.gov/dataset/0bef7b8a-c663-5b14-9a46-0b5c2b86b0fe/data,2024,-- [source: CMS 2024 Table 5]
OR,,PACE (PACE),AllCare PACE,AllCare Health Plan,"Jackson (97501, 97502, 97504, 97525, 97535, 97537 only), and Josephine (97526, 97527, 97543 only) Counties",77,70,147,https://data.medicaid.gov/dataset/0bef7b8a-c663-5b14-9a46-0b5c2b86b0fe/data,2024,-- [source: CMS 2024 Table 5]
OR,,OHP - Oregon Health Plan (Comprehensive MCO + MLTSS),Cascade Health Alliance,Cascade Health Alliance,"Klamath (97731, 97733, 97737, 97739, 97425 excluded) County",0,0,0,https://data.medicaid.gov/dataset/0bef7b8a-c663-5b14-9a46-0b5c2b86b0fe/data,2024,-- [source: CMS 2024 Table 5]
OR,,OHP - Oregon Health Plan (Comprehensive MCO + MLTSS),Columbia Pacific,Columbia Pacific,"Clatsop, Columbia, and Tillamook Counties",0,0,0,https://data.medicaid.gov/dataset/0bef7b8a-c663-5b14-9a46-0b5c2b86b0fe/data,2024,-- [source: CMS 2024 Table 5]
OR,,OHP - Oregon Health Plan (Comprehensive MCO + MLTSS),Eastern Oregon CCO,Eastern Oregon CCO,"Baker, Gilliam, Grant, Harney, Lake, Malheur, Morrow, Sherman, Umatilla, Union, Wallowa, and Wheeler Counties",0,0,0,https://data.medicaid.gov/dataset/0bef7b8a-c663-5b14-9a46-0b5c2b86b0fe/data,2024,-- [source: CMS 2024 Table 5]
OR,,OHP - Oregon Health Plan (Comprehensive MCO + MLTSS),HealthShare of Oregon,HealthShare of Oregon,"Clackamas, Multnomah, and Washington Counties",0,0,0,https://data.medicaid.gov/dataset/0bef7b8a-c663-5b14-9a46-0b5c2b86b0fe/data,2024,-- [source: CMS 2024 Table 5]
OR,,OHP - Oregon Health Plan (Comprehensive MCO + MLTSS),InterCommunity Health Network,InterCommunity Health Network,"Benton, Lincoln, and Linn Counties",0,0,0,https://data.medicaid.gov/dataset/0bef7b8a-c663-5b14-9a46-0b5c2b86b0fe/data,2024,-- [source: CMS 2024 Table 5]
OR,,OHP - Oregon Health Plan (Comprehensive MCO + MLTSS),Jackson Care Connect,Jackson Care Connect,Jackson County,0,0,0,https://data.medicaid.gov/dataset/0bef7b8a-c663-5b14-9a46-0b5c2b86b0fe/data,2024,-- [source: CMS 2024 Table 5]
OR,,OHP - Oregon Health Plan (Comprehensive MCO + MLTSS),PacificSource Community Solutions - Central Oregon,PacificSource Community Solutions - Central Oregon,"Crook, Deschutes, Jefferson, and Klamath (97731, 97733, 97737, 97739 only) Counties",0,0,0,https://data.medicaid.gov/dataset/0bef7b8a-c663-5b14-9a46-0b5c2b86b0fe/data,2024,-- [source: CMS 2024 Table 5]
OR,,OHP - Oregon Health Plan (Comprehensive MCO + MLTSS),PacificSource Community Solutions - Columbia Gorge,PacificSource Community Solutions - Columbia Gorge,Hood River and Wasco Counties,0,0,0,https://data.medicaid.gov/dataset/0bef7b8a-c663-5b14-9a46-0b5c2b86b0fe/data,2024,-- [source: CMS 2024 Table 5]
OR,,OHP - Oregon Health Plan (Comprehensive MCO + MLTSS),PacificSource Community Solutions - Lane (CCO),PacificSource Community Solutions - Lane (CCO),Lane County,0,0,0,https://data.medicaid.gov/dataset/0bef7b8a-c663-5b14-9a46-0b5c2b86b0fe/data,2024,-- [source: CMS 2024 Table 5]
OR,,OHP - Oregon Health Plan (Comprehensive MCO + MLTSS),PacificSource Community Solutions - Marion Polk (CCO),PacificSource Community Solutions - Marion Polk (CCO),Marion and Polk Counties,0,0,0,https://data.medicaid.gov/dataset/0bef7b8a-c663-5b14-9a46-0b5c2b86b0fe/data,2024,-- [source: CMS 2024 Table 5]
OR,,PACE (PACE),Providence Elder Place,Providence,"Multnomah, Washington (97113, 97116, 97140, 97062, 97078, 97003, 97123, 97124, 97005, 97006, 97007, 97008, 97223, 97224. 97225, 97229 only), Clackamas (97015, 97027, 97086, 97036, 97045, 97062, 97068, 97034, 97035, 97206, 97219, 97222, 97267, 97268, 97269 only), Clatsop, and Tillamook (97130, 97131, 97147 only) Counties",0,0,0,https://data.medicaid.gov/dataset/0bef7b8a-c663-5b14-9a46-0b5c2b86b0fe/data,2024,-- [source: CMS 2024 Table 5]
OR,,OHP - Oregon Health Plan (Comprehensive MCO + MLTSS),Trillium Community Health Plan,Trillium Community Health Plan,"Douglas (97424, 97493, 97436, 97441, 97467, 97473 only), Lane, and Linn (97446 only) Counties",0,0,0,https://data.medicaid.gov/dataset/0bef7b8a-c663-5b14-9a46-0b5c2b86b0fe/data,2024,-- [source: CMS 2024 Table 5]
OR,,OHP - Oregon Health Plan (Comprehensive MCO + MLTSS),Trillium Community Health Plan - Tri-County,Trillium Community Health Plan - Tri-County,"Multnomah, Washington and Clackamas Counties",0,0,0,https://data.medicaid.gov/dataset/0bef7b8a-c663-5b14-9a46-0b5c2b86b0fe/data,2024,-- [source: CMS 2024 Table 5]
OR,,OHP - Oregon Health Plan (Comprehensive MCO + MLTSS),Umpqua Health Alliance,Umpqua Health Alliance,"Douglas (97441, 97467, 97473 excluded) County",0,0,0,https://data.medicaid.gov/dataset/0bef7b8a-c663-5b14-9a46-0b5c2b86b0fe/data,2024,-- [source: CMS 2024 Table 5]
OR,,OHP - Oregon Health Plan (Comprehensive MCO + MLTSS),Yamhill Community Care,Yamhill Community Care,"Polk (97101, 97304, 97347, 97371, 97378, 97396 only), Washington (97119, 97123, 97132, 97140 only), and Yamhill Counties",0,0,0,https://data.medicaid.gov/dataset/0bef7b8a-c663-5b14-9a46-0b5c2b86b0fe/data,2024,-- [source: CMS 2024 Table 5]
PA,Adams,Medicaid MCO,AmeriHealth Caritas Pennsylvania,AmeriHealth Caritas,LEHIGH/CAPITAL zone,1766,,1766,https://www.pa.gov/content/dam/copapwp-pagov/en/dhs/documents/providers/providers/documents/managed-care-enrollment-information/mar-2026-enrollment-report.pdf,2026-03,[source: state-direct file]
PA,Allegheny,Medicaid MCO,AmeriHealth Caritas Pennsylvania,AmeriHealth Caritas,SOUTHWEST zone,6391,,6391,https://www.pa.gov/content/dam/copapwp-pagov/en/dhs/documents/providers/providers/documents/managed-care-enrollment-information/mar-2026-enrollment-report.pdf,2026-03,New MCO in Zone [source: state-direct file]
PA,Armstrong,Medicaid MCO,AmeriHealth Caritas Pennsylvania,AmeriHealth Caritas,SOUTHWEST zone,276,,276,https://www.pa.gov/content/dam/copapwp-pagov/en/dhs/documents/providers/providers/documents/managed-care-enrollment-information/mar-2026-enrollment-report.pdf,2026-03,New MCO in Zone [source: state-direct file]
PA,Beaver,Medicaid MCO,AmeriHealth Caritas Pennsylvania,AmeriHealth Caritas,SOUTHWEST zone,1010,,1010,https://www.pa.gov/content/dam/copapwp-pagov/en/dhs/documents/providers/providers/documents/managed-care-enrollment-information/mar-2026-enrollment-report.pdf,2026-03,New MCO in Zone [source: state-direct file]
PA,Bedford,Medicaid MCO,AmeriHealth Caritas Pennsylvania,AmeriHealth Caritas,SOUTHWEST zone,324,,324,https://www.pa.gov/content/dam/copapwp-pagov/en/dhs/documents/providers/providers/documents/managed-care-enrollment-information/mar-2026-enrollment-report.pdf,2026-03,New MCO in Zone [source: state-direct file]
PA,Berks,Medicaid MCO,AmeriHealth Caritas Pennsylvania,AmeriHealth Caritas,LEHIGH/CAPITAL zone,39171,,39171,https://www.pa.gov/content/dam/copapwp-pagov/en/dhs/documents/providers/providers/documents/managed-care-enrollment-information/mar-2026-enrollment-report.pdf,2026-03,[source: state-direct file]
PA,Blair,Medicaid MCO,AmeriHealth Caritas Pennsylvania,AmeriHealth Caritas,SOUTHWEST zone,759,,759,https://www.pa.gov/content/dam/copapwp-pagov/en/dhs/documents/providers/providers/documents/managed-care-enrollment-information/mar-2026-enrollment-report.pdf,2026-03,New MCO in Zone [source: state-direct file]
PA,Bradford,Medicaid MCO,AmeriHealth Caritas Pennsylvania,AmeriHealth Caritas,NORTHEAST zone,3967,,3967,https://www.pa.gov/content/dam/copapwp-pagov/en/dhs/documents/providers/providers/documents/managed-care-enrollment-information/mar-2026-enrollment-report.pdf,2026-03,[source: state-direct file]
PA,Butler,Medicaid MCO,AmeriHealth Caritas Pennsylvania,AmeriHealth Caritas,SOUTHWEST zone,676,,676,https://www.pa.gov/content/dam/copapwp-pagov/en/dhs/documents/providers/providers/documents/managed-care-enrollment-information/mar-2026-enrollment-report.pdf,2026-03,New MCO in Zone [source: state-direct file]
PA,Cambria,Medicaid MCO,AmeriHealth Caritas Pennsylvania,AmeriHealth Caritas,SOUTHWEST zone,926,,926,https://www.pa.gov/content/dam/copapwp-pagov/en/dhs/documents/providers/providers/documents/managed-care-enrollment-information/mar-2026-enrollment-report.pdf,2026-03,New MCO in Zone [source: state-direct file]
PA,Cameron,Medicaid MCO,AmeriHealth Caritas Pennsylvania,AmeriHealth Caritas,NORTHWEST zone,90,,90,https://www.pa.gov/content/dam/copapwp-pagov/en/dhs/documents/providers/providers/documents/managed-care-enrollment-information/mar-2026-enrollment-report.pdf,2026-03,[source: state-direct file]
PA,Carbon,Medicaid MCO,AmeriHealth Caritas Pennsylvania,AmeriHealth Caritas,NORTHEAST zone,7548,,7548,https://www.pa.gov/content/dam/copapwp-pagov/en/dhs/documents/providers/providers/documents/managed-care-enrollment-information/mar-2026-enrollment-report.pdf,2026-03,[source: state-direct file]
PA,Centre,Medicaid MCO,AmeriHealth Caritas Pennsylvania,AmeriHealth Caritas,NORTHEAST zone,2533,,2533,https://www.pa.gov/content/dam/copapwp-pagov/en/dhs/documents/providers/providers/documents/managed-care-enrollment-information/mar-2026-enrollment-report.pdf,2026-03,[source: state-direct file]
PA,Clarion,Medicaid MCO,AmeriHealth Caritas Pennsylvania,AmeriHealth Caritas,NORTHWEST zone,650,,650,https://www.pa.gov/content/dam/copapwp-pagov/en/dhs/documents/providers/providers/documents/managed-care-enrollment-information/mar-2026-enrollment-report.pdf,2026-03,[source: state-direct file]
PA,Clearfield,Medicaid MCO,AmeriHealth Caritas Pennsylvania,AmeriHealth Caritas,NORTHWEST zone,2034,,2034,https://www.pa.gov/content/dam/copapwp-pagov/en/dhs/documents/providers/providers/documents/managed-care-enrollment-information/mar-2026-enrollment-report.pdf,2026-03,[source: state-direct file]
PA,Clinton,Medicaid MCO,AmeriHealth Caritas Pennsylvania,AmeriHealth Caritas,NORTHEAST zone,1038,,1038,https://www.pa.gov/content/dam/copapwp-pagov/en/dhs/documents/providers/providers/documents/managed-care-enrollment-information/mar-2026-enrollment-report.pdf,2026-03,[source: state-direct file]
PA,Columbia,Medicaid MCO,AmeriHealth Caritas Pennsylvania,AmeriHealth Caritas,NORTHEAST zone,1676,,1676,https://www.pa.gov/content/dam/copapwp-pagov/en/dhs/documents/providers/providers/documents/managed-care-enrollment-information/mar-2026-enrollment-report.pdf,2026-03,[source: state-direct file]
PA,Crawford,Medicaid MCO,AmeriHealth Caritas Pennsylvania,AmeriHealth Caritas,NORTHWEST zone,1307,,1307,https://www.pa.gov/content/dam/copapwp-pagov/en/dhs/documents/providers/providers/documents/managed-care-enrollment-information/mar-2026-enrollment-report.pdf,2026-03,[source: state-direct file]
PA,Cumberland,Medicaid MCO,AmeriHealth Caritas Pennsylvania,AmeriHealth Caritas,LEHIGH/CAPITAL zone,7415,,7415,https://www.pa.gov/content/dam/copapwp-pagov/en/dhs/documents/providers/providers/documents/managed-care-enrollment-information/mar-2026-enrollment-report.pdf,2026-03,[source: state-direct file]
PA,Dauphin,Medicaid MCO,AmeriHealth Caritas Pennsylvania,AmeriHealth Caritas,LEHIGH/CAPITAL zone,11569,,11569,https://www.pa.gov/content/dam/copapwp-pagov/en/dhs/documents/providers/providers/documents/managed-care-enrollment-information/mar-2026-enrollment-report.pdf,2026-03,[source: state-direct file]
PA,Elk,Medicaid MCO,AmeriHealth Caritas Pennsylvania,AmeriHealth Caritas,NORTHWEST zone,409,,409,https://www.pa.gov/content/dam/copapwp-pagov/en/dhs/documents/providers/providers/documents/managed-care-enrollment-information/mar-2026-enrollment-report.pdf,2026-03,[source: state-direct file]
PA,Erie,Medicaid MCO,AmeriHealth Caritas Pennsylvania,AmeriHealth Caritas,NORTHWEST zone,10048,,10048,https://www.pa.gov/content/dam/copapwp-pagov/en/dhs/documents/providers/providers/documents/managed-care-enrollment-information/mar-2026-enrollment-report.pdf,2026-03,[source: state-direct file]
PA,Fayette,Medicaid MCO,AmeriHealth Caritas Pennsylvania,AmeriHealth Caritas,SOUTHWEST zone,1064,,1064,https://www.pa.gov/content/dam/copapwp-pagov/en/dhs/documents/providers/providers/documents/managed-care-enrollment-information/mar-2026-enrollment-report.pdf,2026-03,New MCO in Zone [source: state-direct file]
PA,Forest,Medicaid MCO,AmeriHealth Caritas Pennsylvania,AmeriHealth Caritas,NORTHWEST zone,76,,76,https://www.pa.gov/content/dam/copapwp-pagov/en/dhs/documents/providers/providers/documents/managed-care-enrollment-information/mar-2026-enrollment-report.pdf,2026-03,[source: state-direct file]
PA,Franklin,Medicaid MCO,AmeriHealth Caritas Pennsylvania,AmeriHealth Caritas,LEHIGH/CAPITAL zone,12231,,12231,https://www.pa.gov/content/dam/copapwp-pagov/en/dhs/documents/providers/providers/documents/managed-care-enrollment-information/mar-2026-enrollment-report.pdf,2026-03,[source: state-direct file]
PA,Fulton,Medicaid MCO,AmeriHealth Caritas Pennsylvania,AmeriHealth Caritas,LEHIGH/CAPITAL zone,778,,778,https://www.pa.gov/content/dam/copapwp-pagov/en/dhs/documents/providers/providers/documents/managed-care-enrollment-information/mar-2026-enrollment-report.pdf,2026-03,[source: state-direct file]
PA,Greene,Medicaid MCO,AmeriHealth Caritas Pennsylvania,AmeriHealth Caritas,SOUTHWEST zone,470,,470,https://www.pa.gov/content/dam/copapwp-pagov/en/dhs/documents/providers/providers/documents/managed-care-enrollment-information/mar-2026-enrollment-report.pdf,2026-03,New MCO in Zone [source: state-direct file]
PA,Huntingdon,Medicaid MCO,AmeriHealth Caritas Pennsylvania,AmeriHealth Caritas,LEHIGH/CAPITAL zone,1596,,1596,https://www.pa.gov/content/dam/copapwp-pagov/en/dhs/documents/providers/providers/documents/managed-care-enrollment-information/mar-2026-enrollment-report.pdf,2026-03,[source: state-direct file]
PA,Indiana,Medicaid MCO,AmeriHealth Caritas Pennsylvania,AmeriHealth Caritas,SOUTHWEST zone,542,,542,https://www.pa.gov/content/dam/copapwp-pagov/en/dhs/documents/providers/providers/documents/managed-care-enrollment-information/mar-2026-enrollment-report.pdf,2026-03,New MCO in Zone [source: state-direct file]
PA,Jefferson,Medicaid MCO,AmeriHealth Caritas Pennsylvania,AmeriHealth Caritas,NORTHWEST zone,545,,545,https://www.pa.gov/content/dam/copapwp-pagov/en/dhs/documents/providers/providers/documents/managed-care-enrollment-information/mar-2026-enrollment-report.pdf,2026-03,[source: state-direct file]
PA,Juniata,Medicaid MCO,AmeriHealth Caritas Pennsylvania,AmeriHealth Caritas,NORTHEAST zone,839,,839,https://www.pa.gov/content/dam/copapwp-pagov/en/dhs/documents/providers/providers/documents/managed-care-enrollment-information/mar-2026-enrollment-report.pdf,2026-03,[source: state-direct file]
PA,Lackawanna,Medicaid MCO,AmeriHealth Caritas Pennsylvania,AmeriHealth Caritas,NORTHEAST zone,8980,,8980,https://www.pa.gov/content/dam/copapwp-pagov/en/dhs/documents/providers/providers/documents/managed-care-enrollment-information/mar-2026-enrollment-report.pdf,2026-03,[source: state-direct file]
PA,Lancaster,Medicaid MCO,AmeriHealth Caritas Pennsylvania,AmeriHealth Caritas,LEHIGH/CAPITAL zone,28660,,28660,https://www.pa.gov/content/dam/copapwp-pagov/en/dhs/documents/providers/providers/documents/managed-care-enrollment-information/mar-2026-enrollment-report.pdf,2026-03,[source: state-direct file]
PA,Lawrence,Medicaid MCO,AmeriHealth Caritas Pennsylvania,AmeriHealth Caritas,SOUTHWEST zone,771,,771,https://www.pa.gov/content/dam/copapwp-pagov/en/dhs/documents/providers/providers/documents/managed-care-enrollment-information/mar-2026-enrollment-report.pdf,2026-03,New MCO in Zone [source: state-direct file]
PA,Lebanon,Medicaid MCO,AmeriHealth Caritas Pennsylvania,AmeriHealth Caritas,LEHIGH/CAPITAL zone,4626,,4626,https://www.pa.gov/content/dam/copapwp-pagov/en/dhs/documents/providers/providers/documents/managed-care-enrollment-information/mar-2026-enrollment-report.pdf,2026-03,[source: state-direct file]
PA,Lehigh,Medicaid MCO,AmeriHealth Caritas Pennsylvania,AmeriHealth Caritas,LEHIGH/CAPITAL zone,40135,,40135,https://www.pa.gov/content/dam/copapwp-pagov/en/dhs/documents/providers/providers/documents/managed-care-enrollment-information/mar-2026-enrollment-report.pdf,2026-03,[source: state-direct file]
PA,Luzerne,Medicaid MCO,AmeriHealth Caritas Pennsylvania,AmeriHealth Caritas,NORTHEAST zone,21751,,21751,https://www.pa.gov/content/dam/copapwp-pagov/en/dhs/documents/providers/providers/documents/managed-care-enrollment-information/mar-2026-enrollment-report.pdf,2026-03,[source: state-direct file]
PA,Lycoming,Medicaid MCO,AmeriHealth Caritas Pennsylvania,AmeriHealth Caritas,NORTHEAST zone,4155,,4155,https://www.pa.gov/content/dam/copapwp-pagov/en/dhs/documents/providers/providers/documents/managed-care-enrollment-information/mar-2026-enrollment-report.pdf,2026-03,[source: state-direct file]
PA,McKean,Medicaid MCO,AmeriHealth Caritas Pennsylvania,AmeriHealth Caritas,NORTHWEST zone,1132,,1132,https://www.pa.gov/content/dam/copapwp-pagov/en/dhs/documents/providers/providers/documents/managed-care-enrollment-information/mar-2026-enrollment-report.pdf,2026-03,[source: state-direct file]
PA,Mercer,Medicaid MCO,AmeriHealth Caritas Pennsylvania,AmeriHealth Caritas,NORTHWEST zone,2695,,2695,https://www.pa.gov/content/dam/copapwp-pagov/en/dhs/documents/providers/providers/documents/managed-care-enrollment-information/mar-2026-enrollment-report.pdf,2026-03,[source: state-direct file]
PA,Mifflin,Medicaid MCO,AmeriHealth Caritas Pennsylvania,AmeriHealth Caritas,NORTHEAST zone,2070,,2070,https://www.pa.gov/content/dam/copapwp-pagov/en/dhs/documents/providers/providers/documents/managed-care-enrollment-information/mar-2026-enrollment-report.pdf,2026-03,[source: state-direct file]
PA,Monroe,Medicaid MCO,AmeriHealth Caritas Pennsylvania,AmeriHealth Caritas,NORTHEAST zone,14726,,14726,https://www.pa.gov/content/dam/copapwp-pagov/en/dhs/documents/providers/providers/documents/managed-care-enrollment-information/mar-2026-enrollment-report.pdf,2026-03,[source: state-direct file]
PA,Montour,Medicaid MCO,AmeriHealth Caritas Pennsylvania,AmeriHealth Caritas,NORTHEAST zone,444,,444,https://www.pa.gov/content/dam/copapwp-pagov/en/dhs/documents/providers/providers/documents/managed-care-enrollment-information/mar-2026-enrollment-report.pdf,2026-03,[source: state-direct file]
PA,Northampton,Medicaid MCO,AmeriHealth Caritas Pennsylvania,AmeriHealth Caritas,LEHIGH/CAPITAL zone,22749,,22749,https://www.pa.gov/content/dam/copapwp-pagov/en/dhs/documents/providers/providers/documents/managed-care-enrollment-information/mar-2026-enrollment-report.pdf,2026-03,[source: state-direct file]
PA,Northumberland,Medicaid MCO,AmeriHealth Caritas Pennsylvania,AmeriHealth Caritas,NORTHEAST zone,4657,,4657,https://www.pa.gov/content/dam/copapwp-pagov/en/dhs/documents/providers/providers/documents/managed-care-enrollment-information/mar-2026-enrollment-report.pdf,2026-03,[source: state-direct file]
PA,Perry,Medicaid MCO,AmeriHealth Caritas Pennsylvania,AmeriHealth Caritas,LEHIGH/CAPITAL zone,1203,,1203,https://www.pa.gov/content/dam/copapwp-pagov/en/dhs/documents/providers/providers/documents/managed-care-enrollment-information/mar-2026-enrollment-report.pdf,2026-03,[source: state-direct file]
PA,Pike,Medicaid MCO,AmeriHealth Caritas Pennsylvania,AmeriHealth Caritas,NORTHEAST zone,2660,,2660,https://www.pa.gov/content/dam/copapwp-pagov/en/dhs/documents/providers/providers/documents/managed-care-enrollment-information/mar-2026-enrollment-report.pdf,2026-03,[source: state-direct file]
PA,Potter,Medicaid MCO,AmeriHealth Caritas Pennsylvania,AmeriHealth Caritas,NORTHWEST zone,855,,855,https://www.pa.gov/content/dam/copapwp-pagov/en/dhs/documents/providers/providers/documents/managed-care-enrollment-information/mar-2026-enrollment-report.pdf,2026-03,[source: state-direct file]
PA,Schuylkill,Medicaid MCO,AmeriHealth Caritas Pennsylvania,AmeriHealth Caritas,NORTHEAST zone,10768,,10768,https://www.pa.gov/content/dam/copapwp-pagov/en/dhs/documents/providers/providers/documents/managed-care-enrollment-information/mar-2026-enrollment-report.pdf,2026-03,[source: state-direct file]
PA,Snyder,Medicaid MCO,AmeriHealth Caritas Pennsylvania,AmeriHealth Caritas,NORTHEAST zone,1244,,1244,https://www.pa.gov/content/dam/copapwp-pagov/en/dhs/documents/providers/providers/documents/managed-care-enrollment-information/mar-2026-enrollment-report.pdf,2026-03,[source: state-direct file]
PA,Somerset,Medicaid MCO,AmeriHealth Caritas Pennsylvania,AmeriHealth Caritas,SOUTHWEST zone,350,,350,https://www.pa.gov/content/dam/copapwp-pagov/en/dhs/documents/providers/providers/documents/managed-care-enrollment-information/mar-2026-enrollment-report.pdf,2026-03,New MCO in Zone [source: state-direct file]
PA,Sullivan,Medicaid MCO,AmeriHealth Caritas Pennsylvania,AmeriHealth Caritas,NORTHEAST zone,160,,160,https://www.pa.gov/content/dam/copapwp-pagov/en/dhs/documents/providers/providers/documents/managed-care-enrollment-information/mar-2026-enrollment-report.pdf,2026-03,[source: state-direct file]
PA,Susquehanna,Medicaid MCO,AmeriHealth Caritas Pennsylvania,AmeriHealth Caritas,NORTHEAST zone,1440,,1440,https://www.pa.gov/content/dam/copapwp-pagov/en/dhs/documents/providers/providers/documents/managed-care-enrollment-information/mar-2026-enrollment-report.pdf,2026-03,[source: state-direct file]
PA,Tioga,Medicaid MCO,AmeriHealth Caritas Pennsylvania,AmeriHealth Caritas,NORTHEAST zone,4979,,4979,https://www.pa.gov/content/dam/copapwp-pagov/en/dhs/documents/providers/providers/documents/managed-care-enrollment-information/mar-2026-enrollment-report.pdf,2026-03,[source: state-direct file]
PA,Union,Medicaid MCO,AmeriHealth Caritas Pennsylvania,AmeriHealth Caritas,NORTHEAST zone,740,,740,https://www.pa.gov/content/dam/copapwp-pagov/en/dhs/documents/providers/providers/documents/managed-care-enrollment-information/mar-2026-enrollment-report.pdf,2026-03,[source: state-direct file]
PA,Venango,Medicaid MCO,AmeriHealth Caritas Pennsylvania,AmeriHealth Caritas,NORTHWEST zone,1094,,1094,https://www.pa.gov/content/dam/copapwp-pagov/en/dhs/documents/providers/providers/documents/managed-care-enrollment-information/mar-2026-enrollment-report.pdf,2026-03,[source: state-direct file]
PA,Warren,Medicaid MCO,AmeriHealth Caritas Pennsylvania,AmeriHealth Caritas,NORTHWEST zone,934,,934,https://www.pa.gov/content/dam/copapwp-pagov/en/dhs/documents/providers/providers/documents/managed-care-enrollment-information/mar-2026-enrollment-report.pdf,2026-03,[source: state-direct file]
PA,Washington,Medicaid MCO,AmeriHealth Caritas Pennsylvania,AmeriHealth Caritas,SOUTHWEST zone,1762,,1762,https://www.pa.gov/content/dam/copapwp-pagov/en/dhs/documents/providers/providers/documents/managed-care-enrollment-information/mar-2026-enrollment-report.pdf,2026-03,New MCO in Zone [source: state-direct file]
PA,Wayne,Medicaid MCO,AmeriHealth Caritas Pennsylvania,AmeriHealth Caritas,NORTHEAST zone,1811,,1811,https://www.pa.gov/content/dam/copapwp-pagov/en/dhs/documents/providers/providers/documents/managed-care-enrollment-information/mar-2026-enrollment-report.pdf,2026-03,[source: state-direct file]
PA,Westmoreland,Medicaid MCO,AmeriHealth Caritas Pennsylvania,AmeriHealth Caritas,SOUTHWEST zone,1735,,1735,https://www.pa.gov/content/dam/copapwp-pagov/en/dhs/documents/providers/providers/documents/managed-care-enrollment-information/mar-2026-enrollment-report.pdf,2026-03,New MCO in Zone [source: state-direct file]
PA,Wyoming,Medicaid MCO,AmeriHealth Caritas Pennsylvania,AmeriHealth Caritas,NORTHEAST zone,779,,779,https://www.pa.gov/content/dam/copapwp-pagov/en/dhs/documents/providers/providers/documents/managed-care-enrollment-information/mar-2026-enrollment-report.pdf,2026-03,[source: state-direct file]
PA,York,Medicaid MCO,AmeriHealth Caritas Pennsylvania,AmeriHealth Caritas,LEHIGH/CAPITAL zone,20768,,20768,https://www.pa.gov/content/dam/copapwp-pagov/en/dhs/documents/providers/providers/documents/managed-care-enrollment-information/mar-2026-enrollment-report.pdf,2026-03,[source: state-direct file]
PA,Adams,Medicaid MCO,Geisinger Health Plan Family,Geisinger,LEHIGH/CAPITAL zone,777,,777,https://www.pa.gov/content/dam/copapwp-pagov/en/dhs/documents/providers/providers/documents/managed-care-enrollment-information/mar-2026-enrollment-report.pdf,2026-03,New MCO in Zone [source: state-direct file]
PA,Allegheny,Medicaid MCO,Geisinger Health Plan Family,Geisinger,SOUTHWEST zone,4855,,4855,https://www.pa.gov/content/dam/copapwp-pagov/en/dhs/documents/providers/providers/documents/managed-care-enrollment-information/mar-2026-enrollment-report.pdf,2026-03,New MCO in Zone [source: state-direct file]
PA,Armstrong,Medicaid MCO,Geisinger Health Plan Family,Geisinger,SOUTHWEST zone,155,,155,https://www.pa.gov/content/dam/copapwp-pagov/en/dhs/documents/providers/providers/documents/managed-care-enrollment-information/mar-2026-enrollment-report.pdf,2026-03,New MCO in Zone [source: state-direct file]
PA,Beaver,Medicaid MCO,Geisinger Health Plan Family,Geisinger,SOUTHWEST zone,655,,655,https://www.pa.gov/content/dam/copapwp-pagov/en/dhs/documents/providers/providers/documents/managed-care-enrollment-information/mar-2026-enrollment-report.pdf,2026-03,New MCO in Zone [source: state-direct file]
PA,Bedford,Medicaid MCO,Geisinger Health Plan Family,Geisinger,SOUTHWEST zone,272,,272,https://www.pa.gov/content/dam/copapwp-pagov/en/dhs/documents/providers/providers/documents/managed-care-enrollment-information/mar-2026-enrollment-report.pdf,2026-03,New MCO in Zone [source: state-direct file]
PA,Berks,Medicaid MCO,Geisinger Health Plan Family,Geisinger,LEHIGH/CAPITAL zone,3260,,3260,https://www.pa.gov/content/dam/copapwp-pagov/en/dhs/documents/providers/providers/documents/managed-care-enrollment-information/mar-2026-enrollment-report.pdf,2026-03,New MCO in Zone [source: state-direct file]
PA,Blair,Medicaid MCO,Geisinger Health Plan Family,Geisinger,SOUTHWEST zone,2032,,2032,https://www.pa.gov/content/dam/copapwp-pagov/en/dhs/documents/providers/providers/documents/managed-care-enrollment-information/mar-2026-enrollment-report.pdf,2026-03,New MCO in Zone [source: state-direct file]
PA,Bradford,Medicaid MCO,Geisinger Health Plan Family,Geisinger,NORTHEAST zone,5309,,5309,https://www.pa.gov/content/dam/copapwp-pagov/en/dhs/documents/providers/providers/documents/managed-care-enrollment-information/mar-2026-enrollment-report.pdf,2026-03,[source: state-direct file]
PA,Bucks,Medicaid MCO,Geisinger Health Plan Family,Geisinger,SOUTHEAST zone,1966,,1966,https://www.pa.gov/content/dam/copapwp-pagov/en/dhs/documents/providers/providers/documents/managed-care-enrollment-information/mar-2026-enrollment-report.pdf,2026-03,New MCO in Zone [source: state-direct file]
PA,Butler,Medicaid MCO,Geisinger Health Plan Family,Geisinger,SOUTHWEST zone,413,,413,https://www.pa.gov/content/dam/copapwp-pagov/en/dhs/documents/providers/providers/documents/managed-care-enrollment-information/mar-2026-enrollment-report.pdf,2026-03,New MCO in Zone [source: state-direct file]
PA,Cambria,Medicaid MCO,Geisinger Health Plan Family,Geisinger,SOUTHWEST zone,890,,890,https://www.pa.gov/content/dam/copapwp-pagov/en/dhs/documents/providers/providers/documents/managed-care-enrollment-information/mar-2026-enrollment-report.pdf,2026-03,New MCO in Zone [source: state-direct file]
PA,Cameron,Medicaid MCO,Geisinger Health Plan Family,Geisinger,NORTHWEST zone,38,,38,https://www.pa.gov/content/dam/copapwp-pagov/en/dhs/documents/providers/providers/documents/managed-care-enrollment-information/mar-2026-enrollment-report.pdf,2026-03,New MCO in Zone [source: state-direct file]
PA,Carbon,Medicaid MCO,Geisinger Health Plan Family,Geisinger,NORTHEAST zone,2743,,2743,https://www.pa.gov/content/dam/copapwp-pagov/en/dhs/documents/providers/providers/documents/managed-care-enrollment-information/mar-2026-enrollment-report.pdf,2026-03,[source: state-direct file]
PA,Centre,Medicaid MCO,Geisinger Health Plan Family,Geisinger,NORTHEAST zone,6356,,6356,https://www.pa.gov/content/dam/copapwp-pagov/en/dhs/documents/providers/providers/documents/managed-care-enrollment-information/mar-2026-enrollment-report.pdf,2026-03,[source: state-direct file]
PA,Chester,Medicaid MCO,Geisinger Health Plan Family,Geisinger,SOUTHEAST zone,1710,,1710,https://www.pa.gov/content/dam/copapwp-pagov/en/dhs/documents/providers/providers/documents/managed-care-enrollment-information/mar-2026-enrollment-report.pdf,2026-03,New MCO in Zone [source: state-direct file]
PA,Clarion,Medicaid MCO,Geisinger Health Plan Family,Geisinger,NORTHWEST zone,187,,187,https://www.pa.gov/content/dam/copapwp-pagov/en/dhs/documents/providers/providers/documents/managed-care-enrollment-information/mar-2026-enrollment-report.pdf,2026-03,New MCO in Zone [source: state-direct file]
PA,Clearfield,Medicaid MCO,Geisinger Health Plan Family,Geisinger,NORTHWEST zone,1302,,1302,https://www.pa.gov/content/dam/copapwp-pagov/en/dhs/documents/providers/providers/documents/managed-care-enrollment-information/mar-2026-enrollment-report.pdf,2026-03,New MCO in Zone [source: state-direct file]
PA,Clinton,Medicaid MCO,Geisinger Health Plan Family,Geisinger,NORTHEAST zone,4883,,4883,https://www.pa.gov/content/dam/copapwp-pagov/en/dhs/documents/providers/providers/documents/managed-care-enrollment-information/mar-2026-enrollment-report.pdf,2026-03,[source: state-direct file]
PA,Columbia,Medicaid MCO,Geisinger Health Plan Family,Geisinger,NORTHEAST zone,7157,,7157,https://www.pa.gov/content/dam/copapwp-pagov/en/dhs/documents/providers/providers/documents/managed-care-enrollment-information/mar-2026-enrollment-report.pdf,2026-03,[source: state-direct file]
PA,Crawford,Medicaid MCO,Geisinger Health Plan Family,Geisinger,NORTHWEST zone,497,,497,https://www.pa.gov/content/dam/copapwp-pagov/en/dhs/documents/providers/providers/documents/managed-care-enrollment-information/mar-2026-enrollment-report.pdf,2026-03,New MCO in Zone [source: state-direct file]
PA,Cumberland,Medicaid MCO,Geisinger Health Plan Family,Geisinger,LEHIGH/CAPITAL zone,2181,,2181,https://www.pa.gov/content/dam/copapwp-pagov/en/dhs/documents/providers/providers/documents/managed-care-enrollment-information/mar-2026-enrollment-report.pdf,2026-03,New MCO in Zone [source: state-direct file]
PA,Dauphin,Medicaid MCO,Geisinger Health Plan Family,Geisinger,LEHIGH/CAPITAL zone,4125,,4125,https://www.pa.gov/content/dam/copapwp-pagov/en/dhs/documents/providers/providers/documents/managed-care-enrollment-information/mar-2026-enrollment-report.pdf,2026-03,New MCO in Zone [source: state-direct file]
PA,Delaware,Medicaid MCO,Geisinger Health Plan Family,Geisinger,SOUTHEAST zone,2292,,2292,https://www.pa.gov/content/dam/copapwp-pagov/en/dhs/documents/providers/providers/documents/managed-care-enrollment-information/mar-2026-enrollment-report.pdf,2026-03,New MCO in Zone [source: state-direct file]
PA,Elk,Medicaid MCO,Geisinger Health Plan Family,Geisinger,NORTHWEST zone,213,,213,https://www.pa.gov/content/dam/copapwp-pagov/en/dhs/documents/providers/providers/documents/managed-care-enrollment-information/mar-2026-enrollment-report.pdf,2026-03,New MCO in Zone [source: state-direct file]
PA,Erie,Medicaid MCO,Geisinger Health Plan Family,Geisinger,NORTHWEST zone,3454,,3454,https://www.pa.gov/content/dam/copapwp-pagov/en/dhs/documents/providers/providers/documents/managed-care-enrollment-information/mar-2026-enrollment-report.pdf,2026-03,New MCO in Zone [source: state-direct file]
PA,Fayette,Medicaid MCO,Geisinger Health Plan Family,Geisinger,SOUTHWEST zone,687,,687,https://www.pa.gov/content/dam/copapwp-pagov/en/dhs/documents/providers/providers/documents/managed-care-enrollment-information/mar-2026-enrollment-report.pdf,2026-03,New MCO in Zone [source: state-direct file]
PA,Forest,Medicaid MCO,Geisinger Health Plan Family,Geisinger,NORTHWEST zone,23,,23,https://www.pa.gov/content/dam/copapwp-pagov/en/dhs/documents/providers/providers/documents/managed-care-enrollment-information/mar-2026-enrollment-report.pdf,2026-03,New MCO in Zone [source: state-direct file]
PA,Franklin,Medicaid MCO,Geisinger Health Plan Family,Geisinger,LEHIGH/CAPITAL zone,1603,,1603,https://www.pa.gov/content/dam/copapwp-pagov/en/dhs/documents/providers/providers/documents/managed-care-enrollment-information/mar-2026-enrollment-report.pdf,2026-03,New MCO in Zone [source: state-direct file]
PA,Fulton,Medicaid MCO,Geisinger Health Plan Family,Geisinger,LEHIGH/CAPITAL zone,136,,136,https://www.pa.gov/content/dam/copapwp-pagov/en/dhs/documents/providers/providers/documents/managed-care-enrollment-information/mar-2026-enrollment-report.pdf,2026-03,New MCO in Zone [source: state-direct file]
PA,Greene,Medicaid MCO,Geisinger Health Plan Family,Geisinger,SOUTHWEST zone,164,,164,https://www.pa.gov/content/dam/copapwp-pagov/en/dhs/documents/providers/providers/documents/managed-care-enrollment-information/mar-2026-enrollment-report.pdf,2026-03,New MCO in Zone [source: state-direct file]
PA,Huntingdon,Medicaid MCO,Geisinger Health Plan Family,Geisinger,LEHIGH/CAPITAL zone,732,,732,https://www.pa.gov/content/dam/copapwp-pagov/en/dhs/documents/providers/providers/documents/managed-care-enrollment-information/mar-2026-enrollment-report.pdf,2026-03,New MCO in Zone [source: state-direct file]
PA,Indiana,Medicaid MCO,Geisinger Health Plan Family,Geisinger,SOUTHWEST zone,258,,258,https://www.pa.gov/content/dam/copapwp-pagov/en/dhs/documents/providers/providers/documents/managed-care-enrollment-information/mar-2026-enrollment-report.pdf,2026-03,New MCO in Zone [source: state-direct file]
PA,Jefferson,Medicaid MCO,Geisinger Health Plan Family,Geisinger,NORTHWEST zone,261,,261,https://www.pa.gov/content/dam/copapwp-pagov/en/dhs/documents/providers/providers/documents/managed-care-enrollment-information/mar-2026-enrollment-report.pdf,2026-03,New MCO in Zone [source: state-direct file]
PA,Juniata,Medicaid MCO,Geisinger Health Plan Family,Geisinger,NORTHEAST zone,1735,,1735,https://www.pa.gov/content/dam/copapwp-pagov/en/dhs/documents/providers/providers/documents/managed-care-enrollment-information/mar-2026-enrollment-report.pdf,2026-03,[source: state-direct file]
PA,Lackawanna,Medicaid MCO,Geisinger Health Plan Family,Geisinger,NORTHEAST zone,31791,,31791,https://www.pa.gov/content/dam/copapwp-pagov/en/dhs/documents/providers/providers/documents/managed-care-enrollment-information/mar-2026-enrollment-report.pdf,2026-03,[source: state-direct file]
PA,Lancaster,Medicaid MCO,Geisinger Health Plan Family,Geisinger,LEHIGH/CAPITAL zone,3658,,3658,https://www.pa.gov/content/dam/copapwp-pagov/en/dhs/documents/providers/providers/documents/managed-care-enrollment-information/mar-2026-enrollment-report.pdf,2026-03,New MCO in Zone [source: state-direct file]
PA,Lawrence,Medicaid MCO,Geisinger Health Plan Family,Geisinger,SOUTHWEST zone,400,,400,https://www.pa.gov/content/dam/copapwp-pagov/en/dhs/documents/providers/providers/documents/managed-care-enrollment-information/mar-2026-enrollment-report.pdf,2026-03,New MCO in Zone [source: state-direct file]
PA,Lebanon,Medicaid MCO,Geisinger Health Plan Family,Geisinger,LEHIGH/CAPITAL zone,1165,,1165,https://www.pa.gov/content/dam/copapwp-pagov/en/dhs/documents/providers/providers/documents/managed-care-enrollment-information/mar-2026-enrollment-report.pdf,2026-03,New MCO in Zone [source: state-direct file]
PA,Lehigh,Medicaid MCO,Geisinger Health Plan Family,Geisinger,LEHIGH/CAPITAL zone,3370,,3370,https://www.pa.gov/content/dam/copapwp-pagov/en/dhs/documents/providers/providers/documents/managed-care-enrollment-information/mar-2026-enrollment-report.pdf,2026-03,New MCO in Zone [source: state-direct file]
PA,Luzerne,Medicaid MCO,Geisinger Health Plan Family,Geisinger,NORTHEAST zone,50044,,50044,https://www.pa.gov/content/dam/copapwp-pagov/en/dhs/documents/providers/providers/documents/managed-care-enrollment-information/mar-2026-enrollment-report.pdf,2026-03,[source: state-direct file]
PA,Lycoming,Medicaid MCO,Geisinger Health Plan Family,Geisinger,NORTHEAST zone,13646,,13646,https://www.pa.gov/content/dam/copapwp-pagov/en/dhs/documents/providers/providers/documents/managed-care-enrollment-information/mar-2026-enrollment-report.pdf,2026-03,[source: state-direct file]
PA,McKean,Medicaid MCO,Geisinger Health Plan Family,Geisinger,NORTHWEST zone,229,,229,https://www.pa.gov/content/dam/copapwp-pagov/en/dhs/documents/providers/providers/documents/managed-care-enrollment-information/mar-2026-enrollment-report.pdf,2026-03,New MCO in Zone [source: state-direct file]
PA,Mercer,Medicaid MCO,Geisinger Health Plan Family,Geisinger,NORTHWEST zone,917,,917,https://www.pa.gov/content/dam/copapwp-pagov/en/dhs/documents/providers/providers/documents/managed-care-enrollment-information/mar-2026-enrollment-report.pdf,2026-03,New MCO in Zone [source: state-direct file]
PA,Mifflin,Medicaid MCO,Geisinger Health Plan Family,Geisinger,NORTHEAST zone,4693,,4693,https://www.pa.gov/content/dam/copapwp-pagov/en/dhs/documents/providers/providers/documents/managed-care-enrollment-information/mar-2026-enrollment-report.pdf,2026-03,[source: state-direct file]
PA,Monroe,Medicaid MCO,Geisinger Health Plan Family,Geisinger,NORTHEAST zone,11444,,11444,https://www.pa.gov/content/dam/copapwp-pagov/en/dhs/documents/providers/providers/documents/managed-care-enrollment-information/mar-2026-enrollment-report.pdf,2026-03,[source: state-direct file]
PA,Montgomery,Medicaid MCO,Geisinger Health Plan Family,Geisinger,SOUTHEAST zone,2512,,2512,https://www.pa.gov/content/dam/copapwp-pagov/en/dhs/documents/providers/providers/documents/managed-care-enrollment-information/mar-2026-enrollment-report.pdf,2026-03,New MCO in Zone [source: state-direct file]
PA,Montour,Medicaid MCO,Geisinger Health Plan Family,Geisinger,NORTHEAST zone,1485,,1485,https://www.pa.gov/content/dam/copapwp-pagov/en/dhs/documents/providers/providers/documents/managed-care-enrollment-information/mar-2026-enrollment-report.pdf,2026-03,[source: state-direct file]
PA,Northampton,Medicaid MCO,Geisinger Health Plan Family,Geisinger,LEHIGH/CAPITAL zone,2189,,2189,https://www.pa.gov/content/dam/copapwp-pagov/en/dhs/documents/providers/providers/documents/managed-care-enrollment-information/mar-2026-enrollment-report.pdf,2026-03,New MCO in Zone [source: state-direct file]
PA,Northumberland,Medicaid MCO,Geisinger Health Plan Family,Geisinger,NORTHEAST zone,12500,,12500,https://www.pa.gov/content/dam/copapwp-pagov/en/dhs/documents/providers/providers/documents/managed-care-enrollment-information/mar-2026-enrollment-report.pdf,2026-03,[source: state-direct file]
PA,Perry,Medicaid MCO,Geisinger Health Plan Family,Geisinger,LEHIGH/CAPITAL zone,357,,357,https://www.pa.gov/content/dam/copapwp-pagov/en/dhs/documents/providers/providers/documents/managed-care-enrollment-information/mar-2026-enrollment-report.pdf,2026-03,New MCO in Zone [source: state-direct file]
PA,Philadelphia,Medicaid MCO,Geisinger Health Plan Family,Geisinger,SOUTHEAST zone,10929,,10929,https://www.pa.gov/content/dam/copapwp-pagov/en/dhs/documents/providers/providers/documents/managed-care-enrollment-information/mar-2026-enrollment-report.pdf,2026-03,New MCO in Zone [source: state-direct file]
PA,Pike,Medicaid MCO,Geisinger Health Plan Family,Geisinger,NORTHEAST zone,5193,,5193,https://www.pa.gov/content/dam/copapwp-pagov/en/dhs/documents/providers/providers/documents/managed-care-enrollment-information/mar-2026-enrollment-report.pdf,2026-03,[source: state-direct file]
PA,Potter,Medicaid MCO,Geisinger Health Plan Family,Geisinger,NORTHWEST zone,109,,109,https://www.pa.gov/content/dam/copapwp-pagov/en/dhs/documents/providers/providers/documents/managed-care-enrollment-information/mar-2026-enrollment-report.pdf,2026-03,New MCO in Zone [source: state-direct file]
PA,Schuylkill,Medicaid MCO,Geisinger Health Plan Family,Geisinger,NORTHEAST zone,13549,,13549,https://www.pa.gov/content/dam/copapwp-pagov/en/dhs/documents/providers/providers/documents/managed-care-enrollment-information/mar-2026-enrollment-report.pdf,2026-03,[source: state-direct file]
PA,Snyder,Medicaid MCO,Geisinger Health Plan Family,Geisinger,NORTHEAST zone,3282,,3282,https://www.pa.gov/content/dam/copapwp-pagov/en/dhs/documents/providers/providers/documents/managed-care-enrollment-information/mar-2026-enrollment-report.pdf,2026-03,[source: state-direct file]
PA,Somerset,Medicaid MCO,Geisinger Health Plan Family,Geisinger,SOUTHWEST zone,372,,372,https://www.pa.gov/content/dam/copapwp-pagov/en/dhs/documents/providers/providers/documents/managed-care-enrollment-information/mar-2026-enrollment-report.pdf,2026-03,New MCO in Zone [source: state-direct file]
PA,Sullivan,Medicaid MCO,Geisinger Health Plan Family,Geisinger,NORTHEAST zone,475,,475,https://www.pa.gov/content/dam/copapwp-pagov/en/dhs/documents/providers/providers/documents/managed-care-enrollment-information/mar-2026-enrollment-report.pdf,2026-03,[source: state-direct file]
PA,Susquehanna,Medicaid MCO,Geisinger Health Plan Family,Geisinger,NORTHEAST zone,4934,,4934,https://www.pa.gov/content/dam/copapwp-pagov/en/dhs/documents/providers/providers/documents/managed-care-enrollment-information/mar-2026-enrollment-report.pdf,2026-03,[source: state-direct file]
PA,Tioga,Medicaid MCO,Geisinger Health Plan Family,Geisinger,NORTHEAST zone,1296,,1296,https://www.pa.gov/content/dam/copapwp-pagov/en/dhs/documents/providers/providers/documents/managed-care-enrollment-information/mar-2026-enrollment-report.pdf,2026-03,[source: state-direct file]
PA,Union,Medicaid MCO,Geisinger Health Plan Family,Geisinger,NORTHEAST zone,3090,,3090,https://www.pa.gov/content/dam/copapwp-pagov/en/dhs/documents/providers/providers/documents/managed-care-enrollment-information/mar-2026-enrollment-report.pdf,2026-03,[source: state-direct file]
PA,Venango,Medicaid MCO,Geisinger Health Plan Family,Geisinger,NORTHWEST zone,318,,318,https://www.pa.gov/content/dam/copapwp-pagov/en/dhs/documents/providers/providers/documents/managed-care-enrollment-information/mar-2026-enrollment-report.pdf,2026-03,New MCO in Zone [source: state-direct file]
PA,Warren,Medicaid MCO,Geisinger Health Plan Family,Geisinger,NORTHWEST zone,231,,231,https://www.pa.gov/content/dam/copapwp-pagov/en/dhs/documents/providers/providers/documents/managed-care-enrollment-information/mar-2026-enrollment-report.pdf,2026-03,New MCO in Zone [source: state-direct file]
PA,Washington,Medicaid MCO,Geisinger Health Plan Family,Geisinger,SOUTHWEST zone,890,,890,https://www.pa.gov/content/dam/copapwp-pagov/en/dhs/documents/providers/providers/documents/managed-care-enrollment-information/mar-2026-enrollment-report.pdf,2026-03,New MCO in Zone [source: state-direct file]
PA,Wayne,Medicaid MCO,Geisinger Health Plan Family,Geisinger,NORTHEAST zone,5443,,5443,https://www.pa.gov/content/dam/copapwp-pagov/en/dhs/documents/providers/providers/documents/managed-care-enrollment-information/mar-2026-enrollment-report.pdf,2026-03,[source: state-direct file]
PA,Westmoreland,Medicaid MCO,Geisinger Health Plan Family,Geisinger,SOUTHWEST zone,1142,,1142,https://www.pa.gov/content/dam/copapwp-pagov/en/dhs/documents/providers/providers/documents/managed-care-enrollment-information/mar-2026-enrollment-report.pdf,2026-03,New MCO in Zone [source: state-direct file]
PA,Wyoming,Medicaid MCO,Geisinger Health Plan Family,Geisinger,NORTHEAST zone,3526,,3526,https://www.pa.gov/content/dam/copapwp-pagov/en/dhs/documents/providers/providers/documents/managed-care-enrollment-information/mar-2026-enrollment-report.pdf,2026-03,[source: state-direct file]
PA,York,Medicaid MCO,Geisinger Health Plan Family,Geisinger,LEHIGH/CAPITAL zone,5163,,5163,https://www.pa.gov/content/dam/copapwp-pagov/en/dhs/documents/providers/providers/documents/managed-care-enrollment-information/mar-2026-enrollment-report.pdf,2026-03,New MCO in Zone [source: state-direct file]
PA,Adams,Medicaid MCO,Health Partners Plans (Jefferson Health Plans),Jefferson Health,LEHIGH/CAPITAL zone,724,,724,https://www.pa.gov/content/dam/copapwp-pagov/en/dhs/documents/providers/providers/documents/managed-care-enrollment-information/mar-2026-enrollment-report.pdf,2026-03,New MCO in Zone [source: state-direct file]
PA,Allegheny,Medicaid MCO,Health Partners Plans (Jefferson Health Plans),Jefferson Health,SOUTHWEST zone,6146,,6146,https://www.pa.gov/content/dam/copapwp-pagov/en/dhs/documents/providers/providers/documents/managed-care-enrollment-information/mar-2026-enrollment-report.pdf,2026-03,New MCO in Zone [source: state-direct file]
PA,Armstrong,Medicaid MCO,Health Partners Plans (Jefferson Health Plans),Jefferson Health,SOUTHWEST zone,196,,196,https://www.pa.gov/content/dam/copapwp-pagov/en/dhs/documents/providers/providers/documents/managed-care-enrollment-information/mar-2026-enrollment-report.pdf,2026-03,New MCO in Zone [source: state-direct file]
PA,Beaver,Medicaid MCO,Health Partners Plans (Jefferson Health Plans),Jefferson Health,SOUTHWEST zone,875,,875,https://www.pa.gov/content/dam/copapwp-pagov/en/dhs/documents/providers/providers/documents/managed-care-enrollment-information/mar-2026-enrollment-report.pdf,2026-03,New MCO in Zone [source: state-direct file]
PA,Bedford,Medicaid MCO,Health Partners Plans (Jefferson Health Plans),Jefferson Health,SOUTHWEST zone,286,,286,https://www.pa.gov/content/dam/copapwp-pagov/en/dhs/documents/providers/providers/documents/managed-care-enrollment-information/mar-2026-enrollment-report.pdf,2026-03,New MCO in Zone [source: state-direct file]
PA,Berks,Medicaid MCO,Health Partners Plans (Jefferson Health Plans),Jefferson Health,LEHIGH/CAPITAL zone,5470,,5470,https://www.pa.gov/content/dam/copapwp-pagov/en/dhs/documents/providers/providers/documents/managed-care-enrollment-information/mar-2026-enrollment-report.pdf,2026-03,New MCO in Zone [source: state-direct file]
PA,Blair,Medicaid MCO,Health Partners Plans (Jefferson Health Plans),Jefferson Health,SOUTHWEST zone,686,,686,https://www.pa.gov/content/dam/copapwp-pagov/en/dhs/documents/providers/providers/documents/managed-care-enrollment-information/mar-2026-enrollment-report.pdf,2026-03,New MCO in Zone [source: state-direct file]
PA,Bradford,Medicaid MCO,Health Partners Plans (Jefferson Health Plans),Jefferson Health,NORTHEAST zone,744,,744,https://www.pa.gov/content/dam/copapwp-pagov/en/dhs/documents/providers/providers/documents/managed-care-enrollment-information/mar-2026-enrollment-report.pdf,2026-03,New MCO in Zone [source: state-direct file]
PA,Bucks,Medicaid MCO,Health Partners Plans (Jefferson Health Plans),Jefferson Health,SOUTHEAST zone,15582,,15582,https://www.pa.gov/content/dam/copapwp-pagov/en/dhs/documents/providers/providers/documents/managed-care-enrollment-information/mar-2026-enrollment-report.pdf,2026-03,[source: state-direct file]
PA,Butler,Medicaid MCO,Health Partners Plans (Jefferson Health Plans),Jefferson Health,SOUTHWEST zone,521,,521,https://www.pa.gov/content/dam/copapwp-pagov/en/dhs/documents/providers/providers/documents/managed-care-enrollment-information/mar-2026-enrollment-report.pdf,2026-03,New MCO in Zone [source: state-direct file]
PA,Cambria,Medicaid MCO,Health Partners Plans (Jefferson Health Plans),Jefferson Health,SOUTHWEST zone,1382,,1382,https://www.pa.gov/content/dam/copapwp-pagov/en/dhs/documents/providers/providers/documents/managed-care-enrollment-information/mar-2026-enrollment-report.pdf,2026-03,New MCO in Zone [source: state-direct file]
PA,Cameron,Medicaid MCO,Health Partners Plans (Jefferson Health Plans),Jefferson Health,NORTHWEST zone,58,,58,https://www.pa.gov/content/dam/copapwp-pagov/en/dhs/documents/providers/providers/documents/managed-care-enrollment-information/mar-2026-enrollment-report.pdf,2026-03,New MCO in Zone [source: state-direct file]
PA,Carbon,Medicaid MCO,Health Partners Plans (Jefferson Health Plans),Jefferson Health,NORTHEAST zone,719,,719,https://www.pa.gov/content/dam/copapwp-pagov/en/dhs/documents/providers/providers/documents/managed-care-enrollment-information/mar-2026-enrollment-report.pdf,2026-03,New MCO in Zone [source: state-direct file]
PA,Centre,Medicaid MCO,Health Partners Plans (Jefferson Health Plans),Jefferson Health,NORTHEAST zone,565,,565,https://www.pa.gov/content/dam/copapwp-pagov/en/dhs/documents/providers/providers/documents/managed-care-enrollment-information/mar-2026-enrollment-report.pdf,2026-03,New MCO in Zone [source: state-direct file]
PA,Chester,Medicaid MCO,Health Partners Plans (Jefferson Health Plans),Jefferson Health,SOUTHEAST zone,4975,,4975,https://www.pa.gov/content/dam/copapwp-pagov/en/dhs/documents/providers/providers/documents/managed-care-enrollment-information/mar-2026-enrollment-report.pdf,2026-03,[source: state-direct file]
PA,Clarion,Medicaid MCO,Health Partners Plans (Jefferson Health Plans),Jefferson Health,NORTHWEST zone,269,,269,https://www.pa.gov/content/dam/copapwp-pagov/en/dhs/documents/providers/providers/documents/managed-care-enrollment-information/mar-2026-enrollment-report.pdf,2026-03,New MCO in Zone [source: state-direct file]
PA,Clearfield,Medicaid MCO,Health Partners Plans (Jefferson Health Plans),Jefferson Health,NORTHWEST zone,502,,502,https://www.pa.gov/content/dam/copapwp-pagov/en/dhs/documents/providers/providers/documents/managed-care-enrollment-information/mar-2026-enrollment-report.pdf,2026-03,New MCO in Zone [source: state-direct file]
PA,Clinton,Medicaid MCO,Health Partners Plans (Jefferson Health Plans),Jefferson Health,NORTHEAST zone,208,,208,https://www.pa.gov/content/dam/copapwp-pagov/en/dhs/documents/providers/providers/documents/managed-care-enrollment-information/mar-2026-enrollment-report.pdf,2026-03,New MCO in Zone [source: state-direct file]
PA,Columbia,Medicaid MCO,Health Partners Plans (Jefferson Health Plans),Jefferson Health,NORTHEAST zone,403,,403,https://www.pa.gov/content/dam/copapwp-pagov/en/dhs/documents/providers/providers/documents/managed-care-enrollment-information/mar-2026-enrollment-report.pdf,2026-03,New MCO in Zone [source: state-direct file]
PA,Crawford,Medicaid MCO,Health Partners Plans (Jefferson Health Plans),Jefferson Health,NORTHWEST zone,573,,573,https://www.pa.gov/content/dam/copapwp-pagov/en/dhs/documents/providers/providers/documents/managed-care-enrollment-information/mar-2026-enrollment-report.pdf,2026-03,New MCO in Zone [source: state-direct file]
PA,Cumberland,Medicaid MCO,Health Partners Plans (Jefferson Health Plans),Jefferson Health,LEHIGH/CAPITAL zone,1922,,1922,https://www.pa.gov/content/dam/copapwp-pagov/en/dhs/documents/providers/providers/documents/managed-care-enrollment-information/mar-2026-enrollment-report.pdf,2026-03,New MCO in Zone [source: state-direct file]
PA,Dauphin,Medicaid MCO,Health Partners Plans (Jefferson Health Plans),Jefferson Health,LEHIGH/CAPITAL zone,3795,,3795,https://www.pa.gov/content/dam/copapwp-pagov/en/dhs/documents/providers/providers/documents/managed-care-enrollment-information/mar-2026-enrollment-report.pdf,2026-03,New MCO in Zone [source: state-direct file]
PA,Delaware,Medicaid MCO,Health Partners Plans (Jefferson Health Plans),Jefferson Health,SOUTHEAST zone,11914,,11914,https://www.pa.gov/content/dam/copapwp-pagov/en/dhs/documents/providers/providers/documents/managed-care-enrollment-information/mar-2026-enrollment-report.pdf,2026-03,[source: state-direct file]
PA,Elk,Medicaid MCO,Health Partners Plans (Jefferson Health Plans),Jefferson Health,NORTHWEST zone,218,,218,https://www.pa.gov/content/dam/copapwp-pagov/en/dhs/documents/providers/providers/documents/managed-care-enrollment-information/mar-2026-enrollment-report.pdf,2026-03,New MCO in Zone [source: state-direct file]
PA,Erie,Medicaid MCO,Health Partners Plans (Jefferson Health Plans),Jefferson Health,NORTHWEST zone,4300,,4300,https://www.pa.gov/content/dam/copapwp-pagov/en/dhs/documents/providers/providers/documents/managed-care-enrollment-information/mar-2026-enrollment-report.pdf,2026-03,New MCO in Zone [source: state-direct file]
PA,Fayette,Medicaid MCO,Health Partners Plans (Jefferson Health Plans),Jefferson Health,SOUTHWEST zone,698,,698,https://www.pa.gov/content/dam/copapwp-pagov/en/dhs/documents/providers/providers/documents/managed-care-enrollment-information/mar-2026-enrollment-report.pdf,2026-03,New MCO in Zone [source: state-direct file]
PA,Forest,Medicaid MCO,Health Partners Plans (Jefferson Health Plans),Jefferson Health,NORTHWEST zone,19,,19,https://www.pa.gov/content/dam/copapwp-pagov/en/dhs/documents/providers/providers/documents/managed-care-enrollment-information/mar-2026-enrollment-report.pdf,2026-03,New MCO in Zone [source: state-direct file]
PA,Franklin,Medicaid MCO,Health Partners Plans (Jefferson Health Plans),Jefferson Health,LEHIGH/CAPITAL zone,1898,,1898,https://www.pa.gov/content/dam/copapwp-pagov/en/dhs/documents/providers/providers/documents/managed-care-enrollment-information/mar-2026-enrollment-report.pdf,2026-03,New MCO in Zone [source: state-direct file]
PA,Fulton,Medicaid MCO,Health Partners Plans (Jefferson Health Plans),Jefferson Health,LEHIGH/CAPITAL zone,132,,132,https://www.pa.gov/content/dam/copapwp-pagov/en/dhs/documents/providers/providers/documents/managed-care-enrollment-information/mar-2026-enrollment-report.pdf,2026-03,New MCO in Zone [source: state-direct file]
PA,Greene,Medicaid MCO,Health Partners Plans (Jefferson Health Plans),Jefferson Health,SOUTHWEST zone,201,,201,https://www.pa.gov/content/dam/copapwp-pagov/en/dhs/documents/providers/providers/documents/managed-care-enrollment-information/mar-2026-enrollment-report.pdf,2026-03,New MCO in Zone [source: state-direct file]
PA,Huntingdon,Medicaid MCO,Health Partners Plans (Jefferson Health Plans),Jefferson Health,LEHIGH/CAPITAL zone,247,,247,https://www.pa.gov/content/dam/copapwp-pagov/en/dhs/documents/providers/providers/documents/managed-care-enrollment-information/mar-2026-enrollment-report.pdf,2026-03,New MCO in Zone [source: state-direct file]
PA,Indiana,Medicaid MCO,Health Partners Plans (Jefferson Health Plans),Jefferson Health,SOUTHWEST zone,233,,233,https://www.pa.gov/content/dam/copapwp-pagov/en/dhs/documents/providers/providers/documents/managed-care-enrollment-information/mar-2026-enrollment-report.pdf,2026-03,New MCO in Zone [source: state-direct file]
PA,Jefferson,Medicaid MCO,Health Partners Plans (Jefferson Health Plans),Jefferson Health,NORTHWEST zone,177,,177,https://www.pa.gov/content/dam/copapwp-pagov/en/dhs/documents/providers/providers/documents/managed-care-enrollment-information/mar-2026-enrollment-report.pdf,2026-03,New MCO in Zone [source: state-direct file]
PA,Juniata,Medicaid MCO,Health Partners Plans (Jefferson Health Plans),Jefferson Health,NORTHEAST zone,158,,158,https://www.pa.gov/content/dam/copapwp-pagov/en/dhs/documents/providers/providers/documents/managed-care-enrollment-information/mar-2026-enrollment-report.pdf,2026-03,New MCO in Zone [source: state-direct file]
PA,Lackawanna,Medicaid MCO,Health Partners Plans (Jefferson Health Plans),Jefferson Health,NORTHEAST zone,2249,,2249,https://www.pa.gov/content/dam/copapwp-pagov/en/dhs/documents/providers/providers/documents/managed-care-enrollment-information/mar-2026-enrollment-report.pdf,2026-03,New MCO in Zone [source: state-direct file]
PA,Lancaster,Medicaid MCO,Health Partners Plans (Jefferson Health Plans),Jefferson Health,LEHIGH/CAPITAL zone,3814,,3814,https://www.pa.gov/content/dam/copapwp-pagov/en/dhs/documents/providers/providers/documents/managed-care-enrollment-information/mar-2026-enrollment-report.pdf,2026-03,New MCO in Zone [source: state-direct file]
PA,Lawrence,Medicaid MCO,Health Partners Plans (Jefferson Health Plans),Jefferson Health,SOUTHWEST zone,523,,523,https://www.pa.gov/content/dam/copapwp-pagov/en/dhs/documents/providers/providers/documents/managed-care-enrollment-information/mar-2026-enrollment-report.pdf,2026-03,New MCO in Zone [source: state-direct file]
PA,Lebanon,Medicaid MCO,Health Partners Plans (Jefferson Health Plans),Jefferson Health,LEHIGH/CAPITAL zone,1174,,1174,https://www.pa.gov/content/dam/copapwp-pagov/en/dhs/documents/providers/providers/documents/managed-care-enrollment-information/mar-2026-enrollment-report.pdf,2026-03,New MCO in Zone [source: state-direct file]
PA,Lehigh,Medicaid MCO,Health Partners Plans (Jefferson Health Plans),Jefferson Health,LEHIGH/CAPITAL zone,4249,,4249,https://www.pa.gov/content/dam/copapwp-pagov/en/dhs/documents/providers/providers/documents/managed-care-enrollment-information/mar-2026-enrollment-report.pdf,2026-03,New MCO in Zone [source: state-direct file]
PA,Luzerne,Medicaid MCO,Health Partners Plans (Jefferson Health Plans),Jefferson Health,NORTHEAST zone,3558,,3558,https://www.pa.gov/content/dam/copapwp-pagov/en/dhs/documents/providers/providers/documents/managed-care-enrollment-information/mar-2026-enrollment-report.pdf,2026-03,New MCO in Zone [source: state-direct file]
PA,Lycoming,Medicaid MCO,Health Partners Plans (Jefferson Health Plans),Jefferson Health,NORTHEAST zone,833,,833,https://www.pa.gov/content/dam/copapwp-pagov/en/dhs/documents/providers/providers/documents/managed-care-enrollment-information/mar-2026-enrollment-report.pdf,2026-03,New MCO in Zone [source: state-direct file]
PA,McKean,Medicaid MCO,Health Partners Plans (Jefferson Health Plans),Jefferson Health,NORTHWEST zone,299,,299,https://www.pa.gov/content/dam/copapwp-pagov/en/dhs/documents/providers/providers/documents/managed-care-enrollment-information/mar-2026-enrollment-report.pdf,2026-03,New MCO in Zone [source: state-direct file]
PA,Mercer,Medicaid MCO,Health Partners Plans (Jefferson Health Plans),Jefferson Health,NORTHWEST zone,1003,,1003,https://www.pa.gov/content/dam/copapwp-pagov/en/dhs/documents/providers/providers/documents/managed-care-enrollment-information/mar-2026-enrollment-report.pdf,2026-03,New MCO in Zone [source: state-direct file]
PA,Mifflin,Medicaid MCO,Health Partners Plans (Jefferson Health Plans),Jefferson Health,NORTHEAST zone,357,,357,https://www.pa.gov/content/dam/copapwp-pagov/en/dhs/documents/providers/providers/documents/managed-care-enrollment-information/mar-2026-enrollment-report.pdf,2026-03,New MCO in Zone [source: state-direct file]
PA,Monroe,Medicaid MCO,Health Partners Plans (Jefferson Health Plans),Jefferson Health,NORTHEAST zone,2162,,2162,https://www.pa.gov/content/dam/copapwp-pagov/en/dhs/documents/providers/providers/documents/managed-care-enrollment-information/mar-2026-enrollment-report.pdf,2026-03,New MCO in Zone [source: state-direct file]
PA,Montgomery,Medicaid MCO,Health Partners Plans (Jefferson Health Plans),Jefferson Health,SOUTHEAST zone,15534,,15534,https://www.pa.gov/content/dam/copapwp-pagov/en/dhs/documents/providers/providers/documents/managed-care-enrollment-information/mar-2026-enrollment-report.pdf,2026-03,[source: state-direct file]
PA,Montour,Medicaid MCO,Health Partners Plans (Jefferson Health Plans),Jefferson Health,NORTHEAST zone,92,,92,https://www.pa.gov/content/dam/copapwp-pagov/en/dhs/documents/providers/providers/documents/managed-care-enrollment-information/mar-2026-enrollment-report.pdf,2026-03,New MCO in Zone [source: state-direct file]
PA,Northampton,Medicaid MCO,Health Partners Plans (Jefferson Health Plans),Jefferson Health,LEHIGH/CAPITAL zone,2204,,2204,https://www.pa.gov/content/dam/copapwp-pagov/en/dhs/documents/providers/providers/documents/managed-care-enrollment-information/mar-2026-enrollment-report.pdf,2026-03,New MCO in Zone [source: state-direct file]
PA,Northumberland,Medicaid MCO,Health Partners Plans (Jefferson Health Plans),Jefferson Health,NORTHEAST zone,968,,968,https://www.pa.gov/content/dam/copapwp-pagov/en/dhs/documents/providers/providers/documents/managed-care-enrollment-information/mar-2026-enrollment-report.pdf,2026-03,New MCO in Zone [source: state-direct file]
PA,Perry,Medicaid MCO,Health Partners Plans (Jefferson Health Plans),Jefferson Health,LEHIGH/CAPITAL zone,242,,242,https://www.pa.gov/content/dam/copapwp-pagov/en/dhs/documents/providers/providers/documents/managed-care-enrollment-information/mar-2026-enrollment-report.pdf,2026-03,New MCO in Zone [source: state-direct file]
PA,Philadelphia,Medicaid MCO,Health Partners Plans (Jefferson Health Plans),Jefferson Health,SOUTHEAST zone,197836,,197836,https://www.pa.gov/content/dam/copapwp-pagov/en/dhs/documents/providers/providers/documents/managed-care-enrollment-information/mar-2026-enrollment-report.pdf,2026-03,[source: state-direct file]
PA,Pike,Medicaid MCO,Health Partners Plans (Jefferson Health Plans),Jefferson Health,NORTHEAST zone,427,,427,https://www.pa.gov/content/dam/copapwp-pagov/en/dhs/documents/providers/providers/documents/managed-care-enrollment-information/mar-2026-enrollment-report.pdf,2026-03,New MCO in Zone [source: state-direct file]
PA,Potter,Medicaid MCO,Health Partners Plans (Jefferson Health Plans),Jefferson Health,NORTHWEST zone,99,,99,https://www.pa.gov/content/dam/copapwp-pagov/en/dhs/documents/providers/providers/documents/managed-care-enrollment-information/mar-2026-enrollment-report.pdf,2026-03,New MCO in Zone [source: state-direct file]
PA,Schuylkill,Medicaid MCO,Health Partners Plans (Jefferson Health Plans),Jefferson Health,NORTHEAST zone,1620,,1620,https://www.pa.gov/content/dam/copapwp-pagov/en/dhs/documents/providers/providers/documents/managed-care-enrollment-information/mar-2026-enrollment-report.pdf,2026-03,New MCO in Zone [source: state-direct file]
PA,Snyder,Medicaid MCO,Health Partners Plans (Jefferson Health Plans),Jefferson Health,NORTHEAST zone,146,,146,https://www.pa.gov/content/dam/copapwp-pagov/en/dhs/documents/providers/providers/documents/managed-care-enrollment-information/mar-2026-enrollment-report.pdf,2026-03,New MCO in Zone [source: state-direct file]
PA,Somerset,Medicaid MCO,Health Partners Plans (Jefferson Health Plans),Jefferson Health,SOUTHWEST zone,373,,373,https://www.pa.gov/content/dam/copapwp-pagov/en/dhs/documents/providers/providers/documents/managed-care-enrollment-information/mar-2026-enrollment-report.pdf,2026-03,New MCO in Zone [source: state-direct file]
PA,Sullivan,Medicaid MCO,Health Partners Plans (Jefferson Health Plans),Jefferson Health,NORTHEAST zone,44,,44,https://www.pa.gov/content/dam/copapwp-pagov/en/dhs/documents/providers/providers/documents/managed-care-enrollment-information/mar-2026-enrollment-report.pdf,2026-03,New MCO in Zone [source: state-direct file]
PA,Susquehanna,Medicaid MCO,Health Partners Plans (Jefferson Health Plans),Jefferson Health,NORTHEAST zone,299,,299,https://www.pa.gov/content/dam/copapwp-pagov/en/dhs/documents/providers/providers/documents/managed-care-enrollment-information/mar-2026-enrollment-report.pdf,2026-03,New MCO in Zone [source: state-direct file]
PA,Tioga,Medicaid MCO,Health Partners Plans (Jefferson Health Plans),Jefferson Health,NORTHEAST zone,290,,290,https://www.pa.gov/content/dam/copapwp-pagov/en/dhs/documents/providers/providers/documents/managed-care-enrollment-information/mar-2026-enrollment-report.pdf,2026-03,New MCO in Zone [source: state-direct file]
PA,Union,Medicaid MCO,Health Partners Plans (Jefferson Health Plans),Jefferson Health,NORTHEAST zone,122,,122,https://www.pa.gov/content/dam/copapwp-pagov/en/dhs/documents/providers/providers/documents/managed-care-enrollment-information/mar-2026-enrollment-report.pdf,2026-03,New MCO in Zone [source: state-direct file]
PA,Venango,Medicaid MCO,Health Partners Plans (Jefferson Health Plans),Jefferson Health,NORTHWEST zone,471,,471,https://www.pa.gov/content/dam/copapwp-pagov/en/dhs/documents/providers/providers/documents/managed-care-enrollment-information/mar-2026-enrollment-report.pdf,2026-03,New MCO in Zone [source: state-direct file]
PA,Warren,Medicaid MCO,Health Partners Plans (Jefferson Health Plans),Jefferson Health,NORTHWEST zone,332,,332,https://www.pa.gov/content/dam/copapwp-pagov/en/dhs/documents/providers/providers/documents/managed-care-enrollment-information/mar-2026-enrollment-report.pdf,2026-03,New MCO in Zone [source: state-direct file]
PA,Washington,Medicaid MCO,Health Partners Plans (Jefferson Health Plans),Jefferson Health,SOUTHWEST zone,841,,841,https://www.pa.gov/content/dam/copapwp-pagov/en/dhs/documents/providers/providers/documents/managed-care-enrollment-information/mar-2026-enrollment-report.pdf,2026-03,New MCO in Zone [source: state-direct file]
PA,Wayne,Medicaid MCO,Health Partners Plans (Jefferson Health Plans),Jefferson Health,NORTHEAST zone,320,,320,https://www.pa.gov/content/dam/copapwp-pagov/en/dhs/documents/providers/providers/documents/managed-care-enrollment-information/mar-2026-enrollment-report.pdf,2026-03,New MCO in Zone [source: state-direct file]
PA,Westmoreland,Medicaid MCO,Health Partners Plans (Jefferson Health Plans),Jefferson Health,SOUTHWEST zone,1325,,1325,https://www.pa.gov/content/dam/copapwp-pagov/en/dhs/documents/providers/providers/documents/managed-care-enrollment-information/mar-2026-enrollment-report.pdf,2026-03,New MCO in Zone [source: state-direct file]
PA,Wyoming,Medicaid MCO,Health Partners Plans (Jefferson Health Plans),Jefferson Health,NORTHEAST zone,169,,169,https://www.pa.gov/content/dam/copapwp-pagov/en/dhs/documents/providers/providers/documents/managed-care-enrollment-information/mar-2026-enrollment-report.pdf,2026-03,New MCO in Zone [source: state-direct file]
PA,York,Medicaid MCO,Health Partners Plans (Jefferson Health Plans),Jefferson Health,LEHIGH/CAPITAL zone,5290,,5290,https://www.pa.gov/content/dam/copapwp-pagov/en/dhs/documents/providers/providers/documents/managed-care-enrollment-information/mar-2026-enrollment-report.pdf,2026-03,New MCO in Zone [source: state-direct file]
PA,Adams,Medicaid MCO,Highmark Wholecare,Highmark / Gateway Health,LEHIGH/CAPITAL zone,5947,,5947,https://www.pa.gov/content/dam/copapwp-pagov/en/dhs/documents/providers/providers/documents/managed-care-enrollment-information/mar-2026-enrollment-report.pdf,2026-03,[source: state-direct file]
PA,Allegheny,Medicaid MCO,Highmark Wholecare,Highmark / Gateway Health,SOUTHWEST zone,57978,,57978,https://www.pa.gov/content/dam/copapwp-pagov/en/dhs/documents/providers/providers/documents/managed-care-enrollment-information/mar-2026-enrollment-report.pdf,2026-03,[source: state-direct file]
PA,Armstrong,Medicaid MCO,Highmark Wholecare,Highmark / Gateway Health,SOUTHWEST zone,1135,,1135,https://www.pa.gov/content/dam/copapwp-pagov/en/dhs/documents/providers/providers/documents/managed-care-enrollment-information/mar-2026-enrollment-report.pdf,2026-03,[source: state-direct file]
PA,Beaver,Medicaid MCO,Highmark Wholecare,Highmark / Gateway Health,SOUTHWEST zone,9467,,9467,https://www.pa.gov/content/dam/copapwp-pagov/en/dhs/documents/providers/providers/documents/managed-care-enrollment-information/mar-2026-enrollment-report.pdf,2026-03,[source: state-direct file]
PA,Bedford,Medicaid MCO,Highmark Wholecare,Highmark / Gateway Health,SOUTHWEST zone,1060,,1060,https://www.pa.gov/content/dam/copapwp-pagov/en/dhs/documents/providers/providers/documents/managed-care-enrollment-information/mar-2026-enrollment-report.pdf,2026-03,[source: state-direct file]
PA,Berks,Medicaid MCO,Highmark Wholecare,Highmark / Gateway Health,LEHIGH/CAPITAL zone,16620,,16620,https://www.pa.gov/content/dam/copapwp-pagov/en/dhs/documents/providers/providers/documents/managed-care-enrollment-information/mar-2026-enrollment-report.pdf,2026-03,[source: state-direct file]
PA,Blair,Medicaid MCO,Highmark Wholecare,Highmark / Gateway Health,SOUTHWEST zone,4629,,4629,https://www.pa.gov/content/dam/copapwp-pagov/en/dhs/documents/providers/providers/documents/managed-care-enrollment-information/mar-2026-enrollment-report.pdf,2026-03,[source: state-direct file]
PA,Butler,Medicaid MCO,Highmark Wholecare,Highmark / Gateway Health,SOUTHWEST zone,4341,,4341,https://www.pa.gov/content/dam/copapwp-pagov/en/dhs/documents/providers/providers/documents/managed-care-enrollment-information/mar-2026-enrollment-report.pdf,2026-03,[source: state-direct file]
PA,Cambria,Medicaid MCO,Highmark Wholecare,Highmark / Gateway Health,SOUTHWEST zone,4492,,4492,https://www.pa.gov/content/dam/copapwp-pagov/en/dhs/documents/providers/providers/documents/managed-care-enrollment-information/mar-2026-enrollment-report.pdf,2026-03,[source: state-direct file]
PA,Cumberland,Medicaid MCO,Highmark Wholecare,Highmark / Gateway Health,LEHIGH/CAPITAL zone,13264,,13264,https://www.pa.gov/content/dam/copapwp-pagov/en/dhs/documents/providers/providers/documents/managed-care-enrollment-information/mar-2026-enrollment-report.pdf,2026-03,[source: state-direct file]
PA,Dauphin,Medicaid MCO,Highmark Wholecare,Highmark / Gateway Health,LEHIGH/CAPITAL zone,24309,,24309,https://www.pa.gov/content/dam/copapwp-pagov/en/dhs/documents/providers/providers/documents/managed-care-enrollment-information/mar-2026-enrollment-report.pdf,2026-03,[source: state-direct file]
PA,Fayette,Medicaid MCO,Highmark Wholecare,Highmark / Gateway Health,SOUTHWEST zone,4925,,4925,https://www.pa.gov/content/dam/copapwp-pagov/en/dhs/documents/providers/providers/documents/managed-care-enrollment-information/mar-2026-enrollment-report.pdf,2026-03,[source: state-direct file]
PA,Franklin,Medicaid MCO,Highmark Wholecare,Highmark / Gateway Health,LEHIGH/CAPITAL zone,4838,,4838,https://www.pa.gov/content/dam/copapwp-pagov/en/dhs/documents/providers/providers/documents/managed-care-enrollment-information/mar-2026-enrollment-report.pdf,2026-03,[source: state-direct file]
PA,Fulton,Medicaid MCO,Highmark Wholecare,Highmark / Gateway Health,LEHIGH/CAPITAL zone,706,,706,https://www.pa.gov/content/dam/copapwp-pagov/en/dhs/documents/providers/providers/documents/managed-care-enrollment-information/mar-2026-enrollment-report.pdf,2026-03,[source: state-direct file]
PA,Greene,Medicaid MCO,Highmark Wholecare,Highmark / Gateway Health,SOUTHWEST zone,1418,,1418,https://www.pa.gov/content/dam/copapwp-pagov/en/dhs/documents/providers/providers/documents/managed-care-enrollment-information/mar-2026-enrollment-report.pdf,2026-03,[source: state-direct file]
PA,Huntingdon,Medicaid MCO,Highmark Wholecare,Highmark / Gateway Health,LEHIGH/CAPITAL zone,633,,633,https://www.pa.gov/content/dam/copapwp-pagov/en/dhs/documents/providers/providers/documents/managed-care-enrollment-information/mar-2026-enrollment-report.pdf,2026-03,[source: state-direct file]
PA,Indiana,Medicaid MCO,Highmark Wholecare,Highmark / Gateway Health,SOUTHWEST zone,2411,,2411,https://www.pa.gov/content/dam/copapwp-pagov/en/dhs/documents/providers/providers/documents/managed-care-enrollment-information/mar-2026-enrollment-report.pdf,2026-03,[source: state-direct file]
PA,Lancaster,Medicaid MCO,Highmark Wholecare,Highmark / Gateway Health,LEHIGH/CAPITAL zone,24466,,24466,https://www.pa.gov/content/dam/copapwp-pagov/en/dhs/documents/providers/providers/documents/managed-care-enrollment-information/mar-2026-enrollment-report.pdf,2026-03,[source: state-direct file]
PA,Lawrence,Medicaid MCO,Highmark Wholecare,Highmark / Gateway Health,SOUTHWEST zone,5016,,5016,https://www.pa.gov/content/dam/copapwp-pagov/en/dhs/documents/providers/providers/documents/managed-care-enrollment-information/mar-2026-enrollment-report.pdf,2026-03,[source: state-direct file]
PA,Lebanon,Medicaid MCO,Highmark Wholecare,Highmark / Gateway Health,LEHIGH/CAPITAL zone,12245,,12245,https://www.pa.gov/content/dam/copapwp-pagov/en/dhs/documents/providers/providers/documents/managed-care-enrollment-information/mar-2026-enrollment-report.pdf,2026-03,[source: state-direct file]
PA,Lehigh,Medicaid MCO,Highmark Wholecare,Highmark / Gateway Health,LEHIGH/CAPITAL zone,19557,,19557,https://www.pa.gov/content/dam/copapwp-pagov/en/dhs/documents/providers/providers/documents/managed-care-enrollment-information/mar-2026-enrollment-report.pdf,2026-03,[source: state-direct file]
PA,Northampton,Medicaid MCO,Highmark Wholecare,Highmark / Gateway Health,LEHIGH/CAPITAL zone,11177,,11177,https://www.pa.gov/content/dam/copapwp-pagov/en/dhs/documents/providers/providers/documents/managed-care-enrollment-information/mar-2026-enrollment-report.pdf,2026-03,[source: state-direct file]
PA,Perry,Medicaid MCO,Highmark Wholecare,Highmark / Gateway Health,LEHIGH/CAPITAL zone,2999,,2999,https://www.pa.gov/content/dam/copapwp-pagov/en/dhs/documents/providers/providers/documents/managed-care-enrollment-information/mar-2026-enrollment-report.pdf,2026-03,[source: state-direct file]
PA,Somerset,Medicaid MCO,Highmark Wholecare,Highmark / Gateway Health,SOUTHWEST zone,2043,,2043,https://www.pa.gov/content/dam/copapwp-pagov/en/dhs/documents/providers/providers/documents/managed-care-enrollment-information/mar-2026-enrollment-report.pdf,2026-03,[source: state-direct file]
PA,Washington,Medicaid MCO,Highmark Wholecare,Highmark / Gateway Health,SOUTHWEST zone,6948,,6948,https://www.pa.gov/content/dam/copapwp-pagov/en/dhs/documents/providers/providers/documents/managed-care-enrollment-information/mar-2026-enrollment-report.pdf,2026-03,[source: state-direct file]
PA,Westmoreland,Medicaid MCO,Highmark Wholecare,Highmark / Gateway Health,SOUTHWEST zone,11748,,11748,https://www.pa.gov/content/dam/copapwp-pagov/en/dhs/documents/providers/providers/documents/managed-care-enrollment-information/mar-2026-enrollment-report.pdf,2026-03,[source: state-direct file]
PA,York,Medicaid MCO,Highmark Wholecare,Highmark / Gateway Health,LEHIGH/CAPITAL zone,26968,,26968,https://www.pa.gov/content/dam/copapwp-pagov/en/dhs/documents/providers/providers/documents/managed-care-enrollment-information/mar-2026-enrollment-report.pdf,2026-03,[source: state-direct file]
PA,Bucks,Medicaid MCO,Keystone First,AmeriHealth Caritas / Independence Blue Cross JV,SOUTHEAST zone,42728,,42728,https://www.pa.gov/content/dam/copapwp-pagov/en/dhs/documents/providers/providers/documents/managed-care-enrollment-information/mar-2026-enrollment-report.pdf,2026-03,[source: state-direct file]
PA,Chester,Medicaid MCO,Keystone First,AmeriHealth Caritas / Independence Blue Cross JV,SOUTHEAST zone,25567,,25567,https://www.pa.gov/content/dam/copapwp-pagov/en/dhs/documents/providers/providers/documents/managed-care-enrollment-information/mar-2026-enrollment-report.pdf,2026-03,[source: state-direct file]
PA,Delaware,Medicaid MCO,Keystone First,AmeriHealth Caritas / Independence Blue Cross JV,SOUTHEAST zone,70578,,70578,https://www.pa.gov/content/dam/copapwp-pagov/en/dhs/documents/providers/providers/documents/managed-care-enrollment-information/mar-2026-enrollment-report.pdf,2026-03,[source: state-direct file]
PA,Montgomery,Medicaid MCO,Keystone First,AmeriHealth Caritas / Independence Blue Cross JV,SOUTHEAST zone,62591,,62591,https://www.pa.gov/content/dam/copapwp-pagov/en/dhs/documents/providers/providers/documents/managed-care-enrollment-information/mar-2026-enrollment-report.pdf,2026-03,[source: state-direct file]
PA,Philadelphia,Medicaid MCO,Keystone First,AmeriHealth Caritas / Independence Blue Cross JV,SOUTHEAST zone,234267,,234267,https://www.pa.gov/content/dam/copapwp-pagov/en/dhs/documents/providers/providers/documents/managed-care-enrollment-information/mar-2026-enrollment-report.pdf,2026-03,[source: state-direct file]
PA,Adams,Medicaid MCO,UPMC for You,UPMC Health Plan,LEHIGH/CAPITAL zone,3454,,3454,https://www.pa.gov/content/dam/copapwp-pagov/en/dhs/documents/providers/providers/documents/managed-care-enrollment-information/mar-2026-enrollment-report.pdf,2026-03,[source: state-direct file]
PA,Allegheny,Medicaid MCO,UPMC for You,UPMC Health Plan,SOUTHWEST zone,112328,,112328,https://www.pa.gov/content/dam/copapwp-pagov/en/dhs/documents/providers/providers/documents/managed-care-enrollment-information/mar-2026-enrollment-report.pdf,2026-03,[source: state-direct file]
PA,Armstrong,Medicaid MCO,UPMC for You,UPMC Health Plan,SOUTHWEST zone,8989,,8989,https://www.pa.gov/content/dam/copapwp-pagov/en/dhs/documents/providers/providers/documents/managed-care-enrollment-information/mar-2026-enrollment-report.pdf,2026-03,[source: state-direct file]
PA,Beaver,Medicaid MCO,UPMC for You,UPMC Health Plan,SOUTHWEST zone,14840,,14840,https://www.pa.gov/content/dam/copapwp-pagov/en/dhs/documents/providers/providers/documents/managed-care-enrollment-information/mar-2026-enrollment-report.pdf,2026-03,[source: state-direct file]
PA,Bedford,Medicaid MCO,UPMC for You,UPMC Health Plan,SOUTHWEST zone,6190,,6190,https://www.pa.gov/content/dam/copapwp-pagov/en/dhs/documents/providers/providers/documents/managed-care-enrollment-information/mar-2026-enrollment-report.pdf,2026-03,[source: state-direct file]
PA,Berks,Medicaid MCO,UPMC for You,UPMC Health Plan,LEHIGH/CAPITAL zone,12060,,12060,https://www.pa.gov/content/dam/copapwp-pagov/en/dhs/documents/providers/providers/documents/managed-care-enrollment-information/mar-2026-enrollment-report.pdf,2026-03,[source: state-direct file]
PA,Blair,Medicaid MCO,UPMC for You,UPMC Health Plan,SOUTHWEST zone,17479,,17479,https://www.pa.gov/content/dam/copapwp-pagov/en/dhs/documents/providers/providers/documents/managed-care-enrollment-information/mar-2026-enrollment-report.pdf,2026-03,[source: state-direct file]
PA,Bradford,Medicaid MCO,UPMC for You,UPMC Health Plan,NORTHEAST zone,864,,864,https://www.pa.gov/content/dam/copapwp-pagov/en/dhs/documents/providers/providers/documents/managed-care-enrollment-information/mar-2026-enrollment-report.pdf,2026-03,New MCO in Zone [source: state-direct file]
PA,Bucks,Medicaid MCO,UPMC for You,UPMC Health Plan,SOUTHEAST zone,2406,,2406,https://www.pa.gov/content/dam/copapwp-pagov/en/dhs/documents/providers/providers/documents/managed-care-enrollment-information/mar-2026-enrollment-report.pdf,2026-03,New MCO in Zone [source: state-direct file]
PA,Butler,Medicaid MCO,UPMC for You,UPMC Health Plan,SOUTHWEST zone,13686,,13686,https://www.pa.gov/content/dam/copapwp-pagov/en/dhs/documents/providers/providers/documents/managed-care-enrollment-information/mar-2026-enrollment-report.pdf,2026-03,[source: state-direct file]
PA,Cambria,Medicaid MCO,UPMC for You,UPMC Health Plan,SOUTHWEST zone,18836,,18836,https://www.pa.gov/content/dam/copapwp-pagov/en/dhs/documents/providers/providers/documents/managed-care-enrollment-information/mar-2026-enrollment-report.pdf,2026-03,[source: state-direct file]
PA,Cameron,Medicaid MCO,UPMC for You,UPMC Health Plan,NORTHWEST zone,801,,801,https://www.pa.gov/content/dam/copapwp-pagov/en/dhs/documents/providers/providers/documents/managed-care-enrollment-information/mar-2026-enrollment-report.pdf,2026-03,[source: state-direct file]
PA,Carbon,Medicaid MCO,UPMC for You,UPMC Health Plan,NORTHEAST zone,719,,719,https://www.pa.gov/content/dam/copapwp-pagov/en/dhs/documents/providers/providers/documents/managed-care-enrollment-information/mar-2026-enrollment-report.pdf,2026-03,New MCO in Zone [source: state-direct file]
PA,Centre,Medicaid MCO,UPMC for You,UPMC Health Plan,NORTHEAST zone,1665,,1665,https://www.pa.gov/content/dam/copapwp-pagov/en/dhs/documents/providers/providers/documents/managed-care-enrollment-information/mar-2026-enrollment-report.pdf,2026-03,New MCO in Zone [source: state-direct file]
PA,Chester,Medicaid MCO,UPMC for You,UPMC Health Plan,SOUTHEAST zone,2735,,2735,https://www.pa.gov/content/dam/copapwp-pagov/en/dhs/documents/providers/providers/documents/managed-care-enrollment-information/mar-2026-enrollment-report.pdf,2026-03,New MCO in Zone [source: state-direct file]
PA,Clarion,Medicaid MCO,UPMC for You,UPMC Health Plan,NORTHWEST zone,4652,,4652,https://www.pa.gov/content/dam/copapwp-pagov/en/dhs/documents/providers/providers/documents/managed-care-enrollment-information/mar-2026-enrollment-report.pdf,2026-03,[source: state-direct file]
PA,Clearfield,Medicaid MCO,UPMC for You,UPMC Health Plan,NORTHWEST zone,10431,,10431,https://www.pa.gov/content/dam/copapwp-pagov/en/dhs/documents/providers/providers/documents/managed-care-enrollment-information/mar-2026-enrollment-report.pdf,2026-03,[source: state-direct file]
PA,Clinton,Medicaid MCO,UPMC for You,UPMC Health Plan,NORTHEAST zone,671,,671,https://www.pa.gov/content/dam/copapwp-pagov/en/dhs/documents/providers/providers/documents/managed-care-enrollment-information/mar-2026-enrollment-report.pdf,2026-03,New MCO in Zone [source: state-direct file]
PA,Columbia,Medicaid MCO,UPMC for You,UPMC Health Plan,NORTHEAST zone,537,,537,https://www.pa.gov/content/dam/copapwp-pagov/en/dhs/documents/providers/providers/documents/managed-care-enrollment-information/mar-2026-enrollment-report.pdf,2026-03,New MCO in Zone [source: state-direct file]
PA,Crawford,Medicaid MCO,UPMC for You,UPMC Health Plan,NORTHWEST zone,11677,,11677,https://www.pa.gov/content/dam/copapwp-pagov/en/dhs/documents/providers/providers/documents/managed-care-enrollment-information/mar-2026-enrollment-report.pdf,2026-03,[source: state-direct file]
PA,Cumberland,Medicaid MCO,UPMC for You,UPMC Health Plan,LEHIGH/CAPITAL zone,10209,,10209,https://www.pa.gov/content/dam/copapwp-pagov/en/dhs/documents/providers/providers/documents/managed-care-enrollment-information/mar-2026-enrollment-report.pdf,2026-03,[source: state-direct file]
PA,Dauphin,Medicaid MCO,UPMC for You,UPMC Health Plan,LEHIGH/CAPITAL zone,17211,,17211,https://www.pa.gov/content/dam/copapwp-pagov/en/dhs/documents/providers/providers/documents/managed-care-enrollment-information/mar-2026-enrollment-report.pdf,2026-03,[source: state-direct file]
PA,Delaware,Medicaid MCO,UPMC for You,UPMC Health Plan,SOUTHEAST zone,3256,,3256,https://www.pa.gov/content/dam/copapwp-pagov/en/dhs/documents/providers/providers/documents/managed-care-enrollment-information/mar-2026-enrollment-report.pdf,2026-03,New MCO in Zone [source: state-direct file]
PA,Elk,Medicaid MCO,UPMC for You,UPMC Health Plan,NORTHWEST zone,3649,,3649,https://www.pa.gov/content/dam/copapwp-pagov/en/dhs/documents/providers/providers/documents/managed-care-enrollment-information/mar-2026-enrollment-report.pdf,2026-03,[source: state-direct file]
PA,Erie,Medicaid MCO,UPMC for You,UPMC Health Plan,NORTHWEST zone,40011,,40011,https://www.pa.gov/content/dam/copapwp-pagov/en/dhs/documents/providers/providers/documents/managed-care-enrollment-information/mar-2026-enrollment-report.pdf,2026-03,[source: state-direct file]
PA,Fayette,Medicaid MCO,UPMC for You,UPMC Health Plan,SOUTHWEST zone,23011,,23011,https://www.pa.gov/content/dam/copapwp-pagov/en/dhs/documents/providers/providers/documents/managed-care-enrollment-information/mar-2026-enrollment-report.pdf,2026-03,[source: state-direct file]
PA,Forest,Medicaid MCO,UPMC for You,UPMC Health Plan,NORTHWEST zone,474,,474,https://www.pa.gov/content/dam/copapwp-pagov/en/dhs/documents/providers/providers/documents/managed-care-enrollment-information/mar-2026-enrollment-report.pdf,2026-03,[source: state-direct file]
PA,Franklin,Medicaid MCO,UPMC for You,UPMC Health Plan,LEHIGH/CAPITAL zone,4034,,4034,https://www.pa.gov/content/dam/copapwp-pagov/en/dhs/documents/providers/providers/documents/managed-care-enrollment-information/mar-2026-enrollment-report.pdf,2026-03,[source: state-direct file]
PA,Fulton,Medicaid MCO,UPMC for You,UPMC Health Plan,LEHIGH/CAPITAL zone,892,,892,https://www.pa.gov/content/dam/copapwp-pagov/en/dhs/documents/providers/providers/documents/managed-care-enrollment-information/mar-2026-enrollment-report.pdf,2026-03,[source: state-direct file]
PA,Greene,Medicaid MCO,UPMC for You,UPMC Health Plan,SOUTHWEST zone,4906,,4906,https://www.pa.gov/content/dam/copapwp-pagov/en/dhs/documents/providers/providers/documents/managed-care-enrollment-information/mar-2026-enrollment-report.pdf,2026-03,[source: state-direct file]
PA,Huntingdon,Medicaid MCO,UPMC for You,UPMC Health Plan,LEHIGH/CAPITAL zone,3632,,3632,https://www.pa.gov/content/dam/copapwp-pagov/en/dhs/documents/providers/providers/documents/managed-care-enrollment-information/mar-2026-enrollment-report.pdf,2026-03,[source: state-direct file]
PA,Indiana,Medicaid MCO,UPMC for You,UPMC Health Plan,SOUTHWEST zone,10219,,10219,https://www.pa.gov/content/dam/copapwp-pagov/en/dhs/documents/providers/providers/documents/managed-care-enrollment-information/mar-2026-enrollment-report.pdf,2026-03,[source: state-direct file]
PA,Jefferson,Medicaid MCO,UPMC for You,UPMC Health Plan,NORTHWEST zone,6656,,6656,https://www.pa.gov/content/dam/copapwp-pagov/en/dhs/documents/providers/providers/documents/managed-care-enrollment-information/mar-2026-enrollment-report.pdf,2026-03,[source: state-direct file]
PA,Juniata,Medicaid MCO,UPMC for You,UPMC Health Plan,NORTHEAST zone,378,,378,https://www.pa.gov/content/dam/copapwp-pagov/en/dhs/documents/providers/providers/documents/managed-care-enrollment-information/mar-2026-enrollment-report.pdf,2026-03,New MCO in Zone [source: state-direct file]
PA,Lackawanna,Medicaid MCO,UPMC for You,UPMC Health Plan,NORTHEAST zone,2896,,2896,https://www.pa.gov/content/dam/copapwp-pagov/en/dhs/documents/providers/providers/documents/managed-care-enrollment-information/mar-2026-enrollment-report.pdf,2026-03,New MCO in Zone [source: state-direct file]
PA,Lancaster,Medicaid MCO,UPMC for You,UPMC Health Plan,LEHIGH/CAPITAL zone,16949,,16949,https://www.pa.gov/content/dam/copapwp-pagov/en/dhs/documents/providers/providers/documents/managed-care-enrollment-information/mar-2026-enrollment-report.pdf,2026-03,[source: state-direct file]
PA,Lawrence,Medicaid MCO,UPMC for You,UPMC Health Plan,SOUTHWEST zone,9966,,9966,https://www.pa.gov/content/dam/copapwp-pagov/en/dhs/documents/providers/providers/documents/managed-care-enrollment-information/mar-2026-enrollment-report.pdf,2026-03,[source: state-direct file]
PA,Lebanon,Medicaid MCO,UPMC for You,UPMC Health Plan,LEHIGH/CAPITAL zone,4326,,4326,https://www.pa.gov/content/dam/copapwp-pagov/en/dhs/documents/providers/providers/documents/managed-care-enrollment-information/mar-2026-enrollment-report.pdf,2026-03,[source: state-direct file]
PA,Lehigh,Medicaid MCO,UPMC for You,UPMC Health Plan,LEHIGH/CAPITAL zone,7519,,7519,https://www.pa.gov/content/dam/copapwp-pagov/en/dhs/documents/providers/providers/documents/managed-care-enrollment-information/mar-2026-enrollment-report.pdf,2026-03,[source: state-direct file]
PA,Luzerne,Medicaid MCO,UPMC for You,UPMC Health Plan,NORTHEAST zone,4509,,4509,https://www.pa.gov/content/dam/copapwp-pagov/en/dhs/documents/providers/providers/documents/managed-care-enrollment-information/mar-2026-enrollment-report.pdf,2026-03,New MCO in Zone [source: state-direct file]
PA,Lycoming,Medicaid MCO,UPMC for You,UPMC Health Plan,NORTHEAST zone,2224,,2224,https://www.pa.gov/content/dam/copapwp-pagov/en/dhs/documents/providers/providers/documents/managed-care-enrollment-information/mar-2026-enrollment-report.pdf,2026-03,New MCO in Zone [source: state-direct file]
PA,McKean,Medicaid MCO,UPMC for You,UPMC Health Plan,NORTHWEST zone,6016,,6016,https://www.pa.gov/content/dam/copapwp-pagov/en/dhs/documents/providers/providers/documents/managed-care-enrollment-information/mar-2026-enrollment-report.pdf,2026-03,[source: state-direct file]
PA,Mercer,Medicaid MCO,UPMC for You,UPMC Health Plan,NORTHWEST zone,15656,,15656,https://www.pa.gov/content/dam/copapwp-pagov/en/dhs/documents/providers/providers/documents/managed-care-enrollment-information/mar-2026-enrollment-report.pdf,2026-03,[source: state-direct file]
PA,Mifflin,Medicaid MCO,UPMC for You,UPMC Health Plan,NORTHEAST zone,885,,885,https://www.pa.gov/content/dam/copapwp-pagov/en/dhs/documents/providers/providers/documents/managed-care-enrollment-information/mar-2026-enrollment-report.pdf,2026-03,New MCO in Zone [source: state-direct file]
PA,Monroe,Medicaid MCO,UPMC for You,UPMC Health Plan,NORTHEAST zone,2420,,2420,https://www.pa.gov/content/dam/copapwp-pagov/en/dhs/documents/providers/providers/documents/managed-care-enrollment-information/mar-2026-enrollment-report.pdf,2026-03,New MCO in Zone [source: state-direct file]
PA,Montgomery,Medicaid MCO,UPMC for You,UPMC Health Plan,SOUTHEAST zone,3824,,3824,https://www.pa.gov/content/dam/copapwp-pagov/en/dhs/documents/providers/providers/documents/managed-care-enrollment-information/mar-2026-enrollment-report.pdf,2026-03,New MCO in Zone [source: state-direct file]
PA,Montour,Medicaid MCO,UPMC for You,UPMC Health Plan,NORTHEAST zone,119,,119,https://www.pa.gov/content/dam/copapwp-pagov/en/dhs/documents/providers/providers/documents/managed-care-enrollment-information/mar-2026-enrollment-report.pdf,2026-03,New MCO in Zone [source: state-direct file]
PA,Northampton,Medicaid MCO,UPMC for You,UPMC Health Plan,LEHIGH/CAPITAL zone,3828,,3828,https://www.pa.gov/content/dam/copapwp-pagov/en/dhs/documents/providers/providers/documents/managed-care-enrollment-information/mar-2026-enrollment-report.pdf,2026-03,[source: state-direct file]
PA,Northumberland,Medicaid MCO,UPMC for You,UPMC Health Plan,NORTHEAST zone,1329,,1329,https://www.pa.gov/content/dam/copapwp-pagov/en/dhs/documents/providers/providers/documents/managed-care-enrollment-information/mar-2026-enrollment-report.pdf,2026-03,New MCO in Zone [source: state-direct file]
PA,Perry,Medicaid MCO,UPMC for You,UPMC Health Plan,LEHIGH/CAPITAL zone,1330,,1330,https://www.pa.gov/content/dam/copapwp-pagov/en/dhs/documents/providers/providers/documents/managed-care-enrollment-information/mar-2026-enrollment-report.pdf,2026-03,[source: state-direct file]
PA,Philadelphia,Medicaid MCO,UPMC for You,UPMC Health Plan,SOUTHEAST zone,16130,,16130,https://www.pa.gov/content/dam/copapwp-pagov/en/dhs/documents/providers/providers/documents/managed-care-enrollment-information/mar-2026-enrollment-report.pdf,2026-03,New MCO in Zone [source: state-direct file]
PA,Pike,Medicaid MCO,UPMC for You,UPMC Health Plan,NORTHEAST zone,462,,462,https://www.pa.gov/content/dam/copapwp-pagov/en/dhs/documents/providers/providers/documents/managed-care-enrollment-information/mar-2026-enrollment-report.pdf,2026-03,New MCO in Zone [source: state-direct file]
PA,Potter,Medicaid MCO,UPMC for You,UPMC Health Plan,NORTHWEST zone,1651,,1651,https://www.pa.gov/content/dam/copapwp-pagov/en/dhs/documents/providers/providers/documents/managed-care-enrollment-information/mar-2026-enrollment-report.pdf,2026-03,[source: state-direct file]
PA,Schuylkill,Medicaid MCO,UPMC for You,UPMC Health Plan,NORTHEAST zone,2220,,2220,https://www.pa.gov/content/dam/copapwp-pagov/en/dhs/documents/providers/providers/documents/managed-care-enrollment-information/mar-2026-enrollment-report.pdf,2026-03,New MCO in Zone [source: state-direct file]
PA,Snyder,Medicaid MCO,UPMC for You,UPMC Health Plan,NORTHEAST zone,429,,429,https://www.pa.gov/content/dam/copapwp-pagov/en/dhs/documents/providers/providers/documents/managed-care-enrollment-information/mar-2026-enrollment-report.pdf,2026-03,New MCO in Zone [source: state-direct file]
PA,Somerset,Medicaid MCO,UPMC for You,UPMC Health Plan,SOUTHWEST zone,8196,,8196,https://www.pa.gov/content/dam/copapwp-pagov/en/dhs/documents/providers/providers/documents/managed-care-enrollment-information/mar-2026-enrollment-report.pdf,2026-03,[source: state-direct file]
PA,Sullivan,Medicaid MCO,UPMC for You,UPMC Health Plan,NORTHEAST zone,101,,101,https://www.pa.gov/content/dam/copapwp-pagov/en/dhs/documents/providers/providers/documents/managed-care-enrollment-information/mar-2026-enrollment-report.pdf,2026-03,New MCO in Zone [source: state-direct file]
PA,Susquehanna,Medicaid MCO,UPMC for You,UPMC Health Plan,NORTHEAST zone,385,,385,https://www.pa.gov/content/dam/copapwp-pagov/en/dhs/documents/providers/providers/documents/managed-care-enrollment-information/mar-2026-enrollment-report.pdf,2026-03,New MCO in Zone [source: state-direct file]
PA,Tioga,Medicaid MCO,UPMC for You,UPMC Health Plan,NORTHEAST zone,841,,841,https://www.pa.gov/content/dam/copapwp-pagov/en/dhs/documents/providers/providers/documents/managed-care-enrollment-information/mar-2026-enrollment-report.pdf,2026-03,New MCO in Zone [source: state-direct file]
PA,Union,Medicaid MCO,UPMC for You,UPMC Health Plan,NORTHEAST zone,280,,280,https://www.pa.gov/content/dam/copapwp-pagov/en/dhs/documents/providers/providers/documents/managed-care-enrollment-information/mar-2026-enrollment-report.pdf,2026-03,New MCO in Zone [source: state-direct file]
PA,Venango,Medicaid MCO,UPMC for You,UPMC Health Plan,NORTHWEST zone,7921,,7921,https://www.pa.gov/content/dam/copapwp-pagov/en/dhs/documents/providers/providers/documents/managed-care-enrollment-information/mar-2026-enrollment-report.pdf,2026-03,[source: state-direct file]
PA,Warren,Medicaid MCO,UPMC for You,UPMC Health Plan,NORTHWEST zone,4570,,4570,https://www.pa.gov/content/dam/copapwp-pagov/en/dhs/documents/providers/providers/documents/managed-care-enrollment-information/mar-2026-enrollment-report.pdf,2026-03,[source: state-direct file]
PA,Washington,Medicaid MCO,UPMC for You,UPMC Health Plan,SOUTHWEST zone,23151,,23151,https://www.pa.gov/content/dam/copapwp-pagov/en/dhs/documents/providers/providers/documents/managed-care-enrollment-information/mar-2026-enrollment-report.pdf,2026-03,[source: state-direct file]
PA,Wayne,Medicaid MCO,UPMC for You,UPMC Health Plan,NORTHEAST zone,443,,443,https://www.pa.gov/content/dam/copapwp-pagov/en/dhs/documents/providers/providers/documents/managed-care-enrollment-information/mar-2026-enrollment-report.pdf,2026-03,New MCO in Zone [source: state-direct file]
PA,Westmoreland,Medicaid MCO,UPMC for You,UPMC Health Plan,SOUTHWEST zone,35324,,35324,https://www.pa.gov/content/dam/copapwp-pagov/en/dhs/documents/providers/providers/documents/managed-care-enrollment-information/mar-2026-enrollment-report.pdf,2026-03,[source: state-direct file]
PA,Wyoming,Medicaid MCO,UPMC for You,UPMC Health Plan,NORTHEAST zone,201,,201,https://www.pa.gov/content/dam/copapwp-pagov/en/dhs/documents/providers/providers/documents/managed-care-enrollment-information/mar-2026-enrollment-report.pdf,2026-03,New MCO in Zone [source: state-direct file]
PA,York,Medicaid MCO,UPMC for You,UPMC Health Plan,LEHIGH/CAPITAL zone,18915,,18915,https://www.pa.gov/content/dam/copapwp-pagov/en/dhs/documents/providers/providers/documents/managed-care-enrollment-information/mar-2026-enrollment-report.pdf,2026-03,[source: state-direct file]
PA,Bucks,Medicaid MCO,UnitedHealthcare Community Plan of Pennsylvania,UnitedHealth Group,SOUTHEAST zone,6543,,6543,https://www.pa.gov/content/dam/copapwp-pagov/en/dhs/documents/providers/providers/documents/managed-care-enrollment-information/mar-2026-enrollment-report.pdf,2026-03,[source: state-direct file]
PA,Chester,Medicaid MCO,UnitedHealthcare Community Plan of Pennsylvania,UnitedHealth Group,SOUTHEAST zone,12280,,12280,https://www.pa.gov/content/dam/copapwp-pagov/en/dhs/documents/providers/providers/documents/managed-care-enrollment-information/mar-2026-enrollment-report.pdf,2026-03,[source: state-direct file]
PA,Delaware,Medicaid MCO,UnitedHealthcare Community Plan of Pennsylvania,UnitedHealth Group,SOUTHEAST zone,9465,,9465,https://www.pa.gov/content/dam/copapwp-pagov/en/dhs/documents/providers/providers/documents/managed-care-enrollment-information/mar-2026-enrollment-report.pdf,2026-03,[source: state-direct file]
PA,Montgomery,Medicaid MCO,UnitedHealthcare Community Plan of Pennsylvania,UnitedHealth Group,SOUTHEAST zone,9872,,9872,https://www.pa.gov/content/dam/copapwp-pagov/en/dhs/documents/providers/providers/documents/managed-care-enrollment-information/mar-2026-enrollment-report.pdf,2026-03,[source: state-direct file]
PA,Philadelphia,Medicaid MCO,UnitedHealthcare Community Plan of Pennsylvania,UnitedHealth Group,SOUTHEAST zone,50262,,50262,https://www.pa.gov/content/dam/copapwp-pagov/en/dhs/documents/providers/providers/documents/managed-care-enrollment-information/mar-2026-enrollment-report.pdf,2026-03,[source: state-direct file]
SC,,South Carolina Managed Care Organizations (Comprehensive MCO),"Absolute Total Care, Inc.",Centene,Statewide,0,292,0,https://data.medicaid.gov/dataset/0bef7b8a-c663-5b14-9a46-0b5c2b86b0fe/data,2024,-- [source: CMS 2024 Table 5]
SC,,South Carolina Managed Care Organizations (Comprehensive MCO),First Choice by Select Health,AmeriHealth Caritas,Statewide,0,458,0,https://data.medicaid.gov/dataset/0bef7b8a-c663-5b14-9a46-0b5c2b86b0fe/data,2024,-- [source: CMS 2024 Table 5]
SC,,South Carolina Managed Care Organizations (Comprehensive MCO),Healthy Blue by Blue Choice,BlueCross and BlueShield of South Carolina,Statewide,0,288,0,https://data.medicaid.gov/dataset/0bef7b8a-c663-5b14-9a46-0b5c2b86b0fe/data,2024,-- [source: CMS 2024 Table 5]
SC,,South Carolina Managed Care Organizations (Comprehensive MCO),Humana Healthy Horizons,Humana,Statewide,0,142,0,https://data.medicaid.gov/dataset/0bef7b8a-c663-5b14-9a46-0b5c2b86b0fe/data,2024,-- [source: CMS 2024 Table 5]
SC,,South Carolina Managed Care Organizations (Comprehensive MCO),Molina Healthcare of South Carolina,Molina Healthcare,Statewide,0,317,0,https://data.medicaid.gov/dataset/0bef7b8a-c663-5b14-9a46-0b5c2b86b0fe/data,2024,-- [source: CMS 2024 Table 5]
SC,,Program For All-Inclusive Care of the Elderly (PACE),Orangeburg Senior Helping Center,The Methodist Oaks,"Orangeburg, Calhoun, and Bamberg Counties",5,90,95,https://data.medicaid.gov/dataset/0bef7b8a-c663-5b14-9a46-0b5c2b86b0fe/data,2024,-- [source: CMS 2024 Table 5]
SC,,Program For All-Inclusive Care of the Elderly (PACE),Prisma Health Senior Care - Midlands,Prisma Health System,Richland and Lexington Counties,22,273,295,https://data.medicaid.gov/dataset/0bef7b8a-c663-5b14-9a46-0b5c2b86b0fe/data,2024,-- [source: CMS 2024 Table 5]
SC,,Program For All-Inclusive Care of the Elderly (PACE),Prisma Health Senior Care - Upstate,Prisma Health System,"Greenville, Pickens, and Anderson Counties",16,133,149,https://data.medicaid.gov/dataset/0bef7b8a-c663-5b14-9a46-0b5c2b86b0fe/data,2024,-- [source: CMS 2024 Table 5]
SC,,South Carolina Medical Homes Network (PCCM Entity),SC Solutions,South Carolina Solutions,Statewide,994,1,995,https://data.medicaid.gov/dataset/0bef7b8a-c663-5b14-9a46-0b5c2b86b0fe/data,2024,-- [source: CMS 2024 Table 5]
TN,,Program of All-Inclusive Care for the Elderly (PACE),Alexian Brothers Community Services,Alexian Brothers Community Services,Hamilton County,14,256,270,https://data.medicaid.gov/dataset/0bef7b8a-c663-5b14-9a46-0b5c2b86b0fe/data,2024,-- [source: CMS 2024 Table 5]
TN,,TennCare III (Comprehensive MCO + MLTSS),DentaQuest USA Insurance Company,DentaQuest USA Insurance Company,Statewide,0,0,0,https://data.medicaid.gov/dataset/0bef7b8a-c663-5b14-9a46-0b5c2b86b0fe/data,2024,-- [source: CMS 2024 Table 5]
TN,,TennCare III (Comprehensive MCO + MLTSS),OptumRx,"OptumRx Holdings, LLC",Statewide,0,753,0,https://data.medicaid.gov/dataset/0bef7b8a-c663-5b14-9a46-0b5c2b86b0fe/data,2024,-- [source: CMS 2024 Table 5]
TN,,TennCare III (Comprehensive MCO + MLTSS),UnitedHealthcare Community Plan,UnitedHealth Group,Statewide,0,0,0,https://data.medicaid.gov/dataset/0bef7b8a-c663-5b14-9a46-0b5c2b86b0fe/data,2024,-- [source: CMS 2024 Table 5]
TN,,TennCare III (Comprehensive MCO + MLTSS),Volunteer State Health Plan (BlueCare),Blue Cross Blue Shield Association,Statewide,0,0,0,https://data.medicaid.gov/dataset/0bef7b8a-c663-5b14-9a46-0b5c2b86b0fe/data,2024,-- [source: CMS 2024 Table 5]
TN,,TennCare III (Comprehensive MCO + MLTSS),Volunteer State Health Plan (TennCare Select),Blue Cross Blue Shield Association,Statewide,0,0,0,https://data.medicaid.gov/dataset/0bef7b8a-c663-5b14-9a46-0b5c2b86b0fe/data,2024,-- [source: CMS 2024 Table 5]
TN,,TennCare III (Comprehensive MCO + MLTSS),Wellpoint,Elevance Health,Statewide,0,0,0,https://data.medicaid.gov/dataset/0bef7b8a-c663-5b14-9a46-0b5c2b86b0fe/data,2024,-- [source: CMS 2024 Table 5]
TX,,Medicaid MCO,Aetna,Aetna (CVS Health),Bexar SDA,32557,,35267,https://www.hhs.texas.gov/sites/default/files/documents/mco-enrollment-by-sda-prelim.xlsx,2025-11,Preliminary monthly average; Medicaid + CHIP MCO enrollment by HHSC SDA [source: state-direct file]
TX,,Medicaid MCO,Aetna,Aetna (CVS Health),Dallas SDA,5917,,5917,https://www.hhs.texas.gov/sites/default/files/documents/mco-enrollment-by-sda-prelim.xlsx,2025-11,Preliminary monthly average; Medicaid + CHIP MCO enrollment by HHSC SDA [source: state-direct file]
TX,,Medicaid MCO,Aetna,Aetna (CVS Health),Tarrant SDA,90232,,96438,https://www.hhs.texas.gov/sites/default/files/documents/mco-enrollment-by-sda-prelim.xlsx,2025-11,Preliminary monthly average; Medicaid + CHIP MCO enrollment by HHSC SDA [source: state-direct file]
TX,,Medicaid MCO,Blue Cross and Blue Shield of Texas,Health Care Service Corporation,MRSA Central SDA,4397,,4397,https://www.hhs.texas.gov/sites/default/files/documents/mco-enrollment-by-sda-prelim.xlsx,2025-11,Preliminary monthly average; Medicaid + CHIP MCO enrollment by HHSC SDA [source: state-direct file]
TX,,Medicaid MCO,Blue Cross and Blue Shield of Texas,Health Care Service Corporation,Travis SDA,45339,,49498,https://www.hhs.texas.gov/sites/default/files/documents/mco-enrollment-by-sda-prelim.xlsx,2025-11,Preliminary monthly average; Medicaid + CHIP MCO enrollment by HHSC SDA [source: state-direct file]
TX,,Medicaid MCO,Children's Medical Center,Children's Health (Dallas),Bexar SDA,1,,2,https://www.hhs.texas.gov/sites/default/files/documents/mco-enrollment-by-sda-prelim.xlsx,2025-11,Preliminary monthly average; Medicaid + CHIP MCO enrollment by HHSC SDA [source: state-direct file]
TX,,Medicaid MCO,Children's Medical Center,Children's Health (Dallas),Dallas SDA,1,,2,https://www.hhs.texas.gov/sites/default/files/documents/mco-enrollment-by-sda-prelim.xlsx,2025-11,Preliminary monthly average; Medicaid + CHIP MCO enrollment by HHSC SDA [source: state-direct file]
TX,,Medicaid MCO,Children's Medical Center,Children's Health (Dallas),EPO SDA,0,,1,https://www.hhs.texas.gov/sites/default/files/documents/mco-enrollment-by-sda-prelim.xlsx,2025-11,Preliminary monthly average; Medicaid + CHIP MCO enrollment by HHSC SDA [source: state-direct file]
TX,,Medicaid MCO,Children's Medical Center,Children's Health (Dallas),El Paso SDA,1,,2,https://www.hhs.texas.gov/sites/default/files/documents/mco-enrollment-by-sda-prelim.xlsx,2025-11,Preliminary monthly average; Medicaid + CHIP MCO enrollment by HHSC SDA [source: state-direct file]
TX,,Medicaid MCO,Children's Medical Center,Children's Health (Dallas),Harris SDA,1,,2,https://www.hhs.texas.gov/sites/default/files/documents/mco-enrollment-by-sda-prelim.xlsx,2025-11,Preliminary monthly average; Medicaid + CHIP MCO enrollment by HHSC SDA [source: state-direct file]
TX,,Medicaid MCO,Children's Medical Center,Children's Health (Dallas),Jefferson SDA,1,,2,https://www.hhs.texas.gov/sites/default/files/documents/mco-enrollment-by-sda-prelim.xlsx,2025-11,Preliminary monthly average; Medicaid + CHIP MCO enrollment by HHSC SDA [source: state-direct file]
TX,,Medicaid MCO,Children's Medical Center,Children's Health (Dallas),Lubbock SDA,1,,2,https://www.hhs.texas.gov/sites/default/files/documents/mco-enrollment-by-sda-prelim.xlsx,2025-11,Preliminary monthly average; Medicaid + CHIP MCO enrollment by HHSC SDA [source: state-direct file]
TX,,Medicaid MCO,Children's Medical Center,Children's Health (Dallas),Nueces SDA,1,,2,https://www.hhs.texas.gov/sites/default/files/documents/mco-enrollment-by-sda-prelim.xlsx,2025-11,Preliminary monthly average; Medicaid + CHIP MCO enrollment by HHSC SDA [source: state-direct file]
TX,,Medicaid MCO,Children's Medical Center,Children's Health (Dallas),Tarrant SDA,1,,2,https://www.hhs.texas.gov/sites/default/files/documents/mco-enrollment-by-sda-prelim.xlsx,2025-11,Preliminary monthly average; Medicaid + CHIP MCO enrollment by HHSC SDA [source: state-direct file]
TX,,Medicaid MCO,Children's Medical Center,Children's Health (Dallas),Travis SDA,1,,2,https://www.hhs.texas.gov/sites/default/files/documents/mco-enrollment-by-sda-prelim.xlsx,2025-11,Preliminary monthly average; Medicaid + CHIP MCO enrollment by HHSC SDA [source: state-direct file]
TX,,Medicaid MCO,Community First,Community First (San Antonio nonprofit),Bexar SDA,121524,,129501,https://www.hhs.texas.gov/sites/default/files/documents/mco-enrollment-by-sda-prelim.xlsx,2025-11,Preliminary monthly average; Medicaid + CHIP MCO enrollment by HHSC SDA [source: state-direct file]
TX,,Medicaid MCO,Community Health Choice,Harris Health System,Bexar SDA,15870,,15870,https://www.hhs.texas.gov/sites/default/files/documents/mco-enrollment-by-sda-prelim.xlsx,2025-11,Preliminary monthly average; Medicaid + CHIP MCO enrollment by HHSC SDA [source: state-direct file]
TX,,Medicaid MCO,Community Health Choice,Harris Health System,Harris SDA,250239,,262501,https://www.hhs.texas.gov/sites/default/files/documents/mco-enrollment-by-sda-prelim.xlsx,2025-11,Preliminary monthly average; Medicaid + CHIP MCO enrollment by HHSC SDA [source: state-direct file]
TX,,Medicaid MCO,Community Health Choice,Harris Health System,Jefferson SDA,20513,,21392,https://www.hhs.texas.gov/sites/default/files/documents/mco-enrollment-by-sda-prelim.xlsx,2025-11,Preliminary monthly average; Medicaid + CHIP MCO enrollment by HHSC SDA [source: state-direct file]
TX,,Medicaid MCO,Cook Children's,Cook Children's Health Care System,Tarrant SDA,115264,,125587,https://www.hhs.texas.gov/sites/default/files/documents/mco-enrollment-by-sda-prelim.xlsx,2025-11,Preliminary monthly average; Medicaid + CHIP MCO enrollment by HHSC SDA [source: state-direct file]
TX,,Medicaid MCO,Dell Children,Ascension / Dell Children's,Travis SDA,30716,,34880,https://www.hhs.texas.gov/sites/default/files/documents/mco-enrollment-by-sda-prelim.xlsx,2025-11,Preliminary monthly average; Medicaid + CHIP MCO enrollment by HHSC SDA [source: state-direct file]
TX,,Medicaid MCO,Driscoll,Driscoll Children's Hospital,Hidalgo SDA,123510,,123510,https://www.hhs.texas.gov/sites/default/files/documents/mco-enrollment-by-sda-prelim.xlsx,2025-11,Preliminary monthly average; Medicaid + CHIP MCO enrollment by HHSC SDA [source: state-direct file]
TX,,Medicaid MCO,Driscoll,Driscoll Children's Hospital,Nueces SDA,68926,,72302,https://www.hhs.texas.gov/sites/default/files/documents/mco-enrollment-by-sda-prelim.xlsx,2025-11,Preliminary monthly average; Medicaid + CHIP MCO enrollment by HHSC SDA [source: state-direct file]
TX,,Medicaid MCO,El Paso Health,University Medical Center of El Paso,El Paso SDA,73824,,78712,https://www.hhs.texas.gov/sites/default/files/documents/mco-enrollment-by-sda-prelim.xlsx,2025-11,Preliminary monthly average; Medicaid + CHIP MCO enrollment by HHSC SDA [source: state-direct file]
TX,,Medicaid MCO,FirstCare,Covenant Health Plan,Lubbock SDA,0,,2429,https://www.hhs.texas.gov/sites/default/files/documents/mco-enrollment-by-sda-prelim.xlsx,2025-11,Preliminary monthly average; Medicaid + CHIP MCO enrollment by HHSC SDA [source: state-direct file]
TX,,Medicaid MCO,Molina Healthcare of Texas,Molina Healthcare,Bexar SDA,15824,,15824,https://www.hhs.texas.gov/sites/default/files/documents/mco-enrollment-by-sda-prelim.xlsx,2025-11,Preliminary monthly average; Medicaid + CHIP MCO enrollment by HHSC SDA [source: state-direct file]
TX,,Medicaid MCO,Molina Healthcare of Texas,Molina Healthcare,Dallas SDA,88855,,94916,https://www.hhs.texas.gov/sites/default/files/documents/mco-enrollment-by-sda-prelim.xlsx,2025-11,Preliminary monthly average; Medicaid + CHIP MCO enrollment by HHSC SDA [source: state-direct file]
TX,,Medicaid MCO,Molina Healthcare of Texas,Molina Healthcare,EPO SDA,0,,14117,https://www.hhs.texas.gov/sites/default/files/documents/mco-enrollment-by-sda-prelim.xlsx,2025-11,Preliminary monthly average; Medicaid + CHIP MCO enrollment by HHSC SDA [source: state-direct file]
TX,,Medicaid MCO,Molina Healthcare of Texas,Molina Healthcare,El Paso SDA,17273,,17273,https://www.hhs.texas.gov/sites/default/files/documents/mco-enrollment-by-sda-prelim.xlsx,2025-11,Preliminary monthly average; Medicaid + CHIP MCO enrollment by HHSC SDA [source: state-direct file]
TX,,Medicaid MCO,Molina Healthcare of Texas,Molina Healthcare,Harris SDA,45898,,48285,https://www.hhs.texas.gov/sites/default/files/documents/mco-enrollment-by-sda-prelim.xlsx,2025-11,Preliminary monthly average; Medicaid + CHIP MCO enrollment by HHSC SDA [source: state-direct file]
TX,,Medicaid MCO,Molina Healthcare of Texas,Molina Healthcare,Hidalgo SDA,63007,,63007,https://www.hhs.texas.gov/sites/default/files/documents/mco-enrollment-by-sda-prelim.xlsx,2025-11,Preliminary monthly average; Medicaid + CHIP MCO enrollment by HHSC SDA [source: state-direct file]
TX,,Medicaid MCO,Molina Healthcare of Texas,Molina Healthcare,Jefferson SDA,13578,,13901,https://www.hhs.texas.gov/sites/default/files/documents/mco-enrollment-by-sda-prelim.xlsx,2025-11,Preliminary monthly average; Medicaid + CHIP MCO enrollment by HHSC SDA [source: state-direct file]
TX,,Medicaid MCO,Molina Healthcare of Texas,Molina Healthcare,MRSA North SDA,12851,,12851,https://www.hhs.texas.gov/sites/default/files/documents/mco-enrollment-by-sda-prelim.xlsx,2025-11,Preliminary monthly average; Medicaid + CHIP MCO enrollment by HHSC SDA [source: state-direct file]
TX,,Medicaid MCO,Molina Healthcare of Texas,Molina Healthcare,Tarrant SDA,21554,,21554,https://www.hhs.texas.gov/sites/default/files/documents/mco-enrollment-by-sda-prelim.xlsx,2025-11,Preliminary monthly average; Medicaid + CHIP MCO enrollment by HHSC SDA [source: state-direct file]
TX,,Medicaid MCO,Parkland Community,Parkland Health,Dallas SDA,153520,,165748,https://www.hhs.texas.gov/sites/default/files/documents/mco-enrollment-by-sda-prelim.xlsx,2025-11,Preliminary monthly average; Medicaid + CHIP MCO enrollment by HHSC SDA [source: state-direct file]
TX,,Medicaid MCO,Scott and White,Baylor Scott & White Health,MRSA Central SDA,46016,,46016,https://www.hhs.texas.gov/sites/default/files/documents/mco-enrollment-by-sda-prelim.xlsx,2025-11,Preliminary monthly average; Medicaid + CHIP MCO enrollment by HHSC SDA [source: state-direct file]
TX,,Medicaid MCO,Superior,Centene,Bexar SDA,129460,,133895,https://www.hhs.texas.gov/sites/default/files/documents/mco-enrollment-by-sda-prelim.xlsx,2025-11,Preliminary monthly average; Medicaid + CHIP MCO enrollment by HHSC SDA [source: state-direct file]
TX,,Medicaid MCO,Superior,Centene,Dallas SDA,28002,,28002,https://www.hhs.texas.gov/sites/default/files/documents/mco-enrollment-by-sda-prelim.xlsx,2025-11,Preliminary monthly average; Medicaid + CHIP MCO enrollment by HHSC SDA [source: state-direct file]
TX,,Medicaid MCO,Superior,Centene,EPO SDA,0,,29146,https://www.hhs.texas.gov/sites/default/files/documents/mco-enrollment-by-sda-prelim.xlsx,2025-11,Preliminary monthly average; Medicaid + CHIP MCO enrollment by HHSC SDA [source: state-direct file]
TX,,Medicaid MCO,Superior,Centene,El Paso SDA,43544,,45534,https://www.hhs.texas.gov/sites/default/files/documents/mco-enrollment-by-sda-prelim.xlsx,2025-11,Preliminary monthly average; Medicaid + CHIP MCO enrollment by HHSC SDA [source: state-direct file]
TX,,Medicaid MCO,Superior,Centene,Harris SDA,4608,,4608,https://www.hhs.texas.gov/sites/default/files/documents/mco-enrollment-by-sda-prelim.xlsx,2025-11,Preliminary monthly average; Medicaid + CHIP MCO enrollment by HHSC SDA [source: state-direct file]
TX,,Medicaid MCO,Superior,Centene,Hidalgo SDA,179447,,179447,https://www.hhs.texas.gov/sites/default/files/documents/mco-enrollment-by-sda-prelim.xlsx,2025-11,Preliminary monthly average; Medicaid + CHIP MCO enrollment by HHSC SDA [source: state-direct file]
TX,,Medicaid MCO,Superior,Centene,Jefferson SDA,594,,594,https://www.hhs.texas.gov/sites/default/files/documents/mco-enrollment-by-sda-prelim.xlsx,2025-11,Preliminary monthly average; Medicaid + CHIP MCO enrollment by HHSC SDA [source: state-direct file]
TX,,Medicaid MCO,Superior,Centene,Lubbock SDA,42493,,44535,https://www.hhs.texas.gov/sites/default/files/documents/mco-enrollment-by-sda-prelim.xlsx,2025-11,Preliminary monthly average; Medicaid + CHIP MCO enrollment by HHSC SDA [source: state-direct file]
TX,,Medicaid MCO,Superior,Centene,MRSA Central SDA,99012,,99012,https://www.hhs.texas.gov/sites/default/files/documents/mco-enrollment-by-sda-prelim.xlsx,2025-11,Preliminary monthly average; Medicaid + CHIP MCO enrollment by HHSC SDA [source: state-direct file]
TX,,Medicaid MCO,Superior,Centene,MRSA North SDA,118817,,118817,https://www.hhs.texas.gov/sites/default/files/documents/mco-enrollment-by-sda-prelim.xlsx,2025-11,Preliminary monthly average; Medicaid + CHIP MCO enrollment by HHSC SDA [source: state-direct file]
TX,,Medicaid MCO,Superior,Centene,MRSA West SDA,113945,,113945,https://www.hhs.texas.gov/sites/default/files/documents/mco-enrollment-by-sda-prelim.xlsx,2025-11,Preliminary monthly average; Medicaid + CHIP MCO enrollment by HHSC SDA [source: state-direct file]
TX,,Medicaid MCO,Superior,Centene,Nueces SDA,33158,,33814,https://www.hhs.texas.gov/sites/default/files/documents/mco-enrollment-by-sda-prelim.xlsx,2025-11,Preliminary monthly average; Medicaid + CHIP MCO enrollment by HHSC SDA [source: state-direct file]
TX,,Medicaid MCO,Superior,Centene,Tarrant SDA,2021,,2021,https://www.hhs.texas.gov/sites/default/files/documents/mco-enrollment-by-sda-prelim.xlsx,2025-11,Preliminary monthly average; Medicaid + CHIP MCO enrollment by HHSC SDA [source: state-direct file]
TX,,Medicaid MCO,Superior,Centene,Travis SDA,100266,,104796,https://www.hhs.texas.gov/sites/default/files/documents/mco-enrollment-by-sda-prelim.xlsx,2025-11,Preliminary monthly average; Medicaid + CHIP MCO enrollment by HHSC SDA [source: state-direct file]
TX,,Medicaid MCO,Texas Children's,Texas Children's Hospital,Harris SDA,367617,,396596,https://www.hhs.texas.gov/sites/default/files/documents/mco-enrollment-by-sda-prelim.xlsx,2025-11,Preliminary monthly average; Medicaid + CHIP MCO enrollment by HHSC SDA [source: state-direct file]
TX,,Medicaid MCO,Texas Children's,Texas Children's Hospital,Jefferson SDA,44810,,47165,https://www.hhs.texas.gov/sites/default/files/documents/mco-enrollment-by-sda-prelim.xlsx,2025-11,Preliminary monthly average; Medicaid + CHIP MCO enrollment by HHSC SDA [source: state-direct file]
TX,,Medicaid MCO,Texas Children's,Texas Children's Hospital,MRSA North SDA,4916,,4916,https://www.hhs.texas.gov/sites/default/files/documents/mco-enrollment-by-sda-prelim.xlsx,2025-11,Preliminary monthly average; Medicaid + CHIP MCO enrollment by HHSC SDA [source: state-direct file]
TX,,Medicaid MCO,United Healthcare/ Evercare of Texas,UnitedHealth Group,Bexar SDA,16304,,16304,https://www.hhs.texas.gov/sites/default/files/documents/mco-enrollment-by-sda-prelim.xlsx,2025-11,Preliminary monthly average; Medicaid + CHIP MCO enrollment by HHSC SDA [source: state-direct file]
TX,,Medicaid MCO,United Healthcare/ Evercare of Texas,UnitedHealth Group,Dallas SDA,7310,,7310,https://www.hhs.texas.gov/sites/default/files/documents/mco-enrollment-by-sda-prelim.xlsx,2025-11,Preliminary monthly average; Medicaid + CHIP MCO enrollment by HHSC SDA [source: state-direct file]
TX,,Medicaid MCO,United Healthcare/ Evercare of Texas,UnitedHealth Group,Harris SDA,186998,,192332,https://www.hhs.texas.gov/sites/default/files/documents/mco-enrollment-by-sda-prelim.xlsx,2025-11,Preliminary monthly average; Medicaid + CHIP MCO enrollment by HHSC SDA [source: state-direct file]
TX,,Medicaid MCO,United Healthcare/ Evercare of Texas,UnitedHealth Group,Hidalgo SDA,46969,,46969,https://www.hhs.texas.gov/sites/default/files/documents/mco-enrollment-by-sda-prelim.xlsx,2025-11,Preliminary monthly average; Medicaid + CHIP MCO enrollment by HHSC SDA [source: state-direct file]
TX,,Medicaid MCO,United Healthcare/ Evercare of Texas,UnitedHealth Group,Jefferson SDA,22239,,23027,https://www.hhs.texas.gov/sites/default/files/documents/mco-enrollment-by-sda-prelim.xlsx,2025-11,Preliminary monthly average; Medicaid + CHIP MCO enrollment by HHSC SDA [source: state-direct file]
TX,,Medicaid MCO,United Healthcare/ Evercare of Texas,UnitedHealth Group,MRSA Central SDA,18440,,18440,https://www.hhs.texas.gov/sites/default/files/documents/mco-enrollment-by-sda-prelim.xlsx,2025-11,Preliminary monthly average; Medicaid + CHIP MCO enrollment by HHSC SDA [source: state-direct file]
TX,,Medicaid MCO,United Healthcare/ Evercare of Texas,UnitedHealth Group,MRSA North SDA,31574,,31574,https://www.hhs.texas.gov/sites/default/files/documents/mco-enrollment-by-sda-prelim.xlsx,2025-11,Preliminary monthly average; Medicaid + CHIP MCO enrollment by HHSC SDA [source: state-direct file]
TX,,Medicaid MCO,United Healthcare/ Evercare of Texas,UnitedHealth Group,Nueces SDA,2641,,2812,https://www.hhs.texas.gov/sites/default/files/documents/mco-enrollment-by-sda-prelim.xlsx,2025-11,Preliminary monthly average; Medicaid + CHIP MCO enrollment by HHSC SDA [source: state-direct file]
TX,,Medicaid MCO,United Healthcare/ Evercare of Texas,UnitedHealth Group,Tarrant SDA,23457,,23457,https://www.hhs.texas.gov/sites/default/files/documents/mco-enrollment-by-sda-prelim.xlsx,2025-11,Preliminary monthly average; Medicaid + CHIP MCO enrollment by HHSC SDA [source: state-direct file]
TX,,Medicaid MCO,United Healthcare/ Evercare of Texas,UnitedHealth Group,Travis SDA,17583,,17583,https://www.hhs.texas.gov/sites/default/files/documents/mco-enrollment-by-sda-prelim.xlsx,2025-11,Preliminary monthly average; Medicaid + CHIP MCO enrollment by HHSC SDA [source: state-direct file]
TX,,Medicaid MCO,Wellpoint,Elevance Health,Bexar SDA,9047,,9802,https://www.hhs.texas.gov/sites/default/files/documents/mco-enrollment-by-sda-prelim.xlsx,2025-11,Preliminary monthly average; Medicaid + CHIP MCO enrollment by HHSC SDA [source: state-direct file]
TX,,Medicaid MCO,Wellpoint,Elevance Health,Dallas SDA,203048,,217466,https://www.hhs.texas.gov/sites/default/files/documents/mco-enrollment-by-sda-prelim.xlsx,2025-11,Preliminary monthly average; Medicaid + CHIP MCO enrollment by HHSC SDA [source: state-direct file]
TX,,Medicaid MCO,Wellpoint,Elevance Health,El Paso SDA,1081,,1081,https://www.hhs.texas.gov/sites/default/files/documents/mco-enrollment-by-sda-prelim.xlsx,2025-11,Preliminary monthly average; Medicaid + CHIP MCO enrollment by HHSC SDA [source: state-direct file]
TX,,Medicaid MCO,Wellpoint,Elevance Health,Harris SDA,61030,,63957,https://www.hhs.texas.gov/sites/default/files/documents/mco-enrollment-by-sda-prelim.xlsx,2025-11,Preliminary monthly average; Medicaid + CHIP MCO enrollment by HHSC SDA [source: state-direct file]
TX,,Medicaid MCO,Wellpoint,Elevance Health,Jefferson SDA,16301,,16562,https://www.hhs.texas.gov/sites/default/files/documents/mco-enrollment-by-sda-prelim.xlsx,2025-11,Preliminary monthly average; Medicaid + CHIP MCO enrollment by HHSC SDA [source: state-direct file]
TX,,Medicaid MCO,Wellpoint,Elevance Health,Lubbock SDA,14582,,14582,https://www.hhs.texas.gov/sites/default/files/documents/mco-enrollment-by-sda-prelim.xlsx,2025-11,Preliminary monthly average; Medicaid + CHIP MCO enrollment by HHSC SDA [source: state-direct file]
TX,,Medicaid MCO,Wellpoint,Elevance Health,MRSA Central SDA,14834,,14834,https://www.hhs.texas.gov/sites/default/files/documents/mco-enrollment-by-sda-prelim.xlsx,2025-11,Preliminary monthly average; Medicaid + CHIP MCO enrollment by HHSC SDA [source: state-direct file]
TX,,Medicaid MCO,Wellpoint,Elevance Health,MRSA North SDA,61624,,61624,https://www.hhs.texas.gov/sites/default/files/documents/mco-enrollment-by-sda-prelim.xlsx,2025-11,Preliminary monthly average; Medicaid + CHIP MCO enrollment by HHSC SDA [source: state-direct file]
TX,,Medicaid MCO,Wellpoint,Elevance Health,MRSA West SDA,40802,,40802,https://www.hhs.texas.gov/sites/default/files/documents/mco-enrollment-by-sda-prelim.xlsx,2025-11,Preliminary monthly average; Medicaid + CHIP MCO enrollment by HHSC SDA [source: state-direct file]
TX,,Medicaid MCO,Wellpoint,Elevance Health,Nueces SDA,6283,,6283,https://www.hhs.texas.gov/sites/default/files/documents/mco-enrollment-by-sda-prelim.xlsx,2025-11,Preliminary monthly average; Medicaid + CHIP MCO enrollment by HHSC SDA [source: state-direct file]
TX,,Medicaid MCO,Wellpoint,Elevance Health,Tarrant SDA,95090,,101516,https://www.hhs.texas.gov/sites/default/files/documents/mco-enrollment-by-sda-prelim.xlsx,2025-11,Preliminary monthly average; Medicaid + CHIP MCO enrollment by HHSC SDA [source: state-direct file]
UT,,Prepaid Mental Health (BHO only (PIHP and/or PAHP)),Bear River Menal Health,Bear River Menal Health,"Box Elder, Cache, and Rich Counties",0,0,0,https://data.medicaid.gov/dataset/0bef7b8a-c663-5b14-9a46-0b5c2b86b0fe/data,2024,-- [source: CMS 2024 Table 5]
UT,,Prepaid Mental Health (BHO only (PIHP and/or PAHP)),Central Utah Counseling Center,Central Utah Counseling Center,"Juab, Millard, Piute, Sanpete, Sevier, and Wayne Counties",0,974,0,https://data.medicaid.gov/dataset/0bef7b8a-c663-5b14-9a46-0b5c2b86b0fe/data,2024,-- [source: CMS 2024 Table 5]
UT,,Prepaid Mental Health (BHO only (PIHP and/or PAHP)),Davis Behavioral Health,Davis Behavioral Health,Davis County,0,0,0,https://data.medicaid.gov/dataset/0bef7b8a-c663-5b14-9a46-0b5c2b86b0fe/data,2024,-- [source: CMS 2024 Table 5]
UT,,Prepaid Mental Health (BHO only (PIHP and/or PAHP)),Four Corners Community Behavioral Health,Four Corners Community Behavioral Health,"Grand, Emery, and Carbon Counties",0,804,0,https://data.medicaid.gov/dataset/0bef7b8a-c663-5b14-9a46-0b5c2b86b0fe/data,2024,-- [source: CMS 2024 Table 5]
UT,,UNI HOME (Comprehensive MCO),HOME,University of Utah Health Plans,"Salt Lake, Utah, Weber, Davis, Tooele, Summit, and Wasatch Counties",828,621,0,https://data.medicaid.gov/dataset/0bef7b8a-c663-5b14-9a46-0b5c2b86b0fe/data,2024,-- [source: CMS 2024 Table 5]
UT,,Choice of Health Care Delivery (Comprehensive MCO),Health Choice,Health Choice Utah,Statewide,0,0,0,https://data.medicaid.gov/dataset/0bef7b8a-c663-5b14-9a46-0b5c2b86b0fe/data,2024,-- [source: CMS 2024 Table 5]
UT,,Utah Medicaid Integrated Care (Comprehensive MCO),Health Choice Integrated,Health Choice Utah,"Salt Lake, Utah, Davis, Weber, and Washington Counties",0,7,0,https://data.medicaid.gov/dataset/0bef7b8a-c663-5b14-9a46-0b5c2b86b0fe/data,2024,-- [source: CMS 2024 Table 5]
UT,,Choice of Health Care Delivery (Comprehensive MCO),Healthy U,University of Utah Health Plans,Statewide,0,0,0,https://data.medicaid.gov/dataset/0bef7b8a-c663-5b14-9a46-0b5c2b86b0fe/data,2024,-- [source: CMS 2024 Table 5]
UT,,Prepaid Mental Health (BHO only (PIHP and/or PAHP)),Healthy U Behavioral Health,University of Utah Health Plans,Summit County,0,89,0,https://data.medicaid.gov/dataset/0bef7b8a-c663-5b14-9a46-0b5c2b86b0fe/data,2024,-- [source: CMS 2024 Table 5]
UT,,Utah Medicaid Integrated Care (Comprehensive MCO),Healthy U Integrated,University of Utah Health Plans,"Salt Lake, Utah, Weber, and Davis Counties",0,18,0,https://data.medicaid.gov/dataset/0bef7b8a-c663-5b14-9a46-0b5c2b86b0fe/data,2024,-- [source: CMS 2024 Table 5]
UT,,Dental (Dental only (PAHP)),MCNA Dental,MCNA Dental,Statewide,0,56,0,https://data.medicaid.gov/dataset/0bef7b8a-c663-5b14-9a46-0b5c2b86b0fe/data,2024,-- [source: CMS 2024 Table 5]
UT,,Transportation (NEMT),Modivcare,"Modivcare, Inc.",Statewide,0,0,0,https://data.medicaid.gov/dataset/0bef7b8a-c663-5b14-9a46-0b5c2b86b0fe/data,2024,-- [source: CMS 2024 Table 5]
UT,,Choice of Health Care Delivery (Comprehensive MCO),Molina,Molina Healthcare,Statewide,0,0,0,https://data.medicaid.gov/dataset/0bef7b8a-c663-5b14-9a46-0b5c2b86b0fe/data,2024,-- [source: CMS 2024 Table 5]
UT,,Utah Medicaid Integrated Care (Comprehensive MCO),Molina Integrated,Molina Healthcare,"Salt Lake, Utah, Davis, Weber, and Washington Counties",0,16,0,https://data.medicaid.gov/dataset/0bef7b8a-c663-5b14-9a46-0b5c2b86b0fe/data,2024,-- [source: CMS 2024 Table 5]
UT,,Prepaid Mental Health (BHO only (PIHP and/or PAHP)),Northeastern Counseling Center,Northeastern Counseling Center,"Duchesne, Uintah, Daggett, and San Juan Counties",0,0,0,https://data.medicaid.gov/dataset/0bef7b8a-c663-5b14-9a46-0b5c2b86b0fe/data,2024,-- [source: CMS 2024 Table 5]
UT,,Dental (Dental only (PAHP)),Premier Access,Avesis Incorporated,Statewide,0,42,0,https://data.medicaid.gov/dataset/0bef7b8a-c663-5b14-9a46-0b5c2b86b0fe/data,2024,-- [source: CMS 2024 Table 5]
UT,,Prepaid Mental Health (BHO only (PIHP and/or PAHP)),Salt Lake County Division of Behavioral Health Services,Salt Lake County Division of Behavioral Health Services,Salt Lake County,0,0,0,https://data.medicaid.gov/dataset/0bef7b8a-c663-5b14-9a46-0b5c2b86b0fe/data,2024,-- [source: CMS 2024 Table 5]
UT,,Choice of Health Care Delivery (Comprehensive MCO),Select Health,"Select Health, Inc.",Statewide,0,0,0,https://data.medicaid.gov/dataset/0bef7b8a-c663-5b14-9a46-0b5c2b86b0fe/data,2024,-- [source: CMS 2024 Table 5]
UT,,Utah Medicaid Integrated Care (Comprehensive MCO),Select Health Integrated,"Select Health, Inc.","Salt Lake, Utah, Davis, Weber, and Washington Counties",0,30,0,https://data.medicaid.gov/dataset/0bef7b8a-c663-5b14-9a46-0b5c2b86b0fe/data,2024,-- [source: CMS 2024 Table 5]
UT,,Prepaid Mental Health (BHO only (PIHP and/or PAHP)),Southwest Behavioral Health Center,Southwest Behavioral Health Center,"Beaver, Garfield, Kane, Iron, and Washington Counties",0,0,0,https://data.medicaid.gov/dataset/0bef7b8a-c663-5b14-9a46-0b5c2b86b0fe/data,2024,-- [source: CMS 2024 Table 5]
UT,,Prepaid Mental Health (BHO only (PIHP and/or PAHP)),United Behavioral Health,United Behavioral Health,Tooele County,0,0,0,https://data.medicaid.gov/dataset/0bef7b8a-c663-5b14-9a46-0b5c2b86b0fe/data,2024,-- [source: CMS 2024 Table 5]
UT,,Prepaid Mental Health (BHO only (PIHP and/or PAHP)),Wasatch Behavioral Health,Wasatch Behavioral Health,Utah County,0,0,0,https://data.medicaid.gov/dataset/0bef7b8a-c663-5b14-9a46-0b5c2b86b0fe/data,2024,-- [source: CMS 2024 Table 5]
UT,,Prepaid Mental Health (BHO only (PIHP and/or PAHP)),Weber Human Services,Weber Human Services,Weber and Morgan Counties,0,0,0,https://data.medicaid.gov/dataset/0bef7b8a-c663-5b14-9a46-0b5c2b86b0fe/data,2024,-- [source: CMS 2024 Table 5]
VA,,Commonwealth Coordinated Care Plus (Comprehensive MCO + MLTSS),Aetna Better Health of Virginia,Aetna,Statewide,0,0,0,https://data.medicaid.gov/dataset/0bef7b8a-c663-5b14-9a46-0b5c2b86b0fe/data,2024,-- [source: CMS 2024 Table 5]
VA,,Medallion 4.0 (Comprehensive MCO),Aetna Better Health of Virginia,"Anthem Insurance Companies, Inc.",Statewide,0,0,0,https://data.medicaid.gov/dataset/0bef7b8a-c663-5b14-9a46-0b5c2b86b0fe/data,2024,-- [source: CMS 2024 Table 5]
VA,,PACE (PACE),All Care for Seniors,Appalachian Agency for Senior Citizens,"24217, 24220, 24224, 24225, 24226, 24228, 24237, 24239, 24256, 24260, 24266, 24269, 24272, 24280, 24377, 24601, 24602, 24603, 24604, 24605, 24606, 24607, 24608, 24609, 24612, 24613, 24614, 24619, 24620, 24622, 24624, 24627, 24628, 24630, 24631, 24634, 24635, 24637, 24639, 24640, 24641, 24646, 24647, 24649, 24651, 24656, 24657, 24658",15,87,102,https://data.medicaid.gov/dataset/0bef7b8a-c663-5b14-9a46-0b5c2b86b0fe/data,2024,-- [source: CMS 2024 Table 5]
VA,,Commonwealth Coordinated Care Plus (Comprehensive MCO + MLTSS),Anthem Healthkeepers,Elevance,Statewide,0,0,0,https://data.medicaid.gov/dataset/0bef7b8a-c663-5b14-9a46-0b5c2b86b0fe/data,2024,-- [source: CMS 2024 Table 5]
VA,,Medallion 4.0 (Comprehensive MCO),Anthem Healthkeepers Plus,Elevance,Statewide,0,0,0,https://data.medicaid.gov/dataset/0bef7b8a-c663-5b14-9a46-0b5c2b86b0fe/data,2024,-- [source: CMS 2024 Table 5]
VA,,PACE (PACE),Centra PACE Farmville,Centra Health,"23002, 23004, 23027, 23040, 23083, 23123, 23824, 23894, 23901, 23909, 23921, 23922, 23923, 23930, 23934, 23936, 23937, 23939, 23941, 23942, 23943, 23947, 23952, 23954, 23955, 23958, 23959, 23960, 23963, 23966, 23974, 23976, 24599",22,104,126,https://data.medicaid.gov/dataset/0bef7b8a-c663-5b14-9a46-0b5c2b86b0fe/data,2024,-- [source: CMS 2024 Table 5]
VA,,PACE (PACE),Centra PACE Gretna,Centra Health,"24054, 24055, 24069, 24078, 24082, 24089, 24102, 24104, 24112, 24137, 24139, 24146, 24148, 24161, 24165, 24168, 24517, 24527, 24528, 24530, 24531, 24540, 24541, 24549, 24557, 24563, 24565, 24566, 24569, 24571, 24586, 24594, 24133, 24176, 24543, 24576",20,68,88,https://data.medicaid.gov/dataset/0bef7b8a-c663-5b14-9a46-0b5c2b86b0fe/data,2024,-- [source: CMS 2024 Table 5]
VA,,PACE (PACE),Centra PACE Lynchburg,Centra Health,"24501, 24502, 24503, 24504, 24521, 24522, 24523, 24536, 24538, 24550, 24551, 24553, 24554, 24556, 24570, 24572, 24574, 24588, 24593",35,139,174,https://data.medicaid.gov/dataset/0bef7b8a-c663-5b14-9a46-0b5c2b86b0fe/data,2024,-- [source: CMS 2024 Table 5]
VA,,PACE (PACE),Cherry Blossom PACE,ConcertoCare of Northern Virginia,"22003, 22015, 22027, 22030, 22031, 22032, 22041, 22042, 22043, 22044, 22046, 22079, 22101, 22102, 22124, 22150, 22151, 22152, 22153, 22180, 22181, 22182, 22201, 22202, 22203, 22204, 22205, 22206, 22207, 22209, 22211, 22213, 22301, 22302, 22303, 22304, 22305, 22310, 22311, 22312, 22314, 22315",13,32,45,https://data.medicaid.gov/dataset/0bef7b8a-c663-5b14-9a46-0b5c2b86b0fe/data,2024,-- [source: CMS 2024 Table 5]
VA,,PACE (PACE),InnovAge Blue Ridge,InnovAge,"22901, 22902, 22903, 22904, 22911, 22920, 22922, 22923, 22931, 22932, 22935, 22936, 22937, 22938, 22940, 22942, 22943, 22946, 22947, 22949, 22958, 22959, 22963, 22964, 22967, 22968, 22969, 22971, 22973, 22974, 22976, 23022, 23024, 23055, 23065, 23084, 23093, 23117, 24464, 24562, 24590",28,231,259,https://data.medicaid.gov/dataset/0bef7b8a-c663-5b14-9a46-0b5c2b86b0fe/data,2024,-- [source: CMS 2024 Table 5]
VA,,PACE (PACE),InnovAge PACE Richmond,InnovAge,"22546, 23005, 23009, 23011, 23015, 23030, 23039, 23047, 23058, 23059, 23060, 23069, 23075, 23086, 23089, 23102, 23103, 23106, 23111, 23116, 23150, 23162, 23192, 23218, 23219, 23220, 23222, 23223, 23229, 23230, 23233, 23242, 23250, 23255, 23288, 23801, 23803, 23804, 23805, 23806, 23830, 23831, 23832, 23833, 23834, 23836 23838, 23840, 23841, 23842, 23850, 23860, 23875, 23882, 23885, 23112, 23113, 23114 23120, 23124, 23129, 23139, 23140, 23141, 23146, 23173, 23181, 23221, 23224, 23225, 23226, 23227, 23228, 23231, 23232, 23234, 23235, 23236 23237, 23238, 23240, 23241, 23249 23260, 23261, 23269, 23273, 23274, 23276, 23278, 23279, 23282, 23284, 23285, 23286, 23289, 23290, 23291, 23293, 23295",45,306,351,https://data.medicaid.gov/dataset/0bef7b8a-c663-5b14-9a46-0b5c2b86b0fe/data,2024,-- [source: CMS 2024 Table 5]
VA,,PACE (PACE),InnovAge Roanoke Valley,InnovAge,"24011, 24012, 24013, 24014, 24015, 24016, 24017, 24018, 24019, 24020, 24059, 24060, 24064, 24065, 24066, 24067, 24070, 24073, 24077, 24079, 24083, 24087, 24090, 24092, 24095, 24101, 24121, 24122, 24138, 24149, 24151, 24153, 24162, 24174, 24175, 24176, 24179, 24184",20,236,256,https://data.medicaid.gov/dataset/0bef7b8a-c663-5b14-9a46-0b5c2b86b0fe/data,2024,-- [source: CMS 2024 Table 5]
VA,,PACE (PACE),InnovAge Virginia PACE/Peninsula,InnovAge,"23602, 23603, 23604, 23606, 23608, 23692, 23693, 23696, 23601, 23605, 23607, 23651, 23661, 23662, 23663, 23664, 23665, 23666, 23669",21,240,261,https://data.medicaid.gov/dataset/0bef7b8a-c663-5b14-9a46-0b5c2b86b0fe/data,2024,-- [source: CMS 2024 Table 5]
VA,,Medallion 4.0 (Comprehensive MCO),Molina Healthcare of Virginia,"Molina Healthcare, Inc.",Statewide,0,414,0,https://data.medicaid.gov/dataset/0bef7b8a-c663-5b14-9a46-0b5c2b86b0fe/data,2024,-- [source: CMS 2024 Table 5]
VA,,Commonwealth Coordinated Care Plus (Comprehensive MCO + MLTSS),"Molina Healthcare of Virginia, LLC",Molina Healthcare,Statewide,0,0,0,https://data.medicaid.gov/dataset/0bef7b8a-c663-5b14-9a46-0b5c2b86b0fe/data,2024,-- [source: CMS 2024 Table 5]
VA,,PACE (PACE),Mountain Empire PACE,"Mountain Empire Older Citizens, Inc.","24215, 24216, 24218, 24219, 24221, 24230, 24243, 24244, 24245, 24246, 24248, 24250, 24251, 24258, 24263, 24265, 24271, 24273, 24277, 24279, 24281, 24282, 24283, 24290, 24293",8,91,99,https://data.medicaid.gov/dataset/0bef7b8a-c663-5b14-9a46-0b5c2b86b0fe/data,2024,-- [source: CMS 2024 Table 5]
VA,,PACE (PACE),Mt. Rogers PACE,Appalachian Agency for Senior Citizens,"Serves the counties of Bland, Smyth, Wythe and Washington and the city of Bristol",3,50,53,https://data.medicaid.gov/dataset/0bef7b8a-c663-5b14-9a46-0b5c2b86b0fe/data,2024,-- [source: CMS 2024 Table 5]
VA,,Medallion 4.0 (Comprehensive MCO),Sentara Health Plans,Sentara Healthcare,Statewide,0,0,0,https://data.medicaid.gov/dataset/0bef7b8a-c663-5b14-9a46-0b5c2b86b0fe/data,2024,-- [source: CMS 2024 Table 5]
VA,,Commonwealth Coordinated Care Plus (Comprehensive MCO + MLTSS),Sentara Health Plans ,Sentara Health Plans,Statewide,0,0,0,https://data.medicaid.gov/dataset/0bef7b8a-c663-5b14-9a46-0b5c2b86b0fe/data,2024,-- [source: CMS 2024 Table 5]
VA,,PACE (PACE),Sentara PACE Churchland,Sentara Health Plans,"23320, 23321, 23322, 23323, 23324, 23325, 23432, 23433, 23434, 23435, 23436, 23437, 23438, 23701, 23702, 23703, 23704, 23707, 23709, 23314, 23315, ?23430, 23487, 23846, 23851, 23883, 23898",4,95,99,https://data.medicaid.gov/dataset/0bef7b8a-c663-5b14-9a46-0b5c2b86b0fe/data,2024,-- [source: CMS 2024 Table 5]
VA,,PACE (PACE),Sentara PACE/ Norfolk,Sentara Health Plans,"23451, 23452, 23453, 23454, 23455, 23456, 23457, 23459, 23460, 23461, 23462, 23463, 23464, 23502, 23503, 23504, 23505, 23507, 23508, 23509, 23510, 23511, 23513, 23517, 23518, 23521, 23523, 23529",21,132,153,https://data.medicaid.gov/dataset/0bef7b8a-c663-5b14-9a46-0b5c2b86b0fe/data,2024,-- [source: CMS 2024 Table 5]
VA,,Commonwealth Coordinated Care Plus (Comprehensive MCO + MLTSS),UnitedHealthcare,UnitedHealthcare,Statewide,0,0,0,https://data.medicaid.gov/dataset/0bef7b8a-c663-5b14-9a46-0b5c2b86b0fe/data,2024,-- [source: CMS 2024 Table 5]
VA,,Medallion 4.0 (Comprehensive MCO),UnitedHealthcare of the Mid-Atlantic,UnitedHealthcare,Statewide,0,853,0,https://data.medicaid.gov/dataset/0bef7b8a-c663-5b14-9a46-0b5c2b86b0fe/data,2024,-- [source: CMS 2024 Table 5]
WA,Adams,Medicaid MCO - FIMC,Amerigroup/Wellpoint Washington,Elevance Health,,4197,,4197,https://www.hca.wa.gov/assets/program/planbyprogram.xlsx,2026-03,[source: state-direct file]
WA,Asotin,Medicaid MCO - FIMC,Amerigroup/Wellpoint Washington,Elevance Health,,249,,249,https://www.hca.wa.gov/assets/program/planbyprogram.xlsx,2026-03,[source: state-direct file]
WA,Benton,Medicaid MCO - FIMC,Amerigroup/Wellpoint Washington,Elevance Health,,4466,,4466,https://www.hca.wa.gov/assets/program/planbyprogram.xlsx,2026-03,[source: state-direct file]
WA,Chelan,Medicaid MCO - FIMC,Amerigroup/Wellpoint Washington,Elevance Health,,740,,740,https://www.hca.wa.gov/assets/program/planbyprogram.xlsx,2026-03,[source: state-direct file]
WA,Clallam,Medicaid MCO - FIMC,Amerigroup/Wellpoint Washington,Elevance Health,,1579,,1579,https://www.hca.wa.gov/assets/program/planbyprogram.xlsx,2026-03,[source: state-direct file]
WA,Clark,Medicaid MCO - FIMC,Amerigroup/Wellpoint Washington,Elevance Health,,4055,,4055,https://www.hca.wa.gov/assets/program/planbyprogram.xlsx,2026-03,[source: state-direct file]
WA,Columbia,Medicaid MCO - FIMC,Amerigroup/Wellpoint Washington,Elevance Health,,31,,31,https://www.hca.wa.gov/assets/program/planbyprogram.xlsx,2026-03,[source: state-direct file]
WA,Cowlitz,Medicaid MCO - FIMC,Amerigroup/Wellpoint Washington,Elevance Health,,1979,,1979,https://www.hca.wa.gov/assets/program/planbyprogram.xlsx,2026-03,[source: state-direct file]
WA,Douglas,Medicaid MCO - FIMC,Amerigroup/Wellpoint Washington,Elevance Health,,404,,404,https://www.hca.wa.gov/assets/program/planbyprogram.xlsx,2026-03,[source: state-direct file]
WA,Ferry,Medicaid MCO - FIMC,Amerigroup/Wellpoint Washington,Elevance Health,,201,,201,https://www.hca.wa.gov/assets/program/planbyprogram.xlsx,2026-03,[source: state-direct file]
WA,Franklin,Medicaid MCO - FIMC,Amerigroup/Wellpoint Washington,Elevance Health,,2651,,2651,https://www.hca.wa.gov/assets/program/planbyprogram.xlsx,2026-03,[source: state-direct file]
WA,Garfield,Medicaid MCO - FIMC,Amerigroup/Wellpoint Washington,Elevance Health,,32,,32,https://www.hca.wa.gov/assets/program/planbyprogram.xlsx,2026-03,[source: state-direct file]
WA,Grant,Medicaid MCO - FIMC,Amerigroup/Wellpoint Washington,Elevance Health,,3247,,3247,https://www.hca.wa.gov/assets/program/planbyprogram.xlsx,2026-03,[source: state-direct file]
WA,Grays Harbor,Medicaid MCO - FIMC,Amerigroup/Wellpoint Washington,Elevance Health,,9298,,9298,https://www.hca.wa.gov/assets/program/planbyprogram.xlsx,2026-03,[source: state-direct file]
WA,Island,Medicaid MCO - FIMC,Amerigroup/Wellpoint Washington,Elevance Health,,1235,,1235,https://www.hca.wa.gov/assets/program/planbyprogram.xlsx,2026-03,[source: state-direct file]
WA,Jefferson,Medicaid MCO - FIMC,Amerigroup/Wellpoint Washington,Elevance Health,,1956,,1956,https://www.hca.wa.gov/assets/program/planbyprogram.xlsx,2026-03,[source: state-direct file]
WA,King,Medicaid MCO - FIMC,Amerigroup/Wellpoint Washington,Elevance Health,,29209,,29209,https://www.hca.wa.gov/assets/program/planbyprogram.xlsx,2026-03,[source: state-direct file]
WA,Kitsap,Medicaid MCO - FIMC,Amerigroup/Wellpoint Washington,Elevance Health,,4644,,4644,https://www.hca.wa.gov/assets/program/planbyprogram.xlsx,2026-03,[source: state-direct file]
WA,Kittitas,Medicaid MCO - FIMC,Amerigroup/Wellpoint Washington,Elevance Health,,707,,707,https://www.hca.wa.gov/assets/program/planbyprogram.xlsx,2026-03,[source: state-direct file]
WA,Klickitat,Medicaid MCO - FIMC,Amerigroup/Wellpoint Washington,Elevance Health,,1263,,1263,https://www.hca.wa.gov/assets/program/planbyprogram.xlsx,2026-03,[source: state-direct file]
WA,Lewis,Medicaid MCO - FIMC,Amerigroup/Wellpoint Washington,Elevance Health,,1573,,1573,https://www.hca.wa.gov/assets/program/planbyprogram.xlsx,2026-03,[source: state-direct file]
WA,Lincoln,Medicaid MCO - FIMC,Amerigroup/Wellpoint Washington,Elevance Health,,306,,306,https://www.hca.wa.gov/assets/program/planbyprogram.xlsx,2026-03,[source: state-direct file]
WA,Mason,Medicaid MCO - FIMC,Amerigroup/Wellpoint Washington,Elevance Health,,2778,,2778,https://www.hca.wa.gov/assets/program/planbyprogram.xlsx,2026-03,[source: state-direct file]
WA,Okanogan,Medicaid MCO - FIMC,Amerigroup/Wellpoint Washington,Elevance Health,,1052,,1052,https://www.hca.wa.gov/assets/program/planbyprogram.xlsx,2026-03,[source: state-direct file]
WA,Pacific,Medicaid MCO - FIMC,Amerigroup/Wellpoint Washington,Elevance Health,,765,,765,https://www.hca.wa.gov/assets/program/planbyprogram.xlsx,2026-03,[source: state-direct file]
WA,Pend Oreille,Medicaid MCO - FIMC,Amerigroup/Wellpoint Washington,Elevance Health,,973,,973,https://www.hca.wa.gov/assets/program/planbyprogram.xlsx,2026-03,[source: state-direct file]
WA,Pierce,Medicaid MCO - FIMC,Amerigroup/Wellpoint Washington,Elevance Health,,17773,,17773,https://www.hca.wa.gov/assets/program/planbyprogram.xlsx,2026-03,[source: state-direct file]
WA,San Juan,Medicaid MCO - FIMC,Amerigroup/Wellpoint Washington,Elevance Health,,187,,187,https://www.hca.wa.gov/assets/program/planbyprogram.xlsx,2026-03,[source: state-direct file]
WA,Skagit,Medicaid MCO - FIMC,Amerigroup/Wellpoint Washington,Elevance Health,,2144,,2144,https://www.hca.wa.gov/assets/program/planbyprogram.xlsx,2026-03,[source: state-direct file]
WA,Skamania,Medicaid MCO - FIMC,Amerigroup/Wellpoint Washington,Elevance Health,,51,,51,https://www.hca.wa.gov/assets/program/planbyprogram.xlsx,2026-03,[source: state-direct file]
WA,Snohomish,Medicaid MCO - FIMC,Amerigroup/Wellpoint Washington,Elevance Health,,7594,,7594,https://www.hca.wa.gov/assets/program/planbyprogram.xlsx,2026-03,[source: state-direct file]
WA,Spokane,Medicaid MCO - FIMC,Amerigroup/Wellpoint Washington,Elevance Health,,21029,,21029,https://www.hca.wa.gov/assets/program/planbyprogram.xlsx,2026-03,[source: state-direct file]
WA,Stevens,Medicaid MCO - FIMC,Amerigroup/Wellpoint Washington,Elevance Health,,1506,,1506,https://www.hca.wa.gov/assets/program/planbyprogram.xlsx,2026-03,[source: state-direct file]
WA,Thurston,Medicaid MCO - FIMC,Amerigroup/Wellpoint Washington,Elevance Health,,6425,,6425,https://www.hca.wa.gov/assets/program/planbyprogram.xlsx,2026-03,[source: state-direct file]
WA,Wahkiakum,Medicaid MCO - FIMC,Amerigroup/Wellpoint Washington,Elevance Health,,62,,62,https://www.hca.wa.gov/assets/program/planbyprogram.xlsx,2026-03,[source: state-direct file]
WA,Walla Walla,Medicaid MCO - FIMC,Amerigroup/Wellpoint Washington,Elevance Health,,487,,487,https://www.hca.wa.gov/assets/program/planbyprogram.xlsx,2026-03,[source: state-direct file]
WA,Whatcom,Medicaid MCO - FIMC,Amerigroup/Wellpoint Washington,Elevance Health,,1065,,1065,https://www.hca.wa.gov/assets/program/planbyprogram.xlsx,2026-03,[source: state-direct file]
WA,Whitman,Medicaid MCO - FIMC,Amerigroup/Wellpoint Washington,Elevance Health,,616,,616,https://www.hca.wa.gov/assets/program/planbyprogram.xlsx,2026-03,[source: state-direct file]
WA,Yakima,Medicaid MCO - FIMC,Amerigroup/Wellpoint Washington,Elevance Health,,2282,,2282,https://www.hca.wa.gov/assets/program/planbyprogram.xlsx,2026-03,[source: state-direct file]
WA,Adams,Medicaid MCO - FIMC,Community Health Plan of Washington,Community Health Plan of Washington,,1319,,1319,https://www.hca.wa.gov/assets/program/planbyprogram.xlsx,2026-03,[source: state-direct file]
WA,Asotin,Medicaid MCO - FIMC,Community Health Plan of Washington,Community Health Plan of Washington,,544,,544,https://www.hca.wa.gov/assets/program/planbyprogram.xlsx,2026-03,[source: state-direct file]
WA,Benton,Medicaid MCO - FIMC,Community Health Plan of Washington,Community Health Plan of Washington,,16045,,16045,https://www.hca.wa.gov/assets/program/planbyprogram.xlsx,2026-03,[source: state-direct file]
WA,Chelan,Medicaid MCO - FIMC,Community Health Plan of Washington,Community Health Plan of Washington,,1480,,1480,https://www.hca.wa.gov/assets/program/planbyprogram.xlsx,2026-03,[source: state-direct file]
WA,Clallam,Medicaid MCO - FIMC,Community Health Plan of Washington,Community Health Plan of Washington,,1509,,1509,https://www.hca.wa.gov/assets/program/planbyprogram.xlsx,2026-03,[source: state-direct file]
WA,Clark,Medicaid MCO - FIMC,Community Health Plan of Washington,Community Health Plan of Washington,,13922,,13922,https://www.hca.wa.gov/assets/program/planbyprogram.xlsx,2026-03,[source: state-direct file]
WA,Columbia,Medicaid MCO - FIMC,Community Health Plan of Washington,Community Health Plan of Washington,,98,,98,https://www.hca.wa.gov/assets/program/planbyprogram.xlsx,2026-03,[source: state-direct file]
WA,Cowlitz,Medicaid MCO - FIMC,Community Health Plan of Washington,Community Health Plan of Washington,,2088,,2088,https://www.hca.wa.gov/assets/program/planbyprogram.xlsx,2026-03,[source: state-direct file]
WA,Douglas,Medicaid MCO - FIMC,Community Health Plan of Washington,Community Health Plan of Washington,,715,,715,https://www.hca.wa.gov/assets/program/planbyprogram.xlsx,2026-03,[source: state-direct file]
WA,Ferry,Medicaid MCO - FIMC,Community Health Plan of Washington,Community Health Plan of Washington,,499,,499,https://www.hca.wa.gov/assets/program/planbyprogram.xlsx,2026-03,[source: state-direct file]
WA,Franklin,Medicaid MCO - FIMC,Community Health Plan of Washington,Community Health Plan of Washington,,10354,,10354,https://www.hca.wa.gov/assets/program/planbyprogram.xlsx,2026-03,[source: state-direct file]
WA,Garfield,Medicaid MCO - FIMC,Community Health Plan of Washington,Community Health Plan of Washington,,26,,26,https://www.hca.wa.gov/assets/program/planbyprogram.xlsx,2026-03,[source: state-direct file]
WA,Grant,Medicaid MCO - FIMC,Community Health Plan of Washington,Community Health Plan of Washington,,5626,,5626,https://www.hca.wa.gov/assets/program/planbyprogram.xlsx,2026-03,[source: state-direct file]
WA,Grays Harbor,Medicaid MCO - FIMC,Community Health Plan of Washington,Community Health Plan of Washington,,895,,895,https://www.hca.wa.gov/assets/program/planbyprogram.xlsx,2026-03,[source: state-direct file]
WA,Island,Medicaid MCO - FIMC,Community Health Plan of Washington,Community Health Plan of Washington,,4357,,4357,https://www.hca.wa.gov/assets/program/planbyprogram.xlsx,2026-03,[source: state-direct file]
WA,Jefferson,Medicaid MCO - FIMC,Community Health Plan of Washington,Community Health Plan of Washington,,438,,438,https://www.hca.wa.gov/assets/program/planbyprogram.xlsx,2026-03,[source: state-direct file]
WA,King,Medicaid MCO - FIMC,Community Health Plan of Washington,Community Health Plan of Washington,,63602,,63602,https://www.hca.wa.gov/assets/program/planbyprogram.xlsx,2026-03,[source: state-direct file]
WA,Kitsap,Medicaid MCO - FIMC,Community Health Plan of Washington,Community Health Plan of Washington,,3579,,3579,https://www.hca.wa.gov/assets/program/planbyprogram.xlsx,2026-03,[source: state-direct file]
WA,Kittitas,Medicaid MCO - FIMC,Community Health Plan of Washington,Community Health Plan of Washington,,1831,,1831,https://www.hca.wa.gov/assets/program/planbyprogram.xlsx,2026-03,[source: state-direct file]
WA,Klickitat,Medicaid MCO - FIMC,Community Health Plan of Washington,Community Health Plan of Washington,,1690,,1690,https://www.hca.wa.gov/assets/program/planbyprogram.xlsx,2026-03,[source: state-direct file]
WA,Lewis,Medicaid MCO - FIMC,Community Health Plan of Washington,Community Health Plan of Washington,,1794,,1794,https://www.hca.wa.gov/assets/program/planbyprogram.xlsx,2026-03,[source: state-direct file]
WA,Lincoln,Medicaid MCO - FIMC,Community Health Plan of Washington,Community Health Plan of Washington,,445,,445,https://www.hca.wa.gov/assets/program/planbyprogram.xlsx,2026-03,[source: state-direct file]
WA,Mason,Medicaid MCO - FIMC,Community Health Plan of Washington,Community Health Plan of Washington,,1166,,1166,https://www.hca.wa.gov/assets/program/planbyprogram.xlsx,2026-03,[source: state-direct file]
WA,Okanogan,Medicaid MCO - FIMC,Community Health Plan of Washington,Community Health Plan of Washington,,1516,,1516,https://www.hca.wa.gov/assets/program/planbyprogram.xlsx,2026-03,[source: state-direct file]
WA,Pacific,Medicaid MCO - FIMC,Community Health Plan of Washington,Community Health Plan of Washington,,339,,339,https://www.hca.wa.gov/assets/program/planbyprogram.xlsx,2026-03,[source: state-direct file]
WA,Pend Oreille,Medicaid MCO - FIMC,Community Health Plan of Washington,Community Health Plan of Washington,,453,,453,https://www.hca.wa.gov/assets/program/planbyprogram.xlsx,2026-03,[source: state-direct file]
WA,Pierce,Medicaid MCO - FIMC,Community Health Plan of Washington,Community Health Plan of Washington,,15487,,15487,https://www.hca.wa.gov/assets/program/planbyprogram.xlsx,2026-03,[source: state-direct file]
WA,San Juan,Medicaid MCO - FIMC,Community Health Plan of Washington,Community Health Plan of Washington,,580,,580,https://www.hca.wa.gov/assets/program/planbyprogram.xlsx,2026-03,[source: state-direct file]
WA,Skagit,Medicaid MCO - FIMC,Community Health Plan of Washington,Community Health Plan of Washington,,6980,,6980,https://www.hca.wa.gov/assets/program/planbyprogram.xlsx,2026-03,[source: state-direct file]
WA,Skamania,Medicaid MCO - FIMC,Community Health Plan of Washington,Community Health Plan of Washington,,477,,477,https://www.hca.wa.gov/assets/program/planbyprogram.xlsx,2026-03,[source: state-direct file]
WA,Snohomish,Medicaid MCO - FIMC,Community Health Plan of Washington,Community Health Plan of Washington,,26440,,26440,https://www.hca.wa.gov/assets/program/planbyprogram.xlsx,2026-03,[source: state-direct file]
WA,Spokane,Medicaid MCO - FIMC,Community Health Plan of Washington,Community Health Plan of Washington,,31975,,31975,https://www.hca.wa.gov/assets/program/planbyprogram.xlsx,2026-03,[source: state-direct file]
WA,Stevens,Medicaid MCO - FIMC,Community Health Plan of Washington,Community Health Plan of Washington,,4471,,4471,https://www.hca.wa.gov/assets/program/planbyprogram.xlsx,2026-03,[source: state-direct file]
WA,Thurston,Medicaid MCO - FIMC,Community Health Plan of Washington,Community Health Plan of Washington,,4861,,4861,https://www.hca.wa.gov/assets/program/planbyprogram.xlsx,2026-03,[source: state-direct file]
WA,Wahkiakum,Medicaid MCO - FIMC,Community Health Plan of Washington,Community Health Plan of Washington,,72,,72,https://www.hca.wa.gov/assets/program/planbyprogram.xlsx,2026-03,[source: state-direct file]
WA,Walla Walla,Medicaid MCO - FIMC,Community Health Plan of Washington,Community Health Plan of Washington,,2250,,2250,https://www.hca.wa.gov/assets/program/planbyprogram.xlsx,2026-03,[source: state-direct file]
WA,Whatcom,Medicaid MCO - FIMC,Community Health Plan of Washington,Community Health Plan of Washington,,5247,,5247,https://www.hca.wa.gov/assets/program/planbyprogram.xlsx,2026-03,[source: state-direct file]
WA,Whitman,Medicaid MCO - FIMC,Community Health Plan of Washington,Community Health Plan of Washington,,1167,,1167,https://www.hca.wa.gov/assets/program/planbyprogram.xlsx,2026-03,[source: state-direct file]
WA,Yakima,Medicaid MCO - FIMC,Community Health Plan of Washington,Community Health Plan of Washington,,34197,,34197,https://www.hca.wa.gov/assets/program/planbyprogram.xlsx,2026-03,[source: state-direct file]
WA,Adams,Medicaid MCO - FIMC,Coordinated Care of Washington,Centene,,773,,773,https://www.hca.wa.gov/assets/program/planbyprogram.xlsx,2026-03,[source: state-direct file]
WA,Asotin,Medicaid MCO - FIMC,Coordinated Care of Washington,Centene,,284,,284,https://www.hca.wa.gov/assets/program/planbyprogram.xlsx,2026-03,[source: state-direct file]
WA,Benton,Medicaid MCO - FIMC,Coordinated Care of Washington,Centene,,10335,,10335,https://www.hca.wa.gov/assets/program/planbyprogram.xlsx,2026-03,[source: state-direct file]
WA,Chelan,Medicaid MCO - FIMC,Coordinated Care of Washington,Centene,,5018,,5018,https://www.hca.wa.gov/assets/program/planbyprogram.xlsx,2026-03,[source: state-direct file]
WA,Clallam,Medicaid MCO - FIMC,Coordinated Care of Washington,Centene,,707,,707,https://www.hca.wa.gov/assets/program/planbyprogram.xlsx,2026-03,[source: state-direct file]
WA,Clark,Medicaid MCO - FIMC,Coordinated Care of Washington,Centene,,4388,,4388,https://www.hca.wa.gov/assets/program/planbyprogram.xlsx,2026-03,[source: state-direct file]
WA,Columbia,Medicaid MCO - FIMC,Coordinated Care of Washington,Centene,,53,,53,https://www.hca.wa.gov/assets/program/planbyprogram.xlsx,2026-03,[source: state-direct file]
WA,Cowlitz,Medicaid MCO - FIMC,Coordinated Care of Washington,Centene,,839,,839,https://www.hca.wa.gov/assets/program/planbyprogram.xlsx,2026-03,[source: state-direct file]
WA,Douglas,Medicaid MCO - FIMC,Coordinated Care of Washington,Centene,,2415,,2415,https://www.hca.wa.gov/assets/program/planbyprogram.xlsx,2026-03,[source: state-direct file]
WA,Ferry,Medicaid MCO - FIMC,Coordinated Care of Washington,Centene,,78,,78,https://www.hca.wa.gov/assets/program/planbyprogram.xlsx,2026-03,[source: state-direct file]
WA,Franklin,Medicaid MCO - FIMC,Coordinated Care of Washington,Centene,,5551,,5551,https://www.hca.wa.gov/assets/program/planbyprogram.xlsx,2026-03,[source: state-direct file]
WA,Garfield,Medicaid MCO - FIMC,Coordinated Care of Washington,Centene,,11,,11,https://www.hca.wa.gov/assets/program/planbyprogram.xlsx,2026-03,[source: state-direct file]
WA,Grant,Medicaid MCO - FIMC,Coordinated Care of Washington,Centene,,4452,,4452,https://www.hca.wa.gov/assets/program/planbyprogram.xlsx,2026-03,[source: state-direct file]
WA,Grays Harbor,Medicaid MCO - FIMC,Coordinated Care of Washington,Centene,,572,,572,https://www.hca.wa.gov/assets/program/planbyprogram.xlsx,2026-03,[source: state-direct file]
WA,Island,Medicaid MCO - FIMC,Coordinated Care of Washington,Centene,,2547,,2547,https://www.hca.wa.gov/assets/program/planbyprogram.xlsx,2026-03,[source: state-direct file]
WA,Jefferson,Medicaid MCO - FIMC,Coordinated Care of Washington,Centene,,377,,377,https://www.hca.wa.gov/assets/program/planbyprogram.xlsx,2026-03,[source: state-direct file]
WA,King,Medicaid MCO - FIMC,Coordinated Care of Washington,Centene,,40603,,40603,https://www.hca.wa.gov/assets/program/planbyprogram.xlsx,2026-03,[source: state-direct file]
WA,Kitsap,Medicaid MCO - FIMC,Coordinated Care of Washington,Centene,,2632,,2632,https://www.hca.wa.gov/assets/program/planbyprogram.xlsx,2026-03,[source: state-direct file]
WA,Kittitas,Medicaid MCO - FIMC,Coordinated Care of Washington,Centene,,1300,,1300,https://www.hca.wa.gov/assets/program/planbyprogram.xlsx,2026-03,[source: state-direct file]
WA,Klickitat,Medicaid MCO - FIMC,Coordinated Care of Washington,Centene,,301,,301,https://www.hca.wa.gov/assets/program/planbyprogram.xlsx,2026-03,[source: state-direct file]
WA,Lewis,Medicaid MCO - FIMC,Coordinated Care of Washington,Centene,,905,,905,https://www.hca.wa.gov/assets/program/planbyprogram.xlsx,2026-03,[source: state-direct file]
WA,Lincoln,Medicaid MCO - FIMC,Coordinated Care of Washington,Centene,,139,,139,https://www.hca.wa.gov/assets/program/planbyprogram.xlsx,2026-03,[source: state-direct file]
WA,Mason,Medicaid MCO - FIMC,Coordinated Care of Washington,Centene,,820,,820,https://www.hca.wa.gov/assets/program/planbyprogram.xlsx,2026-03,[source: state-direct file]
WA,Okanogan,Medicaid MCO - FIMC,Coordinated Care of Washington,Centene,,1003,,1003,https://www.hca.wa.gov/assets/program/planbyprogram.xlsx,2026-03,[source: state-direct file]
WA,Pacific,Medicaid MCO - FIMC,Coordinated Care of Washington,Centene,,218,,218,https://www.hca.wa.gov/assets/program/planbyprogram.xlsx,2026-03,[source: state-direct file]
WA,Pend Oreille,Medicaid MCO - FIMC,Coordinated Care of Washington,Centene,,152,,152,https://www.hca.wa.gov/assets/program/planbyprogram.xlsx,2026-03,[source: state-direct file]
WA,Pierce,Medicaid MCO - FIMC,Coordinated Care of Washington,Centene,,22609,,22609,https://www.hca.wa.gov/assets/program/planbyprogram.xlsx,2026-03,[source: state-direct file]
WA,San Juan,Medicaid MCO - FIMC,Coordinated Care of Washington,Centene,,144,,144,https://www.hca.wa.gov/assets/program/planbyprogram.xlsx,2026-03,[source: state-direct file]
WA,Skagit,Medicaid MCO - FIMC,Coordinated Care of Washington,Centene,,2960,,2960,https://www.hca.wa.gov/assets/program/planbyprogram.xlsx,2026-03,[source: state-direct file]
WA,Skamania,Medicaid MCO - FIMC,Coordinated Care of Washington,Centene,,30,,30,https://www.hca.wa.gov/assets/program/planbyprogram.xlsx,2026-03,[source: state-direct file]
WA,Snohomish,Medicaid MCO - FIMC,Coordinated Care of Washington,Centene,,28513,,28513,https://www.hca.wa.gov/assets/program/planbyprogram.xlsx,2026-03,[source: state-direct file]
WA,Spokane,Medicaid MCO - FIMC,Coordinated Care of Washington,Centene,,8927,,8927,https://www.hca.wa.gov/assets/program/planbyprogram.xlsx,2026-03,[source: state-direct file]
WA,Stevens,Medicaid MCO - FIMC,Coordinated Care of Washington,Centene,,543,,543,https://www.hca.wa.gov/assets/program/planbyprogram.xlsx,2026-03,[source: state-direct file]
WA,Thurston,Medicaid MCO - FIMC,Coordinated Care of Washington,Centene,,3469,,3469,https://www.hca.wa.gov/assets/program/planbyprogram.xlsx,2026-03,[source: state-direct file]
WA,Wahkiakum,Medicaid MCO - FIMC,Coordinated Care of Washington,Centene,,35,,35,https://www.hca.wa.gov/assets/program/planbyprogram.xlsx,2026-03,[source: state-direct file]
WA,Walla Walla,Medicaid MCO - FIMC,Coordinated Care of Washington,Centene,,1424,,1424,https://www.hca.wa.gov/assets/program/planbyprogram.xlsx,2026-03,[source: state-direct file]
WA,Whatcom,Medicaid MCO - FIMC,Coordinated Care of Washington,Centene,,1933,,1933,https://www.hca.wa.gov/assets/program/planbyprogram.xlsx,2026-03,[source: state-direct file]
WA,Whitman,Medicaid MCO - FIMC,Coordinated Care of Washington,Centene,,686,,686,https://www.hca.wa.gov/assets/program/planbyprogram.xlsx,2026-03,[source: state-direct file]
WA,Yakima,Medicaid MCO - FIMC,Coordinated Care of Washington,Centene,,38032,,38032,https://www.hca.wa.gov/assets/program/planbyprogram.xlsx,2026-03,[source: state-direct file]
WA,Adams,Medicaid MCO - FIMC,Molina Healthcare of Washington,Molina Healthcare,,2180,,2180,https://www.hca.wa.gov/assets/program/planbyprogram.xlsx,2026-03,[source: state-direct file]
WA,Asotin,Medicaid MCO - FIMC,Molina Healthcare of Washington,Molina Healthcare,,4385,,4385,https://www.hca.wa.gov/assets/program/planbyprogram.xlsx,2026-03,[source: state-direct file]
WA,Benton,Medicaid MCO - FIMC,Molina Healthcare of Washington,Molina Healthcare,,22743,,22743,https://www.hca.wa.gov/assets/program/planbyprogram.xlsx,2026-03,[source: state-direct file]
WA,Chelan,Medicaid MCO - FIMC,Molina Healthcare of Washington,Molina Healthcare,,12453,,12453,https://www.hca.wa.gov/assets/program/planbyprogram.xlsx,2026-03,[source: state-direct file]
WA,Clallam,Medicaid MCO - FIMC,Molina Healthcare of Washington,Molina Healthcare,,7688,,7688,https://www.hca.wa.gov/assets/program/planbyprogram.xlsx,2026-03,[source: state-direct file]
WA,Clark,Medicaid MCO - FIMC,Molina Healthcare of Washington,Molina Healthcare,,85143,,85143,https://www.hca.wa.gov/assets/program/planbyprogram.xlsx,2026-03,[source: state-direct file]
WA,Columbia,Medicaid MCO - FIMC,Molina Healthcare of Washington,Molina Healthcare,,571,,571,https://www.hca.wa.gov/assets/program/planbyprogram.xlsx,2026-03,[source: state-direct file]
WA,Cowlitz,Medicaid MCO - FIMC,Molina Healthcare of Washington,Molina Healthcare,,21794,,21794,https://www.hca.wa.gov/assets/program/planbyprogram.xlsx,2026-03,[source: state-direct file]
WA,Douglas,Medicaid MCO - FIMC,Molina Healthcare of Washington,Molina Healthcare,,7420,,7420,https://www.hca.wa.gov/assets/program/planbyprogram.xlsx,2026-03,[source: state-direct file]
WA,Ferry,Medicaid MCO - FIMC,Molina Healthcare of Washington,Molina Healthcare,,951,,951,https://www.hca.wa.gov/assets/program/planbyprogram.xlsx,2026-03,[source: state-direct file]
WA,Franklin,Medicaid MCO - FIMC,Molina Healthcare of Washington,Molina Healthcare,,12855,,12855,https://www.hca.wa.gov/assets/program/planbyprogram.xlsx,2026-03,[source: state-direct file]
WA,Garfield,Medicaid MCO - FIMC,Molina Healthcare of Washington,Molina Healthcare,,335,,335,https://www.hca.wa.gov/assets/program/planbyprogram.xlsx,2026-03,[source: state-direct file]
WA,Grant,Medicaid MCO - FIMC,Molina Healthcare of Washington,Molina Healthcare,,20837,,20837,https://www.hca.wa.gov/assets/program/planbyprogram.xlsx,2026-03,[source: state-direct file]
WA,Grays Harbor,Medicaid MCO - FIMC,Molina Healthcare of Washington,Molina Healthcare,,7650,,7650,https://www.hca.wa.gov/assets/program/planbyprogram.xlsx,2026-03,[source: state-direct file]
WA,Island,Medicaid MCO - FIMC,Molina Healthcare of Washington,Molina Healthcare,,2374,,2374,https://www.hca.wa.gov/assets/program/planbyprogram.xlsx,2026-03,[source: state-direct file]
WA,Jefferson,Medicaid MCO - FIMC,Molina Healthcare of Washington,Molina Healthcare,,1609,,1609,https://www.hca.wa.gov/assets/program/planbyprogram.xlsx,2026-03,[source: state-direct file]
WA,King,Medicaid MCO - FIMC,Molina Healthcare of Washington,Molina Healthcare,,159244,,159244,https://www.hca.wa.gov/assets/program/planbyprogram.xlsx,2026-03,[source: state-direct file]
WA,Kitsap,Medicaid MCO - FIMC,Molina Healthcare of Washington,Molina Healthcare,,22157,,22157,https://www.hca.wa.gov/assets/program/planbyprogram.xlsx,2026-03,[source: state-direct file]
WA,Kittitas,Medicaid MCO - FIMC,Molina Healthcare of Washington,Molina Healthcare,,4339,,4339,https://www.hca.wa.gov/assets/program/planbyprogram.xlsx,2026-03,[source: state-direct file]
WA,Klickitat,Medicaid MCO - FIMC,Molina Healthcare of Washington,Molina Healthcare,,1936,,1936,https://www.hca.wa.gov/assets/program/planbyprogram.xlsx,2026-03,[source: state-direct file]
WA,Lewis,Medicaid MCO - FIMC,Molina Healthcare of Washington,Molina Healthcare,,15565,,15565,https://www.hca.wa.gov/assets/program/planbyprogram.xlsx,2026-03,[source: state-direct file]
WA,Lincoln,Medicaid MCO - FIMC,Molina Healthcare of Washington,Molina Healthcare,,2016,,2016,https://www.hca.wa.gov/assets/program/planbyprogram.xlsx,2026-03,[source: state-direct file]
WA,Mason,Medicaid MCO - FIMC,Molina Healthcare of Washington,Molina Healthcare,,8360,,8360,https://www.hca.wa.gov/assets/program/planbyprogram.xlsx,2026-03,[source: state-direct file]
WA,Okanogan,Medicaid MCO - FIMC,Molina Healthcare of Washington,Molina Healthcare,,9114,,9114,https://www.hca.wa.gov/assets/program/planbyprogram.xlsx,2026-03,[source: state-direct file]
WA,Pacific,Medicaid MCO - FIMC,Molina Healthcare of Washington,Molina Healthcare,,2661,,2661,https://www.hca.wa.gov/assets/program/planbyprogram.xlsx,2026-03,[source: state-direct file]
WA,Pend Oreille,Medicaid MCO - FIMC,Molina Healthcare of Washington,Molina Healthcare,,2486,,2486,https://www.hca.wa.gov/assets/program/planbyprogram.xlsx,2026-03,[source: state-direct file]
WA,Pierce,Medicaid MCO - FIMC,Molina Healthcare of Washington,Molina Healthcare,,97746,,97746,https://www.hca.wa.gov/assets/program/planbyprogram.xlsx,2026-03,[source: state-direct file]
WA,San Juan,Medicaid MCO - FIMC,Molina Healthcare of Washington,Molina Healthcare,,1789,,1789,https://www.hca.wa.gov/assets/program/planbyprogram.xlsx,2026-03,[source: state-direct file]
WA,Skagit,Medicaid MCO - FIMC,Molina Healthcare of Washington,Molina Healthcare,,14810,,14810,https://www.hca.wa.gov/assets/program/planbyprogram.xlsx,2026-03,[source: state-direct file]
WA,Skamania,Medicaid MCO - FIMC,Molina Healthcare of Washington,Molina Healthcare,,1024,,1024,https://www.hca.wa.gov/assets/program/planbyprogram.xlsx,2026-03,[source: state-direct file]
WA,Snohomish,Medicaid MCO - FIMC,Molina Healthcare of Washington,Molina Healthcare,,50808,,50808,https://www.hca.wa.gov/assets/program/planbyprogram.xlsx,2026-03,[source: state-direct file]
WA,Spokane,Medicaid MCO - FIMC,Molina Healthcare of Washington,Molina Healthcare,,77620,,77620,https://www.hca.wa.gov/assets/program/planbyprogram.xlsx,2026-03,[source: state-direct file]
WA,Stevens,Medicaid MCO - FIMC,Molina Healthcare of Washington,Molina Healthcare,,5240,,5240,https://www.hca.wa.gov/assets/program/planbyprogram.xlsx,2026-03,[source: state-direct file]
WA,Thurston,Medicaid MCO - FIMC,Molina Healthcare of Washington,Molina Healthcare,,29584,,29584,https://www.hca.wa.gov/assets/program/planbyprogram.xlsx,2026-03,[source: state-direct file]
WA,Wahkiakum,Medicaid MCO - FIMC,Molina Healthcare of Washington,Molina Healthcare,,546,,546,https://www.hca.wa.gov/assets/program/planbyprogram.xlsx,2026-03,[source: state-direct file]
WA,Walla Walla,Medicaid MCO - FIMC,Molina Healthcare of Washington,Molina Healthcare,,9291,,9291,https://www.hca.wa.gov/assets/program/planbyprogram.xlsx,2026-03,[source: state-direct file]
WA,Whatcom,Medicaid MCO - FIMC,Molina Healthcare of Washington,Molina Healthcare,,32206,,32206,https://www.hca.wa.gov/assets/program/planbyprogram.xlsx,2026-03,[source: state-direct file]
WA,Whitman,Medicaid MCO - FIMC,Molina Healthcare of Washington,Molina Healthcare,,4994,,4994,https://www.hca.wa.gov/assets/program/planbyprogram.xlsx,2026-03,[source: state-direct file]
WA,Yakima,Medicaid MCO - FIMC,Molina Healthcare of Washington,Molina Healthcare,,16563,,16563,https://www.hca.wa.gov/assets/program/planbyprogram.xlsx,2026-03,[source: state-direct file]
WA,Clallam,Medicaid MCO - FIMC,UnitedHealthcare Community Plan of Washington,UnitedHealth Group,,3602,,3602,https://www.hca.wa.gov/assets/program/planbyprogram.xlsx,2026-03,[source: state-direct file]
WA,Cowlitz,Medicaid MCO - FIMC,UnitedHealthcare Community Plan of Washington,UnitedHealth Group,,3822,,3822,https://www.hca.wa.gov/assets/program/planbyprogram.xlsx,2026-03,[source: state-direct file]
WA,Grays Harbor,Medicaid MCO - FIMC,UnitedHealthcare Community Plan of Washington,UnitedHealth Group,,1957,,1957,https://www.hca.wa.gov/assets/program/planbyprogram.xlsx,2026-03,[source: state-direct file]
WA,Island,Medicaid MCO - FIMC,UnitedHealthcare Community Plan of Washington,UnitedHealth Group,,1346,,1346,https://www.hca.wa.gov/assets/program/planbyprogram.xlsx,2026-03,[source: state-direct file]
WA,Jefferson,Medicaid MCO - FIMC,UnitedHealthcare Community Plan of Washington,UnitedHealth Group,,993,,993,https://www.hca.wa.gov/assets/program/planbyprogram.xlsx,2026-03,[source: state-direct file]
WA,King,Medicaid MCO - FIMC,UnitedHealthcare Community Plan of Washington,UnitedHealth Group,,64668,,64668,https://www.hca.wa.gov/assets/program/planbyprogram.xlsx,2026-03,[source: state-direct file]
WA,Kitsap,Medicaid MCO - FIMC,UnitedHealthcare Community Plan of Washington,UnitedHealth Group,,9583,,9583,https://www.hca.wa.gov/assets/program/planbyprogram.xlsx,2026-03,[source: state-direct file]
WA,Lewis,Medicaid MCO - FIMC,UnitedHealthcare Community Plan of Washington,UnitedHealth Group,,3506,,3506,https://www.hca.wa.gov/assets/program/planbyprogram.xlsx,2026-03,[source: state-direct file]
WA,Mason,Medicaid MCO - FIMC,UnitedHealthcare Community Plan of Washington,UnitedHealth Group,,2721,,2721,https://www.hca.wa.gov/assets/program/planbyprogram.xlsx,2026-03,[source: state-direct file]
WA,Pacific,Medicaid MCO - FIMC,UnitedHealthcare Community Plan of Washington,UnitedHealth Group,,1036,,1036,https://www.hca.wa.gov/assets/program/planbyprogram.xlsx,2026-03,[source: state-direct file]
WA,Pierce,Medicaid MCO - FIMC,UnitedHealthcare Community Plan of Washington,UnitedHealth Group,,41119,,41119,https://www.hca.wa.gov/assets/program/planbyprogram.xlsx,2026-03,[source: state-direct file]
WA,San Juan,Medicaid MCO - FIMC,UnitedHealthcare Community Plan of Washington,UnitedHealth Group,,111,,111,https://www.hca.wa.gov/assets/program/planbyprogram.xlsx,2026-03,[source: state-direct file]
WA,Skagit,Medicaid MCO - FIMC,UnitedHealthcare Community Plan of Washington,UnitedHealth Group,,1194,,1194,https://www.hca.wa.gov/assets/program/planbyprogram.xlsx,2026-03,[source: state-direct file]
WA,Snohomish,Medicaid MCO - FIMC,UnitedHealthcare Community Plan of Washington,UnitedHealth Group,,29682,,29682,https://www.hca.wa.gov/assets/program/planbyprogram.xlsx,2026-03,[source: state-direct file]
WA,Thurston,Medicaid MCO - FIMC,UnitedHealthcare Community Plan of Washington,UnitedHealth Group,,12955,,12955,https://www.hca.wa.gov/assets/program/planbyprogram.xlsx,2026-03,[source: state-direct file]
WA,Wahkiakum,Medicaid MCO - FIMC,UnitedHealthcare Community Plan of Washington,UnitedHealth Group,,197,,197,https://www.hca.wa.gov/assets/program/planbyprogram.xlsx,2026-03,[source: state-direct file]
WA,Whatcom,Medicaid MCO - FIMC,UnitedHealthcare Community Plan of Washington,UnitedHealth Group,,2772,,2772,https://www.hca.wa.gov/assets/program/planbyprogram.xlsx,2026-03,[source: state-direct file]
WI,,BadgerCare Plus (Comprehensive MCO),Anthem Blue Cross Blue Shield,Elevance Health,Statewide,0,94,0,https://data.medicaid.gov/dataset/0bef7b8a-c663-5b14-9a46-0b5c2b86b0fe/data,2024,-- [source: CMS 2024 Table 5]
WI,,SSI Managed Care (Comprehensive MCO),Anthem Blue Cross Blue Shield,Elevance Health,Statewide,0,0,0,https://data.medicaid.gov/dataset/0bef7b8a-c663-5b14-9a46-0b5c2b86b0fe/data,2024,-- [source: CMS 2024 Table 5]
WI,,BadgerCare Plus (Comprehensive MCO),Chorus Community Health Plans,Children's Wisconsin,"Brown, Calumet, Door, Fond du Lac, Green Lake, Jefferson, Kenosha, Kewaunee, Lincoln, Manitowoc, Marinette, Milwaukee, Oconto, Oneida, Outagamie, Ozaukee, Racine, Rock, Shawano, Sheboygan, Vilas, Washington, Waukesha, Waupaca, Waushara, and Winnebago Counties",0,30,0,https://data.medicaid.gov/dataset/0bef7b8a-c663-5b14-9a46-0b5c2b86b0fe/data,2024,-- [source: CMS 2024 Table 5]
WI,,Care4Kids (Other PHP (limited benefits)),Chorus Community Health Plans,"Children's Hospital and Health System, Inc.","Kenosha, Milwaukee, Ozaukee, Racine, Washington, and Washington Counties",0,0,0,https://data.medicaid.gov/dataset/0bef7b8a-c663-5b14-9a46-0b5c2b86b0fe/data,2024,-- [source: CMS 2024 Table 5]
WI,,Wisconsin Partnership Program (Comprehensive MCO + MLTSS),Community Care Health Plan,CCI,"Calumet, Kenosha, Milwaukee. Outagamie, Ozaukee, Racine, Washington, Waukesha, and Waupaca Counties",214,479,693,https://data.medicaid.gov/dataset/0bef7b8a-c663-5b14-9a46-0b5c2b86b0fe/data,2024,-- [source: CMS 2024 Table 5]
WI,,Family Care (MLTSS only (PIHP and/or PAHP)),"Community Care, Inc.",CCI,"Adams, Brown, Calumet, Columbia, Dane, Dodge, Door, Florence, Fond du Lac, Forest, Green Lake, Jefferson, Kenosha, Langlade, Lincoln, Manitowoc, Marathon, Marinette, Marquette, Menominee, Milwaukee, Oconto, Oneida, Outagamie, Ozaukee, Portage, Racine, Shawano, Sheboygan, Vilas, Walworth, Washington, Waukesha, Waupaca, Waushara, Winnebago, and Wood Counties",0,0,0,https://data.medicaid.gov/dataset/0bef7b8a-c663-5b14-9a46-0b5c2b86b0fe/data,2024,-- [source: CMS 2024 Table 5]
WI,,Program of All-Inclusive Care for the Elderly (PACE),"Community Care, Inc.","Community Care, Inc.","Milwaukee, Waukesha, Kenosha, and Racine Counties",35,470,505,https://data.medicaid.gov/dataset/0bef7b8a-c663-5b14-9a46-0b5c2b86b0fe/data,2024,-- [source: CMS 2024 Table 5]
WI,,BadgerCare Plus (Comprehensive MCO),"Dean Health Plan, Inc.",Dean Health System and SSM Health Care,"Columbia, Dane, Dodge, Iowa, Jefferson, Rock, and Sauk Counties",0,14,0,https://data.medicaid.gov/dataset/0bef7b8a-c663-5b14-9a46-0b5c2b86b0fe/data,2024,-- [source: CMS 2024 Table 5]
WI,,BadgerCare Plus (Comprehensive MCO),Group Health Cooperative of Eau Claire,Group Health Cooperative of Eau Claire,"Adams, Ashland, Barron, Bayfield, Buffalo, Burnett, Chippewa, Clark, Crawford, Douglas, Dunn, Eau Claire, Forest, Grant, Green, Iowa, Iron, Jackson, Juneau, La Crosse, Lafayette, Langlade, Marathon, Monroe, Oneida, Pepin, Pierce, Polk, Portage, Price, Richland, Rusk, St. Croix, Sauk, Sawyer, Shawano, Taylor, Trempealeau, Vernon, Vilas, Washburn, and Wood Counties",0,21,0,https://data.medicaid.gov/dataset/0bef7b8a-c663-5b14-9a46-0b5c2b86b0fe/data,2024,-- [source: CMS 2024 Table 5]
WI,,SSI Managed Care (Comprehensive MCO),Group Health Cooperative of Eau Claire,Group Health Cooperative of Eau Claire,"Adams, Ashland, Barron, Bayfield, Buffalo, Burnett, Chippewa, Clark, Crawford, Douglas, Dunn, Eau Claire, Forest, Grant, Green, Iowa, Iron, Jackson, Juneau, La Crosse, Lafayette, Langlade, Marathon, Monroe, Oneida, Pepin, Pierce, Polk, Portage, Price, Richland, Rusk, St. Croix, Sauk, Sawyer, Shawano, Taylor, Trempealeau, Vernon, Vilas, Washburn, and Wood Counties",0,0,0,https://data.medicaid.gov/dataset/0bef7b8a-c663-5b14-9a46-0b5c2b86b0fe/data,2024,-- [source: CMS 2024 Table 5]
WI,,BadgerCare Plus (Comprehensive MCO),Group Health Cooperative of South Central WI,Group Health Cooperative of South Central WI,Dane County,0,1,0,https://data.medicaid.gov/dataset/0bef7b8a-c663-5b14-9a46-0b5c2b86b0fe/data,2024,-- [source: CMS 2024 Table 5]
WI,,Family Care (MLTSS only (PIHP and/or PAHP)),"Inclusa, Inc.",Humana,"Ashland, Adams, Barron, Bayfield, Brown, Buffalo, Burnett, Calumet, Chippewa, Clark, Columbia, Crawford, Dodge, Door, Douglas, Dunn, Eau Claire, Florence, Forest, Fond du Lac, Grant, Green, Green Lake, Iowa, Iron, Jackson, Jefferson, Juneau, Kewaunee, La Crosse, Lafayette, Langlade, Lincoln, Manitowoc, Marathon, Marinette, Marquette, Menominee, Monroe, Oconto, Oneida, Outagamie, Ozaukee, Pepin, Pierce, Polk, Portage, Price, Richland, Rock, Rusk, St. Croix, Sauk, Sawyer, Shawano, Sheboygan, Taylor, Trempealeau, Vernon, Vilas, Walworth, Washburn, Washington, Waukesha, Waupaca, Waushara, Winnebago, and Wood Counties",0,0,0,https://data.medicaid.gov/dataset/0bef7b8a-c663-5b14-9a46-0b5c2b86b0fe/data,2024,-- [source: CMS 2024 Table 5]
WI,,SSI Managed Care (Comprehensive MCO),Independent Care Health Plan,Humana,"Adams, Brown, Calumet, Columbia, Crawford, Dane, Dodge, Door, Fond du Lac, Grant, Green, Green Lake, Iowa, Jackson, Jefferson, Juneau, Kenosha, Kewaunee, La Crosse, Manitowoc, Marinette, Milwaukee, Monroe, Oconto, Outagamie, Ozaukee, Racine, Richland, Rock, Sauk, Shawano, Sheboygan, Trempealeau, Vernon, Walworth, Washington, Waukesha, Waupaca, and Winnebago Counties",0,0,0,https://data.medicaid.gov/dataset/0bef7b8a-c663-5b14-9a46-0b5c2b86b0fe/data,2024,-- [source: CMS 2024 Table 5]
WI,,BadgerCare Plus (Comprehensive MCO),Independent Care Health Plan,Humana,"Adams, Brown, Calumet, Columbia, Crawford, Door, Fond du Lac, Grant, Green, Green Lake, Iowa, Jackson, Jefferson, Juneau, Kenosha, Kewaunee, La Crosse, Manitowoc, Marinette, Milwaukee, Monroe, Oconto, Outagamie, Ozaukee, Racine, Richland, Sauk, Shawano, Sheboygan, Trempealeau, Vernon, Walworth, Washington, Waukesha, Waupaca, and Winnebago Counties",0,19,0,https://data.medicaid.gov/dataset/0bef7b8a-c663-5b14-9a46-0b5c2b86b0fe/data,2024,-- [source: CMS 2024 Table 5]
WI,,Wisconsin Partnership Program (Comprehensive MCO + MLTSS),Independent Care Health Plan - iCare,"Humana, Inc.","Brown, Columbia, Dane, Dodge, Fon du Lac, Jefferson, Manitowoc, Ozaukee, Sauk, Washington, Waukesha, and Winnebago Counties",567,929,0,https://data.medicaid.gov/dataset/0bef7b8a-c663-5b14-9a46-0b5c2b86b0fe/data,2024,-- [source: CMS 2024 Table 5]
WI,,Family Care (MLTSS only (PIHP and/or PAHP)),"Lakeland Care, Inc.","Lakeland Care, Inc.","Adams, Brown, Calumet, Columbia, Dodge, Door, Florence, Fond du Lac, Forest, Green Lake, Jefferson, Langlade, Lincoln, Manitowoc, Marathon, Marinette, Marquette, Menominee, Oconto, Oneida, Outagamie, Portage, Shawano, Vilas, Waupaca, Waushara, Winnebago, and Wood Counties",0,0,0,https://data.medicaid.gov/dataset/0bef7b8a-c663-5b14-9a46-0b5c2b86b0fe/data,2024,-- [source: CMS 2024 Table 5]
WI,,BadgerCare Plus (Comprehensive MCO),MHS Health Wisconsin,Centene Corporation,Statewide,0,27,0,https://data.medicaid.gov/dataset/0bef7b8a-c663-5b14-9a46-0b5c2b86b0fe/data,2024,-- [source: CMS 2024 Table 5]
WI,,SSI Managed Care (Comprehensive MCO),MHS Health Wisconsin,Centene Corporation,Statewide,0,0,0,https://data.medicaid.gov/dataset/0bef7b8a-c663-5b14-9a46-0b5c2b86b0fe/data,2024,-- [source: CMS 2024 Table 5]
WI,,BadgerCare Plus (Comprehensive MCO),MercyCare Health Plans, Mercy Health Corporation,Rock and Walworth Counties,0,14,0,https://data.medicaid.gov/dataset/0bef7b8a-c663-5b14-9a46-0b5c2b86b0fe/data,2024,-- [source: CMS 2024 Table 5]
WI,,SSI Managed Care (Comprehensive MCO),"Molina HealthCare of Wisconsin, Inc.","Molina Healthcare, Inc.","Adams, Brown, Calumet, Clark, Columbia, Crawford, Dane, Dodge, Door, Fond du Lac, Grant, Green, Green Lake, Iowa, Jackson, Jefferson, Juneau, Kewaunee, La Crosse, Lafayette, Manitowoc, Marquette, Monroe, Oconto, Outagamie, Ozaukee, Richland, Rock, Sauk, Shawano, Sheboygan, Trempealeau, Vernon, Walworth, Waukesha, Waupaca, Waushara, and Winnebago Counties",0,0,0,https://data.medicaid.gov/dataset/0bef7b8a-c663-5b14-9a46-0b5c2b86b0fe/data,2024,-- [source: CMS 2024 Table 5]
WI,,BadgerCare Plus (Comprehensive MCO),"Molina Healthcare of Wisconsin, Inc.","Molina Healthcare, Inc.","Brown, Calumet, Dodge, Florence, Forest, Green Lake, Kenosha, Kewaunee, Manitowoc, Marinette, Marquette, Milwaukee, Oconto, Oneida, Outagamie, Ozaukee, Portage, Racine, Shawano, Sheboygan, Vilas, Walworth, Washington, Waukesha, Waupaca, Waushara, and Winnebago Counties",0,17,0,https://data.medicaid.gov/dataset/0bef7b8a-c663-5b14-9a46-0b5c2b86b0fe/data,2024,-- [source: CMS 2024 Table 5]
WI,,Wisconsin Partnership Program (Comprehensive MCO + MLTSS),My Choice Wisconsin,"Molina Healthcare, Inc.","Columbia, Dane, Dodge, Jefferson, Ozaukee, Sauk, Washington, and Waukesha Counties",244,0,0,https://data.medicaid.gov/dataset/0bef7b8a-c663-5b14-9a46-0b5c2b86b0fe/data,2024,-- [source: CMS 2024 Table 5]
WI,,Family Care (MLTSS only (PIHP and/or PAHP)),My Choice Wisconsin,"Molina Healthcare, Inc.","Dane, Fond du Lac, Kenosha, Manitowoc, Milwaukee, Ozaukee, Racine, Sheboygan, Walworth, Washington, Waukesha, and Winnebago Counties",0,0,0,https://data.medicaid.gov/dataset/0bef7b8a-c663-5b14-9a46-0b5c2b86b0fe/data,2024,-- [source: CMS 2024 Table 5]
WI,,BadgerCare Plus (Comprehensive MCO),Network Health Plan,Froedtert ThedaCare Health,Statewide,0,19,0,https://data.medicaid.gov/dataset/0bef7b8a-c663-5b14-9a46-0b5c2b86b0fe/data,2024,-- [source: CMS 2024 Table 5]
WI,,SSI Managed Care (Comprehensive MCO),Network Health Plan,Froedtert ThedaCare Health,Statewide,0,0,0,https://data.medicaid.gov/dataset/0bef7b8a-c663-5b14-9a46-0b5c2b86b0fe/data,2024,-- [source: CMS 2024 Table 5]
WI,,BadgerCare Plus (Comprehensive MCO),Quartz,Quartz Health Insurance Corporation,"Buffalo, Columbia, Crawford, Dane, Dodge, Fond du Lac, Grant, Green, Jackson, Jefferson, Kenosha, La Crosse, Monroe, Rock, Sauk, Taylor, and Trempealeau Counties",0,36,0,https://data.medicaid.gov/dataset/0bef7b8a-c663-5b14-9a46-0b5c2b86b0fe/data,2024,-- [source: CMS 2024 Table 5]
WI,,SSI Managed Care (Comprehensive MCO),Quartz,Quartz Health Insurance Corporation,"Dane, La Crosse, and Milwaukee Counties",309,85,394,https://data.medicaid.gov/dataset/0bef7b8a-c663-5b14-9a46-0b5c2b86b0fe/data,2024,-- [source: CMS 2024 Table 5]
WI,,BadgerCare Plus (Comprehensive MCO),Security Health Plan of Wisconsin,Marshfield Clinic Health System,"Adams, Ashland, Barron, Bayfield, Buffalo, Burnette, Chippewa, Clark, Crawford, Dodge, Douglas, Dunn, Eau Claire, Forest, Green Lake, Iron, Jackson, Juneau, La Crosse, Langlade, Lincoln, Marathon, Marquette, Monroe, Oneida, Outagamie, Pepin, Pierce, Polk, Portage, Price, Rusk, Sawyer, Shawano, Taylor, Trempealeau, Vernon, Vilas, Washburn, Waupaca, Waushara, and Winnebago Counties",0,40,0,https://data.medicaid.gov/dataset/0bef7b8a-c663-5b14-9a46-0b5c2b86b0fe/data,2024,-- [source: CMS 2024 Table 5]
WI,,SSI Managed Care (Comprehensive MCO),Security Health Plan of Wisconsin,Marshfield Clinic Health System,"Barron, Rusk, Price, Neida, Chippewa, Taylor, Lincoln, Eau Claire, Clark, Marathon, Wood, and Portage Counties",363,259,622,https://data.medicaid.gov/dataset/0bef7b8a-c663-5b14-9a46-0b5c2b86b0fe/data,2024,-- [source: CMS 2024 Table 5]
WI,,BadgerCare Plus (Comprehensive MCO),UnitedHealthcare Community Plan,UnitedHealth Group,Statewide,0,117,0,https://data.medicaid.gov/dataset/0bef7b8a-c663-5b14-9a46-0b5c2b86b0fe/data,2024,-- [source: CMS 2024 Table 5]
WI,,SSI Managed Care (Comprehensive MCO),UnitedHealthcare Community Plan,UnitedHealth Group,Statewide,0,0,0,https://data.medicaid.gov/dataset/0bef7b8a-c663-5b14-9a46-0b5c2b86b0fe/data,2024,-- [source: CMS 2024 Table 5]
WI,,WrapAround Milwaukee (Behavioral Health Organization (BHO) only (PIHP and/or PAHP)),WrapAround Milwaukee,Milwaukee County Health and Human Services,Milwaukee County,413,0,413,https://data.medicaid.gov/dataset/0bef7b8a-c663-5b14-9a46-0b5c2b86b0fe/data,2024,-- [source: CMS 2024 Table 5]
